x1,x2,lut_index,actual_value
-8,-8,0,-16
-8,-8,1,-24
-8,-8,2,-32
-8,-8,3,-40
-8,-8,4,-48
-8,-8,5,-56
-8,-8,6,-64
-8,-8,7,48
-8,-8,8,40
-8,-8,9,32
-8,-8,10,24
-8,-8,11,16
-8,-8,12,8
-8,-8,13,0
-8,-8,14,-24
-8,-8,15,-32
-8,-8,16,-40
-8,-8,17,-48
-8,-8,18,-56
-8,-8,19,-64
-8,-8,20,-72
-8,-8,21,40
-8,-8,22,32
-8,-8,23,24
-8,-8,24,16
-8,-8,25,8
-8,-8,26,0
-8,-8,27,-8
-8,-8,28,-32
-8,-8,29,-40
-8,-8,30,-48
-8,-8,31,-56
-8,-8,32,-64
-8,-8,33,-72
-8,-8,34,-80
-8,-8,35,32
-8,-8,36,24
-8,-8,37,16
-8,-8,38,8
-8,-8,39,0
-8,-8,40,-8
-8,-8,41,-16
-8,-8,42,-40
-8,-8,43,-48
-8,-8,44,-56
-8,-8,45,-64
-8,-8,46,-72
-8,-8,47,-80
-8,-8,48,-88
-8,-8,49,24
-8,-8,50,16
-8,-8,51,8
-8,-8,52,0
-8,-8,53,-8
-8,-8,54,-16
-8,-8,55,-24
-8,-8,56,-48
-8,-8,57,-56
-8,-8,58,-64
-8,-8,59,-72
-8,-8,60,-80
-8,-8,61,-88
-8,-8,62,-96
-8,-8,63,16
-8,-8,64,8
-8,-8,65,0
-8,-8,66,-8
-8,-8,67,-16
-8,-8,68,-24
-8,-8,69,-32
-8,-8,70,-56
-8,-8,71,-64
-8,-8,72,-72
-8,-8,73,-80
-8,-8,74,-88
-8,-8,75,-96
-8,-8,76,-104
-8,-8,77,8
-8,-8,78,0
-8,-8,79,-8
-8,-8,80,-16
-8,-8,81,-24
-8,-8,82,-32
-8,-8,83,-40
-8,-8,84,-64
-8,-8,85,-72
-8,-8,86,-80
-8,-8,87,-88
-8,-8,88,-96
-8,-8,89,-104
-8,-8,90,-112
-8,-8,91,0
-8,-8,92,-8
-8,-8,93,-16
-8,-8,94,-24
-8,-8,95,-32
-8,-8,96,-40
-8,-8,97,-48
-8,-8,98,-72
-8,-8,99,-80
-8,-8,100,-88
-8,-8,101,-96
-8,-8,102,-104
-8,-8,103,-112
-8,-8,104,-120
-8,-8,105,-8
-8,-8,106,-16
-8,-8,107,-24
-8,-8,108,-32
-8,-8,109,-40
-8,-8,110,-48
-8,-8,111,-56
-8,-7,0,-15
-8,-7,1,-22
-8,-7,2,-29
-8,-7,3,-36
-8,-7,4,-43
-8,-7,5,-50
-8,-7,6,-57
-8,-7,7,41
-8,-7,8,34
-8,-7,9,27
-8,-7,10,20
-8,-7,11,13
-8,-7,12,6
-8,-7,13,-1
-8,-7,14,-23
-8,-7,15,-30
-8,-7,16,-37
-8,-7,17,-44
-8,-7,18,-51
-8,-7,19,-58
-8,-7,20,-65
-8,-7,21,33
-8,-7,22,26
-8,-7,23,19
-8,-7,24,12
-8,-7,25,5
-8,-7,26,-2
-8,-7,27,-9
-8,-7,28,-31
-8,-7,29,-38
-8,-7,30,-45
-8,-7,31,-52
-8,-7,32,-59
-8,-7,33,-66
-8,-7,34,-73
-8,-7,35,25
-8,-7,36,18
-8,-7,37,11
-8,-7,38,4
-8,-7,39,-3
-8,-7,40,-10
-8,-7,41,-17
-8,-7,42,-39
-8,-7,43,-46
-8,-7,44,-53
-8,-7,45,-60
-8,-7,46,-67
-8,-7,47,-74
-8,-7,48,-81
-8,-7,49,17
-8,-7,50,10
-8,-7,51,3
-8,-7,52,-4
-8,-7,53,-11
-8,-7,54,-18
-8,-7,55,-25
-8,-7,56,-47
-8,-7,57,-54
-8,-7,58,-61
-8,-7,59,-68
-8,-7,60,-75
-8,-7,61,-82
-8,-7,62,-89
-8,-7,63,9
-8,-7,64,2
-8,-7,65,-5
-8,-7,66,-12
-8,-7,67,-19
-8,-7,68,-26
-8,-7,69,-33
-8,-7,70,-55
-8,-7,71,-62
-8,-7,72,-69
-8,-7,73,-76
-8,-7,74,-83
-8,-7,75,-90
-8,-7,76,-97
-8,-7,77,1
-8,-7,78,-6
-8,-7,79,-13
-8,-7,80,-20
-8,-7,81,-27
-8,-7,82,-34
-8,-7,83,-41
-8,-7,84,-63
-8,-7,85,-70
-8,-7,86,-77
-8,-7,87,-84
-8,-7,88,-91
-8,-7,89,-98
-8,-7,90,-105
-8,-7,91,-7
-8,-7,92,-14
-8,-7,93,-21
-8,-7,94,-28
-8,-7,95,-35
-8,-7,96,-42
-8,-7,97,-49
-8,-7,98,-71
-8,-7,99,-78
-8,-7,100,-85
-8,-7,101,-92
-8,-7,102,-99
-8,-7,103,-106
-8,-7,104,-113
-8,-7,105,-15
-8,-7,106,-22
-8,-7,107,-29
-8,-7,108,-36
-8,-7,109,-43
-8,-7,110,-50
-8,-7,111,-57
-8,-6,0,-14
-8,-6,1,-20
-8,-6,2,-26
-8,-6,3,-32
-8,-6,4,-38
-8,-6,5,-44
-8,-6,6,-50
-8,-6,7,34
-8,-6,8,28
-8,-6,9,22
-8,-6,10,16
-8,-6,11,10
-8,-6,12,4
-8,-6,13,-2
-8,-6,14,-22
-8,-6,15,-28
-8,-6,16,-34
-8,-6,17,-40
-8,-6,18,-46
-8,-6,19,-52
-8,-6,20,-58
-8,-6,21,26
-8,-6,22,20
-8,-6,23,14
-8,-6,24,8
-8,-6,25,2
-8,-6,26,-4
-8,-6,27,-10
-8,-6,28,-30
-8,-6,29,-36
-8,-6,30,-42
-8,-6,31,-48
-8,-6,32,-54
-8,-6,33,-60
-8,-6,34,-66
-8,-6,35,18
-8,-6,36,12
-8,-6,37,6
-8,-6,38,0
-8,-6,39,-6
-8,-6,40,-12
-8,-6,41,-18
-8,-6,42,-38
-8,-6,43,-44
-8,-6,44,-50
-8,-6,45,-56
-8,-6,46,-62
-8,-6,47,-68
-8,-6,48,-74
-8,-6,49,10
-8,-6,50,4
-8,-6,51,-2
-8,-6,52,-8
-8,-6,53,-14
-8,-6,54,-20
-8,-6,55,-26
-8,-6,56,-46
-8,-6,57,-52
-8,-6,58,-58
-8,-6,59,-64
-8,-6,60,-70
-8,-6,61,-76
-8,-6,62,-82
-8,-6,63,2
-8,-6,64,-4
-8,-6,65,-10
-8,-6,66,-16
-8,-6,67,-22
-8,-6,68,-28
-8,-6,69,-34
-8,-6,70,-54
-8,-6,71,-60
-8,-6,72,-66
-8,-6,73,-72
-8,-6,74,-78
-8,-6,75,-84
-8,-6,76,-90
-8,-6,77,-6
-8,-6,78,-12
-8,-6,79,-18
-8,-6,80,-24
-8,-6,81,-30
-8,-6,82,-36
-8,-6,83,-42
-8,-6,84,-62
-8,-6,85,-68
-8,-6,86,-74
-8,-6,87,-80
-8,-6,88,-86
-8,-6,89,-92
-8,-6,90,-98
-8,-6,91,-14
-8,-6,92,-20
-8,-6,93,-26
-8,-6,94,-32
-8,-6,95,-38
-8,-6,96,-44
-8,-6,97,-50
-8,-6,98,-70
-8,-6,99,-76
-8,-6,100,-82
-8,-6,101,-88
-8,-6,102,-94
-8,-6,103,-100
-8,-6,104,-106
-8,-6,105,-22
-8,-6,106,-28
-8,-6,107,-34
-8,-6,108,-40
-8,-6,109,-46
-8,-6,110,-52
-8,-6,111,-58
-8,-5,0,-13
-8,-5,1,-18
-8,-5,2,-23
-8,-5,3,-28
-8,-5,4,-33
-8,-5,5,-38
-8,-5,6,-43
-8,-5,7,27
-8,-5,8,22
-8,-5,9,17
-8,-5,10,12
-8,-5,11,7
-8,-5,12,2
-8,-5,13,-3
-8,-5,14,-21
-8,-5,15,-26
-8,-5,16,-31
-8,-5,17,-36
-8,-5,18,-41
-8,-5,19,-46
-8,-5,20,-51
-8,-5,21,19
-8,-5,22,14
-8,-5,23,9
-8,-5,24,4
-8,-5,25,-1
-8,-5,26,-6
-8,-5,27,-11
-8,-5,28,-29
-8,-5,29,-34
-8,-5,30,-39
-8,-5,31,-44
-8,-5,32,-49
-8,-5,33,-54
-8,-5,34,-59
-8,-5,35,11
-8,-5,36,6
-8,-5,37,1
-8,-5,38,-4
-8,-5,39,-9
-8,-5,40,-14
-8,-5,41,-19
-8,-5,42,-37
-8,-5,43,-42
-8,-5,44,-47
-8,-5,45,-52
-8,-5,46,-57
-8,-5,47,-62
-8,-5,48,-67
-8,-5,49,3
-8,-5,50,-2
-8,-5,51,-7
-8,-5,52,-12
-8,-5,53,-17
-8,-5,54,-22
-8,-5,55,-27
-8,-5,56,-45
-8,-5,57,-50
-8,-5,58,-55
-8,-5,59,-60
-8,-5,60,-65
-8,-5,61,-70
-8,-5,62,-75
-8,-5,63,-5
-8,-5,64,-10
-8,-5,65,-15
-8,-5,66,-20
-8,-5,67,-25
-8,-5,68,-30
-8,-5,69,-35
-8,-5,70,-53
-8,-5,71,-58
-8,-5,72,-63
-8,-5,73,-68
-8,-5,74,-73
-8,-5,75,-78
-8,-5,76,-83
-8,-5,77,-13
-8,-5,78,-18
-8,-5,79,-23
-8,-5,80,-28
-8,-5,81,-33
-8,-5,82,-38
-8,-5,83,-43
-8,-5,84,-61
-8,-5,85,-66
-8,-5,86,-71
-8,-5,87,-76
-8,-5,88,-81
-8,-5,89,-86
-8,-5,90,-91
-8,-5,91,-21
-8,-5,92,-26
-8,-5,93,-31
-8,-5,94,-36
-8,-5,95,-41
-8,-5,96,-46
-8,-5,97,-51
-8,-5,98,-69
-8,-5,99,-74
-8,-5,100,-79
-8,-5,101,-84
-8,-5,102,-89
-8,-5,103,-94
-8,-5,104,-99
-8,-5,105,-29
-8,-5,106,-34
-8,-5,107,-39
-8,-5,108,-44
-8,-5,109,-49
-8,-5,110,-54
-8,-5,111,-59
-8,-4,0,-12
-8,-4,1,-16
-8,-4,2,-20
-8,-4,3,-24
-8,-4,4,-28
-8,-4,5,-32
-8,-4,6,-36
-8,-4,7,20
-8,-4,8,16
-8,-4,9,12
-8,-4,10,8
-8,-4,11,4
-8,-4,12,0
-8,-4,13,-4
-8,-4,14,-20
-8,-4,15,-24
-8,-4,16,-28
-8,-4,17,-32
-8,-4,18,-36
-8,-4,19,-40
-8,-4,20,-44
-8,-4,21,12
-8,-4,22,8
-8,-4,23,4
-8,-4,24,0
-8,-4,25,-4
-8,-4,26,-8
-8,-4,27,-12
-8,-4,28,-28
-8,-4,29,-32
-8,-4,30,-36
-8,-4,31,-40
-8,-4,32,-44
-8,-4,33,-48
-8,-4,34,-52
-8,-4,35,4
-8,-4,36,0
-8,-4,37,-4
-8,-4,38,-8
-8,-4,39,-12
-8,-4,40,-16
-8,-4,41,-20
-8,-4,42,-36
-8,-4,43,-40
-8,-4,44,-44
-8,-4,45,-48
-8,-4,46,-52
-8,-4,47,-56
-8,-4,48,-60
-8,-4,49,-4
-8,-4,50,-8
-8,-4,51,-12
-8,-4,52,-16
-8,-4,53,-20
-8,-4,54,-24
-8,-4,55,-28
-8,-4,56,-44
-8,-4,57,-48
-8,-4,58,-52
-8,-4,59,-56
-8,-4,60,-60
-8,-4,61,-64
-8,-4,62,-68
-8,-4,63,-12
-8,-4,64,-16
-8,-4,65,-20
-8,-4,66,-24
-8,-4,67,-28
-8,-4,68,-32
-8,-4,69,-36
-8,-4,70,-52
-8,-4,71,-56
-8,-4,72,-60
-8,-4,73,-64
-8,-4,74,-68
-8,-4,75,-72
-8,-4,76,-76
-8,-4,77,-20
-8,-4,78,-24
-8,-4,79,-28
-8,-4,80,-32
-8,-4,81,-36
-8,-4,82,-40
-8,-4,83,-44
-8,-4,84,-60
-8,-4,85,-64
-8,-4,86,-68
-8,-4,87,-72
-8,-4,88,-76
-8,-4,89,-80
-8,-4,90,-84
-8,-4,91,-28
-8,-4,92,-32
-8,-4,93,-36
-8,-4,94,-40
-8,-4,95,-44
-8,-4,96,-48
-8,-4,97,-52
-8,-4,98,-68
-8,-4,99,-72
-8,-4,100,-76
-8,-4,101,-80
-8,-4,102,-84
-8,-4,103,-88
-8,-4,104,-92
-8,-4,105,-36
-8,-4,106,-40
-8,-4,107,-44
-8,-4,108,-48
-8,-4,109,-52
-8,-4,110,-56
-8,-4,111,-60
-8,-3,0,-11
-8,-3,1,-14
-8,-3,2,-17
-8,-3,3,-20
-8,-3,4,-23
-8,-3,5,-26
-8,-3,6,-29
-8,-3,7,13
-8,-3,8,10
-8,-3,9,7
-8,-3,10,4
-8,-3,11,1
-8,-3,12,-2
-8,-3,13,-5
-8,-3,14,-19
-8,-3,15,-22
-8,-3,16,-25
-8,-3,17,-28
-8,-3,18,-31
-8,-3,19,-34
-8,-3,20,-37
-8,-3,21,5
-8,-3,22,2
-8,-3,23,-1
-8,-3,24,-4
-8,-3,25,-7
-8,-3,26,-10
-8,-3,27,-13
-8,-3,28,-27
-8,-3,29,-30
-8,-3,30,-33
-8,-3,31,-36
-8,-3,32,-39
-8,-3,33,-42
-8,-3,34,-45
-8,-3,35,-3
-8,-3,36,-6
-8,-3,37,-9
-8,-3,38,-12
-8,-3,39,-15
-8,-3,40,-18
-8,-3,41,-21
-8,-3,42,-35
-8,-3,43,-38
-8,-3,44,-41
-8,-3,45,-44
-8,-3,46,-47
-8,-3,47,-50
-8,-3,48,-53
-8,-3,49,-11
-8,-3,50,-14
-8,-3,51,-17
-8,-3,52,-20
-8,-3,53,-23
-8,-3,54,-26
-8,-3,55,-29
-8,-3,56,-43
-8,-3,57,-46
-8,-3,58,-49
-8,-3,59,-52
-8,-3,60,-55
-8,-3,61,-58
-8,-3,62,-61
-8,-3,63,-19
-8,-3,64,-22
-8,-3,65,-25
-8,-3,66,-28
-8,-3,67,-31
-8,-3,68,-34
-8,-3,69,-37
-8,-3,70,-51
-8,-3,71,-54
-8,-3,72,-57
-8,-3,73,-60
-8,-3,74,-63
-8,-3,75,-66
-8,-3,76,-69
-8,-3,77,-27
-8,-3,78,-30
-8,-3,79,-33
-8,-3,80,-36
-8,-3,81,-39
-8,-3,82,-42
-8,-3,83,-45
-8,-3,84,-59
-8,-3,85,-62
-8,-3,86,-65
-8,-3,87,-68
-8,-3,88,-71
-8,-3,89,-74
-8,-3,90,-77
-8,-3,91,-35
-8,-3,92,-38
-8,-3,93,-41
-8,-3,94,-44
-8,-3,95,-47
-8,-3,96,-50
-8,-3,97,-53
-8,-3,98,-67
-8,-3,99,-70
-8,-3,100,-73
-8,-3,101,-76
-8,-3,102,-79
-8,-3,103,-82
-8,-3,104,-85
-8,-3,105,-43
-8,-3,106,-46
-8,-3,107,-49
-8,-3,108,-52
-8,-3,109,-55
-8,-3,110,-58
-8,-3,111,-61
-8,-2,0,-10
-8,-2,1,-12
-8,-2,2,-14
-8,-2,3,-16
-8,-2,4,-18
-8,-2,5,-20
-8,-2,6,-22
-8,-2,7,6
-8,-2,8,4
-8,-2,9,2
-8,-2,10,0
-8,-2,11,-2
-8,-2,12,-4
-8,-2,13,-6
-8,-2,14,-18
-8,-2,15,-20
-8,-2,16,-22
-8,-2,17,-24
-8,-2,18,-26
-8,-2,19,-28
-8,-2,20,-30
-8,-2,21,-2
-8,-2,22,-4
-8,-2,23,-6
-8,-2,24,-8
-8,-2,25,-10
-8,-2,26,-12
-8,-2,27,-14
-8,-2,28,-26
-8,-2,29,-28
-8,-2,30,-30
-8,-2,31,-32
-8,-2,32,-34
-8,-2,33,-36
-8,-2,34,-38
-8,-2,35,-10
-8,-2,36,-12
-8,-2,37,-14
-8,-2,38,-16
-8,-2,39,-18
-8,-2,40,-20
-8,-2,41,-22
-8,-2,42,-34
-8,-2,43,-36
-8,-2,44,-38
-8,-2,45,-40
-8,-2,46,-42
-8,-2,47,-44
-8,-2,48,-46
-8,-2,49,-18
-8,-2,50,-20
-8,-2,51,-22
-8,-2,52,-24
-8,-2,53,-26
-8,-2,54,-28
-8,-2,55,-30
-8,-2,56,-42
-8,-2,57,-44
-8,-2,58,-46
-8,-2,59,-48
-8,-2,60,-50
-8,-2,61,-52
-8,-2,62,-54
-8,-2,63,-26
-8,-2,64,-28
-8,-2,65,-30
-8,-2,66,-32
-8,-2,67,-34
-8,-2,68,-36
-8,-2,69,-38
-8,-2,70,-50
-8,-2,71,-52
-8,-2,72,-54
-8,-2,73,-56
-8,-2,74,-58
-8,-2,75,-60
-8,-2,76,-62
-8,-2,77,-34
-8,-2,78,-36
-8,-2,79,-38
-8,-2,80,-40
-8,-2,81,-42
-8,-2,82,-44
-8,-2,83,-46
-8,-2,84,-58
-8,-2,85,-60
-8,-2,86,-62
-8,-2,87,-64
-8,-2,88,-66
-8,-2,89,-68
-8,-2,90,-70
-8,-2,91,-42
-8,-2,92,-44
-8,-2,93,-46
-8,-2,94,-48
-8,-2,95,-50
-8,-2,96,-52
-8,-2,97,-54
-8,-2,98,-66
-8,-2,99,-68
-8,-2,100,-70
-8,-2,101,-72
-8,-2,102,-74
-8,-2,103,-76
-8,-2,104,-78
-8,-2,105,-50
-8,-2,106,-52
-8,-2,107,-54
-8,-2,108,-56
-8,-2,109,-58
-8,-2,110,-60
-8,-2,111,-62
-8,-1,0,-9
-8,-1,1,-10
-8,-1,2,-11
-8,-1,3,-12
-8,-1,4,-13
-8,-1,5,-14
-8,-1,6,-15
-8,-1,7,-1
-8,-1,8,-2
-8,-1,9,-3
-8,-1,10,-4
-8,-1,11,-5
-8,-1,12,-6
-8,-1,13,-7
-8,-1,14,-17
-8,-1,15,-18
-8,-1,16,-19
-8,-1,17,-20
-8,-1,18,-21
-8,-1,19,-22
-8,-1,20,-23
-8,-1,21,-9
-8,-1,22,-10
-8,-1,23,-11
-8,-1,24,-12
-8,-1,25,-13
-8,-1,26,-14
-8,-1,27,-15
-8,-1,28,-25
-8,-1,29,-26
-8,-1,30,-27
-8,-1,31,-28
-8,-1,32,-29
-8,-1,33,-30
-8,-1,34,-31
-8,-1,35,-17
-8,-1,36,-18
-8,-1,37,-19
-8,-1,38,-20
-8,-1,39,-21
-8,-1,40,-22
-8,-1,41,-23
-8,-1,42,-33
-8,-1,43,-34
-8,-1,44,-35
-8,-1,45,-36
-8,-1,46,-37
-8,-1,47,-38
-8,-1,48,-39
-8,-1,49,-25
-8,-1,50,-26
-8,-1,51,-27
-8,-1,52,-28
-8,-1,53,-29
-8,-1,54,-30
-8,-1,55,-31
-8,-1,56,-41
-8,-1,57,-42
-8,-1,58,-43
-8,-1,59,-44
-8,-1,60,-45
-8,-1,61,-46
-8,-1,62,-47
-8,-1,63,-33
-8,-1,64,-34
-8,-1,65,-35
-8,-1,66,-36
-8,-1,67,-37
-8,-1,68,-38
-8,-1,69,-39
-8,-1,70,-49
-8,-1,71,-50
-8,-1,72,-51
-8,-1,73,-52
-8,-1,74,-53
-8,-1,75,-54
-8,-1,76,-55
-8,-1,77,-41
-8,-1,78,-42
-8,-1,79,-43
-8,-1,80,-44
-8,-1,81,-45
-8,-1,82,-46
-8,-1,83,-47
-8,-1,84,-57
-8,-1,85,-58
-8,-1,86,-59
-8,-1,87,-60
-8,-1,88,-61
-8,-1,89,-62
-8,-1,90,-63
-8,-1,91,-49
-8,-1,92,-50
-8,-1,93,-51
-8,-1,94,-52
-8,-1,95,-53
-8,-1,96,-54
-8,-1,97,-55
-8,-1,98,-65
-8,-1,99,-66
-8,-1,100,-67
-8,-1,101,-68
-8,-1,102,-69
-8,-1,103,-70
-8,-1,104,-71
-8,-1,105,-57
-8,-1,106,-58
-8,-1,107,-59
-8,-1,108,-60
-8,-1,109,-61
-8,-1,110,-62
-8,-1,111,-63
-8,0,0,-8
-8,0,1,-8
-8,0,2,-8
-8,0,3,-8
-8,0,4,-8
-8,0,5,-8
-8,0,6,-8
-8,0,7,-8
-8,0,8,-8
-8,0,9,-8
-8,0,10,-8
-8,0,11,-8
-8,0,12,-8
-8,0,13,-8
-8,0,14,-16
-8,0,15,-16
-8,0,16,-16
-8,0,17,-16
-8,0,18,-16
-8,0,19,-16
-8,0,20,-16
-8,0,21,-16
-8,0,22,-16
-8,0,23,-16
-8,0,24,-16
-8,0,25,-16
-8,0,26,-16
-8,0,27,-16
-8,0,28,-24
-8,0,29,-24
-8,0,30,-24
-8,0,31,-24
-8,0,32,-24
-8,0,33,-24
-8,0,34,-24
-8,0,35,-24
-8,0,36,-24
-8,0,37,-24
-8,0,38,-24
-8,0,39,-24
-8,0,40,-24
-8,0,41,-24
-8,0,42,-32
-8,0,43,-32
-8,0,44,-32
-8,0,45,-32
-8,0,46,-32
-8,0,47,-32
-8,0,48,-32
-8,0,49,-32
-8,0,50,-32
-8,0,51,-32
-8,0,52,-32
-8,0,53,-32
-8,0,54,-32
-8,0,55,-32
-8,0,56,-40
-8,0,57,-40
-8,0,58,-40
-8,0,59,-40
-8,0,60,-40
-8,0,61,-40
-8,0,62,-40
-8,0,63,-40
-8,0,64,-40
-8,0,65,-40
-8,0,66,-40
-8,0,67,-40
-8,0,68,-40
-8,0,69,-40
-8,0,70,-48
-8,0,71,-48
-8,0,72,-48
-8,0,73,-48
-8,0,74,-48
-8,0,75,-48
-8,0,76,-48
-8,0,77,-48
-8,0,78,-48
-8,0,79,-48
-8,0,80,-48
-8,0,81,-48
-8,0,82,-48
-8,0,83,-48
-8,0,84,-56
-8,0,85,-56
-8,0,86,-56
-8,0,87,-56
-8,0,88,-56
-8,0,89,-56
-8,0,90,-56
-8,0,91,-56
-8,0,92,-56
-8,0,93,-56
-8,0,94,-56
-8,0,95,-56
-8,0,96,-56
-8,0,97,-56
-8,0,98,-64
-8,0,99,-64
-8,0,100,-64
-8,0,101,-64
-8,0,102,-64
-8,0,103,-64
-8,0,104,-64
-8,0,105,-64
-8,0,106,-64
-8,0,107,-64
-8,0,108,-64
-8,0,109,-64
-8,0,110,-64
-8,0,111,-64
-8,1,0,-7
-8,1,1,-6
-8,1,2,-5
-8,1,3,-4
-8,1,4,-3
-8,1,5,-2
-8,1,6,-1
-8,1,7,-15
-8,1,8,-14
-8,1,9,-13
-8,1,10,-12
-8,1,11,-11
-8,1,12,-10
-8,1,13,-9
-8,1,14,-15
-8,1,15,-14
-8,1,16,-13
-8,1,17,-12
-8,1,18,-11
-8,1,19,-10
-8,1,20,-9
-8,1,21,-23
-8,1,22,-22
-8,1,23,-21
-8,1,24,-20
-8,1,25,-19
-8,1,26,-18
-8,1,27,-17
-8,1,28,-23
-8,1,29,-22
-8,1,30,-21
-8,1,31,-20
-8,1,32,-19
-8,1,33,-18
-8,1,34,-17
-8,1,35,-31
-8,1,36,-30
-8,1,37,-29
-8,1,38,-28
-8,1,39,-27
-8,1,40,-26
-8,1,41,-25
-8,1,42,-31
-8,1,43,-30
-8,1,44,-29
-8,1,45,-28
-8,1,46,-27
-8,1,47,-26
-8,1,48,-25
-8,1,49,-39
-8,1,50,-38
-8,1,51,-37
-8,1,52,-36
-8,1,53,-35
-8,1,54,-34
-8,1,55,-33
-8,1,56,-39
-8,1,57,-38
-8,1,58,-37
-8,1,59,-36
-8,1,60,-35
-8,1,61,-34
-8,1,62,-33
-8,1,63,-47
-8,1,64,-46
-8,1,65,-45
-8,1,66,-44
-8,1,67,-43
-8,1,68,-42
-8,1,69,-41
-8,1,70,-47
-8,1,71,-46
-8,1,72,-45
-8,1,73,-44
-8,1,74,-43
-8,1,75,-42
-8,1,76,-41
-8,1,77,-55
-8,1,78,-54
-8,1,79,-53
-8,1,80,-52
-8,1,81,-51
-8,1,82,-50
-8,1,83,-49
-8,1,84,-55
-8,1,85,-54
-8,1,86,-53
-8,1,87,-52
-8,1,88,-51
-8,1,89,-50
-8,1,90,-49
-8,1,91,-63
-8,1,92,-62
-8,1,93,-61
-8,1,94,-60
-8,1,95,-59
-8,1,96,-58
-8,1,97,-57
-8,1,98,-63
-8,1,99,-62
-8,1,100,-61
-8,1,101,-60
-8,1,102,-59
-8,1,103,-58
-8,1,104,-57
-8,1,105,-71
-8,1,106,-70
-8,1,107,-69
-8,1,108,-68
-8,1,109,-67
-8,1,110,-66
-8,1,111,-65
-8,2,0,-6
-8,2,1,-4
-8,2,2,-2
-8,2,3,0
-8,2,4,2
-8,2,5,4
-8,2,6,6
-8,2,7,-22
-8,2,8,-20
-8,2,9,-18
-8,2,10,-16
-8,2,11,-14
-8,2,12,-12
-8,2,13,-10
-8,2,14,-14
-8,2,15,-12
-8,2,16,-10
-8,2,17,-8
-8,2,18,-6
-8,2,19,-4
-8,2,20,-2
-8,2,21,-30
-8,2,22,-28
-8,2,23,-26
-8,2,24,-24
-8,2,25,-22
-8,2,26,-20
-8,2,27,-18
-8,2,28,-22
-8,2,29,-20
-8,2,30,-18
-8,2,31,-16
-8,2,32,-14
-8,2,33,-12
-8,2,34,-10
-8,2,35,-38
-8,2,36,-36
-8,2,37,-34
-8,2,38,-32
-8,2,39,-30
-8,2,40,-28
-8,2,41,-26
-8,2,42,-30
-8,2,43,-28
-8,2,44,-26
-8,2,45,-24
-8,2,46,-22
-8,2,47,-20
-8,2,48,-18
-8,2,49,-46
-8,2,50,-44
-8,2,51,-42
-8,2,52,-40
-8,2,53,-38
-8,2,54,-36
-8,2,55,-34
-8,2,56,-38
-8,2,57,-36
-8,2,58,-34
-8,2,59,-32
-8,2,60,-30
-8,2,61,-28
-8,2,62,-26
-8,2,63,-54
-8,2,64,-52
-8,2,65,-50
-8,2,66,-48
-8,2,67,-46
-8,2,68,-44
-8,2,69,-42
-8,2,70,-46
-8,2,71,-44
-8,2,72,-42
-8,2,73,-40
-8,2,74,-38
-8,2,75,-36
-8,2,76,-34
-8,2,77,-62
-8,2,78,-60
-8,2,79,-58
-8,2,80,-56
-8,2,81,-54
-8,2,82,-52
-8,2,83,-50
-8,2,84,-54
-8,2,85,-52
-8,2,86,-50
-8,2,87,-48
-8,2,88,-46
-8,2,89,-44
-8,2,90,-42
-8,2,91,-70
-8,2,92,-68
-8,2,93,-66
-8,2,94,-64
-8,2,95,-62
-8,2,96,-60
-8,2,97,-58
-8,2,98,-62
-8,2,99,-60
-8,2,100,-58
-8,2,101,-56
-8,2,102,-54
-8,2,103,-52
-8,2,104,-50
-8,2,105,-78
-8,2,106,-76
-8,2,107,-74
-8,2,108,-72
-8,2,109,-70
-8,2,110,-68
-8,2,111,-66
-8,3,0,-5
-8,3,1,-2
-8,3,2,1
-8,3,3,4
-8,3,4,7
-8,3,5,10
-8,3,6,13
-8,3,7,-29
-8,3,8,-26
-8,3,9,-23
-8,3,10,-20
-8,3,11,-17
-8,3,12,-14
-8,3,13,-11
-8,3,14,-13
-8,3,15,-10
-8,3,16,-7
-8,3,17,-4
-8,3,18,-1
-8,3,19,2
-8,3,20,5
-8,3,21,-37
-8,3,22,-34
-8,3,23,-31
-8,3,24,-28
-8,3,25,-25
-8,3,26,-22
-8,3,27,-19
-8,3,28,-21
-8,3,29,-18
-8,3,30,-15
-8,3,31,-12
-8,3,32,-9
-8,3,33,-6
-8,3,34,-3
-8,3,35,-45
-8,3,36,-42
-8,3,37,-39
-8,3,38,-36
-8,3,39,-33
-8,3,40,-30
-8,3,41,-27
-8,3,42,-29
-8,3,43,-26
-8,3,44,-23
-8,3,45,-20
-8,3,46,-17
-8,3,47,-14
-8,3,48,-11
-8,3,49,-53
-8,3,50,-50
-8,3,51,-47
-8,3,52,-44
-8,3,53,-41
-8,3,54,-38
-8,3,55,-35
-8,3,56,-37
-8,3,57,-34
-8,3,58,-31
-8,3,59,-28
-8,3,60,-25
-8,3,61,-22
-8,3,62,-19
-8,3,63,-61
-8,3,64,-58
-8,3,65,-55
-8,3,66,-52
-8,3,67,-49
-8,3,68,-46
-8,3,69,-43
-8,3,70,-45
-8,3,71,-42
-8,3,72,-39
-8,3,73,-36
-8,3,74,-33
-8,3,75,-30
-8,3,76,-27
-8,3,77,-69
-8,3,78,-66
-8,3,79,-63
-8,3,80,-60
-8,3,81,-57
-8,3,82,-54
-8,3,83,-51
-8,3,84,-53
-8,3,85,-50
-8,3,86,-47
-8,3,87,-44
-8,3,88,-41
-8,3,89,-38
-8,3,90,-35
-8,3,91,-77
-8,3,92,-74
-8,3,93,-71
-8,3,94,-68
-8,3,95,-65
-8,3,96,-62
-8,3,97,-59
-8,3,98,-61
-8,3,99,-58
-8,3,100,-55
-8,3,101,-52
-8,3,102,-49
-8,3,103,-46
-8,3,104,-43
-8,3,105,-85
-8,3,106,-82
-8,3,107,-79
-8,3,108,-76
-8,3,109,-73
-8,3,110,-70
-8,3,111,-67
-8,4,0,-4
-8,4,1,0
-8,4,2,4
-8,4,3,8
-8,4,4,12
-8,4,5,16
-8,4,6,20
-8,4,7,-36
-8,4,8,-32
-8,4,9,-28
-8,4,10,-24
-8,4,11,-20
-8,4,12,-16
-8,4,13,-12
-8,4,14,-12
-8,4,15,-8
-8,4,16,-4
-8,4,17,0
-8,4,18,4
-8,4,19,8
-8,4,20,12
-8,4,21,-44
-8,4,22,-40
-8,4,23,-36
-8,4,24,-32
-8,4,25,-28
-8,4,26,-24
-8,4,27,-20
-8,4,28,-20
-8,4,29,-16
-8,4,30,-12
-8,4,31,-8
-8,4,32,-4
-8,4,33,0
-8,4,34,4
-8,4,35,-52
-8,4,36,-48
-8,4,37,-44
-8,4,38,-40
-8,4,39,-36
-8,4,40,-32
-8,4,41,-28
-8,4,42,-28
-8,4,43,-24
-8,4,44,-20
-8,4,45,-16
-8,4,46,-12
-8,4,47,-8
-8,4,48,-4
-8,4,49,-60
-8,4,50,-56
-8,4,51,-52
-8,4,52,-48
-8,4,53,-44
-8,4,54,-40
-8,4,55,-36
-8,4,56,-36
-8,4,57,-32
-8,4,58,-28
-8,4,59,-24
-8,4,60,-20
-8,4,61,-16
-8,4,62,-12
-8,4,63,-68
-8,4,64,-64
-8,4,65,-60
-8,4,66,-56
-8,4,67,-52
-8,4,68,-48
-8,4,69,-44
-8,4,70,-44
-8,4,71,-40
-8,4,72,-36
-8,4,73,-32
-8,4,74,-28
-8,4,75,-24
-8,4,76,-20
-8,4,77,-76
-8,4,78,-72
-8,4,79,-68
-8,4,80,-64
-8,4,81,-60
-8,4,82,-56
-8,4,83,-52
-8,4,84,-52
-8,4,85,-48
-8,4,86,-44
-8,4,87,-40
-8,4,88,-36
-8,4,89,-32
-8,4,90,-28
-8,4,91,-84
-8,4,92,-80
-8,4,93,-76
-8,4,94,-72
-8,4,95,-68
-8,4,96,-64
-8,4,97,-60
-8,4,98,-60
-8,4,99,-56
-8,4,100,-52
-8,4,101,-48
-8,4,102,-44
-8,4,103,-40
-8,4,104,-36
-8,4,105,-92
-8,4,106,-88
-8,4,107,-84
-8,4,108,-80
-8,4,109,-76
-8,4,110,-72
-8,4,111,-68
-8,5,0,-3
-8,5,1,2
-8,5,2,7
-8,5,3,12
-8,5,4,17
-8,5,5,22
-8,5,6,27
-8,5,7,-43
-8,5,8,-38
-8,5,9,-33
-8,5,10,-28
-8,5,11,-23
-8,5,12,-18
-8,5,13,-13
-8,5,14,-11
-8,5,15,-6
-8,5,16,-1
-8,5,17,4
-8,5,18,9
-8,5,19,14
-8,5,20,19
-8,5,21,-51
-8,5,22,-46
-8,5,23,-41
-8,5,24,-36
-8,5,25,-31
-8,5,26,-26
-8,5,27,-21
-8,5,28,-19
-8,5,29,-14
-8,5,30,-9
-8,5,31,-4
-8,5,32,1
-8,5,33,6
-8,5,34,11
-8,5,35,-59
-8,5,36,-54
-8,5,37,-49
-8,5,38,-44
-8,5,39,-39
-8,5,40,-34
-8,5,41,-29
-8,5,42,-27
-8,5,43,-22
-8,5,44,-17
-8,5,45,-12
-8,5,46,-7
-8,5,47,-2
-8,5,48,3
-8,5,49,-67
-8,5,50,-62
-8,5,51,-57
-8,5,52,-52
-8,5,53,-47
-8,5,54,-42
-8,5,55,-37
-8,5,56,-35
-8,5,57,-30
-8,5,58,-25
-8,5,59,-20
-8,5,60,-15
-8,5,61,-10
-8,5,62,-5
-8,5,63,-75
-8,5,64,-70
-8,5,65,-65
-8,5,66,-60
-8,5,67,-55
-8,5,68,-50
-8,5,69,-45
-8,5,70,-43
-8,5,71,-38
-8,5,72,-33
-8,5,73,-28
-8,5,74,-23
-8,5,75,-18
-8,5,76,-13
-8,5,77,-83
-8,5,78,-78
-8,5,79,-73
-8,5,80,-68
-8,5,81,-63
-8,5,82,-58
-8,5,83,-53
-8,5,84,-51
-8,5,85,-46
-8,5,86,-41
-8,5,87,-36
-8,5,88,-31
-8,5,89,-26
-8,5,90,-21
-8,5,91,-91
-8,5,92,-86
-8,5,93,-81
-8,5,94,-76
-8,5,95,-71
-8,5,96,-66
-8,5,97,-61
-8,5,98,-59
-8,5,99,-54
-8,5,100,-49
-8,5,101,-44
-8,5,102,-39
-8,5,103,-34
-8,5,104,-29
-8,5,105,-99
-8,5,106,-94
-8,5,107,-89
-8,5,108,-84
-8,5,109,-79
-8,5,110,-74
-8,5,111,-69
-8,6,0,-2
-8,6,1,4
-8,6,2,10
-8,6,3,16
-8,6,4,22
-8,6,5,28
-8,6,6,34
-8,6,7,-50
-8,6,8,-44
-8,6,9,-38
-8,6,10,-32
-8,6,11,-26
-8,6,12,-20
-8,6,13,-14
-8,6,14,-10
-8,6,15,-4
-8,6,16,2
-8,6,17,8
-8,6,18,14
-8,6,19,20
-8,6,20,26
-8,6,21,-58
-8,6,22,-52
-8,6,23,-46
-8,6,24,-40
-8,6,25,-34
-8,6,26,-28
-8,6,27,-22
-8,6,28,-18
-8,6,29,-12
-8,6,30,-6
-8,6,31,0
-8,6,32,6
-8,6,33,12
-8,6,34,18
-8,6,35,-66
-8,6,36,-60
-8,6,37,-54
-8,6,38,-48
-8,6,39,-42
-8,6,40,-36
-8,6,41,-30
-8,6,42,-26
-8,6,43,-20
-8,6,44,-14
-8,6,45,-8
-8,6,46,-2
-8,6,47,4
-8,6,48,10
-8,6,49,-74
-8,6,50,-68
-8,6,51,-62
-8,6,52,-56
-8,6,53,-50
-8,6,54,-44
-8,6,55,-38
-8,6,56,-34
-8,6,57,-28
-8,6,58,-22
-8,6,59,-16
-8,6,60,-10
-8,6,61,-4
-8,6,62,2
-8,6,63,-82
-8,6,64,-76
-8,6,65,-70
-8,6,66,-64
-8,6,67,-58
-8,6,68,-52
-8,6,69,-46
-8,6,70,-42
-8,6,71,-36
-8,6,72,-30
-8,6,73,-24
-8,6,74,-18
-8,6,75,-12
-8,6,76,-6
-8,6,77,-90
-8,6,78,-84
-8,6,79,-78
-8,6,80,-72
-8,6,81,-66
-8,6,82,-60
-8,6,83,-54
-8,6,84,-50
-8,6,85,-44
-8,6,86,-38
-8,6,87,-32
-8,6,88,-26
-8,6,89,-20
-8,6,90,-14
-8,6,91,-98
-8,6,92,-92
-8,6,93,-86
-8,6,94,-80
-8,6,95,-74
-8,6,96,-68
-8,6,97,-62
-8,6,98,-58
-8,6,99,-52
-8,6,100,-46
-8,6,101,-40
-8,6,102,-34
-8,6,103,-28
-8,6,104,-22
-8,6,105,-106
-8,6,106,-100
-8,6,107,-94
-8,6,108,-88
-8,6,109,-82
-8,6,110,-76
-8,6,111,-70
-8,7,0,-1
-8,7,1,6
-8,7,2,13
-8,7,3,20
-8,7,4,27
-8,7,5,34
-8,7,6,41
-8,7,7,-57
-8,7,8,-50
-8,7,9,-43
-8,7,10,-36
-8,7,11,-29
-8,7,12,-22
-8,7,13,-15
-8,7,14,-9
-8,7,15,-2
-8,7,16,5
-8,7,17,12
-8,7,18,19
-8,7,19,26
-8,7,20,33
-8,7,21,-65
-8,7,22,-58
-8,7,23,-51
-8,7,24,-44
-8,7,25,-37
-8,7,26,-30
-8,7,27,-23
-8,7,28,-17
-8,7,29,-10
-8,7,30,-3
-8,7,31,4
-8,7,32,11
-8,7,33,18
-8,7,34,25
-8,7,35,-73
-8,7,36,-66
-8,7,37,-59
-8,7,38,-52
-8,7,39,-45
-8,7,40,-38
-8,7,41,-31
-8,7,42,-25
-8,7,43,-18
-8,7,44,-11
-8,7,45,-4
-8,7,46,3
-8,7,47,10
-8,7,48,17
-8,7,49,-81
-8,7,50,-74
-8,7,51,-67
-8,7,52,-60
-8,7,53,-53
-8,7,54,-46
-8,7,55,-39
-8,7,56,-33
-8,7,57,-26
-8,7,58,-19
-8,7,59,-12
-8,7,60,-5
-8,7,61,2
-8,7,62,9
-8,7,63,-89
-8,7,64,-82
-8,7,65,-75
-8,7,66,-68
-8,7,67,-61
-8,7,68,-54
-8,7,69,-47
-8,7,70,-41
-8,7,71,-34
-8,7,72,-27
-8,7,73,-20
-8,7,74,-13
-8,7,75,-6
-8,7,76,1
-8,7,77,-97
-8,7,78,-90
-8,7,79,-83
-8,7,80,-76
-8,7,81,-69
-8,7,82,-62
-8,7,83,-55
-8,7,84,-49
-8,7,85,-42
-8,7,86,-35
-8,7,87,-28
-8,7,88,-21
-8,7,89,-14
-8,7,90,-7
-8,7,91,-105
-8,7,92,-98
-8,7,93,-91
-8,7,94,-84
-8,7,95,-77
-8,7,96,-70
-8,7,97,-63
-8,7,98,-57
-8,7,99,-50
-8,7,100,-43
-8,7,101,-36
-8,7,102,-29
-8,7,103,-22
-8,7,104,-15
-8,7,105,-113
-8,7,106,-106
-8,7,107,-99
-8,7,108,-92
-8,7,109,-85
-8,7,110,-78
-8,7,111,-71
-7,-8,0,-15
-7,-8,1,-23
-7,-8,2,-31
-7,-8,3,-39
-7,-8,4,-47
-7,-8,5,-55
-7,-8,6,-63
-7,-8,7,49
-7,-8,8,41
-7,-8,9,33
-7,-8,10,25
-7,-8,11,17
-7,-8,12,9
-7,-8,13,1
-7,-8,14,-22
-7,-8,15,-30
-7,-8,16,-38
-7,-8,17,-46
-7,-8,18,-54
-7,-8,19,-62
-7,-8,20,-70
-7,-8,21,42
-7,-8,22,34
-7,-8,23,26
-7,-8,24,18
-7,-8,25,10
-7,-8,26,2
-7,-8,27,-6
-7,-8,28,-29
-7,-8,29,-37
-7,-8,30,-45
-7,-8,31,-53
-7,-8,32,-61
-7,-8,33,-69
-7,-8,34,-77
-7,-8,35,35
-7,-8,36,27
-7,-8,37,19
-7,-8,38,11
-7,-8,39,3
-7,-8,40,-5
-7,-8,41,-13
-7,-8,42,-36
-7,-8,43,-44
-7,-8,44,-52
-7,-8,45,-60
-7,-8,46,-68
-7,-8,47,-76
-7,-8,48,-84
-7,-8,49,28
-7,-8,50,20
-7,-8,51,12
-7,-8,52,4
-7,-8,53,-4
-7,-8,54,-12
-7,-8,55,-20
-7,-8,56,-43
-7,-8,57,-51
-7,-8,58,-59
-7,-8,59,-67
-7,-8,60,-75
-7,-8,61,-83
-7,-8,62,-91
-7,-8,63,21
-7,-8,64,13
-7,-8,65,5
-7,-8,66,-3
-7,-8,67,-11
-7,-8,68,-19
-7,-8,69,-27
-7,-8,70,-50
-7,-8,71,-58
-7,-8,72,-66
-7,-8,73,-74
-7,-8,74,-82
-7,-8,75,-90
-7,-8,76,-98
-7,-8,77,14
-7,-8,78,6
-7,-8,79,-2
-7,-8,80,-10
-7,-8,81,-18
-7,-8,82,-26
-7,-8,83,-34
-7,-8,84,-57
-7,-8,85,-65
-7,-8,86,-73
-7,-8,87,-81
-7,-8,88,-89
-7,-8,89,-97
-7,-8,90,-105
-7,-8,91,7
-7,-8,92,-1
-7,-8,93,-9
-7,-8,94,-17
-7,-8,95,-25
-7,-8,96,-33
-7,-8,97,-41
-7,-8,98,-64
-7,-8,99,-72
-7,-8,100,-80
-7,-8,101,-88
-7,-8,102,-96
-7,-8,103,-104
-7,-8,104,-112
-7,-8,105,0
-7,-8,106,-8
-7,-8,107,-16
-7,-8,108,-24
-7,-8,109,-32
-7,-8,110,-40
-7,-8,111,-48
-7,-7,0,-14
-7,-7,1,-21
-7,-7,2,-28
-7,-7,3,-35
-7,-7,4,-42
-7,-7,5,-49
-7,-7,6,-56
-7,-7,7,42
-7,-7,8,35
-7,-7,9,28
-7,-7,10,21
-7,-7,11,14
-7,-7,12,7
-7,-7,13,0
-7,-7,14,-21
-7,-7,15,-28
-7,-7,16,-35
-7,-7,17,-42
-7,-7,18,-49
-7,-7,19,-56
-7,-7,20,-63
-7,-7,21,35
-7,-7,22,28
-7,-7,23,21
-7,-7,24,14
-7,-7,25,7
-7,-7,26,0
-7,-7,27,-7
-7,-7,28,-28
-7,-7,29,-35
-7,-7,30,-42
-7,-7,31,-49
-7,-7,32,-56
-7,-7,33,-63
-7,-7,34,-70
-7,-7,35,28
-7,-7,36,21
-7,-7,37,14
-7,-7,38,7
-7,-7,39,0
-7,-7,40,-7
-7,-7,41,-14
-7,-7,42,-35
-7,-7,43,-42
-7,-7,44,-49
-7,-7,45,-56
-7,-7,46,-63
-7,-7,47,-70
-7,-7,48,-77
-7,-7,49,21
-7,-7,50,14
-7,-7,51,7
-7,-7,52,0
-7,-7,53,-7
-7,-7,54,-14
-7,-7,55,-21
-7,-7,56,-42
-7,-7,57,-49
-7,-7,58,-56
-7,-7,59,-63
-7,-7,60,-70
-7,-7,61,-77
-7,-7,62,-84
-7,-7,63,14
-7,-7,64,7
-7,-7,65,0
-7,-7,66,-7
-7,-7,67,-14
-7,-7,68,-21
-7,-7,69,-28
-7,-7,70,-49
-7,-7,71,-56
-7,-7,72,-63
-7,-7,73,-70
-7,-7,74,-77
-7,-7,75,-84
-7,-7,76,-91
-7,-7,77,7
-7,-7,78,0
-7,-7,79,-7
-7,-7,80,-14
-7,-7,81,-21
-7,-7,82,-28
-7,-7,83,-35
-7,-7,84,-56
-7,-7,85,-63
-7,-7,86,-70
-7,-7,87,-77
-7,-7,88,-84
-7,-7,89,-91
-7,-7,90,-98
-7,-7,91,0
-7,-7,92,-7
-7,-7,93,-14
-7,-7,94,-21
-7,-7,95,-28
-7,-7,96,-35
-7,-7,97,-42
-7,-7,98,-63
-7,-7,99,-70
-7,-7,100,-77
-7,-7,101,-84
-7,-7,102,-91
-7,-7,103,-98
-7,-7,104,-105
-7,-7,105,-7
-7,-7,106,-14
-7,-7,107,-21
-7,-7,108,-28
-7,-7,109,-35
-7,-7,110,-42
-7,-7,111,-49
-7,-6,0,-13
-7,-6,1,-19
-7,-6,2,-25
-7,-6,3,-31
-7,-6,4,-37
-7,-6,5,-43
-7,-6,6,-49
-7,-6,7,35
-7,-6,8,29
-7,-6,9,23
-7,-6,10,17
-7,-6,11,11
-7,-6,12,5
-7,-6,13,-1
-7,-6,14,-20
-7,-6,15,-26
-7,-6,16,-32
-7,-6,17,-38
-7,-6,18,-44
-7,-6,19,-50
-7,-6,20,-56
-7,-6,21,28
-7,-6,22,22
-7,-6,23,16
-7,-6,24,10
-7,-6,25,4
-7,-6,26,-2
-7,-6,27,-8
-7,-6,28,-27
-7,-6,29,-33
-7,-6,30,-39
-7,-6,31,-45
-7,-6,32,-51
-7,-6,33,-57
-7,-6,34,-63
-7,-6,35,21
-7,-6,36,15
-7,-6,37,9
-7,-6,38,3
-7,-6,39,-3
-7,-6,40,-9
-7,-6,41,-15
-7,-6,42,-34
-7,-6,43,-40
-7,-6,44,-46
-7,-6,45,-52
-7,-6,46,-58
-7,-6,47,-64
-7,-6,48,-70
-7,-6,49,14
-7,-6,50,8
-7,-6,51,2
-7,-6,52,-4
-7,-6,53,-10
-7,-6,54,-16
-7,-6,55,-22
-7,-6,56,-41
-7,-6,57,-47
-7,-6,58,-53
-7,-6,59,-59
-7,-6,60,-65
-7,-6,61,-71
-7,-6,62,-77
-7,-6,63,7
-7,-6,64,1
-7,-6,65,-5
-7,-6,66,-11
-7,-6,67,-17
-7,-6,68,-23
-7,-6,69,-29
-7,-6,70,-48
-7,-6,71,-54
-7,-6,72,-60
-7,-6,73,-66
-7,-6,74,-72
-7,-6,75,-78
-7,-6,76,-84
-7,-6,77,0
-7,-6,78,-6
-7,-6,79,-12
-7,-6,80,-18
-7,-6,81,-24
-7,-6,82,-30
-7,-6,83,-36
-7,-6,84,-55
-7,-6,85,-61
-7,-6,86,-67
-7,-6,87,-73
-7,-6,88,-79
-7,-6,89,-85
-7,-6,90,-91
-7,-6,91,-7
-7,-6,92,-13
-7,-6,93,-19
-7,-6,94,-25
-7,-6,95,-31
-7,-6,96,-37
-7,-6,97,-43
-7,-6,98,-62
-7,-6,99,-68
-7,-6,100,-74
-7,-6,101,-80
-7,-6,102,-86
-7,-6,103,-92
-7,-6,104,-98
-7,-6,105,-14
-7,-6,106,-20
-7,-6,107,-26
-7,-6,108,-32
-7,-6,109,-38
-7,-6,110,-44
-7,-6,111,-50
-7,-5,0,-12
-7,-5,1,-17
-7,-5,2,-22
-7,-5,3,-27
-7,-5,4,-32
-7,-5,5,-37
-7,-5,6,-42
-7,-5,7,28
-7,-5,8,23
-7,-5,9,18
-7,-5,10,13
-7,-5,11,8
-7,-5,12,3
-7,-5,13,-2
-7,-5,14,-19
-7,-5,15,-24
-7,-5,16,-29
-7,-5,17,-34
-7,-5,18,-39
-7,-5,19,-44
-7,-5,20,-49
-7,-5,21,21
-7,-5,22,16
-7,-5,23,11
-7,-5,24,6
-7,-5,25,1
-7,-5,26,-4
-7,-5,27,-9
-7,-5,28,-26
-7,-5,29,-31
-7,-5,30,-36
-7,-5,31,-41
-7,-5,32,-46
-7,-5,33,-51
-7,-5,34,-56
-7,-5,35,14
-7,-5,36,9
-7,-5,37,4
-7,-5,38,-1
-7,-5,39,-6
-7,-5,40,-11
-7,-5,41,-16
-7,-5,42,-33
-7,-5,43,-38
-7,-5,44,-43
-7,-5,45,-48
-7,-5,46,-53
-7,-5,47,-58
-7,-5,48,-63
-7,-5,49,7
-7,-5,50,2
-7,-5,51,-3
-7,-5,52,-8
-7,-5,53,-13
-7,-5,54,-18
-7,-5,55,-23
-7,-5,56,-40
-7,-5,57,-45
-7,-5,58,-50
-7,-5,59,-55
-7,-5,60,-60
-7,-5,61,-65
-7,-5,62,-70
-7,-5,63,0
-7,-5,64,-5
-7,-5,65,-10
-7,-5,66,-15
-7,-5,67,-20
-7,-5,68,-25
-7,-5,69,-30
-7,-5,70,-47
-7,-5,71,-52
-7,-5,72,-57
-7,-5,73,-62
-7,-5,74,-67
-7,-5,75,-72
-7,-5,76,-77
-7,-5,77,-7
-7,-5,78,-12
-7,-5,79,-17
-7,-5,80,-22
-7,-5,81,-27
-7,-5,82,-32
-7,-5,83,-37
-7,-5,84,-54
-7,-5,85,-59
-7,-5,86,-64
-7,-5,87,-69
-7,-5,88,-74
-7,-5,89,-79
-7,-5,90,-84
-7,-5,91,-14
-7,-5,92,-19
-7,-5,93,-24
-7,-5,94,-29
-7,-5,95,-34
-7,-5,96,-39
-7,-5,97,-44
-7,-5,98,-61
-7,-5,99,-66
-7,-5,100,-71
-7,-5,101,-76
-7,-5,102,-81
-7,-5,103,-86
-7,-5,104,-91
-7,-5,105,-21
-7,-5,106,-26
-7,-5,107,-31
-7,-5,108,-36
-7,-5,109,-41
-7,-5,110,-46
-7,-5,111,-51
-7,-4,0,-11
-7,-4,1,-15
-7,-4,2,-19
-7,-4,3,-23
-7,-4,4,-27
-7,-4,5,-31
-7,-4,6,-35
-7,-4,7,21
-7,-4,8,17
-7,-4,9,13
-7,-4,10,9
-7,-4,11,5
-7,-4,12,1
-7,-4,13,-3
-7,-4,14,-18
-7,-4,15,-22
-7,-4,16,-26
-7,-4,17,-30
-7,-4,18,-34
-7,-4,19,-38
-7,-4,20,-42
-7,-4,21,14
-7,-4,22,10
-7,-4,23,6
-7,-4,24,2
-7,-4,25,-2
-7,-4,26,-6
-7,-4,27,-10
-7,-4,28,-25
-7,-4,29,-29
-7,-4,30,-33
-7,-4,31,-37
-7,-4,32,-41
-7,-4,33,-45
-7,-4,34,-49
-7,-4,35,7
-7,-4,36,3
-7,-4,37,-1
-7,-4,38,-5
-7,-4,39,-9
-7,-4,40,-13
-7,-4,41,-17
-7,-4,42,-32
-7,-4,43,-36
-7,-4,44,-40
-7,-4,45,-44
-7,-4,46,-48
-7,-4,47,-52
-7,-4,48,-56
-7,-4,49,0
-7,-4,50,-4
-7,-4,51,-8
-7,-4,52,-12
-7,-4,53,-16
-7,-4,54,-20
-7,-4,55,-24
-7,-4,56,-39
-7,-4,57,-43
-7,-4,58,-47
-7,-4,59,-51
-7,-4,60,-55
-7,-4,61,-59
-7,-4,62,-63
-7,-4,63,-7
-7,-4,64,-11
-7,-4,65,-15
-7,-4,66,-19
-7,-4,67,-23
-7,-4,68,-27
-7,-4,69,-31
-7,-4,70,-46
-7,-4,71,-50
-7,-4,72,-54
-7,-4,73,-58
-7,-4,74,-62
-7,-4,75,-66
-7,-4,76,-70
-7,-4,77,-14
-7,-4,78,-18
-7,-4,79,-22
-7,-4,80,-26
-7,-4,81,-30
-7,-4,82,-34
-7,-4,83,-38
-7,-4,84,-53
-7,-4,85,-57
-7,-4,86,-61
-7,-4,87,-65
-7,-4,88,-69
-7,-4,89,-73
-7,-4,90,-77
-7,-4,91,-21
-7,-4,92,-25
-7,-4,93,-29
-7,-4,94,-33
-7,-4,95,-37
-7,-4,96,-41
-7,-4,97,-45
-7,-4,98,-60
-7,-4,99,-64
-7,-4,100,-68
-7,-4,101,-72
-7,-4,102,-76
-7,-4,103,-80
-7,-4,104,-84
-7,-4,105,-28
-7,-4,106,-32
-7,-4,107,-36
-7,-4,108,-40
-7,-4,109,-44
-7,-4,110,-48
-7,-4,111,-52
-7,-3,0,-10
-7,-3,1,-13
-7,-3,2,-16
-7,-3,3,-19
-7,-3,4,-22
-7,-3,5,-25
-7,-3,6,-28
-7,-3,7,14
-7,-3,8,11
-7,-3,9,8
-7,-3,10,5
-7,-3,11,2
-7,-3,12,-1
-7,-3,13,-4
-7,-3,14,-17
-7,-3,15,-20
-7,-3,16,-23
-7,-3,17,-26
-7,-3,18,-29
-7,-3,19,-32
-7,-3,20,-35
-7,-3,21,7
-7,-3,22,4
-7,-3,23,1
-7,-3,24,-2
-7,-3,25,-5
-7,-3,26,-8
-7,-3,27,-11
-7,-3,28,-24
-7,-3,29,-27
-7,-3,30,-30
-7,-3,31,-33
-7,-3,32,-36
-7,-3,33,-39
-7,-3,34,-42
-7,-3,35,0
-7,-3,36,-3
-7,-3,37,-6
-7,-3,38,-9
-7,-3,39,-12
-7,-3,40,-15
-7,-3,41,-18
-7,-3,42,-31
-7,-3,43,-34
-7,-3,44,-37
-7,-3,45,-40
-7,-3,46,-43
-7,-3,47,-46
-7,-3,48,-49
-7,-3,49,-7
-7,-3,50,-10
-7,-3,51,-13
-7,-3,52,-16
-7,-3,53,-19
-7,-3,54,-22
-7,-3,55,-25
-7,-3,56,-38
-7,-3,57,-41
-7,-3,58,-44
-7,-3,59,-47
-7,-3,60,-50
-7,-3,61,-53
-7,-3,62,-56
-7,-3,63,-14
-7,-3,64,-17
-7,-3,65,-20
-7,-3,66,-23
-7,-3,67,-26
-7,-3,68,-29
-7,-3,69,-32
-7,-3,70,-45
-7,-3,71,-48
-7,-3,72,-51
-7,-3,73,-54
-7,-3,74,-57
-7,-3,75,-60
-7,-3,76,-63
-7,-3,77,-21
-7,-3,78,-24
-7,-3,79,-27
-7,-3,80,-30
-7,-3,81,-33
-7,-3,82,-36
-7,-3,83,-39
-7,-3,84,-52
-7,-3,85,-55
-7,-3,86,-58
-7,-3,87,-61
-7,-3,88,-64
-7,-3,89,-67
-7,-3,90,-70
-7,-3,91,-28
-7,-3,92,-31
-7,-3,93,-34
-7,-3,94,-37
-7,-3,95,-40
-7,-3,96,-43
-7,-3,97,-46
-7,-3,98,-59
-7,-3,99,-62
-7,-3,100,-65
-7,-3,101,-68
-7,-3,102,-71
-7,-3,103,-74
-7,-3,104,-77
-7,-3,105,-35
-7,-3,106,-38
-7,-3,107,-41
-7,-3,108,-44
-7,-3,109,-47
-7,-3,110,-50
-7,-3,111,-53
-7,-2,0,-9
-7,-2,1,-11
-7,-2,2,-13
-7,-2,3,-15
-7,-2,4,-17
-7,-2,5,-19
-7,-2,6,-21
-7,-2,7,7
-7,-2,8,5
-7,-2,9,3
-7,-2,10,1
-7,-2,11,-1
-7,-2,12,-3
-7,-2,13,-5
-7,-2,14,-16
-7,-2,15,-18
-7,-2,16,-20
-7,-2,17,-22
-7,-2,18,-24
-7,-2,19,-26
-7,-2,20,-28
-7,-2,21,0
-7,-2,22,-2
-7,-2,23,-4
-7,-2,24,-6
-7,-2,25,-8
-7,-2,26,-10
-7,-2,27,-12
-7,-2,28,-23
-7,-2,29,-25
-7,-2,30,-27
-7,-2,31,-29
-7,-2,32,-31
-7,-2,33,-33
-7,-2,34,-35
-7,-2,35,-7
-7,-2,36,-9
-7,-2,37,-11
-7,-2,38,-13
-7,-2,39,-15
-7,-2,40,-17
-7,-2,41,-19
-7,-2,42,-30
-7,-2,43,-32
-7,-2,44,-34
-7,-2,45,-36
-7,-2,46,-38
-7,-2,47,-40
-7,-2,48,-42
-7,-2,49,-14
-7,-2,50,-16
-7,-2,51,-18
-7,-2,52,-20
-7,-2,53,-22
-7,-2,54,-24
-7,-2,55,-26
-7,-2,56,-37
-7,-2,57,-39
-7,-2,58,-41
-7,-2,59,-43
-7,-2,60,-45
-7,-2,61,-47
-7,-2,62,-49
-7,-2,63,-21
-7,-2,64,-23
-7,-2,65,-25
-7,-2,66,-27
-7,-2,67,-29
-7,-2,68,-31
-7,-2,69,-33
-7,-2,70,-44
-7,-2,71,-46
-7,-2,72,-48
-7,-2,73,-50
-7,-2,74,-52
-7,-2,75,-54
-7,-2,76,-56
-7,-2,77,-28
-7,-2,78,-30
-7,-2,79,-32
-7,-2,80,-34
-7,-2,81,-36
-7,-2,82,-38
-7,-2,83,-40
-7,-2,84,-51
-7,-2,85,-53
-7,-2,86,-55
-7,-2,87,-57
-7,-2,88,-59
-7,-2,89,-61
-7,-2,90,-63
-7,-2,91,-35
-7,-2,92,-37
-7,-2,93,-39
-7,-2,94,-41
-7,-2,95,-43
-7,-2,96,-45
-7,-2,97,-47
-7,-2,98,-58
-7,-2,99,-60
-7,-2,100,-62
-7,-2,101,-64
-7,-2,102,-66
-7,-2,103,-68
-7,-2,104,-70
-7,-2,105,-42
-7,-2,106,-44
-7,-2,107,-46
-7,-2,108,-48
-7,-2,109,-50
-7,-2,110,-52
-7,-2,111,-54
-7,-1,0,-8
-7,-1,1,-9
-7,-1,2,-10
-7,-1,3,-11
-7,-1,4,-12
-7,-1,5,-13
-7,-1,6,-14
-7,-1,7,0
-7,-1,8,-1
-7,-1,9,-2
-7,-1,10,-3
-7,-1,11,-4
-7,-1,12,-5
-7,-1,13,-6
-7,-1,14,-15
-7,-1,15,-16
-7,-1,16,-17
-7,-1,17,-18
-7,-1,18,-19
-7,-1,19,-20
-7,-1,20,-21
-7,-1,21,-7
-7,-1,22,-8
-7,-1,23,-9
-7,-1,24,-10
-7,-1,25,-11
-7,-1,26,-12
-7,-1,27,-13
-7,-1,28,-22
-7,-1,29,-23
-7,-1,30,-24
-7,-1,31,-25
-7,-1,32,-26
-7,-1,33,-27
-7,-1,34,-28
-7,-1,35,-14
-7,-1,36,-15
-7,-1,37,-16
-7,-1,38,-17
-7,-1,39,-18
-7,-1,40,-19
-7,-1,41,-20
-7,-1,42,-29
-7,-1,43,-30
-7,-1,44,-31
-7,-1,45,-32
-7,-1,46,-33
-7,-1,47,-34
-7,-1,48,-35
-7,-1,49,-21
-7,-1,50,-22
-7,-1,51,-23
-7,-1,52,-24
-7,-1,53,-25
-7,-1,54,-26
-7,-1,55,-27
-7,-1,56,-36
-7,-1,57,-37
-7,-1,58,-38
-7,-1,59,-39
-7,-1,60,-40
-7,-1,61,-41
-7,-1,62,-42
-7,-1,63,-28
-7,-1,64,-29
-7,-1,65,-30
-7,-1,66,-31
-7,-1,67,-32
-7,-1,68,-33
-7,-1,69,-34
-7,-1,70,-43
-7,-1,71,-44
-7,-1,72,-45
-7,-1,73,-46
-7,-1,74,-47
-7,-1,75,-48
-7,-1,76,-49
-7,-1,77,-35
-7,-1,78,-36
-7,-1,79,-37
-7,-1,80,-38
-7,-1,81,-39
-7,-1,82,-40
-7,-1,83,-41
-7,-1,84,-50
-7,-1,85,-51
-7,-1,86,-52
-7,-1,87,-53
-7,-1,88,-54
-7,-1,89,-55
-7,-1,90,-56
-7,-1,91,-42
-7,-1,92,-43
-7,-1,93,-44
-7,-1,94,-45
-7,-1,95,-46
-7,-1,96,-47
-7,-1,97,-48
-7,-1,98,-57
-7,-1,99,-58
-7,-1,100,-59
-7,-1,101,-60
-7,-1,102,-61
-7,-1,103,-62
-7,-1,104,-63
-7,-1,105,-49
-7,-1,106,-50
-7,-1,107,-51
-7,-1,108,-52
-7,-1,109,-53
-7,-1,110,-54
-7,-1,111,-55
-7,0,0,-7
-7,0,1,-7
-7,0,2,-7
-7,0,3,-7
-7,0,4,-7
-7,0,5,-7
-7,0,6,-7
-7,0,7,-7
-7,0,8,-7
-7,0,9,-7
-7,0,10,-7
-7,0,11,-7
-7,0,12,-7
-7,0,13,-7
-7,0,14,-14
-7,0,15,-14
-7,0,16,-14
-7,0,17,-14
-7,0,18,-14
-7,0,19,-14
-7,0,20,-14
-7,0,21,-14
-7,0,22,-14
-7,0,23,-14
-7,0,24,-14
-7,0,25,-14
-7,0,26,-14
-7,0,27,-14
-7,0,28,-21
-7,0,29,-21
-7,0,30,-21
-7,0,31,-21
-7,0,32,-21
-7,0,33,-21
-7,0,34,-21
-7,0,35,-21
-7,0,36,-21
-7,0,37,-21
-7,0,38,-21
-7,0,39,-21
-7,0,40,-21
-7,0,41,-21
-7,0,42,-28
-7,0,43,-28
-7,0,44,-28
-7,0,45,-28
-7,0,46,-28
-7,0,47,-28
-7,0,48,-28
-7,0,49,-28
-7,0,50,-28
-7,0,51,-28
-7,0,52,-28
-7,0,53,-28
-7,0,54,-28
-7,0,55,-28
-7,0,56,-35
-7,0,57,-35
-7,0,58,-35
-7,0,59,-35
-7,0,60,-35
-7,0,61,-35
-7,0,62,-35
-7,0,63,-35
-7,0,64,-35
-7,0,65,-35
-7,0,66,-35
-7,0,67,-35
-7,0,68,-35
-7,0,69,-35
-7,0,70,-42
-7,0,71,-42
-7,0,72,-42
-7,0,73,-42
-7,0,74,-42
-7,0,75,-42
-7,0,76,-42
-7,0,77,-42
-7,0,78,-42
-7,0,79,-42
-7,0,80,-42
-7,0,81,-42
-7,0,82,-42
-7,0,83,-42
-7,0,84,-49
-7,0,85,-49
-7,0,86,-49
-7,0,87,-49
-7,0,88,-49
-7,0,89,-49
-7,0,90,-49
-7,0,91,-49
-7,0,92,-49
-7,0,93,-49
-7,0,94,-49
-7,0,95,-49
-7,0,96,-49
-7,0,97,-49
-7,0,98,-56
-7,0,99,-56
-7,0,100,-56
-7,0,101,-56
-7,0,102,-56
-7,0,103,-56
-7,0,104,-56
-7,0,105,-56
-7,0,106,-56
-7,0,107,-56
-7,0,108,-56
-7,0,109,-56
-7,0,110,-56
-7,0,111,-56
-7,1,0,-6
-7,1,1,-5
-7,1,2,-4
-7,1,3,-3
-7,1,4,-2
-7,1,5,-1
-7,1,6,0
-7,1,7,-14
-7,1,8,-13
-7,1,9,-12
-7,1,10,-11
-7,1,11,-10
-7,1,12,-9
-7,1,13,-8
-7,1,14,-13
-7,1,15,-12
-7,1,16,-11
-7,1,17,-10
-7,1,18,-9
-7,1,19,-8
-7,1,20,-7
-7,1,21,-21
-7,1,22,-20
-7,1,23,-19
-7,1,24,-18
-7,1,25,-17
-7,1,26,-16
-7,1,27,-15
-7,1,28,-20
-7,1,29,-19
-7,1,30,-18
-7,1,31,-17
-7,1,32,-16
-7,1,33,-15
-7,1,34,-14
-7,1,35,-28
-7,1,36,-27
-7,1,37,-26
-7,1,38,-25
-7,1,39,-24
-7,1,40,-23
-7,1,41,-22
-7,1,42,-27
-7,1,43,-26
-7,1,44,-25
-7,1,45,-24
-7,1,46,-23
-7,1,47,-22
-7,1,48,-21
-7,1,49,-35
-7,1,50,-34
-7,1,51,-33
-7,1,52,-32
-7,1,53,-31
-7,1,54,-30
-7,1,55,-29
-7,1,56,-34
-7,1,57,-33
-7,1,58,-32
-7,1,59,-31
-7,1,60,-30
-7,1,61,-29
-7,1,62,-28
-7,1,63,-42
-7,1,64,-41
-7,1,65,-40
-7,1,66,-39
-7,1,67,-38
-7,1,68,-37
-7,1,69,-36
-7,1,70,-41
-7,1,71,-40
-7,1,72,-39
-7,1,73,-38
-7,1,74,-37
-7,1,75,-36
-7,1,76,-35
-7,1,77,-49
-7,1,78,-48
-7,1,79,-47
-7,1,80,-46
-7,1,81,-45
-7,1,82,-44
-7,1,83,-43
-7,1,84,-48
-7,1,85,-47
-7,1,86,-46
-7,1,87,-45
-7,1,88,-44
-7,1,89,-43
-7,1,90,-42
-7,1,91,-56
-7,1,92,-55
-7,1,93,-54
-7,1,94,-53
-7,1,95,-52
-7,1,96,-51
-7,1,97,-50
-7,1,98,-55
-7,1,99,-54
-7,1,100,-53
-7,1,101,-52
-7,1,102,-51
-7,1,103,-50
-7,1,104,-49
-7,1,105,-63
-7,1,106,-62
-7,1,107,-61
-7,1,108,-60
-7,1,109,-59
-7,1,110,-58
-7,1,111,-57
-7,2,0,-5
-7,2,1,-3
-7,2,2,-1
-7,2,3,1
-7,2,4,3
-7,2,5,5
-7,2,6,7
-7,2,7,-21
-7,2,8,-19
-7,2,9,-17
-7,2,10,-15
-7,2,11,-13
-7,2,12,-11
-7,2,13,-9
-7,2,14,-12
-7,2,15,-10
-7,2,16,-8
-7,2,17,-6
-7,2,18,-4
-7,2,19,-2
-7,2,20,0
-7,2,21,-28
-7,2,22,-26
-7,2,23,-24
-7,2,24,-22
-7,2,25,-20
-7,2,26,-18
-7,2,27,-16
-7,2,28,-19
-7,2,29,-17
-7,2,30,-15
-7,2,31,-13
-7,2,32,-11
-7,2,33,-9
-7,2,34,-7
-7,2,35,-35
-7,2,36,-33
-7,2,37,-31
-7,2,38,-29
-7,2,39,-27
-7,2,40,-25
-7,2,41,-23
-7,2,42,-26
-7,2,43,-24
-7,2,44,-22
-7,2,45,-20
-7,2,46,-18
-7,2,47,-16
-7,2,48,-14
-7,2,49,-42
-7,2,50,-40
-7,2,51,-38
-7,2,52,-36
-7,2,53,-34
-7,2,54,-32
-7,2,55,-30
-7,2,56,-33
-7,2,57,-31
-7,2,58,-29
-7,2,59,-27
-7,2,60,-25
-7,2,61,-23
-7,2,62,-21
-7,2,63,-49
-7,2,64,-47
-7,2,65,-45
-7,2,66,-43
-7,2,67,-41
-7,2,68,-39
-7,2,69,-37
-7,2,70,-40
-7,2,71,-38
-7,2,72,-36
-7,2,73,-34
-7,2,74,-32
-7,2,75,-30
-7,2,76,-28
-7,2,77,-56
-7,2,78,-54
-7,2,79,-52
-7,2,80,-50
-7,2,81,-48
-7,2,82,-46
-7,2,83,-44
-7,2,84,-47
-7,2,85,-45
-7,2,86,-43
-7,2,87,-41
-7,2,88,-39
-7,2,89,-37
-7,2,90,-35
-7,2,91,-63
-7,2,92,-61
-7,2,93,-59
-7,2,94,-57
-7,2,95,-55
-7,2,96,-53
-7,2,97,-51
-7,2,98,-54
-7,2,99,-52
-7,2,100,-50
-7,2,101,-48
-7,2,102,-46
-7,2,103,-44
-7,2,104,-42
-7,2,105,-70
-7,2,106,-68
-7,2,107,-66
-7,2,108,-64
-7,2,109,-62
-7,2,110,-60
-7,2,111,-58
-7,3,0,-4
-7,3,1,-1
-7,3,2,2
-7,3,3,5
-7,3,4,8
-7,3,5,11
-7,3,6,14
-7,3,7,-28
-7,3,8,-25
-7,3,9,-22
-7,3,10,-19
-7,3,11,-16
-7,3,12,-13
-7,3,13,-10
-7,3,14,-11
-7,3,15,-8
-7,3,16,-5
-7,3,17,-2
-7,3,18,1
-7,3,19,4
-7,3,20,7
-7,3,21,-35
-7,3,22,-32
-7,3,23,-29
-7,3,24,-26
-7,3,25,-23
-7,3,26,-20
-7,3,27,-17
-7,3,28,-18
-7,3,29,-15
-7,3,30,-12
-7,3,31,-9
-7,3,32,-6
-7,3,33,-3
-7,3,34,0
-7,3,35,-42
-7,3,36,-39
-7,3,37,-36
-7,3,38,-33
-7,3,39,-30
-7,3,40,-27
-7,3,41,-24
-7,3,42,-25
-7,3,43,-22
-7,3,44,-19
-7,3,45,-16
-7,3,46,-13
-7,3,47,-10
-7,3,48,-7
-7,3,49,-49
-7,3,50,-46
-7,3,51,-43
-7,3,52,-40
-7,3,53,-37
-7,3,54,-34
-7,3,55,-31
-7,3,56,-32
-7,3,57,-29
-7,3,58,-26
-7,3,59,-23
-7,3,60,-20
-7,3,61,-17
-7,3,62,-14
-7,3,63,-56
-7,3,64,-53
-7,3,65,-50
-7,3,66,-47
-7,3,67,-44
-7,3,68,-41
-7,3,69,-38
-7,3,70,-39
-7,3,71,-36
-7,3,72,-33
-7,3,73,-30
-7,3,74,-27
-7,3,75,-24
-7,3,76,-21
-7,3,77,-63
-7,3,78,-60
-7,3,79,-57
-7,3,80,-54
-7,3,81,-51
-7,3,82,-48
-7,3,83,-45
-7,3,84,-46
-7,3,85,-43
-7,3,86,-40
-7,3,87,-37
-7,3,88,-34
-7,3,89,-31
-7,3,90,-28
-7,3,91,-70
-7,3,92,-67
-7,3,93,-64
-7,3,94,-61
-7,3,95,-58
-7,3,96,-55
-7,3,97,-52
-7,3,98,-53
-7,3,99,-50
-7,3,100,-47
-7,3,101,-44
-7,3,102,-41
-7,3,103,-38
-7,3,104,-35
-7,3,105,-77
-7,3,106,-74
-7,3,107,-71
-7,3,108,-68
-7,3,109,-65
-7,3,110,-62
-7,3,111,-59
-7,4,0,-3
-7,4,1,1
-7,4,2,5
-7,4,3,9
-7,4,4,13
-7,4,5,17
-7,4,6,21
-7,4,7,-35
-7,4,8,-31
-7,4,9,-27
-7,4,10,-23
-7,4,11,-19
-7,4,12,-15
-7,4,13,-11
-7,4,14,-10
-7,4,15,-6
-7,4,16,-2
-7,4,17,2
-7,4,18,6
-7,4,19,10
-7,4,20,14
-7,4,21,-42
-7,4,22,-38
-7,4,23,-34
-7,4,24,-30
-7,4,25,-26
-7,4,26,-22
-7,4,27,-18
-7,4,28,-17
-7,4,29,-13
-7,4,30,-9
-7,4,31,-5
-7,4,32,-1
-7,4,33,3
-7,4,34,7
-7,4,35,-49
-7,4,36,-45
-7,4,37,-41
-7,4,38,-37
-7,4,39,-33
-7,4,40,-29
-7,4,41,-25
-7,4,42,-24
-7,4,43,-20
-7,4,44,-16
-7,4,45,-12
-7,4,46,-8
-7,4,47,-4
-7,4,48,0
-7,4,49,-56
-7,4,50,-52
-7,4,51,-48
-7,4,52,-44
-7,4,53,-40
-7,4,54,-36
-7,4,55,-32
-7,4,56,-31
-7,4,57,-27
-7,4,58,-23
-7,4,59,-19
-7,4,60,-15
-7,4,61,-11
-7,4,62,-7
-7,4,63,-63
-7,4,64,-59
-7,4,65,-55
-7,4,66,-51
-7,4,67,-47
-7,4,68,-43
-7,4,69,-39
-7,4,70,-38
-7,4,71,-34
-7,4,72,-30
-7,4,73,-26
-7,4,74,-22
-7,4,75,-18
-7,4,76,-14
-7,4,77,-70
-7,4,78,-66
-7,4,79,-62
-7,4,80,-58
-7,4,81,-54
-7,4,82,-50
-7,4,83,-46
-7,4,84,-45
-7,4,85,-41
-7,4,86,-37
-7,4,87,-33
-7,4,88,-29
-7,4,89,-25
-7,4,90,-21
-7,4,91,-77
-7,4,92,-73
-7,4,93,-69
-7,4,94,-65
-7,4,95,-61
-7,4,96,-57
-7,4,97,-53
-7,4,98,-52
-7,4,99,-48
-7,4,100,-44
-7,4,101,-40
-7,4,102,-36
-7,4,103,-32
-7,4,104,-28
-7,4,105,-84
-7,4,106,-80
-7,4,107,-76
-7,4,108,-72
-7,4,109,-68
-7,4,110,-64
-7,4,111,-60
-7,5,0,-2
-7,5,1,3
-7,5,2,8
-7,5,3,13
-7,5,4,18
-7,5,5,23
-7,5,6,28
-7,5,7,-42
-7,5,8,-37
-7,5,9,-32
-7,5,10,-27
-7,5,11,-22
-7,5,12,-17
-7,5,13,-12
-7,5,14,-9
-7,5,15,-4
-7,5,16,1
-7,5,17,6
-7,5,18,11
-7,5,19,16
-7,5,20,21
-7,5,21,-49
-7,5,22,-44
-7,5,23,-39
-7,5,24,-34
-7,5,25,-29
-7,5,26,-24
-7,5,27,-19
-7,5,28,-16
-7,5,29,-11
-7,5,30,-6
-7,5,31,-1
-7,5,32,4
-7,5,33,9
-7,5,34,14
-7,5,35,-56
-7,5,36,-51
-7,5,37,-46
-7,5,38,-41
-7,5,39,-36
-7,5,40,-31
-7,5,41,-26
-7,5,42,-23
-7,5,43,-18
-7,5,44,-13
-7,5,45,-8
-7,5,46,-3
-7,5,47,2
-7,5,48,7
-7,5,49,-63
-7,5,50,-58
-7,5,51,-53
-7,5,52,-48
-7,5,53,-43
-7,5,54,-38
-7,5,55,-33
-7,5,56,-30
-7,5,57,-25
-7,5,58,-20
-7,5,59,-15
-7,5,60,-10
-7,5,61,-5
-7,5,62,0
-7,5,63,-70
-7,5,64,-65
-7,5,65,-60
-7,5,66,-55
-7,5,67,-50
-7,5,68,-45
-7,5,69,-40
-7,5,70,-37
-7,5,71,-32
-7,5,72,-27
-7,5,73,-22
-7,5,74,-17
-7,5,75,-12
-7,5,76,-7
-7,5,77,-77
-7,5,78,-72
-7,5,79,-67
-7,5,80,-62
-7,5,81,-57
-7,5,82,-52
-7,5,83,-47
-7,5,84,-44
-7,5,85,-39
-7,5,86,-34
-7,5,87,-29
-7,5,88,-24
-7,5,89,-19
-7,5,90,-14
-7,5,91,-84
-7,5,92,-79
-7,5,93,-74
-7,5,94,-69
-7,5,95,-64
-7,5,96,-59
-7,5,97,-54
-7,5,98,-51
-7,5,99,-46
-7,5,100,-41
-7,5,101,-36
-7,5,102,-31
-7,5,103,-26
-7,5,104,-21
-7,5,105,-91
-7,5,106,-86
-7,5,107,-81
-7,5,108,-76
-7,5,109,-71
-7,5,110,-66
-7,5,111,-61
-7,6,0,-1
-7,6,1,5
-7,6,2,11
-7,6,3,17
-7,6,4,23
-7,6,5,29
-7,6,6,35
-7,6,7,-49
-7,6,8,-43
-7,6,9,-37
-7,6,10,-31
-7,6,11,-25
-7,6,12,-19
-7,6,13,-13
-7,6,14,-8
-7,6,15,-2
-7,6,16,4
-7,6,17,10
-7,6,18,16
-7,6,19,22
-7,6,20,28
-7,6,21,-56
-7,6,22,-50
-7,6,23,-44
-7,6,24,-38
-7,6,25,-32
-7,6,26,-26
-7,6,27,-20
-7,6,28,-15
-7,6,29,-9
-7,6,30,-3
-7,6,31,3
-7,6,32,9
-7,6,33,15
-7,6,34,21
-7,6,35,-63
-7,6,36,-57
-7,6,37,-51
-7,6,38,-45
-7,6,39,-39
-7,6,40,-33
-7,6,41,-27
-7,6,42,-22
-7,6,43,-16
-7,6,44,-10
-7,6,45,-4
-7,6,46,2
-7,6,47,8
-7,6,48,14
-7,6,49,-70
-7,6,50,-64
-7,6,51,-58
-7,6,52,-52
-7,6,53,-46
-7,6,54,-40
-7,6,55,-34
-7,6,56,-29
-7,6,57,-23
-7,6,58,-17
-7,6,59,-11
-7,6,60,-5
-7,6,61,1
-7,6,62,7
-7,6,63,-77
-7,6,64,-71
-7,6,65,-65
-7,6,66,-59
-7,6,67,-53
-7,6,68,-47
-7,6,69,-41
-7,6,70,-36
-7,6,71,-30
-7,6,72,-24
-7,6,73,-18
-7,6,74,-12
-7,6,75,-6
-7,6,76,0
-7,6,77,-84
-7,6,78,-78
-7,6,79,-72
-7,6,80,-66
-7,6,81,-60
-7,6,82,-54
-7,6,83,-48
-7,6,84,-43
-7,6,85,-37
-7,6,86,-31
-7,6,87,-25
-7,6,88,-19
-7,6,89,-13
-7,6,90,-7
-7,6,91,-91
-7,6,92,-85
-7,6,93,-79
-7,6,94,-73
-7,6,95,-67
-7,6,96,-61
-7,6,97,-55
-7,6,98,-50
-7,6,99,-44
-7,6,100,-38
-7,6,101,-32
-7,6,102,-26
-7,6,103,-20
-7,6,104,-14
-7,6,105,-98
-7,6,106,-92
-7,6,107,-86
-7,6,108,-80
-7,6,109,-74
-7,6,110,-68
-7,6,111,-62
-7,7,0,0
-7,7,1,7
-7,7,2,14
-7,7,3,21
-7,7,4,28
-7,7,5,35
-7,7,6,42
-7,7,7,-56
-7,7,8,-49
-7,7,9,-42
-7,7,10,-35
-7,7,11,-28
-7,7,12,-21
-7,7,13,-14
-7,7,14,-7
-7,7,15,0
-7,7,16,7
-7,7,17,14
-7,7,18,21
-7,7,19,28
-7,7,20,35
-7,7,21,-63
-7,7,22,-56
-7,7,23,-49
-7,7,24,-42
-7,7,25,-35
-7,7,26,-28
-7,7,27,-21
-7,7,28,-14
-7,7,29,-7
-7,7,30,0
-7,7,31,7
-7,7,32,14
-7,7,33,21
-7,7,34,28
-7,7,35,-70
-7,7,36,-63
-7,7,37,-56
-7,7,38,-49
-7,7,39,-42
-7,7,40,-35
-7,7,41,-28
-7,7,42,-21
-7,7,43,-14
-7,7,44,-7
-7,7,45,0
-7,7,46,7
-7,7,47,14
-7,7,48,21
-7,7,49,-77
-7,7,50,-70
-7,7,51,-63
-7,7,52,-56
-7,7,53,-49
-7,7,54,-42
-7,7,55,-35
-7,7,56,-28
-7,7,57,-21
-7,7,58,-14
-7,7,59,-7
-7,7,60,0
-7,7,61,7
-7,7,62,14
-7,7,63,-84
-7,7,64,-77
-7,7,65,-70
-7,7,66,-63
-7,7,67,-56
-7,7,68,-49
-7,7,69,-42
-7,7,70,-35
-7,7,71,-28
-7,7,72,-21
-7,7,73,-14
-7,7,74,-7
-7,7,75,0
-7,7,76,7
-7,7,77,-91
-7,7,78,-84
-7,7,79,-77
-7,7,80,-70
-7,7,81,-63
-7,7,82,-56
-7,7,83,-49
-7,7,84,-42
-7,7,85,-35
-7,7,86,-28
-7,7,87,-21
-7,7,88,-14
-7,7,89,-7
-7,7,90,0
-7,7,91,-98
-7,7,92,-91
-7,7,93,-84
-7,7,94,-77
-7,7,95,-70
-7,7,96,-63
-7,7,97,-56
-7,7,98,-49
-7,7,99,-42
-7,7,100,-35
-7,7,101,-28
-7,7,102,-21
-7,7,103,-14
-7,7,104,-7
-7,7,105,-105
-7,7,106,-98
-7,7,107,-91
-7,7,108,-84
-7,7,109,-77
-7,7,110,-70
-7,7,111,-63
-6,-8,0,-14
-6,-8,1,-22
-6,-8,2,-30
-6,-8,3,-38
-6,-8,4,-46
-6,-8,5,-54
-6,-8,6,-62
-6,-8,7,50
-6,-8,8,42
-6,-8,9,34
-6,-8,10,26
-6,-8,11,18
-6,-8,12,10
-6,-8,13,2
-6,-8,14,-20
-6,-8,15,-28
-6,-8,16,-36
-6,-8,17,-44
-6,-8,18,-52
-6,-8,19,-60
-6,-8,20,-68
-6,-8,21,44
-6,-8,22,36
-6,-8,23,28
-6,-8,24,20
-6,-8,25,12
-6,-8,26,4
-6,-8,27,-4
-6,-8,28,-26
-6,-8,29,-34
-6,-8,30,-42
-6,-8,31,-50
-6,-8,32,-58
-6,-8,33,-66
-6,-8,34,-74
-6,-8,35,38
-6,-8,36,30
-6,-8,37,22
-6,-8,38,14
-6,-8,39,6
-6,-8,40,-2
-6,-8,41,-10
-6,-8,42,-32
-6,-8,43,-40
-6,-8,44,-48
-6,-8,45,-56
-6,-8,46,-64
-6,-8,47,-72
-6,-8,48,-80
-6,-8,49,32
-6,-8,50,24
-6,-8,51,16
-6,-8,52,8
-6,-8,53,0
-6,-8,54,-8
-6,-8,55,-16
-6,-8,56,-38
-6,-8,57,-46
-6,-8,58,-54
-6,-8,59,-62
-6,-8,60,-70
-6,-8,61,-78
-6,-8,62,-86
-6,-8,63,26
-6,-8,64,18
-6,-8,65,10
-6,-8,66,2
-6,-8,67,-6
-6,-8,68,-14
-6,-8,69,-22
-6,-8,70,-44
-6,-8,71,-52
-6,-8,72,-60
-6,-8,73,-68
-6,-8,74,-76
-6,-8,75,-84
-6,-8,76,-92
-6,-8,77,20
-6,-8,78,12
-6,-8,79,4
-6,-8,80,-4
-6,-8,81,-12
-6,-8,82,-20
-6,-8,83,-28
-6,-8,84,-50
-6,-8,85,-58
-6,-8,86,-66
-6,-8,87,-74
-6,-8,88,-82
-6,-8,89,-90
-6,-8,90,-98
-6,-8,91,14
-6,-8,92,6
-6,-8,93,-2
-6,-8,94,-10
-6,-8,95,-18
-6,-8,96,-26
-6,-8,97,-34
-6,-8,98,-56
-6,-8,99,-64
-6,-8,100,-72
-6,-8,101,-80
-6,-8,102,-88
-6,-8,103,-96
-6,-8,104,-104
-6,-8,105,8
-6,-8,106,0
-6,-8,107,-8
-6,-8,108,-16
-6,-8,109,-24
-6,-8,110,-32
-6,-8,111,-40
-6,-7,0,-13
-6,-7,1,-20
-6,-7,2,-27
-6,-7,3,-34
-6,-7,4,-41
-6,-7,5,-48
-6,-7,6,-55
-6,-7,7,43
-6,-7,8,36
-6,-7,9,29
-6,-7,10,22
-6,-7,11,15
-6,-7,12,8
-6,-7,13,1
-6,-7,14,-19
-6,-7,15,-26
-6,-7,16,-33
-6,-7,17,-40
-6,-7,18,-47
-6,-7,19,-54
-6,-7,20,-61
-6,-7,21,37
-6,-7,22,30
-6,-7,23,23
-6,-7,24,16
-6,-7,25,9
-6,-7,26,2
-6,-7,27,-5
-6,-7,28,-25
-6,-7,29,-32
-6,-7,30,-39
-6,-7,31,-46
-6,-7,32,-53
-6,-7,33,-60
-6,-7,34,-67
-6,-7,35,31
-6,-7,36,24
-6,-7,37,17
-6,-7,38,10
-6,-7,39,3
-6,-7,40,-4
-6,-7,41,-11
-6,-7,42,-31
-6,-7,43,-38
-6,-7,44,-45
-6,-7,45,-52
-6,-7,46,-59
-6,-7,47,-66
-6,-7,48,-73
-6,-7,49,25
-6,-7,50,18
-6,-7,51,11
-6,-7,52,4
-6,-7,53,-3
-6,-7,54,-10
-6,-7,55,-17
-6,-7,56,-37
-6,-7,57,-44
-6,-7,58,-51
-6,-7,59,-58
-6,-7,60,-65
-6,-7,61,-72
-6,-7,62,-79
-6,-7,63,19
-6,-7,64,12
-6,-7,65,5
-6,-7,66,-2
-6,-7,67,-9
-6,-7,68,-16
-6,-7,69,-23
-6,-7,70,-43
-6,-7,71,-50
-6,-7,72,-57
-6,-7,73,-64
-6,-7,74,-71
-6,-7,75,-78
-6,-7,76,-85
-6,-7,77,13
-6,-7,78,6
-6,-7,79,-1
-6,-7,80,-8
-6,-7,81,-15
-6,-7,82,-22
-6,-7,83,-29
-6,-7,84,-49
-6,-7,85,-56
-6,-7,86,-63
-6,-7,87,-70
-6,-7,88,-77
-6,-7,89,-84
-6,-7,90,-91
-6,-7,91,7
-6,-7,92,0
-6,-7,93,-7
-6,-7,94,-14
-6,-7,95,-21
-6,-7,96,-28
-6,-7,97,-35
-6,-7,98,-55
-6,-7,99,-62
-6,-7,100,-69
-6,-7,101,-76
-6,-7,102,-83
-6,-7,103,-90
-6,-7,104,-97
-6,-7,105,1
-6,-7,106,-6
-6,-7,107,-13
-6,-7,108,-20
-6,-7,109,-27
-6,-7,110,-34
-6,-7,111,-41
-6,-6,0,-12
-6,-6,1,-18
-6,-6,2,-24
-6,-6,3,-30
-6,-6,4,-36
-6,-6,5,-42
-6,-6,6,-48
-6,-6,7,36
-6,-6,8,30
-6,-6,9,24
-6,-6,10,18
-6,-6,11,12
-6,-6,12,6
-6,-6,13,0
-6,-6,14,-18
-6,-6,15,-24
-6,-6,16,-30
-6,-6,17,-36
-6,-6,18,-42
-6,-6,19,-48
-6,-6,20,-54
-6,-6,21,30
-6,-6,22,24
-6,-6,23,18
-6,-6,24,12
-6,-6,25,6
-6,-6,26,0
-6,-6,27,-6
-6,-6,28,-24
-6,-6,29,-30
-6,-6,30,-36
-6,-6,31,-42
-6,-6,32,-48
-6,-6,33,-54
-6,-6,34,-60
-6,-6,35,24
-6,-6,36,18
-6,-6,37,12
-6,-6,38,6
-6,-6,39,0
-6,-6,40,-6
-6,-6,41,-12
-6,-6,42,-30
-6,-6,43,-36
-6,-6,44,-42
-6,-6,45,-48
-6,-6,46,-54
-6,-6,47,-60
-6,-6,48,-66
-6,-6,49,18
-6,-6,50,12
-6,-6,51,6
-6,-6,52,0
-6,-6,53,-6
-6,-6,54,-12
-6,-6,55,-18
-6,-6,56,-36
-6,-6,57,-42
-6,-6,58,-48
-6,-6,59,-54
-6,-6,60,-60
-6,-6,61,-66
-6,-6,62,-72
-6,-6,63,12
-6,-6,64,6
-6,-6,65,0
-6,-6,66,-6
-6,-6,67,-12
-6,-6,68,-18
-6,-6,69,-24
-6,-6,70,-42
-6,-6,71,-48
-6,-6,72,-54
-6,-6,73,-60
-6,-6,74,-66
-6,-6,75,-72
-6,-6,76,-78
-6,-6,77,6
-6,-6,78,0
-6,-6,79,-6
-6,-6,80,-12
-6,-6,81,-18
-6,-6,82,-24
-6,-6,83,-30
-6,-6,84,-48
-6,-6,85,-54
-6,-6,86,-60
-6,-6,87,-66
-6,-6,88,-72
-6,-6,89,-78
-6,-6,90,-84
-6,-6,91,0
-6,-6,92,-6
-6,-6,93,-12
-6,-6,94,-18
-6,-6,95,-24
-6,-6,96,-30
-6,-6,97,-36
-6,-6,98,-54
-6,-6,99,-60
-6,-6,100,-66
-6,-6,101,-72
-6,-6,102,-78
-6,-6,103,-84
-6,-6,104,-90
-6,-6,105,-6
-6,-6,106,-12
-6,-6,107,-18
-6,-6,108,-24
-6,-6,109,-30
-6,-6,110,-36
-6,-6,111,-42
-6,-5,0,-11
-6,-5,1,-16
-6,-5,2,-21
-6,-5,3,-26
-6,-5,4,-31
-6,-5,5,-36
-6,-5,6,-41
-6,-5,7,29
-6,-5,8,24
-6,-5,9,19
-6,-5,10,14
-6,-5,11,9
-6,-5,12,4
-6,-5,13,-1
-6,-5,14,-17
-6,-5,15,-22
-6,-5,16,-27
-6,-5,17,-32
-6,-5,18,-37
-6,-5,19,-42
-6,-5,20,-47
-6,-5,21,23
-6,-5,22,18
-6,-5,23,13
-6,-5,24,8
-6,-5,25,3
-6,-5,26,-2
-6,-5,27,-7
-6,-5,28,-23
-6,-5,29,-28
-6,-5,30,-33
-6,-5,31,-38
-6,-5,32,-43
-6,-5,33,-48
-6,-5,34,-53
-6,-5,35,17
-6,-5,36,12
-6,-5,37,7
-6,-5,38,2
-6,-5,39,-3
-6,-5,40,-8
-6,-5,41,-13
-6,-5,42,-29
-6,-5,43,-34
-6,-5,44,-39
-6,-5,45,-44
-6,-5,46,-49
-6,-5,47,-54
-6,-5,48,-59
-6,-5,49,11
-6,-5,50,6
-6,-5,51,1
-6,-5,52,-4
-6,-5,53,-9
-6,-5,54,-14
-6,-5,55,-19
-6,-5,56,-35
-6,-5,57,-40
-6,-5,58,-45
-6,-5,59,-50
-6,-5,60,-55
-6,-5,61,-60
-6,-5,62,-65
-6,-5,63,5
-6,-5,64,0
-6,-5,65,-5
-6,-5,66,-10
-6,-5,67,-15
-6,-5,68,-20
-6,-5,69,-25
-6,-5,70,-41
-6,-5,71,-46
-6,-5,72,-51
-6,-5,73,-56
-6,-5,74,-61
-6,-5,75,-66
-6,-5,76,-71
-6,-5,77,-1
-6,-5,78,-6
-6,-5,79,-11
-6,-5,80,-16
-6,-5,81,-21
-6,-5,82,-26
-6,-5,83,-31
-6,-5,84,-47
-6,-5,85,-52
-6,-5,86,-57
-6,-5,87,-62
-6,-5,88,-67
-6,-5,89,-72
-6,-5,90,-77
-6,-5,91,-7
-6,-5,92,-12
-6,-5,93,-17
-6,-5,94,-22
-6,-5,95,-27
-6,-5,96,-32
-6,-5,97,-37
-6,-5,98,-53
-6,-5,99,-58
-6,-5,100,-63
-6,-5,101,-68
-6,-5,102,-73
-6,-5,103,-78
-6,-5,104,-83
-6,-5,105,-13
-6,-5,106,-18
-6,-5,107,-23
-6,-5,108,-28
-6,-5,109,-33
-6,-5,110,-38
-6,-5,111,-43
-6,-4,0,-10
-6,-4,1,-14
-6,-4,2,-18
-6,-4,3,-22
-6,-4,4,-26
-6,-4,5,-30
-6,-4,6,-34
-6,-4,7,22
-6,-4,8,18
-6,-4,9,14
-6,-4,10,10
-6,-4,11,6
-6,-4,12,2
-6,-4,13,-2
-6,-4,14,-16
-6,-4,15,-20
-6,-4,16,-24
-6,-4,17,-28
-6,-4,18,-32
-6,-4,19,-36
-6,-4,20,-40
-6,-4,21,16
-6,-4,22,12
-6,-4,23,8
-6,-4,24,4
-6,-4,25,0
-6,-4,26,-4
-6,-4,27,-8
-6,-4,28,-22
-6,-4,29,-26
-6,-4,30,-30
-6,-4,31,-34
-6,-4,32,-38
-6,-4,33,-42
-6,-4,34,-46
-6,-4,35,10
-6,-4,36,6
-6,-4,37,2
-6,-4,38,-2
-6,-4,39,-6
-6,-4,40,-10
-6,-4,41,-14
-6,-4,42,-28
-6,-4,43,-32
-6,-4,44,-36
-6,-4,45,-40
-6,-4,46,-44
-6,-4,47,-48
-6,-4,48,-52
-6,-4,49,4
-6,-4,50,0
-6,-4,51,-4
-6,-4,52,-8
-6,-4,53,-12
-6,-4,54,-16
-6,-4,55,-20
-6,-4,56,-34
-6,-4,57,-38
-6,-4,58,-42
-6,-4,59,-46
-6,-4,60,-50
-6,-4,61,-54
-6,-4,62,-58
-6,-4,63,-2
-6,-4,64,-6
-6,-4,65,-10
-6,-4,66,-14
-6,-4,67,-18
-6,-4,68,-22
-6,-4,69,-26
-6,-4,70,-40
-6,-4,71,-44
-6,-4,72,-48
-6,-4,73,-52
-6,-4,74,-56
-6,-4,75,-60
-6,-4,76,-64
-6,-4,77,-8
-6,-4,78,-12
-6,-4,79,-16
-6,-4,80,-20
-6,-4,81,-24
-6,-4,82,-28
-6,-4,83,-32
-6,-4,84,-46
-6,-4,85,-50
-6,-4,86,-54
-6,-4,87,-58
-6,-4,88,-62
-6,-4,89,-66
-6,-4,90,-70
-6,-4,91,-14
-6,-4,92,-18
-6,-4,93,-22
-6,-4,94,-26
-6,-4,95,-30
-6,-4,96,-34
-6,-4,97,-38
-6,-4,98,-52
-6,-4,99,-56
-6,-4,100,-60
-6,-4,101,-64
-6,-4,102,-68
-6,-4,103,-72
-6,-4,104,-76
-6,-4,105,-20
-6,-4,106,-24
-6,-4,107,-28
-6,-4,108,-32
-6,-4,109,-36
-6,-4,110,-40
-6,-4,111,-44
-6,-3,0,-9
-6,-3,1,-12
-6,-3,2,-15
-6,-3,3,-18
-6,-3,4,-21
-6,-3,5,-24
-6,-3,6,-27
-6,-3,7,15
-6,-3,8,12
-6,-3,9,9
-6,-3,10,6
-6,-3,11,3
-6,-3,12,0
-6,-3,13,-3
-6,-3,14,-15
-6,-3,15,-18
-6,-3,16,-21
-6,-3,17,-24
-6,-3,18,-27
-6,-3,19,-30
-6,-3,20,-33
-6,-3,21,9
-6,-3,22,6
-6,-3,23,3
-6,-3,24,0
-6,-3,25,-3
-6,-3,26,-6
-6,-3,27,-9
-6,-3,28,-21
-6,-3,29,-24
-6,-3,30,-27
-6,-3,31,-30
-6,-3,32,-33
-6,-3,33,-36
-6,-3,34,-39
-6,-3,35,3
-6,-3,36,0
-6,-3,37,-3
-6,-3,38,-6
-6,-3,39,-9
-6,-3,40,-12
-6,-3,41,-15
-6,-3,42,-27
-6,-3,43,-30
-6,-3,44,-33
-6,-3,45,-36
-6,-3,46,-39
-6,-3,47,-42
-6,-3,48,-45
-6,-3,49,-3
-6,-3,50,-6
-6,-3,51,-9
-6,-3,52,-12
-6,-3,53,-15
-6,-3,54,-18
-6,-3,55,-21
-6,-3,56,-33
-6,-3,57,-36
-6,-3,58,-39
-6,-3,59,-42
-6,-3,60,-45
-6,-3,61,-48
-6,-3,62,-51
-6,-3,63,-9
-6,-3,64,-12
-6,-3,65,-15
-6,-3,66,-18
-6,-3,67,-21
-6,-3,68,-24
-6,-3,69,-27
-6,-3,70,-39
-6,-3,71,-42
-6,-3,72,-45
-6,-3,73,-48
-6,-3,74,-51
-6,-3,75,-54
-6,-3,76,-57
-6,-3,77,-15
-6,-3,78,-18
-6,-3,79,-21
-6,-3,80,-24
-6,-3,81,-27
-6,-3,82,-30
-6,-3,83,-33
-6,-3,84,-45
-6,-3,85,-48
-6,-3,86,-51
-6,-3,87,-54
-6,-3,88,-57
-6,-3,89,-60
-6,-3,90,-63
-6,-3,91,-21
-6,-3,92,-24
-6,-3,93,-27
-6,-3,94,-30
-6,-3,95,-33
-6,-3,96,-36
-6,-3,97,-39
-6,-3,98,-51
-6,-3,99,-54
-6,-3,100,-57
-6,-3,101,-60
-6,-3,102,-63
-6,-3,103,-66
-6,-3,104,-69
-6,-3,105,-27
-6,-3,106,-30
-6,-3,107,-33
-6,-3,108,-36
-6,-3,109,-39
-6,-3,110,-42
-6,-3,111,-45
-6,-2,0,-8
-6,-2,1,-10
-6,-2,2,-12
-6,-2,3,-14
-6,-2,4,-16
-6,-2,5,-18
-6,-2,6,-20
-6,-2,7,8
-6,-2,8,6
-6,-2,9,4
-6,-2,10,2
-6,-2,11,0
-6,-2,12,-2
-6,-2,13,-4
-6,-2,14,-14
-6,-2,15,-16
-6,-2,16,-18
-6,-2,17,-20
-6,-2,18,-22
-6,-2,19,-24
-6,-2,20,-26
-6,-2,21,2
-6,-2,22,0
-6,-2,23,-2
-6,-2,24,-4
-6,-2,25,-6
-6,-2,26,-8
-6,-2,27,-10
-6,-2,28,-20
-6,-2,29,-22
-6,-2,30,-24
-6,-2,31,-26
-6,-2,32,-28
-6,-2,33,-30
-6,-2,34,-32
-6,-2,35,-4
-6,-2,36,-6
-6,-2,37,-8
-6,-2,38,-10
-6,-2,39,-12
-6,-2,40,-14
-6,-2,41,-16
-6,-2,42,-26
-6,-2,43,-28
-6,-2,44,-30
-6,-2,45,-32
-6,-2,46,-34
-6,-2,47,-36
-6,-2,48,-38
-6,-2,49,-10
-6,-2,50,-12
-6,-2,51,-14
-6,-2,52,-16
-6,-2,53,-18
-6,-2,54,-20
-6,-2,55,-22
-6,-2,56,-32
-6,-2,57,-34
-6,-2,58,-36
-6,-2,59,-38
-6,-2,60,-40
-6,-2,61,-42
-6,-2,62,-44
-6,-2,63,-16
-6,-2,64,-18
-6,-2,65,-20
-6,-2,66,-22
-6,-2,67,-24
-6,-2,68,-26
-6,-2,69,-28
-6,-2,70,-38
-6,-2,71,-40
-6,-2,72,-42
-6,-2,73,-44
-6,-2,74,-46
-6,-2,75,-48
-6,-2,76,-50
-6,-2,77,-22
-6,-2,78,-24
-6,-2,79,-26
-6,-2,80,-28
-6,-2,81,-30
-6,-2,82,-32
-6,-2,83,-34
-6,-2,84,-44
-6,-2,85,-46
-6,-2,86,-48
-6,-2,87,-50
-6,-2,88,-52
-6,-2,89,-54
-6,-2,90,-56
-6,-2,91,-28
-6,-2,92,-30
-6,-2,93,-32
-6,-2,94,-34
-6,-2,95,-36
-6,-2,96,-38
-6,-2,97,-40
-6,-2,98,-50
-6,-2,99,-52
-6,-2,100,-54
-6,-2,101,-56
-6,-2,102,-58
-6,-2,103,-60
-6,-2,104,-62
-6,-2,105,-34
-6,-2,106,-36
-6,-2,107,-38
-6,-2,108,-40
-6,-2,109,-42
-6,-2,110,-44
-6,-2,111,-46
-6,-1,0,-7
-6,-1,1,-8
-6,-1,2,-9
-6,-1,3,-10
-6,-1,4,-11
-6,-1,5,-12
-6,-1,6,-13
-6,-1,7,1
-6,-1,8,0
-6,-1,9,-1
-6,-1,10,-2
-6,-1,11,-3
-6,-1,12,-4
-6,-1,13,-5
-6,-1,14,-13
-6,-1,15,-14
-6,-1,16,-15
-6,-1,17,-16
-6,-1,18,-17
-6,-1,19,-18
-6,-1,20,-19
-6,-1,21,-5
-6,-1,22,-6
-6,-1,23,-7
-6,-1,24,-8
-6,-1,25,-9
-6,-1,26,-10
-6,-1,27,-11
-6,-1,28,-19
-6,-1,29,-20
-6,-1,30,-21
-6,-1,31,-22
-6,-1,32,-23
-6,-1,33,-24
-6,-1,34,-25
-6,-1,35,-11
-6,-1,36,-12
-6,-1,37,-13
-6,-1,38,-14
-6,-1,39,-15
-6,-1,40,-16
-6,-1,41,-17
-6,-1,42,-25
-6,-1,43,-26
-6,-1,44,-27
-6,-1,45,-28
-6,-1,46,-29
-6,-1,47,-30
-6,-1,48,-31
-6,-1,49,-17
-6,-1,50,-18
-6,-1,51,-19
-6,-1,52,-20
-6,-1,53,-21
-6,-1,54,-22
-6,-1,55,-23
-6,-1,56,-31
-6,-1,57,-32
-6,-1,58,-33
-6,-1,59,-34
-6,-1,60,-35
-6,-1,61,-36
-6,-1,62,-37
-6,-1,63,-23
-6,-1,64,-24
-6,-1,65,-25
-6,-1,66,-26
-6,-1,67,-27
-6,-1,68,-28
-6,-1,69,-29
-6,-1,70,-37
-6,-1,71,-38
-6,-1,72,-39
-6,-1,73,-40
-6,-1,74,-41
-6,-1,75,-42
-6,-1,76,-43
-6,-1,77,-29
-6,-1,78,-30
-6,-1,79,-31
-6,-1,80,-32
-6,-1,81,-33
-6,-1,82,-34
-6,-1,83,-35
-6,-1,84,-43
-6,-1,85,-44
-6,-1,86,-45
-6,-1,87,-46
-6,-1,88,-47
-6,-1,89,-48
-6,-1,90,-49
-6,-1,91,-35
-6,-1,92,-36
-6,-1,93,-37
-6,-1,94,-38
-6,-1,95,-39
-6,-1,96,-40
-6,-1,97,-41
-6,-1,98,-49
-6,-1,99,-50
-6,-1,100,-51
-6,-1,101,-52
-6,-1,102,-53
-6,-1,103,-54
-6,-1,104,-55
-6,-1,105,-41
-6,-1,106,-42
-6,-1,107,-43
-6,-1,108,-44
-6,-1,109,-45
-6,-1,110,-46
-6,-1,111,-47
-6,0,0,-6
-6,0,1,-6
-6,0,2,-6
-6,0,3,-6
-6,0,4,-6
-6,0,5,-6
-6,0,6,-6
-6,0,7,-6
-6,0,8,-6
-6,0,9,-6
-6,0,10,-6
-6,0,11,-6
-6,0,12,-6
-6,0,13,-6
-6,0,14,-12
-6,0,15,-12
-6,0,16,-12
-6,0,17,-12
-6,0,18,-12
-6,0,19,-12
-6,0,20,-12
-6,0,21,-12
-6,0,22,-12
-6,0,23,-12
-6,0,24,-12
-6,0,25,-12
-6,0,26,-12
-6,0,27,-12
-6,0,28,-18
-6,0,29,-18
-6,0,30,-18
-6,0,31,-18
-6,0,32,-18
-6,0,33,-18
-6,0,34,-18
-6,0,35,-18
-6,0,36,-18
-6,0,37,-18
-6,0,38,-18
-6,0,39,-18
-6,0,40,-18
-6,0,41,-18
-6,0,42,-24
-6,0,43,-24
-6,0,44,-24
-6,0,45,-24
-6,0,46,-24
-6,0,47,-24
-6,0,48,-24
-6,0,49,-24
-6,0,50,-24
-6,0,51,-24
-6,0,52,-24
-6,0,53,-24
-6,0,54,-24
-6,0,55,-24
-6,0,56,-30
-6,0,57,-30
-6,0,58,-30
-6,0,59,-30
-6,0,60,-30
-6,0,61,-30
-6,0,62,-30
-6,0,63,-30
-6,0,64,-30
-6,0,65,-30
-6,0,66,-30
-6,0,67,-30
-6,0,68,-30
-6,0,69,-30
-6,0,70,-36
-6,0,71,-36
-6,0,72,-36
-6,0,73,-36
-6,0,74,-36
-6,0,75,-36
-6,0,76,-36
-6,0,77,-36
-6,0,78,-36
-6,0,79,-36
-6,0,80,-36
-6,0,81,-36
-6,0,82,-36
-6,0,83,-36
-6,0,84,-42
-6,0,85,-42
-6,0,86,-42
-6,0,87,-42
-6,0,88,-42
-6,0,89,-42
-6,0,90,-42
-6,0,91,-42
-6,0,92,-42
-6,0,93,-42
-6,0,94,-42
-6,0,95,-42
-6,0,96,-42
-6,0,97,-42
-6,0,98,-48
-6,0,99,-48
-6,0,100,-48
-6,0,101,-48
-6,0,102,-48
-6,0,103,-48
-6,0,104,-48
-6,0,105,-48
-6,0,106,-48
-6,0,107,-48
-6,0,108,-48
-6,0,109,-48
-6,0,110,-48
-6,0,111,-48
-6,1,0,-5
-6,1,1,-4
-6,1,2,-3
-6,1,3,-2
-6,1,4,-1
-6,1,5,0
-6,1,6,1
-6,1,7,-13
-6,1,8,-12
-6,1,9,-11
-6,1,10,-10
-6,1,11,-9
-6,1,12,-8
-6,1,13,-7
-6,1,14,-11
-6,1,15,-10
-6,1,16,-9
-6,1,17,-8
-6,1,18,-7
-6,1,19,-6
-6,1,20,-5
-6,1,21,-19
-6,1,22,-18
-6,1,23,-17
-6,1,24,-16
-6,1,25,-15
-6,1,26,-14
-6,1,27,-13
-6,1,28,-17
-6,1,29,-16
-6,1,30,-15
-6,1,31,-14
-6,1,32,-13
-6,1,33,-12
-6,1,34,-11
-6,1,35,-25
-6,1,36,-24
-6,1,37,-23
-6,1,38,-22
-6,1,39,-21
-6,1,40,-20
-6,1,41,-19
-6,1,42,-23
-6,1,43,-22
-6,1,44,-21
-6,1,45,-20
-6,1,46,-19
-6,1,47,-18
-6,1,48,-17
-6,1,49,-31
-6,1,50,-30
-6,1,51,-29
-6,1,52,-28
-6,1,53,-27
-6,1,54,-26
-6,1,55,-25
-6,1,56,-29
-6,1,57,-28
-6,1,58,-27
-6,1,59,-26
-6,1,60,-25
-6,1,61,-24
-6,1,62,-23
-6,1,63,-37
-6,1,64,-36
-6,1,65,-35
-6,1,66,-34
-6,1,67,-33
-6,1,68,-32
-6,1,69,-31
-6,1,70,-35
-6,1,71,-34
-6,1,72,-33
-6,1,73,-32
-6,1,74,-31
-6,1,75,-30
-6,1,76,-29
-6,1,77,-43
-6,1,78,-42
-6,1,79,-41
-6,1,80,-40
-6,1,81,-39
-6,1,82,-38
-6,1,83,-37
-6,1,84,-41
-6,1,85,-40
-6,1,86,-39
-6,1,87,-38
-6,1,88,-37
-6,1,89,-36
-6,1,90,-35
-6,1,91,-49
-6,1,92,-48
-6,1,93,-47
-6,1,94,-46
-6,1,95,-45
-6,1,96,-44
-6,1,97,-43
-6,1,98,-47
-6,1,99,-46
-6,1,100,-45
-6,1,101,-44
-6,1,102,-43
-6,1,103,-42
-6,1,104,-41
-6,1,105,-55
-6,1,106,-54
-6,1,107,-53
-6,1,108,-52
-6,1,109,-51
-6,1,110,-50
-6,1,111,-49
-6,2,0,-4
-6,2,1,-2
-6,2,2,0
-6,2,3,2
-6,2,4,4
-6,2,5,6
-6,2,6,8
-6,2,7,-20
-6,2,8,-18
-6,2,9,-16
-6,2,10,-14
-6,2,11,-12
-6,2,12,-10
-6,2,13,-8
-6,2,14,-10
-6,2,15,-8
-6,2,16,-6
-6,2,17,-4
-6,2,18,-2
-6,2,19,0
-6,2,20,2
-6,2,21,-26
-6,2,22,-24
-6,2,23,-22
-6,2,24,-20
-6,2,25,-18
-6,2,26,-16
-6,2,27,-14
-6,2,28,-16
-6,2,29,-14
-6,2,30,-12
-6,2,31,-10
-6,2,32,-8
-6,2,33,-6
-6,2,34,-4
-6,2,35,-32
-6,2,36,-30
-6,2,37,-28
-6,2,38,-26
-6,2,39,-24
-6,2,40,-22
-6,2,41,-20
-6,2,42,-22
-6,2,43,-20
-6,2,44,-18
-6,2,45,-16
-6,2,46,-14
-6,2,47,-12
-6,2,48,-10
-6,2,49,-38
-6,2,50,-36
-6,2,51,-34
-6,2,52,-32
-6,2,53,-30
-6,2,54,-28
-6,2,55,-26
-6,2,56,-28
-6,2,57,-26
-6,2,58,-24
-6,2,59,-22
-6,2,60,-20
-6,2,61,-18
-6,2,62,-16
-6,2,63,-44
-6,2,64,-42
-6,2,65,-40
-6,2,66,-38
-6,2,67,-36
-6,2,68,-34
-6,2,69,-32
-6,2,70,-34
-6,2,71,-32
-6,2,72,-30
-6,2,73,-28
-6,2,74,-26
-6,2,75,-24
-6,2,76,-22
-6,2,77,-50
-6,2,78,-48
-6,2,79,-46
-6,2,80,-44
-6,2,81,-42
-6,2,82,-40
-6,2,83,-38
-6,2,84,-40
-6,2,85,-38
-6,2,86,-36
-6,2,87,-34
-6,2,88,-32
-6,2,89,-30
-6,2,90,-28
-6,2,91,-56
-6,2,92,-54
-6,2,93,-52
-6,2,94,-50
-6,2,95,-48
-6,2,96,-46
-6,2,97,-44
-6,2,98,-46
-6,2,99,-44
-6,2,100,-42
-6,2,101,-40
-6,2,102,-38
-6,2,103,-36
-6,2,104,-34
-6,2,105,-62
-6,2,106,-60
-6,2,107,-58
-6,2,108,-56
-6,2,109,-54
-6,2,110,-52
-6,2,111,-50
-6,3,0,-3
-6,3,1,0
-6,3,2,3
-6,3,3,6
-6,3,4,9
-6,3,5,12
-6,3,6,15
-6,3,7,-27
-6,3,8,-24
-6,3,9,-21
-6,3,10,-18
-6,3,11,-15
-6,3,12,-12
-6,3,13,-9
-6,3,14,-9
-6,3,15,-6
-6,3,16,-3
-6,3,17,0
-6,3,18,3
-6,3,19,6
-6,3,20,9
-6,3,21,-33
-6,3,22,-30
-6,3,23,-27
-6,3,24,-24
-6,3,25,-21
-6,3,26,-18
-6,3,27,-15
-6,3,28,-15
-6,3,29,-12
-6,3,30,-9
-6,3,31,-6
-6,3,32,-3
-6,3,33,0
-6,3,34,3
-6,3,35,-39
-6,3,36,-36
-6,3,37,-33
-6,3,38,-30
-6,3,39,-27
-6,3,40,-24
-6,3,41,-21
-6,3,42,-21
-6,3,43,-18
-6,3,44,-15
-6,3,45,-12
-6,3,46,-9
-6,3,47,-6
-6,3,48,-3
-6,3,49,-45
-6,3,50,-42
-6,3,51,-39
-6,3,52,-36
-6,3,53,-33
-6,3,54,-30
-6,3,55,-27
-6,3,56,-27
-6,3,57,-24
-6,3,58,-21
-6,3,59,-18
-6,3,60,-15
-6,3,61,-12
-6,3,62,-9
-6,3,63,-51
-6,3,64,-48
-6,3,65,-45
-6,3,66,-42
-6,3,67,-39
-6,3,68,-36
-6,3,69,-33
-6,3,70,-33
-6,3,71,-30
-6,3,72,-27
-6,3,73,-24
-6,3,74,-21
-6,3,75,-18
-6,3,76,-15
-6,3,77,-57
-6,3,78,-54
-6,3,79,-51
-6,3,80,-48
-6,3,81,-45
-6,3,82,-42
-6,3,83,-39
-6,3,84,-39
-6,3,85,-36
-6,3,86,-33
-6,3,87,-30
-6,3,88,-27
-6,3,89,-24
-6,3,90,-21
-6,3,91,-63
-6,3,92,-60
-6,3,93,-57
-6,3,94,-54
-6,3,95,-51
-6,3,96,-48
-6,3,97,-45
-6,3,98,-45
-6,3,99,-42
-6,3,100,-39
-6,3,101,-36
-6,3,102,-33
-6,3,103,-30
-6,3,104,-27
-6,3,105,-69
-6,3,106,-66
-6,3,107,-63
-6,3,108,-60
-6,3,109,-57
-6,3,110,-54
-6,3,111,-51
-6,4,0,-2
-6,4,1,2
-6,4,2,6
-6,4,3,10
-6,4,4,14
-6,4,5,18
-6,4,6,22
-6,4,7,-34
-6,4,8,-30
-6,4,9,-26
-6,4,10,-22
-6,4,11,-18
-6,4,12,-14
-6,4,13,-10
-6,4,14,-8
-6,4,15,-4
-6,4,16,0
-6,4,17,4
-6,4,18,8
-6,4,19,12
-6,4,20,16
-6,4,21,-40
-6,4,22,-36
-6,4,23,-32
-6,4,24,-28
-6,4,25,-24
-6,4,26,-20
-6,4,27,-16
-6,4,28,-14
-6,4,29,-10
-6,4,30,-6
-6,4,31,-2
-6,4,32,2
-6,4,33,6
-6,4,34,10
-6,4,35,-46
-6,4,36,-42
-6,4,37,-38
-6,4,38,-34
-6,4,39,-30
-6,4,40,-26
-6,4,41,-22
-6,4,42,-20
-6,4,43,-16
-6,4,44,-12
-6,4,45,-8
-6,4,46,-4
-6,4,47,0
-6,4,48,4
-6,4,49,-52
-6,4,50,-48
-6,4,51,-44
-6,4,52,-40
-6,4,53,-36
-6,4,54,-32
-6,4,55,-28
-6,4,56,-26
-6,4,57,-22
-6,4,58,-18
-6,4,59,-14
-6,4,60,-10
-6,4,61,-6
-6,4,62,-2
-6,4,63,-58
-6,4,64,-54
-6,4,65,-50
-6,4,66,-46
-6,4,67,-42
-6,4,68,-38
-6,4,69,-34
-6,4,70,-32
-6,4,71,-28
-6,4,72,-24
-6,4,73,-20
-6,4,74,-16
-6,4,75,-12
-6,4,76,-8
-6,4,77,-64
-6,4,78,-60
-6,4,79,-56
-6,4,80,-52
-6,4,81,-48
-6,4,82,-44
-6,4,83,-40
-6,4,84,-38
-6,4,85,-34
-6,4,86,-30
-6,4,87,-26
-6,4,88,-22
-6,4,89,-18
-6,4,90,-14
-6,4,91,-70
-6,4,92,-66
-6,4,93,-62
-6,4,94,-58
-6,4,95,-54
-6,4,96,-50
-6,4,97,-46
-6,4,98,-44
-6,4,99,-40
-6,4,100,-36
-6,4,101,-32
-6,4,102,-28
-6,4,103,-24
-6,4,104,-20
-6,4,105,-76
-6,4,106,-72
-6,4,107,-68
-6,4,108,-64
-6,4,109,-60
-6,4,110,-56
-6,4,111,-52
-6,5,0,-1
-6,5,1,4
-6,5,2,9
-6,5,3,14
-6,5,4,19
-6,5,5,24
-6,5,6,29
-6,5,7,-41
-6,5,8,-36
-6,5,9,-31
-6,5,10,-26
-6,5,11,-21
-6,5,12,-16
-6,5,13,-11
-6,5,14,-7
-6,5,15,-2
-6,5,16,3
-6,5,17,8
-6,5,18,13
-6,5,19,18
-6,5,20,23
-6,5,21,-47
-6,5,22,-42
-6,5,23,-37
-6,5,24,-32
-6,5,25,-27
-6,5,26,-22
-6,5,27,-17
-6,5,28,-13
-6,5,29,-8
-6,5,30,-3
-6,5,31,2
-6,5,32,7
-6,5,33,12
-6,5,34,17
-6,5,35,-53
-6,5,36,-48
-6,5,37,-43
-6,5,38,-38
-6,5,39,-33
-6,5,40,-28
-6,5,41,-23
-6,5,42,-19
-6,5,43,-14
-6,5,44,-9
-6,5,45,-4
-6,5,46,1
-6,5,47,6
-6,5,48,11
-6,5,49,-59
-6,5,50,-54
-6,5,51,-49
-6,5,52,-44
-6,5,53,-39
-6,5,54,-34
-6,5,55,-29
-6,5,56,-25
-6,5,57,-20
-6,5,58,-15
-6,5,59,-10
-6,5,60,-5
-6,5,61,0
-6,5,62,5
-6,5,63,-65
-6,5,64,-60
-6,5,65,-55
-6,5,66,-50
-6,5,67,-45
-6,5,68,-40
-6,5,69,-35
-6,5,70,-31
-6,5,71,-26
-6,5,72,-21
-6,5,73,-16
-6,5,74,-11
-6,5,75,-6
-6,5,76,-1
-6,5,77,-71
-6,5,78,-66
-6,5,79,-61
-6,5,80,-56
-6,5,81,-51
-6,5,82,-46
-6,5,83,-41
-6,5,84,-37
-6,5,85,-32
-6,5,86,-27
-6,5,87,-22
-6,5,88,-17
-6,5,89,-12
-6,5,90,-7
-6,5,91,-77
-6,5,92,-72
-6,5,93,-67
-6,5,94,-62
-6,5,95,-57
-6,5,96,-52
-6,5,97,-47
-6,5,98,-43
-6,5,99,-38
-6,5,100,-33
-6,5,101,-28
-6,5,102,-23
-6,5,103,-18
-6,5,104,-13
-6,5,105,-83
-6,5,106,-78
-6,5,107,-73
-6,5,108,-68
-6,5,109,-63
-6,5,110,-58
-6,5,111,-53
-6,6,0,0
-6,6,1,6
-6,6,2,12
-6,6,3,18
-6,6,4,24
-6,6,5,30
-6,6,6,36
-6,6,7,-48
-6,6,8,-42
-6,6,9,-36
-6,6,10,-30
-6,6,11,-24
-6,6,12,-18
-6,6,13,-12
-6,6,14,-6
-6,6,15,0
-6,6,16,6
-6,6,17,12
-6,6,18,18
-6,6,19,24
-6,6,20,30
-6,6,21,-54
-6,6,22,-48
-6,6,23,-42
-6,6,24,-36
-6,6,25,-30
-6,6,26,-24
-6,6,27,-18
-6,6,28,-12
-6,6,29,-6
-6,6,30,0
-6,6,31,6
-6,6,32,12
-6,6,33,18
-6,6,34,24
-6,6,35,-60
-6,6,36,-54
-6,6,37,-48
-6,6,38,-42
-6,6,39,-36
-6,6,40,-30
-6,6,41,-24
-6,6,42,-18
-6,6,43,-12
-6,6,44,-6
-6,6,45,0
-6,6,46,6
-6,6,47,12
-6,6,48,18
-6,6,49,-66
-6,6,50,-60
-6,6,51,-54
-6,6,52,-48
-6,6,53,-42
-6,6,54,-36
-6,6,55,-30
-6,6,56,-24
-6,6,57,-18
-6,6,58,-12
-6,6,59,-6
-6,6,60,0
-6,6,61,6
-6,6,62,12
-6,6,63,-72
-6,6,64,-66
-6,6,65,-60
-6,6,66,-54
-6,6,67,-48
-6,6,68,-42
-6,6,69,-36
-6,6,70,-30
-6,6,71,-24
-6,6,72,-18
-6,6,73,-12
-6,6,74,-6
-6,6,75,0
-6,6,76,6
-6,6,77,-78
-6,6,78,-72
-6,6,79,-66
-6,6,80,-60
-6,6,81,-54
-6,6,82,-48
-6,6,83,-42
-6,6,84,-36
-6,6,85,-30
-6,6,86,-24
-6,6,87,-18
-6,6,88,-12
-6,6,89,-6
-6,6,90,0
-6,6,91,-84
-6,6,92,-78
-6,6,93,-72
-6,6,94,-66
-6,6,95,-60
-6,6,96,-54
-6,6,97,-48
-6,6,98,-42
-6,6,99,-36
-6,6,100,-30
-6,6,101,-24
-6,6,102,-18
-6,6,103,-12
-6,6,104,-6
-6,6,105,-90
-6,6,106,-84
-6,6,107,-78
-6,6,108,-72
-6,6,109,-66
-6,6,110,-60
-6,6,111,-54
-6,7,0,1
-6,7,1,8
-6,7,2,15
-6,7,3,22
-6,7,4,29
-6,7,5,36
-6,7,6,43
-6,7,7,-55
-6,7,8,-48
-6,7,9,-41
-6,7,10,-34
-6,7,11,-27
-6,7,12,-20
-6,7,13,-13
-6,7,14,-5
-6,7,15,2
-6,7,16,9
-6,7,17,16
-6,7,18,23
-6,7,19,30
-6,7,20,37
-6,7,21,-61
-6,7,22,-54
-6,7,23,-47
-6,7,24,-40
-6,7,25,-33
-6,7,26,-26
-6,7,27,-19
-6,7,28,-11
-6,7,29,-4
-6,7,30,3
-6,7,31,10
-6,7,32,17
-6,7,33,24
-6,7,34,31
-6,7,35,-67
-6,7,36,-60
-6,7,37,-53
-6,7,38,-46
-6,7,39,-39
-6,7,40,-32
-6,7,41,-25
-6,7,42,-17
-6,7,43,-10
-6,7,44,-3
-6,7,45,4
-6,7,46,11
-6,7,47,18
-6,7,48,25
-6,7,49,-73
-6,7,50,-66
-6,7,51,-59
-6,7,52,-52
-6,7,53,-45
-6,7,54,-38
-6,7,55,-31
-6,7,56,-23
-6,7,57,-16
-6,7,58,-9
-6,7,59,-2
-6,7,60,5
-6,7,61,12
-6,7,62,19
-6,7,63,-79
-6,7,64,-72
-6,7,65,-65
-6,7,66,-58
-6,7,67,-51
-6,7,68,-44
-6,7,69,-37
-6,7,70,-29
-6,7,71,-22
-6,7,72,-15
-6,7,73,-8
-6,7,74,-1
-6,7,75,6
-6,7,76,13
-6,7,77,-85
-6,7,78,-78
-6,7,79,-71
-6,7,80,-64
-6,7,81,-57
-6,7,82,-50
-6,7,83,-43
-6,7,84,-35
-6,7,85,-28
-6,7,86,-21
-6,7,87,-14
-6,7,88,-7
-6,7,89,0
-6,7,90,7
-6,7,91,-91
-6,7,92,-84
-6,7,93,-77
-6,7,94,-70
-6,7,95,-63
-6,7,96,-56
-6,7,97,-49
-6,7,98,-41
-6,7,99,-34
-6,7,100,-27
-6,7,101,-20
-6,7,102,-13
-6,7,103,-6
-6,7,104,1
-6,7,105,-97
-6,7,106,-90
-6,7,107,-83
-6,7,108,-76
-6,7,109,-69
-6,7,110,-62
-6,7,111,-55
-5,-8,0,-13
-5,-8,1,-21
-5,-8,2,-29
-5,-8,3,-37
-5,-8,4,-45
-5,-8,5,-53
-5,-8,6,-61
-5,-8,7,51
-5,-8,8,43
-5,-8,9,35
-5,-8,10,27
-5,-8,11,19
-5,-8,12,11
-5,-8,13,3
-5,-8,14,-18
-5,-8,15,-26
-5,-8,16,-34
-5,-8,17,-42
-5,-8,18,-50
-5,-8,19,-58
-5,-8,20,-66
-5,-8,21,46
-5,-8,22,38
-5,-8,23,30
-5,-8,24,22
-5,-8,25,14
-5,-8,26,6
-5,-8,27,-2
-5,-8,28,-23
-5,-8,29,-31
-5,-8,30,-39
-5,-8,31,-47
-5,-8,32,-55
-5,-8,33,-63
-5,-8,34,-71
-5,-8,35,41
-5,-8,36,33
-5,-8,37,25
-5,-8,38,17
-5,-8,39,9
-5,-8,40,1
-5,-8,41,-7
-5,-8,42,-28
-5,-8,43,-36
-5,-8,44,-44
-5,-8,45,-52
-5,-8,46,-60
-5,-8,47,-68
-5,-8,48,-76
-5,-8,49,36
-5,-8,50,28
-5,-8,51,20
-5,-8,52,12
-5,-8,53,4
-5,-8,54,-4
-5,-8,55,-12
-5,-8,56,-33
-5,-8,57,-41
-5,-8,58,-49
-5,-8,59,-57
-5,-8,60,-65
-5,-8,61,-73
-5,-8,62,-81
-5,-8,63,31
-5,-8,64,23
-5,-8,65,15
-5,-8,66,7
-5,-8,67,-1
-5,-8,68,-9
-5,-8,69,-17
-5,-8,70,-38
-5,-8,71,-46
-5,-8,72,-54
-5,-8,73,-62
-5,-8,74,-70
-5,-8,75,-78
-5,-8,76,-86
-5,-8,77,26
-5,-8,78,18
-5,-8,79,10
-5,-8,80,2
-5,-8,81,-6
-5,-8,82,-14
-5,-8,83,-22
-5,-8,84,-43
-5,-8,85,-51
-5,-8,86,-59
-5,-8,87,-67
-5,-8,88,-75
-5,-8,89,-83
-5,-8,90,-91
-5,-8,91,21
-5,-8,92,13
-5,-8,93,5
-5,-8,94,-3
-5,-8,95,-11
-5,-8,96,-19
-5,-8,97,-27
-5,-8,98,-48
-5,-8,99,-56
-5,-8,100,-64
-5,-8,101,-72
-5,-8,102,-80
-5,-8,103,-88
-5,-8,104,-96
-5,-8,105,16
-5,-8,106,8
-5,-8,107,0
-5,-8,108,-8
-5,-8,109,-16
-5,-8,110,-24
-5,-8,111,-32
-5,-7,0,-12
-5,-7,1,-19
-5,-7,2,-26
-5,-7,3,-33
-5,-7,4,-40
-5,-7,5,-47
-5,-7,6,-54
-5,-7,7,44
-5,-7,8,37
-5,-7,9,30
-5,-7,10,23
-5,-7,11,16
-5,-7,12,9
-5,-7,13,2
-5,-7,14,-17
-5,-7,15,-24
-5,-7,16,-31
-5,-7,17,-38
-5,-7,18,-45
-5,-7,19,-52
-5,-7,20,-59
-5,-7,21,39
-5,-7,22,32
-5,-7,23,25
-5,-7,24,18
-5,-7,25,11
-5,-7,26,4
-5,-7,27,-3
-5,-7,28,-22
-5,-7,29,-29
-5,-7,30,-36
-5,-7,31,-43
-5,-7,32,-50
-5,-7,33,-57
-5,-7,34,-64
-5,-7,35,34
-5,-7,36,27
-5,-7,37,20
-5,-7,38,13
-5,-7,39,6
-5,-7,40,-1
-5,-7,41,-8
-5,-7,42,-27
-5,-7,43,-34
-5,-7,44,-41
-5,-7,45,-48
-5,-7,46,-55
-5,-7,47,-62
-5,-7,48,-69
-5,-7,49,29
-5,-7,50,22
-5,-7,51,15
-5,-7,52,8
-5,-7,53,1
-5,-7,54,-6
-5,-7,55,-13
-5,-7,56,-32
-5,-7,57,-39
-5,-7,58,-46
-5,-7,59,-53
-5,-7,60,-60
-5,-7,61,-67
-5,-7,62,-74
-5,-7,63,24
-5,-7,64,17
-5,-7,65,10
-5,-7,66,3
-5,-7,67,-4
-5,-7,68,-11
-5,-7,69,-18
-5,-7,70,-37
-5,-7,71,-44
-5,-7,72,-51
-5,-7,73,-58
-5,-7,74,-65
-5,-7,75,-72
-5,-7,76,-79
-5,-7,77,19
-5,-7,78,12
-5,-7,79,5
-5,-7,80,-2
-5,-7,81,-9
-5,-7,82,-16
-5,-7,83,-23
-5,-7,84,-42
-5,-7,85,-49
-5,-7,86,-56
-5,-7,87,-63
-5,-7,88,-70
-5,-7,89,-77
-5,-7,90,-84
-5,-7,91,14
-5,-7,92,7
-5,-7,93,0
-5,-7,94,-7
-5,-7,95,-14
-5,-7,96,-21
-5,-7,97,-28
-5,-7,98,-47
-5,-7,99,-54
-5,-7,100,-61
-5,-7,101,-68
-5,-7,102,-75
-5,-7,103,-82
-5,-7,104,-89
-5,-7,105,9
-5,-7,106,2
-5,-7,107,-5
-5,-7,108,-12
-5,-7,109,-19
-5,-7,110,-26
-5,-7,111,-33
-5,-6,0,-11
-5,-6,1,-17
-5,-6,2,-23
-5,-6,3,-29
-5,-6,4,-35
-5,-6,5,-41
-5,-6,6,-47
-5,-6,7,37
-5,-6,8,31
-5,-6,9,25
-5,-6,10,19
-5,-6,11,13
-5,-6,12,7
-5,-6,13,1
-5,-6,14,-16
-5,-6,15,-22
-5,-6,16,-28
-5,-6,17,-34
-5,-6,18,-40
-5,-6,19,-46
-5,-6,20,-52
-5,-6,21,32
-5,-6,22,26
-5,-6,23,20
-5,-6,24,14
-5,-6,25,8
-5,-6,26,2
-5,-6,27,-4
-5,-6,28,-21
-5,-6,29,-27
-5,-6,30,-33
-5,-6,31,-39
-5,-6,32,-45
-5,-6,33,-51
-5,-6,34,-57
-5,-6,35,27
-5,-6,36,21
-5,-6,37,15
-5,-6,38,9
-5,-6,39,3
-5,-6,40,-3
-5,-6,41,-9
-5,-6,42,-26
-5,-6,43,-32
-5,-6,44,-38
-5,-6,45,-44
-5,-6,46,-50
-5,-6,47,-56
-5,-6,48,-62
-5,-6,49,22
-5,-6,50,16
-5,-6,51,10
-5,-6,52,4
-5,-6,53,-2
-5,-6,54,-8
-5,-6,55,-14
-5,-6,56,-31
-5,-6,57,-37
-5,-6,58,-43
-5,-6,59,-49
-5,-6,60,-55
-5,-6,61,-61
-5,-6,62,-67
-5,-6,63,17
-5,-6,64,11
-5,-6,65,5
-5,-6,66,-1
-5,-6,67,-7
-5,-6,68,-13
-5,-6,69,-19
-5,-6,70,-36
-5,-6,71,-42
-5,-6,72,-48
-5,-6,73,-54
-5,-6,74,-60
-5,-6,75,-66
-5,-6,76,-72
-5,-6,77,12
-5,-6,78,6
-5,-6,79,0
-5,-6,80,-6
-5,-6,81,-12
-5,-6,82,-18
-5,-6,83,-24
-5,-6,84,-41
-5,-6,85,-47
-5,-6,86,-53
-5,-6,87,-59
-5,-6,88,-65
-5,-6,89,-71
-5,-6,90,-77
-5,-6,91,7
-5,-6,92,1
-5,-6,93,-5
-5,-6,94,-11
-5,-6,95,-17
-5,-6,96,-23
-5,-6,97,-29
-5,-6,98,-46
-5,-6,99,-52
-5,-6,100,-58
-5,-6,101,-64
-5,-6,102,-70
-5,-6,103,-76
-5,-6,104,-82
-5,-6,105,2
-5,-6,106,-4
-5,-6,107,-10
-5,-6,108,-16
-5,-6,109,-22
-5,-6,110,-28
-5,-6,111,-34
-5,-5,0,-10
-5,-5,1,-15
-5,-5,2,-20
-5,-5,3,-25
-5,-5,4,-30
-5,-5,5,-35
-5,-5,6,-40
-5,-5,7,30
-5,-5,8,25
-5,-5,9,20
-5,-5,10,15
-5,-5,11,10
-5,-5,12,5
-5,-5,13,0
-5,-5,14,-15
-5,-5,15,-20
-5,-5,16,-25
-5,-5,17,-30
-5,-5,18,-35
-5,-5,19,-40
-5,-5,20,-45
-5,-5,21,25
-5,-5,22,20
-5,-5,23,15
-5,-5,24,10
-5,-5,25,5
-5,-5,26,0
-5,-5,27,-5
-5,-5,28,-20
-5,-5,29,-25
-5,-5,30,-30
-5,-5,31,-35
-5,-5,32,-40
-5,-5,33,-45
-5,-5,34,-50
-5,-5,35,20
-5,-5,36,15
-5,-5,37,10
-5,-5,38,5
-5,-5,39,0
-5,-5,40,-5
-5,-5,41,-10
-5,-5,42,-25
-5,-5,43,-30
-5,-5,44,-35
-5,-5,45,-40
-5,-5,46,-45
-5,-5,47,-50
-5,-5,48,-55
-5,-5,49,15
-5,-5,50,10
-5,-5,51,5
-5,-5,52,0
-5,-5,53,-5
-5,-5,54,-10
-5,-5,55,-15
-5,-5,56,-30
-5,-5,57,-35
-5,-5,58,-40
-5,-5,59,-45
-5,-5,60,-50
-5,-5,61,-55
-5,-5,62,-60
-5,-5,63,10
-5,-5,64,5
-5,-5,65,0
-5,-5,66,-5
-5,-5,67,-10
-5,-5,68,-15
-5,-5,69,-20
-5,-5,70,-35
-5,-5,71,-40
-5,-5,72,-45
-5,-5,73,-50
-5,-5,74,-55
-5,-5,75,-60
-5,-5,76,-65
-5,-5,77,5
-5,-5,78,0
-5,-5,79,-5
-5,-5,80,-10
-5,-5,81,-15
-5,-5,82,-20
-5,-5,83,-25
-5,-5,84,-40
-5,-5,85,-45
-5,-5,86,-50
-5,-5,87,-55
-5,-5,88,-60
-5,-5,89,-65
-5,-5,90,-70
-5,-5,91,0
-5,-5,92,-5
-5,-5,93,-10
-5,-5,94,-15
-5,-5,95,-20
-5,-5,96,-25
-5,-5,97,-30
-5,-5,98,-45
-5,-5,99,-50
-5,-5,100,-55
-5,-5,101,-60
-5,-5,102,-65
-5,-5,103,-70
-5,-5,104,-75
-5,-5,105,-5
-5,-5,106,-10
-5,-5,107,-15
-5,-5,108,-20
-5,-5,109,-25
-5,-5,110,-30
-5,-5,111,-35
-5,-4,0,-9
-5,-4,1,-13
-5,-4,2,-17
-5,-4,3,-21
-5,-4,4,-25
-5,-4,5,-29
-5,-4,6,-33
-5,-4,7,23
-5,-4,8,19
-5,-4,9,15
-5,-4,10,11
-5,-4,11,7
-5,-4,12,3
-5,-4,13,-1
-5,-4,14,-14
-5,-4,15,-18
-5,-4,16,-22
-5,-4,17,-26
-5,-4,18,-30
-5,-4,19,-34
-5,-4,20,-38
-5,-4,21,18
-5,-4,22,14
-5,-4,23,10
-5,-4,24,6
-5,-4,25,2
-5,-4,26,-2
-5,-4,27,-6
-5,-4,28,-19
-5,-4,29,-23
-5,-4,30,-27
-5,-4,31,-31
-5,-4,32,-35
-5,-4,33,-39
-5,-4,34,-43
-5,-4,35,13
-5,-4,36,9
-5,-4,37,5
-5,-4,38,1
-5,-4,39,-3
-5,-4,40,-7
-5,-4,41,-11
-5,-4,42,-24
-5,-4,43,-28
-5,-4,44,-32
-5,-4,45,-36
-5,-4,46,-40
-5,-4,47,-44
-5,-4,48,-48
-5,-4,49,8
-5,-4,50,4
-5,-4,51,0
-5,-4,52,-4
-5,-4,53,-8
-5,-4,54,-12
-5,-4,55,-16
-5,-4,56,-29
-5,-4,57,-33
-5,-4,58,-37
-5,-4,59,-41
-5,-4,60,-45
-5,-4,61,-49
-5,-4,62,-53
-5,-4,63,3
-5,-4,64,-1
-5,-4,65,-5
-5,-4,66,-9
-5,-4,67,-13
-5,-4,68,-17
-5,-4,69,-21
-5,-4,70,-34
-5,-4,71,-38
-5,-4,72,-42
-5,-4,73,-46
-5,-4,74,-50
-5,-4,75,-54
-5,-4,76,-58
-5,-4,77,-2
-5,-4,78,-6
-5,-4,79,-10
-5,-4,80,-14
-5,-4,81,-18
-5,-4,82,-22
-5,-4,83,-26
-5,-4,84,-39
-5,-4,85,-43
-5,-4,86,-47
-5,-4,87,-51
-5,-4,88,-55
-5,-4,89,-59
-5,-4,90,-63
-5,-4,91,-7
-5,-4,92,-11
-5,-4,93,-15
-5,-4,94,-19
-5,-4,95,-23
-5,-4,96,-27
-5,-4,97,-31
-5,-4,98,-44
-5,-4,99,-48
-5,-4,100,-52
-5,-4,101,-56
-5,-4,102,-60
-5,-4,103,-64
-5,-4,104,-68
-5,-4,105,-12
-5,-4,106,-16
-5,-4,107,-20
-5,-4,108,-24
-5,-4,109,-28
-5,-4,110,-32
-5,-4,111,-36
-5,-3,0,-8
-5,-3,1,-11
-5,-3,2,-14
-5,-3,3,-17
-5,-3,4,-20
-5,-3,5,-23
-5,-3,6,-26
-5,-3,7,16
-5,-3,8,13
-5,-3,9,10
-5,-3,10,7
-5,-3,11,4
-5,-3,12,1
-5,-3,13,-2
-5,-3,14,-13
-5,-3,15,-16
-5,-3,16,-19
-5,-3,17,-22
-5,-3,18,-25
-5,-3,19,-28
-5,-3,20,-31
-5,-3,21,11
-5,-3,22,8
-5,-3,23,5
-5,-3,24,2
-5,-3,25,-1
-5,-3,26,-4
-5,-3,27,-7
-5,-3,28,-18
-5,-3,29,-21
-5,-3,30,-24
-5,-3,31,-27
-5,-3,32,-30
-5,-3,33,-33
-5,-3,34,-36
-5,-3,35,6
-5,-3,36,3
-5,-3,37,0
-5,-3,38,-3
-5,-3,39,-6
-5,-3,40,-9
-5,-3,41,-12
-5,-3,42,-23
-5,-3,43,-26
-5,-3,44,-29
-5,-3,45,-32
-5,-3,46,-35
-5,-3,47,-38
-5,-3,48,-41
-5,-3,49,1
-5,-3,50,-2
-5,-3,51,-5
-5,-3,52,-8
-5,-3,53,-11
-5,-3,54,-14
-5,-3,55,-17
-5,-3,56,-28
-5,-3,57,-31
-5,-3,58,-34
-5,-3,59,-37
-5,-3,60,-40
-5,-3,61,-43
-5,-3,62,-46
-5,-3,63,-4
-5,-3,64,-7
-5,-3,65,-10
-5,-3,66,-13
-5,-3,67,-16
-5,-3,68,-19
-5,-3,69,-22
-5,-3,70,-33
-5,-3,71,-36
-5,-3,72,-39
-5,-3,73,-42
-5,-3,74,-45
-5,-3,75,-48
-5,-3,76,-51
-5,-3,77,-9
-5,-3,78,-12
-5,-3,79,-15
-5,-3,80,-18
-5,-3,81,-21
-5,-3,82,-24
-5,-3,83,-27
-5,-3,84,-38
-5,-3,85,-41
-5,-3,86,-44
-5,-3,87,-47
-5,-3,88,-50
-5,-3,89,-53
-5,-3,90,-56
-5,-3,91,-14
-5,-3,92,-17
-5,-3,93,-20
-5,-3,94,-23
-5,-3,95,-26
-5,-3,96,-29
-5,-3,97,-32
-5,-3,98,-43
-5,-3,99,-46
-5,-3,100,-49
-5,-3,101,-52
-5,-3,102,-55
-5,-3,103,-58
-5,-3,104,-61
-5,-3,105,-19
-5,-3,106,-22
-5,-3,107,-25
-5,-3,108,-28
-5,-3,109,-31
-5,-3,110,-34
-5,-3,111,-37
-5,-2,0,-7
-5,-2,1,-9
-5,-2,2,-11
-5,-2,3,-13
-5,-2,4,-15
-5,-2,5,-17
-5,-2,6,-19
-5,-2,7,9
-5,-2,8,7
-5,-2,9,5
-5,-2,10,3
-5,-2,11,1
-5,-2,12,-1
-5,-2,13,-3
-5,-2,14,-12
-5,-2,15,-14
-5,-2,16,-16
-5,-2,17,-18
-5,-2,18,-20
-5,-2,19,-22
-5,-2,20,-24
-5,-2,21,4
-5,-2,22,2
-5,-2,23,0
-5,-2,24,-2
-5,-2,25,-4
-5,-2,26,-6
-5,-2,27,-8
-5,-2,28,-17
-5,-2,29,-19
-5,-2,30,-21
-5,-2,31,-23
-5,-2,32,-25
-5,-2,33,-27
-5,-2,34,-29
-5,-2,35,-1
-5,-2,36,-3
-5,-2,37,-5
-5,-2,38,-7
-5,-2,39,-9
-5,-2,40,-11
-5,-2,41,-13
-5,-2,42,-22
-5,-2,43,-24
-5,-2,44,-26
-5,-2,45,-28
-5,-2,46,-30
-5,-2,47,-32
-5,-2,48,-34
-5,-2,49,-6
-5,-2,50,-8
-5,-2,51,-10
-5,-2,52,-12
-5,-2,53,-14
-5,-2,54,-16
-5,-2,55,-18
-5,-2,56,-27
-5,-2,57,-29
-5,-2,58,-31
-5,-2,59,-33
-5,-2,60,-35
-5,-2,61,-37
-5,-2,62,-39
-5,-2,63,-11
-5,-2,64,-13
-5,-2,65,-15
-5,-2,66,-17
-5,-2,67,-19
-5,-2,68,-21
-5,-2,69,-23
-5,-2,70,-32
-5,-2,71,-34
-5,-2,72,-36
-5,-2,73,-38
-5,-2,74,-40
-5,-2,75,-42
-5,-2,76,-44
-5,-2,77,-16
-5,-2,78,-18
-5,-2,79,-20
-5,-2,80,-22
-5,-2,81,-24
-5,-2,82,-26
-5,-2,83,-28
-5,-2,84,-37
-5,-2,85,-39
-5,-2,86,-41
-5,-2,87,-43
-5,-2,88,-45
-5,-2,89,-47
-5,-2,90,-49
-5,-2,91,-21
-5,-2,92,-23
-5,-2,93,-25
-5,-2,94,-27
-5,-2,95,-29
-5,-2,96,-31
-5,-2,97,-33
-5,-2,98,-42
-5,-2,99,-44
-5,-2,100,-46
-5,-2,101,-48
-5,-2,102,-50
-5,-2,103,-52
-5,-2,104,-54
-5,-2,105,-26
-5,-2,106,-28
-5,-2,107,-30
-5,-2,108,-32
-5,-2,109,-34
-5,-2,110,-36
-5,-2,111,-38
-5,-1,0,-6
-5,-1,1,-7
-5,-1,2,-8
-5,-1,3,-9
-5,-1,4,-10
-5,-1,5,-11
-5,-1,6,-12
-5,-1,7,2
-5,-1,8,1
-5,-1,9,0
-5,-1,10,-1
-5,-1,11,-2
-5,-1,12,-3
-5,-1,13,-4
-5,-1,14,-11
-5,-1,15,-12
-5,-1,16,-13
-5,-1,17,-14
-5,-1,18,-15
-5,-1,19,-16
-5,-1,20,-17
-5,-1,21,-3
-5,-1,22,-4
-5,-1,23,-5
-5,-1,24,-6
-5,-1,25,-7
-5,-1,26,-8
-5,-1,27,-9
-5,-1,28,-16
-5,-1,29,-17
-5,-1,30,-18
-5,-1,31,-19
-5,-1,32,-20
-5,-1,33,-21
-5,-1,34,-22
-5,-1,35,-8
-5,-1,36,-9
-5,-1,37,-10
-5,-1,38,-11
-5,-1,39,-12
-5,-1,40,-13
-5,-1,41,-14
-5,-1,42,-21
-5,-1,43,-22
-5,-1,44,-23
-5,-1,45,-24
-5,-1,46,-25
-5,-1,47,-26
-5,-1,48,-27
-5,-1,49,-13
-5,-1,50,-14
-5,-1,51,-15
-5,-1,52,-16
-5,-1,53,-17
-5,-1,54,-18
-5,-1,55,-19
-5,-1,56,-26
-5,-1,57,-27
-5,-1,58,-28
-5,-1,59,-29
-5,-1,60,-30
-5,-1,61,-31
-5,-1,62,-32
-5,-1,63,-18
-5,-1,64,-19
-5,-1,65,-20
-5,-1,66,-21
-5,-1,67,-22
-5,-1,68,-23
-5,-1,69,-24
-5,-1,70,-31
-5,-1,71,-32
-5,-1,72,-33
-5,-1,73,-34
-5,-1,74,-35
-5,-1,75,-36
-5,-1,76,-37
-5,-1,77,-23
-5,-1,78,-24
-5,-1,79,-25
-5,-1,80,-26
-5,-1,81,-27
-5,-1,82,-28
-5,-1,83,-29
-5,-1,84,-36
-5,-1,85,-37
-5,-1,86,-38
-5,-1,87,-39
-5,-1,88,-40
-5,-1,89,-41
-5,-1,90,-42
-5,-1,91,-28
-5,-1,92,-29
-5,-1,93,-30
-5,-1,94,-31
-5,-1,95,-32
-5,-1,96,-33
-5,-1,97,-34
-5,-1,98,-41
-5,-1,99,-42
-5,-1,100,-43
-5,-1,101,-44
-5,-1,102,-45
-5,-1,103,-46
-5,-1,104,-47
-5,-1,105,-33
-5,-1,106,-34
-5,-1,107,-35
-5,-1,108,-36
-5,-1,109,-37
-5,-1,110,-38
-5,-1,111,-39
-5,0,0,-5
-5,0,1,-5
-5,0,2,-5
-5,0,3,-5
-5,0,4,-5
-5,0,5,-5
-5,0,6,-5
-5,0,7,-5
-5,0,8,-5
-5,0,9,-5
-5,0,10,-5
-5,0,11,-5
-5,0,12,-5
-5,0,13,-5
-5,0,14,-10
-5,0,15,-10
-5,0,16,-10
-5,0,17,-10
-5,0,18,-10
-5,0,19,-10
-5,0,20,-10
-5,0,21,-10
-5,0,22,-10
-5,0,23,-10
-5,0,24,-10
-5,0,25,-10
-5,0,26,-10
-5,0,27,-10
-5,0,28,-15
-5,0,29,-15
-5,0,30,-15
-5,0,31,-15
-5,0,32,-15
-5,0,33,-15
-5,0,34,-15
-5,0,35,-15
-5,0,36,-15
-5,0,37,-15
-5,0,38,-15
-5,0,39,-15
-5,0,40,-15
-5,0,41,-15
-5,0,42,-20
-5,0,43,-20
-5,0,44,-20
-5,0,45,-20
-5,0,46,-20
-5,0,47,-20
-5,0,48,-20
-5,0,49,-20
-5,0,50,-20
-5,0,51,-20
-5,0,52,-20
-5,0,53,-20
-5,0,54,-20
-5,0,55,-20
-5,0,56,-25
-5,0,57,-25
-5,0,58,-25
-5,0,59,-25
-5,0,60,-25
-5,0,61,-25
-5,0,62,-25
-5,0,63,-25
-5,0,64,-25
-5,0,65,-25
-5,0,66,-25
-5,0,67,-25
-5,0,68,-25
-5,0,69,-25
-5,0,70,-30
-5,0,71,-30
-5,0,72,-30
-5,0,73,-30
-5,0,74,-30
-5,0,75,-30
-5,0,76,-30
-5,0,77,-30
-5,0,78,-30
-5,0,79,-30
-5,0,80,-30
-5,0,81,-30
-5,0,82,-30
-5,0,83,-30
-5,0,84,-35
-5,0,85,-35
-5,0,86,-35
-5,0,87,-35
-5,0,88,-35
-5,0,89,-35
-5,0,90,-35
-5,0,91,-35
-5,0,92,-35
-5,0,93,-35
-5,0,94,-35
-5,0,95,-35
-5,0,96,-35
-5,0,97,-35
-5,0,98,-40
-5,0,99,-40
-5,0,100,-40
-5,0,101,-40
-5,0,102,-40
-5,0,103,-40
-5,0,104,-40
-5,0,105,-40
-5,0,106,-40
-5,0,107,-40
-5,0,108,-40
-5,0,109,-40
-5,0,110,-40
-5,0,111,-40
-5,1,0,-4
-5,1,1,-3
-5,1,2,-2
-5,1,3,-1
-5,1,4,0
-5,1,5,1
-5,1,6,2
-5,1,7,-12
-5,1,8,-11
-5,1,9,-10
-5,1,10,-9
-5,1,11,-8
-5,1,12,-7
-5,1,13,-6
-5,1,14,-9
-5,1,15,-8
-5,1,16,-7
-5,1,17,-6
-5,1,18,-5
-5,1,19,-4
-5,1,20,-3
-5,1,21,-17
-5,1,22,-16
-5,1,23,-15
-5,1,24,-14
-5,1,25,-13
-5,1,26,-12
-5,1,27,-11
-5,1,28,-14
-5,1,29,-13
-5,1,30,-12
-5,1,31,-11
-5,1,32,-10
-5,1,33,-9
-5,1,34,-8
-5,1,35,-22
-5,1,36,-21
-5,1,37,-20
-5,1,38,-19
-5,1,39,-18
-5,1,40,-17
-5,1,41,-16
-5,1,42,-19
-5,1,43,-18
-5,1,44,-17
-5,1,45,-16
-5,1,46,-15
-5,1,47,-14
-5,1,48,-13
-5,1,49,-27
-5,1,50,-26
-5,1,51,-25
-5,1,52,-24
-5,1,53,-23
-5,1,54,-22
-5,1,55,-21
-5,1,56,-24
-5,1,57,-23
-5,1,58,-22
-5,1,59,-21
-5,1,60,-20
-5,1,61,-19
-5,1,62,-18
-5,1,63,-32
-5,1,64,-31
-5,1,65,-30
-5,1,66,-29
-5,1,67,-28
-5,1,68,-27
-5,1,69,-26
-5,1,70,-29
-5,1,71,-28
-5,1,72,-27
-5,1,73,-26
-5,1,74,-25
-5,1,75,-24
-5,1,76,-23
-5,1,77,-37
-5,1,78,-36
-5,1,79,-35
-5,1,80,-34
-5,1,81,-33
-5,1,82,-32
-5,1,83,-31
-5,1,84,-34
-5,1,85,-33
-5,1,86,-32
-5,1,87,-31
-5,1,88,-30
-5,1,89,-29
-5,1,90,-28
-5,1,91,-42
-5,1,92,-41
-5,1,93,-40
-5,1,94,-39
-5,1,95,-38
-5,1,96,-37
-5,1,97,-36
-5,1,98,-39
-5,1,99,-38
-5,1,100,-37
-5,1,101,-36
-5,1,102,-35
-5,1,103,-34
-5,1,104,-33
-5,1,105,-47
-5,1,106,-46
-5,1,107,-45
-5,1,108,-44
-5,1,109,-43
-5,1,110,-42
-5,1,111,-41
-5,2,0,-3
-5,2,1,-1
-5,2,2,1
-5,2,3,3
-5,2,4,5
-5,2,5,7
-5,2,6,9
-5,2,7,-19
-5,2,8,-17
-5,2,9,-15
-5,2,10,-13
-5,2,11,-11
-5,2,12,-9
-5,2,13,-7
-5,2,14,-8
-5,2,15,-6
-5,2,16,-4
-5,2,17,-2
-5,2,18,0
-5,2,19,2
-5,2,20,4
-5,2,21,-24
-5,2,22,-22
-5,2,23,-20
-5,2,24,-18
-5,2,25,-16
-5,2,26,-14
-5,2,27,-12
-5,2,28,-13
-5,2,29,-11
-5,2,30,-9
-5,2,31,-7
-5,2,32,-5
-5,2,33,-3
-5,2,34,-1
-5,2,35,-29
-5,2,36,-27
-5,2,37,-25
-5,2,38,-23
-5,2,39,-21
-5,2,40,-19
-5,2,41,-17
-5,2,42,-18
-5,2,43,-16
-5,2,44,-14
-5,2,45,-12
-5,2,46,-10
-5,2,47,-8
-5,2,48,-6
-5,2,49,-34
-5,2,50,-32
-5,2,51,-30
-5,2,52,-28
-5,2,53,-26
-5,2,54,-24
-5,2,55,-22
-5,2,56,-23
-5,2,57,-21
-5,2,58,-19
-5,2,59,-17
-5,2,60,-15
-5,2,61,-13
-5,2,62,-11
-5,2,63,-39
-5,2,64,-37
-5,2,65,-35
-5,2,66,-33
-5,2,67,-31
-5,2,68,-29
-5,2,69,-27
-5,2,70,-28
-5,2,71,-26
-5,2,72,-24
-5,2,73,-22
-5,2,74,-20
-5,2,75,-18
-5,2,76,-16
-5,2,77,-44
-5,2,78,-42
-5,2,79,-40
-5,2,80,-38
-5,2,81,-36
-5,2,82,-34
-5,2,83,-32
-5,2,84,-33
-5,2,85,-31
-5,2,86,-29
-5,2,87,-27
-5,2,88,-25
-5,2,89,-23
-5,2,90,-21
-5,2,91,-49
-5,2,92,-47
-5,2,93,-45
-5,2,94,-43
-5,2,95,-41
-5,2,96,-39
-5,2,97,-37
-5,2,98,-38
-5,2,99,-36
-5,2,100,-34
-5,2,101,-32
-5,2,102,-30
-5,2,103,-28
-5,2,104,-26
-5,2,105,-54
-5,2,106,-52
-5,2,107,-50
-5,2,108,-48
-5,2,109,-46
-5,2,110,-44
-5,2,111,-42
-5,3,0,-2
-5,3,1,1
-5,3,2,4
-5,3,3,7
-5,3,4,10
-5,3,5,13
-5,3,6,16
-5,3,7,-26
-5,3,8,-23
-5,3,9,-20
-5,3,10,-17
-5,3,11,-14
-5,3,12,-11
-5,3,13,-8
-5,3,14,-7
-5,3,15,-4
-5,3,16,-1
-5,3,17,2
-5,3,18,5
-5,3,19,8
-5,3,20,11
-5,3,21,-31
-5,3,22,-28
-5,3,23,-25
-5,3,24,-22
-5,3,25,-19
-5,3,26,-16
-5,3,27,-13
-5,3,28,-12
-5,3,29,-9
-5,3,30,-6
-5,3,31,-3
-5,3,32,0
-5,3,33,3
-5,3,34,6
-5,3,35,-36
-5,3,36,-33
-5,3,37,-30
-5,3,38,-27
-5,3,39,-24
-5,3,40,-21
-5,3,41,-18
-5,3,42,-17
-5,3,43,-14
-5,3,44,-11
-5,3,45,-8
-5,3,46,-5
-5,3,47,-2
-5,3,48,1
-5,3,49,-41
-5,3,50,-38
-5,3,51,-35
-5,3,52,-32
-5,3,53,-29
-5,3,54,-26
-5,3,55,-23
-5,3,56,-22
-5,3,57,-19
-5,3,58,-16
-5,3,59,-13
-5,3,60,-10
-5,3,61,-7
-5,3,62,-4
-5,3,63,-46
-5,3,64,-43
-5,3,65,-40
-5,3,66,-37
-5,3,67,-34
-5,3,68,-31
-5,3,69,-28
-5,3,70,-27
-5,3,71,-24
-5,3,72,-21
-5,3,73,-18
-5,3,74,-15
-5,3,75,-12
-5,3,76,-9
-5,3,77,-51
-5,3,78,-48
-5,3,79,-45
-5,3,80,-42
-5,3,81,-39
-5,3,82,-36
-5,3,83,-33
-5,3,84,-32
-5,3,85,-29
-5,3,86,-26
-5,3,87,-23
-5,3,88,-20
-5,3,89,-17
-5,3,90,-14
-5,3,91,-56
-5,3,92,-53
-5,3,93,-50
-5,3,94,-47
-5,3,95,-44
-5,3,96,-41
-5,3,97,-38
-5,3,98,-37
-5,3,99,-34
-5,3,100,-31
-5,3,101,-28
-5,3,102,-25
-5,3,103,-22
-5,3,104,-19
-5,3,105,-61
-5,3,106,-58
-5,3,107,-55
-5,3,108,-52
-5,3,109,-49
-5,3,110,-46
-5,3,111,-43
-5,4,0,-1
-5,4,1,3
-5,4,2,7
-5,4,3,11
-5,4,4,15
-5,4,5,19
-5,4,6,23
-5,4,7,-33
-5,4,8,-29
-5,4,9,-25
-5,4,10,-21
-5,4,11,-17
-5,4,12,-13
-5,4,13,-9
-5,4,14,-6
-5,4,15,-2
-5,4,16,2
-5,4,17,6
-5,4,18,10
-5,4,19,14
-5,4,20,18
-5,4,21,-38
-5,4,22,-34
-5,4,23,-30
-5,4,24,-26
-5,4,25,-22
-5,4,26,-18
-5,4,27,-14
-5,4,28,-11
-5,4,29,-7
-5,4,30,-3
-5,4,31,1
-5,4,32,5
-5,4,33,9
-5,4,34,13
-5,4,35,-43
-5,4,36,-39
-5,4,37,-35
-5,4,38,-31
-5,4,39,-27
-5,4,40,-23
-5,4,41,-19
-5,4,42,-16
-5,4,43,-12
-5,4,44,-8
-5,4,45,-4
-5,4,46,0
-5,4,47,4
-5,4,48,8
-5,4,49,-48
-5,4,50,-44
-5,4,51,-40
-5,4,52,-36
-5,4,53,-32
-5,4,54,-28
-5,4,55,-24
-5,4,56,-21
-5,4,57,-17
-5,4,58,-13
-5,4,59,-9
-5,4,60,-5
-5,4,61,-1
-5,4,62,3
-5,4,63,-53
-5,4,64,-49
-5,4,65,-45
-5,4,66,-41
-5,4,67,-37
-5,4,68,-33
-5,4,69,-29
-5,4,70,-26
-5,4,71,-22
-5,4,72,-18
-5,4,73,-14
-5,4,74,-10
-5,4,75,-6
-5,4,76,-2
-5,4,77,-58
-5,4,78,-54
-5,4,79,-50
-5,4,80,-46
-5,4,81,-42
-5,4,82,-38
-5,4,83,-34
-5,4,84,-31
-5,4,85,-27
-5,4,86,-23
-5,4,87,-19
-5,4,88,-15
-5,4,89,-11
-5,4,90,-7
-5,4,91,-63
-5,4,92,-59
-5,4,93,-55
-5,4,94,-51
-5,4,95,-47
-5,4,96,-43
-5,4,97,-39
-5,4,98,-36
-5,4,99,-32
-5,4,100,-28
-5,4,101,-24
-5,4,102,-20
-5,4,103,-16
-5,4,104,-12
-5,4,105,-68
-5,4,106,-64
-5,4,107,-60
-5,4,108,-56
-5,4,109,-52
-5,4,110,-48
-5,4,111,-44
-5,5,0,0
-5,5,1,5
-5,5,2,10
-5,5,3,15
-5,5,4,20
-5,5,5,25
-5,5,6,30
-5,5,7,-40
-5,5,8,-35
-5,5,9,-30
-5,5,10,-25
-5,5,11,-20
-5,5,12,-15
-5,5,13,-10
-5,5,14,-5
-5,5,15,0
-5,5,16,5
-5,5,17,10
-5,5,18,15
-5,5,19,20
-5,5,20,25
-5,5,21,-45
-5,5,22,-40
-5,5,23,-35
-5,5,24,-30
-5,5,25,-25
-5,5,26,-20
-5,5,27,-15
-5,5,28,-10
-5,5,29,-5
-5,5,30,0
-5,5,31,5
-5,5,32,10
-5,5,33,15
-5,5,34,20
-5,5,35,-50
-5,5,36,-45
-5,5,37,-40
-5,5,38,-35
-5,5,39,-30
-5,5,40,-25
-5,5,41,-20
-5,5,42,-15
-5,5,43,-10
-5,5,44,-5
-5,5,45,0
-5,5,46,5
-5,5,47,10
-5,5,48,15
-5,5,49,-55
-5,5,50,-50
-5,5,51,-45
-5,5,52,-40
-5,5,53,-35
-5,5,54,-30
-5,5,55,-25
-5,5,56,-20
-5,5,57,-15
-5,5,58,-10
-5,5,59,-5
-5,5,60,0
-5,5,61,5
-5,5,62,10
-5,5,63,-60
-5,5,64,-55
-5,5,65,-50
-5,5,66,-45
-5,5,67,-40
-5,5,68,-35
-5,5,69,-30
-5,5,70,-25
-5,5,71,-20
-5,5,72,-15
-5,5,73,-10
-5,5,74,-5
-5,5,75,0
-5,5,76,5
-5,5,77,-65
-5,5,78,-60
-5,5,79,-55
-5,5,80,-50
-5,5,81,-45
-5,5,82,-40
-5,5,83,-35
-5,5,84,-30
-5,5,85,-25
-5,5,86,-20
-5,5,87,-15
-5,5,88,-10
-5,5,89,-5
-5,5,90,0
-5,5,91,-70
-5,5,92,-65
-5,5,93,-60
-5,5,94,-55
-5,5,95,-50
-5,5,96,-45
-5,5,97,-40
-5,5,98,-35
-5,5,99,-30
-5,5,100,-25
-5,5,101,-20
-5,5,102,-15
-5,5,103,-10
-5,5,104,-5
-5,5,105,-75
-5,5,106,-70
-5,5,107,-65
-5,5,108,-60
-5,5,109,-55
-5,5,110,-50
-5,5,111,-45
-5,6,0,1
-5,6,1,7
-5,6,2,13
-5,6,3,19
-5,6,4,25
-5,6,5,31
-5,6,6,37
-5,6,7,-47
-5,6,8,-41
-5,6,9,-35
-5,6,10,-29
-5,6,11,-23
-5,6,12,-17
-5,6,13,-11
-5,6,14,-4
-5,6,15,2
-5,6,16,8
-5,6,17,14
-5,6,18,20
-5,6,19,26
-5,6,20,32
-5,6,21,-52
-5,6,22,-46
-5,6,23,-40
-5,6,24,-34
-5,6,25,-28
-5,6,26,-22
-5,6,27,-16
-5,6,28,-9
-5,6,29,-3
-5,6,30,3
-5,6,31,9
-5,6,32,15
-5,6,33,21
-5,6,34,27
-5,6,35,-57
-5,6,36,-51
-5,6,37,-45
-5,6,38,-39
-5,6,39,-33
-5,6,40,-27
-5,6,41,-21
-5,6,42,-14
-5,6,43,-8
-5,6,44,-2
-5,6,45,4
-5,6,46,10
-5,6,47,16
-5,6,48,22
-5,6,49,-62
-5,6,50,-56
-5,6,51,-50
-5,6,52,-44
-5,6,53,-38
-5,6,54,-32
-5,6,55,-26
-5,6,56,-19
-5,6,57,-13
-5,6,58,-7
-5,6,59,-1
-5,6,60,5
-5,6,61,11
-5,6,62,17
-5,6,63,-67
-5,6,64,-61
-5,6,65,-55
-5,6,66,-49
-5,6,67,-43
-5,6,68,-37
-5,6,69,-31
-5,6,70,-24
-5,6,71,-18
-5,6,72,-12
-5,6,73,-6
-5,6,74,0
-5,6,75,6
-5,6,76,12
-5,6,77,-72
-5,6,78,-66
-5,6,79,-60
-5,6,80,-54
-5,6,81,-48
-5,6,82,-42
-5,6,83,-36
-5,6,84,-29
-5,6,85,-23
-5,6,86,-17
-5,6,87,-11
-5,6,88,-5
-5,6,89,1
-5,6,90,7
-5,6,91,-77
-5,6,92,-71
-5,6,93,-65
-5,6,94,-59
-5,6,95,-53
-5,6,96,-47
-5,6,97,-41
-5,6,98,-34
-5,6,99,-28
-5,6,100,-22
-5,6,101,-16
-5,6,102,-10
-5,6,103,-4
-5,6,104,2
-5,6,105,-82
-5,6,106,-76
-5,6,107,-70
-5,6,108,-64
-5,6,109,-58
-5,6,110,-52
-5,6,111,-46
-5,7,0,2
-5,7,1,9
-5,7,2,16
-5,7,3,23
-5,7,4,30
-5,7,5,37
-5,7,6,44
-5,7,7,-54
-5,7,8,-47
-5,7,9,-40
-5,7,10,-33
-5,7,11,-26
-5,7,12,-19
-5,7,13,-12
-5,7,14,-3
-5,7,15,4
-5,7,16,11
-5,7,17,18
-5,7,18,25
-5,7,19,32
-5,7,20,39
-5,7,21,-59
-5,7,22,-52
-5,7,23,-45
-5,7,24,-38
-5,7,25,-31
-5,7,26,-24
-5,7,27,-17
-5,7,28,-8
-5,7,29,-1
-5,7,30,6
-5,7,31,13
-5,7,32,20
-5,7,33,27
-5,7,34,34
-5,7,35,-64
-5,7,36,-57
-5,7,37,-50
-5,7,38,-43
-5,7,39,-36
-5,7,40,-29
-5,7,41,-22
-5,7,42,-13
-5,7,43,-6
-5,7,44,1
-5,7,45,8
-5,7,46,15
-5,7,47,22
-5,7,48,29
-5,7,49,-69
-5,7,50,-62
-5,7,51,-55
-5,7,52,-48
-5,7,53,-41
-5,7,54,-34
-5,7,55,-27
-5,7,56,-18
-5,7,57,-11
-5,7,58,-4
-5,7,59,3
-5,7,60,10
-5,7,61,17
-5,7,62,24
-5,7,63,-74
-5,7,64,-67
-5,7,65,-60
-5,7,66,-53
-5,7,67,-46
-5,7,68,-39
-5,7,69,-32
-5,7,70,-23
-5,7,71,-16
-5,7,72,-9
-5,7,73,-2
-5,7,74,5
-5,7,75,12
-5,7,76,19
-5,7,77,-79
-5,7,78,-72
-5,7,79,-65
-5,7,80,-58
-5,7,81,-51
-5,7,82,-44
-5,7,83,-37
-5,7,84,-28
-5,7,85,-21
-5,7,86,-14
-5,7,87,-7
-5,7,88,0
-5,7,89,7
-5,7,90,14
-5,7,91,-84
-5,7,92,-77
-5,7,93,-70
-5,7,94,-63
-5,7,95,-56
-5,7,96,-49
-5,7,97,-42
-5,7,98,-33
-5,7,99,-26
-5,7,100,-19
-5,7,101,-12
-5,7,102,-5
-5,7,103,2
-5,7,104,9
-5,7,105,-89
-5,7,106,-82
-5,7,107,-75
-5,7,108,-68
-5,7,109,-61
-5,7,110,-54
-5,7,111,-47
-4,-8,0,-12
-4,-8,1,-20
-4,-8,2,-28
-4,-8,3,-36
-4,-8,4,-44
-4,-8,5,-52
-4,-8,6,-60
-4,-8,7,52
-4,-8,8,44
-4,-8,9,36
-4,-8,10,28
-4,-8,11,20
-4,-8,12,12
-4,-8,13,4
-4,-8,14,-16
-4,-8,15,-24
-4,-8,16,-32
-4,-8,17,-40
-4,-8,18,-48
-4,-8,19,-56
-4,-8,20,-64
-4,-8,21,48
-4,-8,22,40
-4,-8,23,32
-4,-8,24,24
-4,-8,25,16
-4,-8,26,8
-4,-8,27,0
-4,-8,28,-20
-4,-8,29,-28
-4,-8,30,-36
-4,-8,31,-44
-4,-8,32,-52
-4,-8,33,-60
-4,-8,34,-68
-4,-8,35,44
-4,-8,36,36
-4,-8,37,28
-4,-8,38,20
-4,-8,39,12
-4,-8,40,4
-4,-8,41,-4
-4,-8,42,-24
-4,-8,43,-32
-4,-8,44,-40
-4,-8,45,-48
-4,-8,46,-56
-4,-8,47,-64
-4,-8,48,-72
-4,-8,49,40
-4,-8,50,32
-4,-8,51,24
-4,-8,52,16
-4,-8,53,8
-4,-8,54,0
-4,-8,55,-8
-4,-8,56,-28
-4,-8,57,-36
-4,-8,58,-44
-4,-8,59,-52
-4,-8,60,-60
-4,-8,61,-68
-4,-8,62,-76
-4,-8,63,36
-4,-8,64,28
-4,-8,65,20
-4,-8,66,12
-4,-8,67,4
-4,-8,68,-4
-4,-8,69,-12
-4,-8,70,-32
-4,-8,71,-40
-4,-8,72,-48
-4,-8,73,-56
-4,-8,74,-64
-4,-8,75,-72
-4,-8,76,-80
-4,-8,77,32
-4,-8,78,24
-4,-8,79,16
-4,-8,80,8
-4,-8,81,0
-4,-8,82,-8
-4,-8,83,-16
-4,-8,84,-36
-4,-8,85,-44
-4,-8,86,-52
-4,-8,87,-60
-4,-8,88,-68
-4,-8,89,-76
-4,-8,90,-84
-4,-8,91,28
-4,-8,92,20
-4,-8,93,12
-4,-8,94,4
-4,-8,95,-4
-4,-8,96,-12
-4,-8,97,-20
-4,-8,98,-40
-4,-8,99,-48
-4,-8,100,-56
-4,-8,101,-64
-4,-8,102,-72
-4,-8,103,-80
-4,-8,104,-88
-4,-8,105,24
-4,-8,106,16
-4,-8,107,8
-4,-8,108,0
-4,-8,109,-8
-4,-8,110,-16
-4,-8,111,-24
-4,-7,0,-11
-4,-7,1,-18
-4,-7,2,-25
-4,-7,3,-32
-4,-7,4,-39
-4,-7,5,-46
-4,-7,6,-53
-4,-7,7,45
-4,-7,8,38
-4,-7,9,31
-4,-7,10,24
-4,-7,11,17
-4,-7,12,10
-4,-7,13,3
-4,-7,14,-15
-4,-7,15,-22
-4,-7,16,-29
-4,-7,17,-36
-4,-7,18,-43
-4,-7,19,-50
-4,-7,20,-57
-4,-7,21,41
-4,-7,22,34
-4,-7,23,27
-4,-7,24,20
-4,-7,25,13
-4,-7,26,6
-4,-7,27,-1
-4,-7,28,-19
-4,-7,29,-26
-4,-7,30,-33
-4,-7,31,-40
-4,-7,32,-47
-4,-7,33,-54
-4,-7,34,-61
-4,-7,35,37
-4,-7,36,30
-4,-7,37,23
-4,-7,38,16
-4,-7,39,9
-4,-7,40,2
-4,-7,41,-5
-4,-7,42,-23
-4,-7,43,-30
-4,-7,44,-37
-4,-7,45,-44
-4,-7,46,-51
-4,-7,47,-58
-4,-7,48,-65
-4,-7,49,33
-4,-7,50,26
-4,-7,51,19
-4,-7,52,12
-4,-7,53,5
-4,-7,54,-2
-4,-7,55,-9
-4,-7,56,-27
-4,-7,57,-34
-4,-7,58,-41
-4,-7,59,-48
-4,-7,60,-55
-4,-7,61,-62
-4,-7,62,-69
-4,-7,63,29
-4,-7,64,22
-4,-7,65,15
-4,-7,66,8
-4,-7,67,1
-4,-7,68,-6
-4,-7,69,-13
-4,-7,70,-31
-4,-7,71,-38
-4,-7,72,-45
-4,-7,73,-52
-4,-7,74,-59
-4,-7,75,-66
-4,-7,76,-73
-4,-7,77,25
-4,-7,78,18
-4,-7,79,11
-4,-7,80,4
-4,-7,81,-3
-4,-7,82,-10
-4,-7,83,-17
-4,-7,84,-35
-4,-7,85,-42
-4,-7,86,-49
-4,-7,87,-56
-4,-7,88,-63
-4,-7,89,-70
-4,-7,90,-77
-4,-7,91,21
-4,-7,92,14
-4,-7,93,7
-4,-7,94,0
-4,-7,95,-7
-4,-7,96,-14
-4,-7,97,-21
-4,-7,98,-39
-4,-7,99,-46
-4,-7,100,-53
-4,-7,101,-60
-4,-7,102,-67
-4,-7,103,-74
-4,-7,104,-81
-4,-7,105,17
-4,-7,106,10
-4,-7,107,3
-4,-7,108,-4
-4,-7,109,-11
-4,-7,110,-18
-4,-7,111,-25
-4,-6,0,-10
-4,-6,1,-16
-4,-6,2,-22
-4,-6,3,-28
-4,-6,4,-34
-4,-6,5,-40
-4,-6,6,-46
-4,-6,7,38
-4,-6,8,32
-4,-6,9,26
-4,-6,10,20
-4,-6,11,14
-4,-6,12,8
-4,-6,13,2
-4,-6,14,-14
-4,-6,15,-20
-4,-6,16,-26
-4,-6,17,-32
-4,-6,18,-38
-4,-6,19,-44
-4,-6,20,-50
-4,-6,21,34
-4,-6,22,28
-4,-6,23,22
-4,-6,24,16
-4,-6,25,10
-4,-6,26,4
-4,-6,27,-2
-4,-6,28,-18
-4,-6,29,-24
-4,-6,30,-30
-4,-6,31,-36
-4,-6,32,-42
-4,-6,33,-48
-4,-6,34,-54
-4,-6,35,30
-4,-6,36,24
-4,-6,37,18
-4,-6,38,12
-4,-6,39,6
-4,-6,40,0
-4,-6,41,-6
-4,-6,42,-22
-4,-6,43,-28
-4,-6,44,-34
-4,-6,45,-40
-4,-6,46,-46
-4,-6,47,-52
-4,-6,48,-58
-4,-6,49,26
-4,-6,50,20
-4,-6,51,14
-4,-6,52,8
-4,-6,53,2
-4,-6,54,-4
-4,-6,55,-10
-4,-6,56,-26
-4,-6,57,-32
-4,-6,58,-38
-4,-6,59,-44
-4,-6,60,-50
-4,-6,61,-56
-4,-6,62,-62
-4,-6,63,22
-4,-6,64,16
-4,-6,65,10
-4,-6,66,4
-4,-6,67,-2
-4,-6,68,-8
-4,-6,69,-14
-4,-6,70,-30
-4,-6,71,-36
-4,-6,72,-42
-4,-6,73,-48
-4,-6,74,-54
-4,-6,75,-60
-4,-6,76,-66
-4,-6,77,18
-4,-6,78,12
-4,-6,79,6
-4,-6,80,0
-4,-6,81,-6
-4,-6,82,-12
-4,-6,83,-18
-4,-6,84,-34
-4,-6,85,-40
-4,-6,86,-46
-4,-6,87,-52
-4,-6,88,-58
-4,-6,89,-64
-4,-6,90,-70
-4,-6,91,14
-4,-6,92,8
-4,-6,93,2
-4,-6,94,-4
-4,-6,95,-10
-4,-6,96,-16
-4,-6,97,-22
-4,-6,98,-38
-4,-6,99,-44
-4,-6,100,-50
-4,-6,101,-56
-4,-6,102,-62
-4,-6,103,-68
-4,-6,104,-74
-4,-6,105,10
-4,-6,106,4
-4,-6,107,-2
-4,-6,108,-8
-4,-6,109,-14
-4,-6,110,-20
-4,-6,111,-26
-4,-5,0,-9
-4,-5,1,-14
-4,-5,2,-19
-4,-5,3,-24
-4,-5,4,-29
-4,-5,5,-34
-4,-5,6,-39
-4,-5,7,31
-4,-5,8,26
-4,-5,9,21
-4,-5,10,16
-4,-5,11,11
-4,-5,12,6
-4,-5,13,1
-4,-5,14,-13
-4,-5,15,-18
-4,-5,16,-23
-4,-5,17,-28
-4,-5,18,-33
-4,-5,19,-38
-4,-5,20,-43
-4,-5,21,27
-4,-5,22,22
-4,-5,23,17
-4,-5,24,12
-4,-5,25,7
-4,-5,26,2
-4,-5,27,-3
-4,-5,28,-17
-4,-5,29,-22
-4,-5,30,-27
-4,-5,31,-32
-4,-5,32,-37
-4,-5,33,-42
-4,-5,34,-47
-4,-5,35,23
-4,-5,36,18
-4,-5,37,13
-4,-5,38,8
-4,-5,39,3
-4,-5,40,-2
-4,-5,41,-7
-4,-5,42,-21
-4,-5,43,-26
-4,-5,44,-31
-4,-5,45,-36
-4,-5,46,-41
-4,-5,47,-46
-4,-5,48,-51
-4,-5,49,19
-4,-5,50,14
-4,-5,51,9
-4,-5,52,4
-4,-5,53,-1
-4,-5,54,-6
-4,-5,55,-11
-4,-5,56,-25
-4,-5,57,-30
-4,-5,58,-35
-4,-5,59,-40
-4,-5,60,-45
-4,-5,61,-50
-4,-5,62,-55
-4,-5,63,15
-4,-5,64,10
-4,-5,65,5
-4,-5,66,0
-4,-5,67,-5
-4,-5,68,-10
-4,-5,69,-15
-4,-5,70,-29
-4,-5,71,-34
-4,-5,72,-39
-4,-5,73,-44
-4,-5,74,-49
-4,-5,75,-54
-4,-5,76,-59
-4,-5,77,11
-4,-5,78,6
-4,-5,79,1
-4,-5,80,-4
-4,-5,81,-9
-4,-5,82,-14
-4,-5,83,-19
-4,-5,84,-33
-4,-5,85,-38
-4,-5,86,-43
-4,-5,87,-48
-4,-5,88,-53
-4,-5,89,-58
-4,-5,90,-63
-4,-5,91,7
-4,-5,92,2
-4,-5,93,-3
-4,-5,94,-8
-4,-5,95,-13
-4,-5,96,-18
-4,-5,97,-23
-4,-5,98,-37
-4,-5,99,-42
-4,-5,100,-47
-4,-5,101,-52
-4,-5,102,-57
-4,-5,103,-62
-4,-5,104,-67
-4,-5,105,3
-4,-5,106,-2
-4,-5,107,-7
-4,-5,108,-12
-4,-5,109,-17
-4,-5,110,-22
-4,-5,111,-27
-4,-4,0,-8
-4,-4,1,-12
-4,-4,2,-16
-4,-4,3,-20
-4,-4,4,-24
-4,-4,5,-28
-4,-4,6,-32
-4,-4,7,24
-4,-4,8,20
-4,-4,9,16
-4,-4,10,12
-4,-4,11,8
-4,-4,12,4
-4,-4,13,0
-4,-4,14,-12
-4,-4,15,-16
-4,-4,16,-20
-4,-4,17,-24
-4,-4,18,-28
-4,-4,19,-32
-4,-4,20,-36
-4,-4,21,20
-4,-4,22,16
-4,-4,23,12
-4,-4,24,8
-4,-4,25,4
-4,-4,26,0
-4,-4,27,-4
-4,-4,28,-16
-4,-4,29,-20
-4,-4,30,-24
-4,-4,31,-28
-4,-4,32,-32
-4,-4,33,-36
-4,-4,34,-40
-4,-4,35,16
-4,-4,36,12
-4,-4,37,8
-4,-4,38,4
-4,-4,39,0
-4,-4,40,-4
-4,-4,41,-8
-4,-4,42,-20
-4,-4,43,-24
-4,-4,44,-28
-4,-4,45,-32
-4,-4,46,-36
-4,-4,47,-40
-4,-4,48,-44
-4,-4,49,12
-4,-4,50,8
-4,-4,51,4
-4,-4,52,0
-4,-4,53,-4
-4,-4,54,-8
-4,-4,55,-12
-4,-4,56,-24
-4,-4,57,-28
-4,-4,58,-32
-4,-4,59,-36
-4,-4,60,-40
-4,-4,61,-44
-4,-4,62,-48
-4,-4,63,8
-4,-4,64,4
-4,-4,65,0
-4,-4,66,-4
-4,-4,67,-8
-4,-4,68,-12
-4,-4,69,-16
-4,-4,70,-28
-4,-4,71,-32
-4,-4,72,-36
-4,-4,73,-40
-4,-4,74,-44
-4,-4,75,-48
-4,-4,76,-52
-4,-4,77,4
-4,-4,78,0
-4,-4,79,-4
-4,-4,80,-8
-4,-4,81,-12
-4,-4,82,-16
-4,-4,83,-20
-4,-4,84,-32
-4,-4,85,-36
-4,-4,86,-40
-4,-4,87,-44
-4,-4,88,-48
-4,-4,89,-52
-4,-4,90,-56
-4,-4,91,0
-4,-4,92,-4
-4,-4,93,-8
-4,-4,94,-12
-4,-4,95,-16
-4,-4,96,-20
-4,-4,97,-24
-4,-4,98,-36
-4,-4,99,-40
-4,-4,100,-44
-4,-4,101,-48
-4,-4,102,-52
-4,-4,103,-56
-4,-4,104,-60
-4,-4,105,-4
-4,-4,106,-8
-4,-4,107,-12
-4,-4,108,-16
-4,-4,109,-20
-4,-4,110,-24
-4,-4,111,-28
-4,-3,0,-7
-4,-3,1,-10
-4,-3,2,-13
-4,-3,3,-16
-4,-3,4,-19
-4,-3,5,-22
-4,-3,6,-25
-4,-3,7,17
-4,-3,8,14
-4,-3,9,11
-4,-3,10,8
-4,-3,11,5
-4,-3,12,2
-4,-3,13,-1
-4,-3,14,-11
-4,-3,15,-14
-4,-3,16,-17
-4,-3,17,-20
-4,-3,18,-23
-4,-3,19,-26
-4,-3,20,-29
-4,-3,21,13
-4,-3,22,10
-4,-3,23,7
-4,-3,24,4
-4,-3,25,1
-4,-3,26,-2
-4,-3,27,-5
-4,-3,28,-15
-4,-3,29,-18
-4,-3,30,-21
-4,-3,31,-24
-4,-3,32,-27
-4,-3,33,-30
-4,-3,34,-33
-4,-3,35,9
-4,-3,36,6
-4,-3,37,3
-4,-3,38,0
-4,-3,39,-3
-4,-3,40,-6
-4,-3,41,-9
-4,-3,42,-19
-4,-3,43,-22
-4,-3,44,-25
-4,-3,45,-28
-4,-3,46,-31
-4,-3,47,-34
-4,-3,48,-37
-4,-3,49,5
-4,-3,50,2
-4,-3,51,-1
-4,-3,52,-4
-4,-3,53,-7
-4,-3,54,-10
-4,-3,55,-13
-4,-3,56,-23
-4,-3,57,-26
-4,-3,58,-29
-4,-3,59,-32
-4,-3,60,-35
-4,-3,61,-38
-4,-3,62,-41
-4,-3,63,1
-4,-3,64,-2
-4,-3,65,-5
-4,-3,66,-8
-4,-3,67,-11
-4,-3,68,-14
-4,-3,69,-17
-4,-3,70,-27
-4,-3,71,-30
-4,-3,72,-33
-4,-3,73,-36
-4,-3,74,-39
-4,-3,75,-42
-4,-3,76,-45
-4,-3,77,-3
-4,-3,78,-6
-4,-3,79,-9
-4,-3,80,-12
-4,-3,81,-15
-4,-3,82,-18
-4,-3,83,-21
-4,-3,84,-31
-4,-3,85,-34
-4,-3,86,-37
-4,-3,87,-40
-4,-3,88,-43
-4,-3,89,-46
-4,-3,90,-49
-4,-3,91,-7
-4,-3,92,-10
-4,-3,93,-13
-4,-3,94,-16
-4,-3,95,-19
-4,-3,96,-22
-4,-3,97,-25
-4,-3,98,-35
-4,-3,99,-38
-4,-3,100,-41
-4,-3,101,-44
-4,-3,102,-47
-4,-3,103,-50
-4,-3,104,-53
-4,-3,105,-11
-4,-3,106,-14
-4,-3,107,-17
-4,-3,108,-20
-4,-3,109,-23
-4,-3,110,-26
-4,-3,111,-29
-4,-2,0,-6
-4,-2,1,-8
-4,-2,2,-10
-4,-2,3,-12
-4,-2,4,-14
-4,-2,5,-16
-4,-2,6,-18
-4,-2,7,10
-4,-2,8,8
-4,-2,9,6
-4,-2,10,4
-4,-2,11,2
-4,-2,12,0
-4,-2,13,-2
-4,-2,14,-10
-4,-2,15,-12
-4,-2,16,-14
-4,-2,17,-16
-4,-2,18,-18
-4,-2,19,-20
-4,-2,20,-22
-4,-2,21,6
-4,-2,22,4
-4,-2,23,2
-4,-2,24,0
-4,-2,25,-2
-4,-2,26,-4
-4,-2,27,-6
-4,-2,28,-14
-4,-2,29,-16
-4,-2,30,-18
-4,-2,31,-20
-4,-2,32,-22
-4,-2,33,-24
-4,-2,34,-26
-4,-2,35,2
-4,-2,36,0
-4,-2,37,-2
-4,-2,38,-4
-4,-2,39,-6
-4,-2,40,-8
-4,-2,41,-10
-4,-2,42,-18
-4,-2,43,-20
-4,-2,44,-22
-4,-2,45,-24
-4,-2,46,-26
-4,-2,47,-28
-4,-2,48,-30
-4,-2,49,-2
-4,-2,50,-4
-4,-2,51,-6
-4,-2,52,-8
-4,-2,53,-10
-4,-2,54,-12
-4,-2,55,-14
-4,-2,56,-22
-4,-2,57,-24
-4,-2,58,-26
-4,-2,59,-28
-4,-2,60,-30
-4,-2,61,-32
-4,-2,62,-34
-4,-2,63,-6
-4,-2,64,-8
-4,-2,65,-10
-4,-2,66,-12
-4,-2,67,-14
-4,-2,68,-16
-4,-2,69,-18
-4,-2,70,-26
-4,-2,71,-28
-4,-2,72,-30
-4,-2,73,-32
-4,-2,74,-34
-4,-2,75,-36
-4,-2,76,-38
-4,-2,77,-10
-4,-2,78,-12
-4,-2,79,-14
-4,-2,80,-16
-4,-2,81,-18
-4,-2,82,-20
-4,-2,83,-22
-4,-2,84,-30
-4,-2,85,-32
-4,-2,86,-34
-4,-2,87,-36
-4,-2,88,-38
-4,-2,89,-40
-4,-2,90,-42
-4,-2,91,-14
-4,-2,92,-16
-4,-2,93,-18
-4,-2,94,-20
-4,-2,95,-22
-4,-2,96,-24
-4,-2,97,-26
-4,-2,98,-34
-4,-2,99,-36
-4,-2,100,-38
-4,-2,101,-40
-4,-2,102,-42
-4,-2,103,-44
-4,-2,104,-46
-4,-2,105,-18
-4,-2,106,-20
-4,-2,107,-22
-4,-2,108,-24
-4,-2,109,-26
-4,-2,110,-28
-4,-2,111,-30
-4,-1,0,-5
-4,-1,1,-6
-4,-1,2,-7
-4,-1,3,-8
-4,-1,4,-9
-4,-1,5,-10
-4,-1,6,-11
-4,-1,7,3
-4,-1,8,2
-4,-1,9,1
-4,-1,10,0
-4,-1,11,-1
-4,-1,12,-2
-4,-1,13,-3
-4,-1,14,-9
-4,-1,15,-10
-4,-1,16,-11
-4,-1,17,-12
-4,-1,18,-13
-4,-1,19,-14
-4,-1,20,-15
-4,-1,21,-1
-4,-1,22,-2
-4,-1,23,-3
-4,-1,24,-4
-4,-1,25,-5
-4,-1,26,-6
-4,-1,27,-7
-4,-1,28,-13
-4,-1,29,-14
-4,-1,30,-15
-4,-1,31,-16
-4,-1,32,-17
-4,-1,33,-18
-4,-1,34,-19
-4,-1,35,-5
-4,-1,36,-6
-4,-1,37,-7
-4,-1,38,-8
-4,-1,39,-9
-4,-1,40,-10
-4,-1,41,-11
-4,-1,42,-17
-4,-1,43,-18
-4,-1,44,-19
-4,-1,45,-20
-4,-1,46,-21
-4,-1,47,-22
-4,-1,48,-23
-4,-1,49,-9
-4,-1,50,-10
-4,-1,51,-11
-4,-1,52,-12
-4,-1,53,-13
-4,-1,54,-14
-4,-1,55,-15
-4,-1,56,-21
-4,-1,57,-22
-4,-1,58,-23
-4,-1,59,-24
-4,-1,60,-25
-4,-1,61,-26
-4,-1,62,-27
-4,-1,63,-13
-4,-1,64,-14
-4,-1,65,-15
-4,-1,66,-16
-4,-1,67,-17
-4,-1,68,-18
-4,-1,69,-19
-4,-1,70,-25
-4,-1,71,-26
-4,-1,72,-27
-4,-1,73,-28
-4,-1,74,-29
-4,-1,75,-30
-4,-1,76,-31
-4,-1,77,-17
-4,-1,78,-18
-4,-1,79,-19
-4,-1,80,-20
-4,-1,81,-21
-4,-1,82,-22
-4,-1,83,-23
-4,-1,84,-29
-4,-1,85,-30
-4,-1,86,-31
-4,-1,87,-32
-4,-1,88,-33
-4,-1,89,-34
-4,-1,90,-35
-4,-1,91,-21
-4,-1,92,-22
-4,-1,93,-23
-4,-1,94,-24
-4,-1,95,-25
-4,-1,96,-26
-4,-1,97,-27
-4,-1,98,-33
-4,-1,99,-34
-4,-1,100,-35
-4,-1,101,-36
-4,-1,102,-37
-4,-1,103,-38
-4,-1,104,-39
-4,-1,105,-25
-4,-1,106,-26
-4,-1,107,-27
-4,-1,108,-28
-4,-1,109,-29
-4,-1,110,-30
-4,-1,111,-31
-4,0,0,-4
-4,0,1,-4
-4,0,2,-4
-4,0,3,-4
-4,0,4,-4
-4,0,5,-4
-4,0,6,-4
-4,0,7,-4
-4,0,8,-4
-4,0,9,-4
-4,0,10,-4
-4,0,11,-4
-4,0,12,-4
-4,0,13,-4
-4,0,14,-8
-4,0,15,-8
-4,0,16,-8
-4,0,17,-8
-4,0,18,-8
-4,0,19,-8
-4,0,20,-8
-4,0,21,-8
-4,0,22,-8
-4,0,23,-8
-4,0,24,-8
-4,0,25,-8
-4,0,26,-8
-4,0,27,-8
-4,0,28,-12
-4,0,29,-12
-4,0,30,-12
-4,0,31,-12
-4,0,32,-12
-4,0,33,-12
-4,0,34,-12
-4,0,35,-12
-4,0,36,-12
-4,0,37,-12
-4,0,38,-12
-4,0,39,-12
-4,0,40,-12
-4,0,41,-12
-4,0,42,-16
-4,0,43,-16
-4,0,44,-16
-4,0,45,-16
-4,0,46,-16
-4,0,47,-16
-4,0,48,-16
-4,0,49,-16
-4,0,50,-16
-4,0,51,-16
-4,0,52,-16
-4,0,53,-16
-4,0,54,-16
-4,0,55,-16
-4,0,56,-20
-4,0,57,-20
-4,0,58,-20
-4,0,59,-20
-4,0,60,-20
-4,0,61,-20
-4,0,62,-20
-4,0,63,-20
-4,0,64,-20
-4,0,65,-20
-4,0,66,-20
-4,0,67,-20
-4,0,68,-20
-4,0,69,-20
-4,0,70,-24
-4,0,71,-24
-4,0,72,-24
-4,0,73,-24
-4,0,74,-24
-4,0,75,-24
-4,0,76,-24
-4,0,77,-24
-4,0,78,-24
-4,0,79,-24
-4,0,80,-24
-4,0,81,-24
-4,0,82,-24
-4,0,83,-24
-4,0,84,-28
-4,0,85,-28
-4,0,86,-28
-4,0,87,-28
-4,0,88,-28
-4,0,89,-28
-4,0,90,-28
-4,0,91,-28
-4,0,92,-28
-4,0,93,-28
-4,0,94,-28
-4,0,95,-28
-4,0,96,-28
-4,0,97,-28
-4,0,98,-32
-4,0,99,-32
-4,0,100,-32
-4,0,101,-32
-4,0,102,-32
-4,0,103,-32
-4,0,104,-32
-4,0,105,-32
-4,0,106,-32
-4,0,107,-32
-4,0,108,-32
-4,0,109,-32
-4,0,110,-32
-4,0,111,-32
-4,1,0,-3
-4,1,1,-2
-4,1,2,-1
-4,1,3,0
-4,1,4,1
-4,1,5,2
-4,1,6,3
-4,1,7,-11
-4,1,8,-10
-4,1,9,-9
-4,1,10,-8
-4,1,11,-7
-4,1,12,-6
-4,1,13,-5
-4,1,14,-7
-4,1,15,-6
-4,1,16,-5
-4,1,17,-4
-4,1,18,-3
-4,1,19,-2
-4,1,20,-1
-4,1,21,-15
-4,1,22,-14
-4,1,23,-13
-4,1,24,-12
-4,1,25,-11
-4,1,26,-10
-4,1,27,-9
-4,1,28,-11
-4,1,29,-10
-4,1,30,-9
-4,1,31,-8
-4,1,32,-7
-4,1,33,-6
-4,1,34,-5
-4,1,35,-19
-4,1,36,-18
-4,1,37,-17
-4,1,38,-16
-4,1,39,-15
-4,1,40,-14
-4,1,41,-13
-4,1,42,-15
-4,1,43,-14
-4,1,44,-13
-4,1,45,-12
-4,1,46,-11
-4,1,47,-10
-4,1,48,-9
-4,1,49,-23
-4,1,50,-22
-4,1,51,-21
-4,1,52,-20
-4,1,53,-19
-4,1,54,-18
-4,1,55,-17
-4,1,56,-19
-4,1,57,-18
-4,1,58,-17
-4,1,59,-16
-4,1,60,-15
-4,1,61,-14
-4,1,62,-13
-4,1,63,-27
-4,1,64,-26
-4,1,65,-25
-4,1,66,-24
-4,1,67,-23
-4,1,68,-22
-4,1,69,-21
-4,1,70,-23
-4,1,71,-22
-4,1,72,-21
-4,1,73,-20
-4,1,74,-19
-4,1,75,-18
-4,1,76,-17
-4,1,77,-31
-4,1,78,-30
-4,1,79,-29
-4,1,80,-28
-4,1,81,-27
-4,1,82,-26
-4,1,83,-25
-4,1,84,-27
-4,1,85,-26
-4,1,86,-25
-4,1,87,-24
-4,1,88,-23
-4,1,89,-22
-4,1,90,-21
-4,1,91,-35
-4,1,92,-34
-4,1,93,-33
-4,1,94,-32
-4,1,95,-31
-4,1,96,-30
-4,1,97,-29
-4,1,98,-31
-4,1,99,-30
-4,1,100,-29
-4,1,101,-28
-4,1,102,-27
-4,1,103,-26
-4,1,104,-25
-4,1,105,-39
-4,1,106,-38
-4,1,107,-37
-4,1,108,-36
-4,1,109,-35
-4,1,110,-34
-4,1,111,-33
-4,2,0,-2
-4,2,1,0
-4,2,2,2
-4,2,3,4
-4,2,4,6
-4,2,5,8
-4,2,6,10
-4,2,7,-18
-4,2,8,-16
-4,2,9,-14
-4,2,10,-12
-4,2,11,-10
-4,2,12,-8
-4,2,13,-6
-4,2,14,-6
-4,2,15,-4
-4,2,16,-2
-4,2,17,0
-4,2,18,2
-4,2,19,4
-4,2,20,6
-4,2,21,-22
-4,2,22,-20
-4,2,23,-18
-4,2,24,-16
-4,2,25,-14
-4,2,26,-12
-4,2,27,-10
-4,2,28,-10
-4,2,29,-8
-4,2,30,-6
-4,2,31,-4
-4,2,32,-2
-4,2,33,0
-4,2,34,2
-4,2,35,-26
-4,2,36,-24
-4,2,37,-22
-4,2,38,-20
-4,2,39,-18
-4,2,40,-16
-4,2,41,-14
-4,2,42,-14
-4,2,43,-12
-4,2,44,-10
-4,2,45,-8
-4,2,46,-6
-4,2,47,-4
-4,2,48,-2
-4,2,49,-30
-4,2,50,-28
-4,2,51,-26
-4,2,52,-24
-4,2,53,-22
-4,2,54,-20
-4,2,55,-18
-4,2,56,-18
-4,2,57,-16
-4,2,58,-14
-4,2,59,-12
-4,2,60,-10
-4,2,61,-8
-4,2,62,-6
-4,2,63,-34
-4,2,64,-32
-4,2,65,-30
-4,2,66,-28
-4,2,67,-26
-4,2,68,-24
-4,2,69,-22
-4,2,70,-22
-4,2,71,-20
-4,2,72,-18
-4,2,73,-16
-4,2,74,-14
-4,2,75,-12
-4,2,76,-10
-4,2,77,-38
-4,2,78,-36
-4,2,79,-34
-4,2,80,-32
-4,2,81,-30
-4,2,82,-28
-4,2,83,-26
-4,2,84,-26
-4,2,85,-24
-4,2,86,-22
-4,2,87,-20
-4,2,88,-18
-4,2,89,-16
-4,2,90,-14
-4,2,91,-42
-4,2,92,-40
-4,2,93,-38
-4,2,94,-36
-4,2,95,-34
-4,2,96,-32
-4,2,97,-30
-4,2,98,-30
-4,2,99,-28
-4,2,100,-26
-4,2,101,-24
-4,2,102,-22
-4,2,103,-20
-4,2,104,-18
-4,2,105,-46
-4,2,106,-44
-4,2,107,-42
-4,2,108,-40
-4,2,109,-38
-4,2,110,-36
-4,2,111,-34
-4,3,0,-1
-4,3,1,2
-4,3,2,5
-4,3,3,8
-4,3,4,11
-4,3,5,14
-4,3,6,17
-4,3,7,-25
-4,3,8,-22
-4,3,9,-19
-4,3,10,-16
-4,3,11,-13
-4,3,12,-10
-4,3,13,-7
-4,3,14,-5
-4,3,15,-2
-4,3,16,1
-4,3,17,4
-4,3,18,7
-4,3,19,10
-4,3,20,13
-4,3,21,-29
-4,3,22,-26
-4,3,23,-23
-4,3,24,-20
-4,3,25,-17
-4,3,26,-14
-4,3,27,-11
-4,3,28,-9
-4,3,29,-6
-4,3,30,-3
-4,3,31,0
-4,3,32,3
-4,3,33,6
-4,3,34,9
-4,3,35,-33
-4,3,36,-30
-4,3,37,-27
-4,3,38,-24
-4,3,39,-21
-4,3,40,-18
-4,3,41,-15
-4,3,42,-13
-4,3,43,-10
-4,3,44,-7
-4,3,45,-4
-4,3,46,-1
-4,3,47,2
-4,3,48,5
-4,3,49,-37
-4,3,50,-34
-4,3,51,-31
-4,3,52,-28
-4,3,53,-25
-4,3,54,-22
-4,3,55,-19
-4,3,56,-17
-4,3,57,-14
-4,3,58,-11
-4,3,59,-8
-4,3,60,-5
-4,3,61,-2
-4,3,62,1
-4,3,63,-41
-4,3,64,-38
-4,3,65,-35
-4,3,66,-32
-4,3,67,-29
-4,3,68,-26
-4,3,69,-23
-4,3,70,-21
-4,3,71,-18
-4,3,72,-15
-4,3,73,-12
-4,3,74,-9
-4,3,75,-6
-4,3,76,-3
-4,3,77,-45
-4,3,78,-42
-4,3,79,-39
-4,3,80,-36
-4,3,81,-33
-4,3,82,-30
-4,3,83,-27
-4,3,84,-25
-4,3,85,-22
-4,3,86,-19
-4,3,87,-16
-4,3,88,-13
-4,3,89,-10
-4,3,90,-7
-4,3,91,-49
-4,3,92,-46
-4,3,93,-43
-4,3,94,-40
-4,3,95,-37
-4,3,96,-34
-4,3,97,-31
-4,3,98,-29
-4,3,99,-26
-4,3,100,-23
-4,3,101,-20
-4,3,102,-17
-4,3,103,-14
-4,3,104,-11
-4,3,105,-53
-4,3,106,-50
-4,3,107,-47
-4,3,108,-44
-4,3,109,-41
-4,3,110,-38
-4,3,111,-35
-4,4,0,0
-4,4,1,4
-4,4,2,8
-4,4,3,12
-4,4,4,16
-4,4,5,20
-4,4,6,24
-4,4,7,-32
-4,4,8,-28
-4,4,9,-24
-4,4,10,-20
-4,4,11,-16
-4,4,12,-12
-4,4,13,-8
-4,4,14,-4
-4,4,15,0
-4,4,16,4
-4,4,17,8
-4,4,18,12
-4,4,19,16
-4,4,20,20
-4,4,21,-36
-4,4,22,-32
-4,4,23,-28
-4,4,24,-24
-4,4,25,-20
-4,4,26,-16
-4,4,27,-12
-4,4,28,-8
-4,4,29,-4
-4,4,30,0
-4,4,31,4
-4,4,32,8
-4,4,33,12
-4,4,34,16
-4,4,35,-40
-4,4,36,-36
-4,4,37,-32
-4,4,38,-28
-4,4,39,-24
-4,4,40,-20
-4,4,41,-16
-4,4,42,-12
-4,4,43,-8
-4,4,44,-4
-4,4,45,0
-4,4,46,4
-4,4,47,8
-4,4,48,12
-4,4,49,-44
-4,4,50,-40
-4,4,51,-36
-4,4,52,-32
-4,4,53,-28
-4,4,54,-24
-4,4,55,-20
-4,4,56,-16
-4,4,57,-12
-4,4,58,-8
-4,4,59,-4
-4,4,60,0
-4,4,61,4
-4,4,62,8
-4,4,63,-48
-4,4,64,-44
-4,4,65,-40
-4,4,66,-36
-4,4,67,-32
-4,4,68,-28
-4,4,69,-24
-4,4,70,-20
-4,4,71,-16
-4,4,72,-12
-4,4,73,-8
-4,4,74,-4
-4,4,75,0
-4,4,76,4
-4,4,77,-52
-4,4,78,-48
-4,4,79,-44
-4,4,80,-40
-4,4,81,-36
-4,4,82,-32
-4,4,83,-28
-4,4,84,-24
-4,4,85,-20
-4,4,86,-16
-4,4,87,-12
-4,4,88,-8
-4,4,89,-4
-4,4,90,0
-4,4,91,-56
-4,4,92,-52
-4,4,93,-48
-4,4,94,-44
-4,4,95,-40
-4,4,96,-36
-4,4,97,-32
-4,4,98,-28
-4,4,99,-24
-4,4,100,-20
-4,4,101,-16
-4,4,102,-12
-4,4,103,-8
-4,4,104,-4
-4,4,105,-60
-4,4,106,-56
-4,4,107,-52
-4,4,108,-48
-4,4,109,-44
-4,4,110,-40
-4,4,111,-36
-4,5,0,1
-4,5,1,6
-4,5,2,11
-4,5,3,16
-4,5,4,21
-4,5,5,26
-4,5,6,31
-4,5,7,-39
-4,5,8,-34
-4,5,9,-29
-4,5,10,-24
-4,5,11,-19
-4,5,12,-14
-4,5,13,-9
-4,5,14,-3
-4,5,15,2
-4,5,16,7
-4,5,17,12
-4,5,18,17
-4,5,19,22
-4,5,20,27
-4,5,21,-43
-4,5,22,-38
-4,5,23,-33
-4,5,24,-28
-4,5,25,-23
-4,5,26,-18
-4,5,27,-13
-4,5,28,-7
-4,5,29,-2
-4,5,30,3
-4,5,31,8
-4,5,32,13
-4,5,33,18
-4,5,34,23
-4,5,35,-47
-4,5,36,-42
-4,5,37,-37
-4,5,38,-32
-4,5,39,-27
-4,5,40,-22
-4,5,41,-17
-4,5,42,-11
-4,5,43,-6
-4,5,44,-1
-4,5,45,4
-4,5,46,9
-4,5,47,14
-4,5,48,19
-4,5,49,-51
-4,5,50,-46
-4,5,51,-41
-4,5,52,-36
-4,5,53,-31
-4,5,54,-26
-4,5,55,-21
-4,5,56,-15
-4,5,57,-10
-4,5,58,-5
-4,5,59,0
-4,5,60,5
-4,5,61,10
-4,5,62,15
-4,5,63,-55
-4,5,64,-50
-4,5,65,-45
-4,5,66,-40
-4,5,67,-35
-4,5,68,-30
-4,5,69,-25
-4,5,70,-19
-4,5,71,-14
-4,5,72,-9
-4,5,73,-4
-4,5,74,1
-4,5,75,6
-4,5,76,11
-4,5,77,-59
-4,5,78,-54
-4,5,79,-49
-4,5,80,-44
-4,5,81,-39
-4,5,82,-34
-4,5,83,-29
-4,5,84,-23
-4,5,85,-18
-4,5,86,-13
-4,5,87,-8
-4,5,88,-3
-4,5,89,2
-4,5,90,7
-4,5,91,-63
-4,5,92,-58
-4,5,93,-53
-4,5,94,-48
-4,5,95,-43
-4,5,96,-38
-4,5,97,-33
-4,5,98,-27
-4,5,99,-22
-4,5,100,-17
-4,5,101,-12
-4,5,102,-7
-4,5,103,-2
-4,5,104,3
-4,5,105,-67
-4,5,106,-62
-4,5,107,-57
-4,5,108,-52
-4,5,109,-47
-4,5,110,-42
-4,5,111,-37
-4,6,0,2
-4,6,1,8
-4,6,2,14
-4,6,3,20
-4,6,4,26
-4,6,5,32
-4,6,6,38
-4,6,7,-46
-4,6,8,-40
-4,6,9,-34
-4,6,10,-28
-4,6,11,-22
-4,6,12,-16
-4,6,13,-10
-4,6,14,-2
-4,6,15,4
-4,6,16,10
-4,6,17,16
-4,6,18,22
-4,6,19,28
-4,6,20,34
-4,6,21,-50
-4,6,22,-44
-4,6,23,-38
-4,6,24,-32
-4,6,25,-26
-4,6,26,-20
-4,6,27,-14
-4,6,28,-6
-4,6,29,0
-4,6,30,6
-4,6,31,12
-4,6,32,18
-4,6,33,24
-4,6,34,30
-4,6,35,-54
-4,6,36,-48
-4,6,37,-42
-4,6,38,-36
-4,6,39,-30
-4,6,40,-24
-4,6,41,-18
-4,6,42,-10
-4,6,43,-4
-4,6,44,2
-4,6,45,8
-4,6,46,14
-4,6,47,20
-4,6,48,26
-4,6,49,-58
-4,6,50,-52
-4,6,51,-46
-4,6,52,-40
-4,6,53,-34
-4,6,54,-28
-4,6,55,-22
-4,6,56,-14
-4,6,57,-8
-4,6,58,-2
-4,6,59,4
-4,6,60,10
-4,6,61,16
-4,6,62,22
-4,6,63,-62
-4,6,64,-56
-4,6,65,-50
-4,6,66,-44
-4,6,67,-38
-4,6,68,-32
-4,6,69,-26
-4,6,70,-18
-4,6,71,-12
-4,6,72,-6
-4,6,73,0
-4,6,74,6
-4,6,75,12
-4,6,76,18
-4,6,77,-66
-4,6,78,-60
-4,6,79,-54
-4,6,80,-48
-4,6,81,-42
-4,6,82,-36
-4,6,83,-30
-4,6,84,-22
-4,6,85,-16
-4,6,86,-10
-4,6,87,-4
-4,6,88,2
-4,6,89,8
-4,6,90,14
-4,6,91,-70
-4,6,92,-64
-4,6,93,-58
-4,6,94,-52
-4,6,95,-46
-4,6,96,-40
-4,6,97,-34
-4,6,98,-26
-4,6,99,-20
-4,6,100,-14
-4,6,101,-8
-4,6,102,-2
-4,6,103,4
-4,6,104,10
-4,6,105,-74
-4,6,106,-68
-4,6,107,-62
-4,6,108,-56
-4,6,109,-50
-4,6,110,-44
-4,6,111,-38
-4,7,0,3
-4,7,1,10
-4,7,2,17
-4,7,3,24
-4,7,4,31
-4,7,5,38
-4,7,6,45
-4,7,7,-53
-4,7,8,-46
-4,7,9,-39
-4,7,10,-32
-4,7,11,-25
-4,7,12,-18
-4,7,13,-11
-4,7,14,-1
-4,7,15,6
-4,7,16,13
-4,7,17,20
-4,7,18,27
-4,7,19,34
-4,7,20,41
-4,7,21,-57
-4,7,22,-50
-4,7,23,-43
-4,7,24,-36
-4,7,25,-29
-4,7,26,-22
-4,7,27,-15
-4,7,28,-5
-4,7,29,2
-4,7,30,9
-4,7,31,16
-4,7,32,23
-4,7,33,30
-4,7,34,37
-4,7,35,-61
-4,7,36,-54
-4,7,37,-47
-4,7,38,-40
-4,7,39,-33
-4,7,40,-26
-4,7,41,-19
-4,7,42,-9
-4,7,43,-2
-4,7,44,5
-4,7,45,12
-4,7,46,19
-4,7,47,26
-4,7,48,33
-4,7,49,-65
-4,7,50,-58
-4,7,51,-51
-4,7,52,-44
-4,7,53,-37
-4,7,54,-30
-4,7,55,-23
-4,7,56,-13
-4,7,57,-6
-4,7,58,1
-4,7,59,8
-4,7,60,15
-4,7,61,22
-4,7,62,29
-4,7,63,-69
-4,7,64,-62
-4,7,65,-55
-4,7,66,-48
-4,7,67,-41
-4,7,68,-34
-4,7,69,-27
-4,7,70,-17
-4,7,71,-10
-4,7,72,-3
-4,7,73,4
-4,7,74,11
-4,7,75,18
-4,7,76,25
-4,7,77,-73
-4,7,78,-66
-4,7,79,-59
-4,7,80,-52
-4,7,81,-45
-4,7,82,-38
-4,7,83,-31
-4,7,84,-21
-4,7,85,-14
-4,7,86,-7
-4,7,87,0
-4,7,88,7
-4,7,89,14
-4,7,90,21
-4,7,91,-77
-4,7,92,-70
-4,7,93,-63
-4,7,94,-56
-4,7,95,-49
-4,7,96,-42
-4,7,97,-35
-4,7,98,-25
-4,7,99,-18
-4,7,100,-11
-4,7,101,-4
-4,7,102,3
-4,7,103,10
-4,7,104,17
-4,7,105,-81
-4,7,106,-74
-4,7,107,-67
-4,7,108,-60
-4,7,109,-53
-4,7,110,-46
-4,7,111,-39
-3,-8,0,-11
-3,-8,1,-19
-3,-8,2,-27
-3,-8,3,-35
-3,-8,4,-43
-3,-8,5,-51
-3,-8,6,-59
-3,-8,7,53
-3,-8,8,45
-3,-8,9,37
-3,-8,10,29
-3,-8,11,21
-3,-8,12,13
-3,-8,13,5
-3,-8,14,-14
-3,-8,15,-22
-3,-8,16,-30
-3,-8,17,-38
-3,-8,18,-46
-3,-8,19,-54
-3,-8,20,-62
-3,-8,21,50
-3,-8,22,42
-3,-8,23,34
-3,-8,24,26
-3,-8,25,18
-3,-8,26,10
-3,-8,27,2
-3,-8,28,-17
-3,-8,29,-25
-3,-8,30,-33
-3,-8,31,-41
-3,-8,32,-49
-3,-8,33,-57
-3,-8,34,-65
-3,-8,35,47
-3,-8,36,39
-3,-8,37,31
-3,-8,38,23
-3,-8,39,15
-3,-8,40,7
-3,-8,41,-1
-3,-8,42,-20
-3,-8,43,-28
-3,-8,44,-36
-3,-8,45,-44
-3,-8,46,-52
-3,-8,47,-60
-3,-8,48,-68
-3,-8,49,44
-3,-8,50,36
-3,-8,51,28
-3,-8,52,20
-3,-8,53,12
-3,-8,54,4
-3,-8,55,-4
-3,-8,56,-23
-3,-8,57,-31
-3,-8,58,-39
-3,-8,59,-47
-3,-8,60,-55
-3,-8,61,-63
-3,-8,62,-71
-3,-8,63,41
-3,-8,64,33
-3,-8,65,25
-3,-8,66,17
-3,-8,67,9
-3,-8,68,1
-3,-8,69,-7
-3,-8,70,-26
-3,-8,71,-34
-3,-8,72,-42
-3,-8,73,-50
-3,-8,74,-58
-3,-8,75,-66
-3,-8,76,-74
-3,-8,77,38
-3,-8,78,30
-3,-8,79,22
-3,-8,80,14
-3,-8,81,6
-3,-8,82,-2
-3,-8,83,-10
-3,-8,84,-29
-3,-8,85,-37
-3,-8,86,-45
-3,-8,87,-53
-3,-8,88,-61
-3,-8,89,-69
-3,-8,90,-77
-3,-8,91,35
-3,-8,92,27
-3,-8,93,19
-3,-8,94,11
-3,-8,95,3
-3,-8,96,-5
-3,-8,97,-13
-3,-8,98,-32
-3,-8,99,-40
-3,-8,100,-48
-3,-8,101,-56
-3,-8,102,-64
-3,-8,103,-72
-3,-8,104,-80
-3,-8,105,32
-3,-8,106,24
-3,-8,107,16
-3,-8,108,8
-3,-8,109,0
-3,-8,110,-8
-3,-8,111,-16
-3,-7,0,-10
-3,-7,1,-17
-3,-7,2,-24
-3,-7,3,-31
-3,-7,4,-38
-3,-7,5,-45
-3,-7,6,-52
-3,-7,7,46
-3,-7,8,39
-3,-7,9,32
-3,-7,10,25
-3,-7,11,18
-3,-7,12,11
-3,-7,13,4
-3,-7,14,-13
-3,-7,15,-20
-3,-7,16,-27
-3,-7,17,-34
-3,-7,18,-41
-3,-7,19,-48
-3,-7,20,-55
-3,-7,21,43
-3,-7,22,36
-3,-7,23,29
-3,-7,24,22
-3,-7,25,15
-3,-7,26,8
-3,-7,27,1
-3,-7,28,-16
-3,-7,29,-23
-3,-7,30,-30
-3,-7,31,-37
-3,-7,32,-44
-3,-7,33,-51
-3,-7,34,-58
-3,-7,35,40
-3,-7,36,33
-3,-7,37,26
-3,-7,38,19
-3,-7,39,12
-3,-7,40,5
-3,-7,41,-2
-3,-7,42,-19
-3,-7,43,-26
-3,-7,44,-33
-3,-7,45,-40
-3,-7,46,-47
-3,-7,47,-54
-3,-7,48,-61
-3,-7,49,37
-3,-7,50,30
-3,-7,51,23
-3,-7,52,16
-3,-7,53,9
-3,-7,54,2
-3,-7,55,-5
-3,-7,56,-22
-3,-7,57,-29
-3,-7,58,-36
-3,-7,59,-43
-3,-7,60,-50
-3,-7,61,-57
-3,-7,62,-64
-3,-7,63,34
-3,-7,64,27
-3,-7,65,20
-3,-7,66,13
-3,-7,67,6
-3,-7,68,-1
-3,-7,69,-8
-3,-7,70,-25
-3,-7,71,-32
-3,-7,72,-39
-3,-7,73,-46
-3,-7,74,-53
-3,-7,75,-60
-3,-7,76,-67
-3,-7,77,31
-3,-7,78,24
-3,-7,79,17
-3,-7,80,10
-3,-7,81,3
-3,-7,82,-4
-3,-7,83,-11
-3,-7,84,-28
-3,-7,85,-35
-3,-7,86,-42
-3,-7,87,-49
-3,-7,88,-56
-3,-7,89,-63
-3,-7,90,-70
-3,-7,91,28
-3,-7,92,21
-3,-7,93,14
-3,-7,94,7
-3,-7,95,0
-3,-7,96,-7
-3,-7,97,-14
-3,-7,98,-31
-3,-7,99,-38
-3,-7,100,-45
-3,-7,101,-52
-3,-7,102,-59
-3,-7,103,-66
-3,-7,104,-73
-3,-7,105,25
-3,-7,106,18
-3,-7,107,11
-3,-7,108,4
-3,-7,109,-3
-3,-7,110,-10
-3,-7,111,-17
-3,-6,0,-9
-3,-6,1,-15
-3,-6,2,-21
-3,-6,3,-27
-3,-6,4,-33
-3,-6,5,-39
-3,-6,6,-45
-3,-6,7,39
-3,-6,8,33
-3,-6,9,27
-3,-6,10,21
-3,-6,11,15
-3,-6,12,9
-3,-6,13,3
-3,-6,14,-12
-3,-6,15,-18
-3,-6,16,-24
-3,-6,17,-30
-3,-6,18,-36
-3,-6,19,-42
-3,-6,20,-48
-3,-6,21,36
-3,-6,22,30
-3,-6,23,24
-3,-6,24,18
-3,-6,25,12
-3,-6,26,6
-3,-6,27,0
-3,-6,28,-15
-3,-6,29,-21
-3,-6,30,-27
-3,-6,31,-33
-3,-6,32,-39
-3,-6,33,-45
-3,-6,34,-51
-3,-6,35,33
-3,-6,36,27
-3,-6,37,21
-3,-6,38,15
-3,-6,39,9
-3,-6,40,3
-3,-6,41,-3
-3,-6,42,-18
-3,-6,43,-24
-3,-6,44,-30
-3,-6,45,-36
-3,-6,46,-42
-3,-6,47,-48
-3,-6,48,-54
-3,-6,49,30
-3,-6,50,24
-3,-6,51,18
-3,-6,52,12
-3,-6,53,6
-3,-6,54,0
-3,-6,55,-6
-3,-6,56,-21
-3,-6,57,-27
-3,-6,58,-33
-3,-6,59,-39
-3,-6,60,-45
-3,-6,61,-51
-3,-6,62,-57
-3,-6,63,27
-3,-6,64,21
-3,-6,65,15
-3,-6,66,9
-3,-6,67,3
-3,-6,68,-3
-3,-6,69,-9
-3,-6,70,-24
-3,-6,71,-30
-3,-6,72,-36
-3,-6,73,-42
-3,-6,74,-48
-3,-6,75,-54
-3,-6,76,-60
-3,-6,77,24
-3,-6,78,18
-3,-6,79,12
-3,-6,80,6
-3,-6,81,0
-3,-6,82,-6
-3,-6,83,-12
-3,-6,84,-27
-3,-6,85,-33
-3,-6,86,-39
-3,-6,87,-45
-3,-6,88,-51
-3,-6,89,-57
-3,-6,90,-63
-3,-6,91,21
-3,-6,92,15
-3,-6,93,9
-3,-6,94,3
-3,-6,95,-3
-3,-6,96,-9
-3,-6,97,-15
-3,-6,98,-30
-3,-6,99,-36
-3,-6,100,-42
-3,-6,101,-48
-3,-6,102,-54
-3,-6,103,-60
-3,-6,104,-66
-3,-6,105,18
-3,-6,106,12
-3,-6,107,6
-3,-6,108,0
-3,-6,109,-6
-3,-6,110,-12
-3,-6,111,-18
-3,-5,0,-8
-3,-5,1,-13
-3,-5,2,-18
-3,-5,3,-23
-3,-5,4,-28
-3,-5,5,-33
-3,-5,6,-38
-3,-5,7,32
-3,-5,8,27
-3,-5,9,22
-3,-5,10,17
-3,-5,11,12
-3,-5,12,7
-3,-5,13,2
-3,-5,14,-11
-3,-5,15,-16
-3,-5,16,-21
-3,-5,17,-26
-3,-5,18,-31
-3,-5,19,-36
-3,-5,20,-41
-3,-5,21,29
-3,-5,22,24
-3,-5,23,19
-3,-5,24,14
-3,-5,25,9
-3,-5,26,4
-3,-5,27,-1
-3,-5,28,-14
-3,-5,29,-19
-3,-5,30,-24
-3,-5,31,-29
-3,-5,32,-34
-3,-5,33,-39
-3,-5,34,-44
-3,-5,35,26
-3,-5,36,21
-3,-5,37,16
-3,-5,38,11
-3,-5,39,6
-3,-5,40,1
-3,-5,41,-4
-3,-5,42,-17
-3,-5,43,-22
-3,-5,44,-27
-3,-5,45,-32
-3,-5,46,-37
-3,-5,47,-42
-3,-5,48,-47
-3,-5,49,23
-3,-5,50,18
-3,-5,51,13
-3,-5,52,8
-3,-5,53,3
-3,-5,54,-2
-3,-5,55,-7
-3,-5,56,-20
-3,-5,57,-25
-3,-5,58,-30
-3,-5,59,-35
-3,-5,60,-40
-3,-5,61,-45
-3,-5,62,-50
-3,-5,63,20
-3,-5,64,15
-3,-5,65,10
-3,-5,66,5
-3,-5,67,0
-3,-5,68,-5
-3,-5,69,-10
-3,-5,70,-23
-3,-5,71,-28
-3,-5,72,-33
-3,-5,73,-38
-3,-5,74,-43
-3,-5,75,-48
-3,-5,76,-53
-3,-5,77,17
-3,-5,78,12
-3,-5,79,7
-3,-5,80,2
-3,-5,81,-3
-3,-5,82,-8
-3,-5,83,-13
-3,-5,84,-26
-3,-5,85,-31
-3,-5,86,-36
-3,-5,87,-41
-3,-5,88,-46
-3,-5,89,-51
-3,-5,90,-56
-3,-5,91,14
-3,-5,92,9
-3,-5,93,4
-3,-5,94,-1
-3,-5,95,-6
-3,-5,96,-11
-3,-5,97,-16
-3,-5,98,-29
-3,-5,99,-34
-3,-5,100,-39
-3,-5,101,-44
-3,-5,102,-49
-3,-5,103,-54
-3,-5,104,-59
-3,-5,105,11
-3,-5,106,6
-3,-5,107,1
-3,-5,108,-4
-3,-5,109,-9
-3,-5,110,-14
-3,-5,111,-19
-3,-4,0,-7
-3,-4,1,-11
-3,-4,2,-15
-3,-4,3,-19
-3,-4,4,-23
-3,-4,5,-27
-3,-4,6,-31
-3,-4,7,25
-3,-4,8,21
-3,-4,9,17
-3,-4,10,13
-3,-4,11,9
-3,-4,12,5
-3,-4,13,1
-3,-4,14,-10
-3,-4,15,-14
-3,-4,16,-18
-3,-4,17,-22
-3,-4,18,-26
-3,-4,19,-30
-3,-4,20,-34
-3,-4,21,22
-3,-4,22,18
-3,-4,23,14
-3,-4,24,10
-3,-4,25,6
-3,-4,26,2
-3,-4,27,-2
-3,-4,28,-13
-3,-4,29,-17
-3,-4,30,-21
-3,-4,31,-25
-3,-4,32,-29
-3,-4,33,-33
-3,-4,34,-37
-3,-4,35,19
-3,-4,36,15
-3,-4,37,11
-3,-4,38,7
-3,-4,39,3
-3,-4,40,-1
-3,-4,41,-5
-3,-4,42,-16
-3,-4,43,-20
-3,-4,44,-24
-3,-4,45,-28
-3,-4,46,-32
-3,-4,47,-36
-3,-4,48,-40
-3,-4,49,16
-3,-4,50,12
-3,-4,51,8
-3,-4,52,4
-3,-4,53,0
-3,-4,54,-4
-3,-4,55,-8
-3,-4,56,-19
-3,-4,57,-23
-3,-4,58,-27
-3,-4,59,-31
-3,-4,60,-35
-3,-4,61,-39
-3,-4,62,-43
-3,-4,63,13
-3,-4,64,9
-3,-4,65,5
-3,-4,66,1
-3,-4,67,-3
-3,-4,68,-7
-3,-4,69,-11
-3,-4,70,-22
-3,-4,71,-26
-3,-4,72,-30
-3,-4,73,-34
-3,-4,74,-38
-3,-4,75,-42
-3,-4,76,-46
-3,-4,77,10
-3,-4,78,6
-3,-4,79,2
-3,-4,80,-2
-3,-4,81,-6
-3,-4,82,-10
-3,-4,83,-14
-3,-4,84,-25
-3,-4,85,-29
-3,-4,86,-33
-3,-4,87,-37
-3,-4,88,-41
-3,-4,89,-45
-3,-4,90,-49
-3,-4,91,7
-3,-4,92,3
-3,-4,93,-1
-3,-4,94,-5
-3,-4,95,-9
-3,-4,96,-13
-3,-4,97,-17
-3,-4,98,-28
-3,-4,99,-32
-3,-4,100,-36
-3,-4,101,-40
-3,-4,102,-44
-3,-4,103,-48
-3,-4,104,-52
-3,-4,105,4
-3,-4,106,0
-3,-4,107,-4
-3,-4,108,-8
-3,-4,109,-12
-3,-4,110,-16
-3,-4,111,-20
-3,-3,0,-6
-3,-3,1,-9
-3,-3,2,-12
-3,-3,3,-15
-3,-3,4,-18
-3,-3,5,-21
-3,-3,6,-24
-3,-3,7,18
-3,-3,8,15
-3,-3,9,12
-3,-3,10,9
-3,-3,11,6
-3,-3,12,3
-3,-3,13,0
-3,-3,14,-9
-3,-3,15,-12
-3,-3,16,-15
-3,-3,17,-18
-3,-3,18,-21
-3,-3,19,-24
-3,-3,20,-27
-3,-3,21,15
-3,-3,22,12
-3,-3,23,9
-3,-3,24,6
-3,-3,25,3
-3,-3,26,0
-3,-3,27,-3
-3,-3,28,-12
-3,-3,29,-15
-3,-3,30,-18
-3,-3,31,-21
-3,-3,32,-24
-3,-3,33,-27
-3,-3,34,-30
-3,-3,35,12
-3,-3,36,9
-3,-3,37,6
-3,-3,38,3
-3,-3,39,0
-3,-3,40,-3
-3,-3,41,-6
-3,-3,42,-15
-3,-3,43,-18
-3,-3,44,-21
-3,-3,45,-24
-3,-3,46,-27
-3,-3,47,-30
-3,-3,48,-33
-3,-3,49,9
-3,-3,50,6
-3,-3,51,3
-3,-3,52,0
-3,-3,53,-3
-3,-3,54,-6
-3,-3,55,-9
-3,-3,56,-18
-3,-3,57,-21
-3,-3,58,-24
-3,-3,59,-27
-3,-3,60,-30
-3,-3,61,-33
-3,-3,62,-36
-3,-3,63,6
-3,-3,64,3
-3,-3,65,0
-3,-3,66,-3
-3,-3,67,-6
-3,-3,68,-9
-3,-3,69,-12
-3,-3,70,-21
-3,-3,71,-24
-3,-3,72,-27
-3,-3,73,-30
-3,-3,74,-33
-3,-3,75,-36
-3,-3,76,-39
-3,-3,77,3
-3,-3,78,0
-3,-3,79,-3
-3,-3,80,-6
-3,-3,81,-9
-3,-3,82,-12
-3,-3,83,-15
-3,-3,84,-24
-3,-3,85,-27
-3,-3,86,-30
-3,-3,87,-33
-3,-3,88,-36
-3,-3,89,-39
-3,-3,90,-42
-3,-3,91,0
-3,-3,92,-3
-3,-3,93,-6
-3,-3,94,-9
-3,-3,95,-12
-3,-3,96,-15
-3,-3,97,-18
-3,-3,98,-27
-3,-3,99,-30
-3,-3,100,-33
-3,-3,101,-36
-3,-3,102,-39
-3,-3,103,-42
-3,-3,104,-45
-3,-3,105,-3
-3,-3,106,-6
-3,-3,107,-9
-3,-3,108,-12
-3,-3,109,-15
-3,-3,110,-18
-3,-3,111,-21
-3,-2,0,-5
-3,-2,1,-7
-3,-2,2,-9
-3,-2,3,-11
-3,-2,4,-13
-3,-2,5,-15
-3,-2,6,-17
-3,-2,7,11
-3,-2,8,9
-3,-2,9,7
-3,-2,10,5
-3,-2,11,3
-3,-2,12,1
-3,-2,13,-1
-3,-2,14,-8
-3,-2,15,-10
-3,-2,16,-12
-3,-2,17,-14
-3,-2,18,-16
-3,-2,19,-18
-3,-2,20,-20
-3,-2,21,8
-3,-2,22,6
-3,-2,23,4
-3,-2,24,2
-3,-2,25,0
-3,-2,26,-2
-3,-2,27,-4
-3,-2,28,-11
-3,-2,29,-13
-3,-2,30,-15
-3,-2,31,-17
-3,-2,32,-19
-3,-2,33,-21
-3,-2,34,-23
-3,-2,35,5
-3,-2,36,3
-3,-2,37,1
-3,-2,38,-1
-3,-2,39,-3
-3,-2,40,-5
-3,-2,41,-7
-3,-2,42,-14
-3,-2,43,-16
-3,-2,44,-18
-3,-2,45,-20
-3,-2,46,-22
-3,-2,47,-24
-3,-2,48,-26
-3,-2,49,2
-3,-2,50,0
-3,-2,51,-2
-3,-2,52,-4
-3,-2,53,-6
-3,-2,54,-8
-3,-2,55,-10
-3,-2,56,-17
-3,-2,57,-19
-3,-2,58,-21
-3,-2,59,-23
-3,-2,60,-25
-3,-2,61,-27
-3,-2,62,-29
-3,-2,63,-1
-3,-2,64,-3
-3,-2,65,-5
-3,-2,66,-7
-3,-2,67,-9
-3,-2,68,-11
-3,-2,69,-13
-3,-2,70,-20
-3,-2,71,-22
-3,-2,72,-24
-3,-2,73,-26
-3,-2,74,-28
-3,-2,75,-30
-3,-2,76,-32
-3,-2,77,-4
-3,-2,78,-6
-3,-2,79,-8
-3,-2,80,-10
-3,-2,81,-12
-3,-2,82,-14
-3,-2,83,-16
-3,-2,84,-23
-3,-2,85,-25
-3,-2,86,-27
-3,-2,87,-29
-3,-2,88,-31
-3,-2,89,-33
-3,-2,90,-35
-3,-2,91,-7
-3,-2,92,-9
-3,-2,93,-11
-3,-2,94,-13
-3,-2,95,-15
-3,-2,96,-17
-3,-2,97,-19
-3,-2,98,-26
-3,-2,99,-28
-3,-2,100,-30
-3,-2,101,-32
-3,-2,102,-34
-3,-2,103,-36
-3,-2,104,-38
-3,-2,105,-10
-3,-2,106,-12
-3,-2,107,-14
-3,-2,108,-16
-3,-2,109,-18
-3,-2,110,-20
-3,-2,111,-22
-3,-1,0,-4
-3,-1,1,-5
-3,-1,2,-6
-3,-1,3,-7
-3,-1,4,-8
-3,-1,5,-9
-3,-1,6,-10
-3,-1,7,4
-3,-1,8,3
-3,-1,9,2
-3,-1,10,1
-3,-1,11,0
-3,-1,12,-1
-3,-1,13,-2
-3,-1,14,-7
-3,-1,15,-8
-3,-1,16,-9
-3,-1,17,-10
-3,-1,18,-11
-3,-1,19,-12
-3,-1,20,-13
-3,-1,21,1
-3,-1,22,0
-3,-1,23,-1
-3,-1,24,-2
-3,-1,25,-3
-3,-1,26,-4
-3,-1,27,-5
-3,-1,28,-10
-3,-1,29,-11
-3,-1,30,-12
-3,-1,31,-13
-3,-1,32,-14
-3,-1,33,-15
-3,-1,34,-16
-3,-1,35,-2
-3,-1,36,-3
-3,-1,37,-4
-3,-1,38,-5
-3,-1,39,-6
-3,-1,40,-7
-3,-1,41,-8
-3,-1,42,-13
-3,-1,43,-14
-3,-1,44,-15
-3,-1,45,-16
-3,-1,46,-17
-3,-1,47,-18
-3,-1,48,-19
-3,-1,49,-5
-3,-1,50,-6
-3,-1,51,-7
-3,-1,52,-8
-3,-1,53,-9
-3,-1,54,-10
-3,-1,55,-11
-3,-1,56,-16
-3,-1,57,-17
-3,-1,58,-18
-3,-1,59,-19
-3,-1,60,-20
-3,-1,61,-21
-3,-1,62,-22
-3,-1,63,-8
-3,-1,64,-9
-3,-1,65,-10
-3,-1,66,-11
-3,-1,67,-12
-3,-1,68,-13
-3,-1,69,-14
-3,-1,70,-19
-3,-1,71,-20
-3,-1,72,-21
-3,-1,73,-22
-3,-1,74,-23
-3,-1,75,-24
-3,-1,76,-25
-3,-1,77,-11
-3,-1,78,-12
-3,-1,79,-13
-3,-1,80,-14
-3,-1,81,-15
-3,-1,82,-16
-3,-1,83,-17
-3,-1,84,-22
-3,-1,85,-23
-3,-1,86,-24
-3,-1,87,-25
-3,-1,88,-26
-3,-1,89,-27
-3,-1,90,-28
-3,-1,91,-14
-3,-1,92,-15
-3,-1,93,-16
-3,-1,94,-17
-3,-1,95,-18
-3,-1,96,-19
-3,-1,97,-20
-3,-1,98,-25
-3,-1,99,-26
-3,-1,100,-27
-3,-1,101,-28
-3,-1,102,-29
-3,-1,103,-30
-3,-1,104,-31
-3,-1,105,-17
-3,-1,106,-18
-3,-1,107,-19
-3,-1,108,-20
-3,-1,109,-21
-3,-1,110,-22
-3,-1,111,-23
-3,0,0,-3
-3,0,1,-3
-3,0,2,-3
-3,0,3,-3
-3,0,4,-3
-3,0,5,-3
-3,0,6,-3
-3,0,7,-3
-3,0,8,-3
-3,0,9,-3
-3,0,10,-3
-3,0,11,-3
-3,0,12,-3
-3,0,13,-3
-3,0,14,-6
-3,0,15,-6
-3,0,16,-6
-3,0,17,-6
-3,0,18,-6
-3,0,19,-6
-3,0,20,-6
-3,0,21,-6
-3,0,22,-6
-3,0,23,-6
-3,0,24,-6
-3,0,25,-6
-3,0,26,-6
-3,0,27,-6
-3,0,28,-9
-3,0,29,-9
-3,0,30,-9
-3,0,31,-9
-3,0,32,-9
-3,0,33,-9
-3,0,34,-9
-3,0,35,-9
-3,0,36,-9
-3,0,37,-9
-3,0,38,-9
-3,0,39,-9
-3,0,40,-9
-3,0,41,-9
-3,0,42,-12
-3,0,43,-12
-3,0,44,-12
-3,0,45,-12
-3,0,46,-12
-3,0,47,-12
-3,0,48,-12
-3,0,49,-12
-3,0,50,-12
-3,0,51,-12
-3,0,52,-12
-3,0,53,-12
-3,0,54,-12
-3,0,55,-12
-3,0,56,-15
-3,0,57,-15
-3,0,58,-15
-3,0,59,-15
-3,0,60,-15
-3,0,61,-15
-3,0,62,-15
-3,0,63,-15
-3,0,64,-15
-3,0,65,-15
-3,0,66,-15
-3,0,67,-15
-3,0,68,-15
-3,0,69,-15
-3,0,70,-18
-3,0,71,-18
-3,0,72,-18
-3,0,73,-18
-3,0,74,-18
-3,0,75,-18
-3,0,76,-18
-3,0,77,-18
-3,0,78,-18
-3,0,79,-18
-3,0,80,-18
-3,0,81,-18
-3,0,82,-18
-3,0,83,-18
-3,0,84,-21
-3,0,85,-21
-3,0,86,-21
-3,0,87,-21
-3,0,88,-21
-3,0,89,-21
-3,0,90,-21
-3,0,91,-21
-3,0,92,-21
-3,0,93,-21
-3,0,94,-21
-3,0,95,-21
-3,0,96,-21
-3,0,97,-21
-3,0,98,-24
-3,0,99,-24
-3,0,100,-24
-3,0,101,-24
-3,0,102,-24
-3,0,103,-24
-3,0,104,-24
-3,0,105,-24
-3,0,106,-24
-3,0,107,-24
-3,0,108,-24
-3,0,109,-24
-3,0,110,-24
-3,0,111,-24
-3,1,0,-2
-3,1,1,-1
-3,1,2,0
-3,1,3,1
-3,1,4,2
-3,1,5,3
-3,1,6,4
-3,1,7,-10
-3,1,8,-9
-3,1,9,-8
-3,1,10,-7
-3,1,11,-6
-3,1,12,-5
-3,1,13,-4
-3,1,14,-5
-3,1,15,-4
-3,1,16,-3
-3,1,17,-2
-3,1,18,-1
-3,1,19,0
-3,1,20,1
-3,1,21,-13
-3,1,22,-12
-3,1,23,-11
-3,1,24,-10
-3,1,25,-9
-3,1,26,-8
-3,1,27,-7
-3,1,28,-8
-3,1,29,-7
-3,1,30,-6
-3,1,31,-5
-3,1,32,-4
-3,1,33,-3
-3,1,34,-2
-3,1,35,-16
-3,1,36,-15
-3,1,37,-14
-3,1,38,-13
-3,1,39,-12
-3,1,40,-11
-3,1,41,-10
-3,1,42,-11
-3,1,43,-10
-3,1,44,-9
-3,1,45,-8
-3,1,46,-7
-3,1,47,-6
-3,1,48,-5
-3,1,49,-19
-3,1,50,-18
-3,1,51,-17
-3,1,52,-16
-3,1,53,-15
-3,1,54,-14
-3,1,55,-13
-3,1,56,-14
-3,1,57,-13
-3,1,58,-12
-3,1,59,-11
-3,1,60,-10
-3,1,61,-9
-3,1,62,-8
-3,1,63,-22
-3,1,64,-21
-3,1,65,-20
-3,1,66,-19
-3,1,67,-18
-3,1,68,-17
-3,1,69,-16
-3,1,70,-17
-3,1,71,-16
-3,1,72,-15
-3,1,73,-14
-3,1,74,-13
-3,1,75,-12
-3,1,76,-11
-3,1,77,-25
-3,1,78,-24
-3,1,79,-23
-3,1,80,-22
-3,1,81,-21
-3,1,82,-20
-3,1,83,-19
-3,1,84,-20
-3,1,85,-19
-3,1,86,-18
-3,1,87,-17
-3,1,88,-16
-3,1,89,-15
-3,1,90,-14
-3,1,91,-28
-3,1,92,-27
-3,1,93,-26
-3,1,94,-25
-3,1,95,-24
-3,1,96,-23
-3,1,97,-22
-3,1,98,-23
-3,1,99,-22
-3,1,100,-21
-3,1,101,-20
-3,1,102,-19
-3,1,103,-18
-3,1,104,-17
-3,1,105,-31
-3,1,106,-30
-3,1,107,-29
-3,1,108,-28
-3,1,109,-27
-3,1,110,-26
-3,1,111,-25
-3,2,0,-1
-3,2,1,1
-3,2,2,3
-3,2,3,5
-3,2,4,7
-3,2,5,9
-3,2,6,11
-3,2,7,-17
-3,2,8,-15
-3,2,9,-13
-3,2,10,-11
-3,2,11,-9
-3,2,12,-7
-3,2,13,-5
-3,2,14,-4
-3,2,15,-2
-3,2,16,0
-3,2,17,2
-3,2,18,4
-3,2,19,6
-3,2,20,8
-3,2,21,-20
-3,2,22,-18
-3,2,23,-16
-3,2,24,-14
-3,2,25,-12
-3,2,26,-10
-3,2,27,-8
-3,2,28,-7
-3,2,29,-5
-3,2,30,-3
-3,2,31,-1
-3,2,32,1
-3,2,33,3
-3,2,34,5
-3,2,35,-23
-3,2,36,-21
-3,2,37,-19
-3,2,38,-17
-3,2,39,-15
-3,2,40,-13
-3,2,41,-11
-3,2,42,-10
-3,2,43,-8
-3,2,44,-6
-3,2,45,-4
-3,2,46,-2
-3,2,47,0
-3,2,48,2
-3,2,49,-26
-3,2,50,-24
-3,2,51,-22
-3,2,52,-20
-3,2,53,-18
-3,2,54,-16
-3,2,55,-14
-3,2,56,-13
-3,2,57,-11
-3,2,58,-9
-3,2,59,-7
-3,2,60,-5
-3,2,61,-3
-3,2,62,-1
-3,2,63,-29
-3,2,64,-27
-3,2,65,-25
-3,2,66,-23
-3,2,67,-21
-3,2,68,-19
-3,2,69,-17
-3,2,70,-16
-3,2,71,-14
-3,2,72,-12
-3,2,73,-10
-3,2,74,-8
-3,2,75,-6
-3,2,76,-4
-3,2,77,-32
-3,2,78,-30
-3,2,79,-28
-3,2,80,-26
-3,2,81,-24
-3,2,82,-22
-3,2,83,-20
-3,2,84,-19
-3,2,85,-17
-3,2,86,-15
-3,2,87,-13
-3,2,88,-11
-3,2,89,-9
-3,2,90,-7
-3,2,91,-35
-3,2,92,-33
-3,2,93,-31
-3,2,94,-29
-3,2,95,-27
-3,2,96,-25
-3,2,97,-23
-3,2,98,-22
-3,2,99,-20
-3,2,100,-18
-3,2,101,-16
-3,2,102,-14
-3,2,103,-12
-3,2,104,-10
-3,2,105,-38
-3,2,106,-36
-3,2,107,-34
-3,2,108,-32
-3,2,109,-30
-3,2,110,-28
-3,2,111,-26
-3,3,0,0
-3,3,1,3
-3,3,2,6
-3,3,3,9
-3,3,4,12
-3,3,5,15
-3,3,6,18
-3,3,7,-24
-3,3,8,-21
-3,3,9,-18
-3,3,10,-15
-3,3,11,-12
-3,3,12,-9
-3,3,13,-6
-3,3,14,-3
-3,3,15,0
-3,3,16,3
-3,3,17,6
-3,3,18,9
-3,3,19,12
-3,3,20,15
-3,3,21,-27
-3,3,22,-24
-3,3,23,-21
-3,3,24,-18
-3,3,25,-15
-3,3,26,-12
-3,3,27,-9
-3,3,28,-6
-3,3,29,-3
-3,3,30,0
-3,3,31,3
-3,3,32,6
-3,3,33,9
-3,3,34,12
-3,3,35,-30
-3,3,36,-27
-3,3,37,-24
-3,3,38,-21
-3,3,39,-18
-3,3,40,-15
-3,3,41,-12
-3,3,42,-9
-3,3,43,-6
-3,3,44,-3
-3,3,45,0
-3,3,46,3
-3,3,47,6
-3,3,48,9
-3,3,49,-33
-3,3,50,-30
-3,3,51,-27
-3,3,52,-24
-3,3,53,-21
-3,3,54,-18
-3,3,55,-15
-3,3,56,-12
-3,3,57,-9
-3,3,58,-6
-3,3,59,-3
-3,3,60,0
-3,3,61,3
-3,3,62,6
-3,3,63,-36
-3,3,64,-33
-3,3,65,-30
-3,3,66,-27
-3,3,67,-24
-3,3,68,-21
-3,3,69,-18
-3,3,70,-15
-3,3,71,-12
-3,3,72,-9
-3,3,73,-6
-3,3,74,-3
-3,3,75,0
-3,3,76,3
-3,3,77,-39
-3,3,78,-36
-3,3,79,-33
-3,3,80,-30
-3,3,81,-27
-3,3,82,-24
-3,3,83,-21
-3,3,84,-18
-3,3,85,-15
-3,3,86,-12
-3,3,87,-9
-3,3,88,-6
-3,3,89,-3
-3,3,90,0
-3,3,91,-42
-3,3,92,-39
-3,3,93,-36
-3,3,94,-33
-3,3,95,-30
-3,3,96,-27
-3,3,97,-24
-3,3,98,-21
-3,3,99,-18
-3,3,100,-15
-3,3,101,-12
-3,3,102,-9
-3,3,103,-6
-3,3,104,-3
-3,3,105,-45
-3,3,106,-42
-3,3,107,-39
-3,3,108,-36
-3,3,109,-33
-3,3,110,-30
-3,3,111,-27
-3,4,0,1
-3,4,1,5
-3,4,2,9
-3,4,3,13
-3,4,4,17
-3,4,5,21
-3,4,6,25
-3,4,7,-31
-3,4,8,-27
-3,4,9,-23
-3,4,10,-19
-3,4,11,-15
-3,4,12,-11
-3,4,13,-7
-3,4,14,-2
-3,4,15,2
-3,4,16,6
-3,4,17,10
-3,4,18,14
-3,4,19,18
-3,4,20,22
-3,4,21,-34
-3,4,22,-30
-3,4,23,-26
-3,4,24,-22
-3,4,25,-18
-3,4,26,-14
-3,4,27,-10
-3,4,28,-5
-3,4,29,-1
-3,4,30,3
-3,4,31,7
-3,4,32,11
-3,4,33,15
-3,4,34,19
-3,4,35,-37
-3,4,36,-33
-3,4,37,-29
-3,4,38,-25
-3,4,39,-21
-3,4,40,-17
-3,4,41,-13
-3,4,42,-8
-3,4,43,-4
-3,4,44,0
-3,4,45,4
-3,4,46,8
-3,4,47,12
-3,4,48,16
-3,4,49,-40
-3,4,50,-36
-3,4,51,-32
-3,4,52,-28
-3,4,53,-24
-3,4,54,-20
-3,4,55,-16
-3,4,56,-11
-3,4,57,-7
-3,4,58,-3
-3,4,59,1
-3,4,60,5
-3,4,61,9
-3,4,62,13
-3,4,63,-43
-3,4,64,-39
-3,4,65,-35
-3,4,66,-31
-3,4,67,-27
-3,4,68,-23
-3,4,69,-19
-3,4,70,-14
-3,4,71,-10
-3,4,72,-6
-3,4,73,-2
-3,4,74,2
-3,4,75,6
-3,4,76,10
-3,4,77,-46
-3,4,78,-42
-3,4,79,-38
-3,4,80,-34
-3,4,81,-30
-3,4,82,-26
-3,4,83,-22
-3,4,84,-17
-3,4,85,-13
-3,4,86,-9
-3,4,87,-5
-3,4,88,-1
-3,4,89,3
-3,4,90,7
-3,4,91,-49
-3,4,92,-45
-3,4,93,-41
-3,4,94,-37
-3,4,95,-33
-3,4,96,-29
-3,4,97,-25
-3,4,98,-20
-3,4,99,-16
-3,4,100,-12
-3,4,101,-8
-3,4,102,-4
-3,4,103,0
-3,4,104,4
-3,4,105,-52
-3,4,106,-48
-3,4,107,-44
-3,4,108,-40
-3,4,109,-36
-3,4,110,-32
-3,4,111,-28
-3,5,0,2
-3,5,1,7
-3,5,2,12
-3,5,3,17
-3,5,4,22
-3,5,5,27
-3,5,6,32
-3,5,7,-38
-3,5,8,-33
-3,5,9,-28
-3,5,10,-23
-3,5,11,-18
-3,5,12,-13
-3,5,13,-8
-3,5,14,-1
-3,5,15,4
-3,5,16,9
-3,5,17,14
-3,5,18,19
-3,5,19,24
-3,5,20,29
-3,5,21,-41
-3,5,22,-36
-3,5,23,-31
-3,5,24,-26
-3,5,25,-21
-3,5,26,-16
-3,5,27,-11
-3,5,28,-4
-3,5,29,1
-3,5,30,6
-3,5,31,11
-3,5,32,16
-3,5,33,21
-3,5,34,26
-3,5,35,-44
-3,5,36,-39
-3,5,37,-34
-3,5,38,-29
-3,5,39,-24
-3,5,40,-19
-3,5,41,-14
-3,5,42,-7
-3,5,43,-2
-3,5,44,3
-3,5,45,8
-3,5,46,13
-3,5,47,18
-3,5,48,23
-3,5,49,-47
-3,5,50,-42
-3,5,51,-37
-3,5,52,-32
-3,5,53,-27
-3,5,54,-22
-3,5,55,-17
-3,5,56,-10
-3,5,57,-5
-3,5,58,0
-3,5,59,5
-3,5,60,10
-3,5,61,15
-3,5,62,20
-3,5,63,-50
-3,5,64,-45
-3,5,65,-40
-3,5,66,-35
-3,5,67,-30
-3,5,68,-25
-3,5,69,-20
-3,5,70,-13
-3,5,71,-8
-3,5,72,-3
-3,5,73,2
-3,5,74,7
-3,5,75,12
-3,5,76,17
-3,5,77,-53
-3,5,78,-48
-3,5,79,-43
-3,5,80,-38
-3,5,81,-33
-3,5,82,-28
-3,5,83,-23
-3,5,84,-16
-3,5,85,-11
-3,5,86,-6
-3,5,87,-1
-3,5,88,4
-3,5,89,9
-3,5,90,14
-3,5,91,-56
-3,5,92,-51
-3,5,93,-46
-3,5,94,-41
-3,5,95,-36
-3,5,96,-31
-3,5,97,-26
-3,5,98,-19
-3,5,99,-14
-3,5,100,-9
-3,5,101,-4
-3,5,102,1
-3,5,103,6
-3,5,104,11
-3,5,105,-59
-3,5,106,-54
-3,5,107,-49
-3,5,108,-44
-3,5,109,-39
-3,5,110,-34
-3,5,111,-29
-3,6,0,3
-3,6,1,9
-3,6,2,15
-3,6,3,21
-3,6,4,27
-3,6,5,33
-3,6,6,39
-3,6,7,-45
-3,6,8,-39
-3,6,9,-33
-3,6,10,-27
-3,6,11,-21
-3,6,12,-15
-3,6,13,-9
-3,6,14,0
-3,6,15,6
-3,6,16,12
-3,6,17,18
-3,6,18,24
-3,6,19,30
-3,6,20,36
-3,6,21,-48
-3,6,22,-42
-3,6,23,-36
-3,6,24,-30
-3,6,25,-24
-3,6,26,-18
-3,6,27,-12
-3,6,28,-3
-3,6,29,3
-3,6,30,9
-3,6,31,15
-3,6,32,21
-3,6,33,27
-3,6,34,33
-3,6,35,-51
-3,6,36,-45
-3,6,37,-39
-3,6,38,-33
-3,6,39,-27
-3,6,40,-21
-3,6,41,-15
-3,6,42,-6
-3,6,43,0
-3,6,44,6
-3,6,45,12
-3,6,46,18
-3,6,47,24
-3,6,48,30
-3,6,49,-54
-3,6,50,-48
-3,6,51,-42
-3,6,52,-36
-3,6,53,-30
-3,6,54,-24
-3,6,55,-18
-3,6,56,-9
-3,6,57,-3
-3,6,58,3
-3,6,59,9
-3,6,60,15
-3,6,61,21
-3,6,62,27
-3,6,63,-57
-3,6,64,-51
-3,6,65,-45
-3,6,66,-39
-3,6,67,-33
-3,6,68,-27
-3,6,69,-21
-3,6,70,-12
-3,6,71,-6
-3,6,72,0
-3,6,73,6
-3,6,74,12
-3,6,75,18
-3,6,76,24
-3,6,77,-60
-3,6,78,-54
-3,6,79,-48
-3,6,80,-42
-3,6,81,-36
-3,6,82,-30
-3,6,83,-24
-3,6,84,-15
-3,6,85,-9
-3,6,86,-3
-3,6,87,3
-3,6,88,9
-3,6,89,15
-3,6,90,21
-3,6,91,-63
-3,6,92,-57
-3,6,93,-51
-3,6,94,-45
-3,6,95,-39
-3,6,96,-33
-3,6,97,-27
-3,6,98,-18
-3,6,99,-12
-3,6,100,-6
-3,6,101,0
-3,6,102,6
-3,6,103,12
-3,6,104,18
-3,6,105,-66
-3,6,106,-60
-3,6,107,-54
-3,6,108,-48
-3,6,109,-42
-3,6,110,-36
-3,6,111,-30
-3,7,0,4
-3,7,1,11
-3,7,2,18
-3,7,3,25
-3,7,4,32
-3,7,5,39
-3,7,6,46
-3,7,7,-52
-3,7,8,-45
-3,7,9,-38
-3,7,10,-31
-3,7,11,-24
-3,7,12,-17
-3,7,13,-10
-3,7,14,1
-3,7,15,8
-3,7,16,15
-3,7,17,22
-3,7,18,29
-3,7,19,36
-3,7,20,43
-3,7,21,-55
-3,7,22,-48
-3,7,23,-41
-3,7,24,-34
-3,7,25,-27
-3,7,26,-20
-3,7,27,-13
-3,7,28,-2
-3,7,29,5
-3,7,30,12
-3,7,31,19
-3,7,32,26
-3,7,33,33
-3,7,34,40
-3,7,35,-58
-3,7,36,-51
-3,7,37,-44
-3,7,38,-37
-3,7,39,-30
-3,7,40,-23
-3,7,41,-16
-3,7,42,-5
-3,7,43,2
-3,7,44,9
-3,7,45,16
-3,7,46,23
-3,7,47,30
-3,7,48,37
-3,7,49,-61
-3,7,50,-54
-3,7,51,-47
-3,7,52,-40
-3,7,53,-33
-3,7,54,-26
-3,7,55,-19
-3,7,56,-8
-3,7,57,-1
-3,7,58,6
-3,7,59,13
-3,7,60,20
-3,7,61,27
-3,7,62,34
-3,7,63,-64
-3,7,64,-57
-3,7,65,-50
-3,7,66,-43
-3,7,67,-36
-3,7,68,-29
-3,7,69,-22
-3,7,70,-11
-3,7,71,-4
-3,7,72,3
-3,7,73,10
-3,7,74,17
-3,7,75,24
-3,7,76,31
-3,7,77,-67
-3,7,78,-60
-3,7,79,-53
-3,7,80,-46
-3,7,81,-39
-3,7,82,-32
-3,7,83,-25
-3,7,84,-14
-3,7,85,-7
-3,7,86,0
-3,7,87,7
-3,7,88,14
-3,7,89,21
-3,7,90,28
-3,7,91,-70
-3,7,92,-63
-3,7,93,-56
-3,7,94,-49
-3,7,95,-42
-3,7,96,-35
-3,7,97,-28
-3,7,98,-17
-3,7,99,-10
-3,7,100,-3
-3,7,101,4
-3,7,102,11
-3,7,103,18
-3,7,104,25
-3,7,105,-73
-3,7,106,-66
-3,7,107,-59
-3,7,108,-52
-3,7,109,-45
-3,7,110,-38
-3,7,111,-31
-2,-8,0,-10
-2,-8,1,-18
-2,-8,2,-26
-2,-8,3,-34
-2,-8,4,-42
-2,-8,5,-50
-2,-8,6,-58
-2,-8,7,54
-2,-8,8,46
-2,-8,9,38
-2,-8,10,30
-2,-8,11,22
-2,-8,12,14
-2,-8,13,6
-2,-8,14,-12
-2,-8,15,-20
-2,-8,16,-28
-2,-8,17,-36
-2,-8,18,-44
-2,-8,19,-52
-2,-8,20,-60
-2,-8,21,52
-2,-8,22,44
-2,-8,23,36
-2,-8,24,28
-2,-8,25,20
-2,-8,26,12
-2,-8,27,4
-2,-8,28,-14
-2,-8,29,-22
-2,-8,30,-30
-2,-8,31,-38
-2,-8,32,-46
-2,-8,33,-54
-2,-8,34,-62
-2,-8,35,50
-2,-8,36,42
-2,-8,37,34
-2,-8,38,26
-2,-8,39,18
-2,-8,40,10
-2,-8,41,2
-2,-8,42,-16
-2,-8,43,-24
-2,-8,44,-32
-2,-8,45,-40
-2,-8,46,-48
-2,-8,47,-56
-2,-8,48,-64
-2,-8,49,48
-2,-8,50,40
-2,-8,51,32
-2,-8,52,24
-2,-8,53,16
-2,-8,54,8
-2,-8,55,0
-2,-8,56,-18
-2,-8,57,-26
-2,-8,58,-34
-2,-8,59,-42
-2,-8,60,-50
-2,-8,61,-58
-2,-8,62,-66
-2,-8,63,46
-2,-8,64,38
-2,-8,65,30
-2,-8,66,22
-2,-8,67,14
-2,-8,68,6
-2,-8,69,-2
-2,-8,70,-20
-2,-8,71,-28
-2,-8,72,-36
-2,-8,73,-44
-2,-8,74,-52
-2,-8,75,-60
-2,-8,76,-68
-2,-8,77,44
-2,-8,78,36
-2,-8,79,28
-2,-8,80,20
-2,-8,81,12
-2,-8,82,4
-2,-8,83,-4
-2,-8,84,-22
-2,-8,85,-30
-2,-8,86,-38
-2,-8,87,-46
-2,-8,88,-54
-2,-8,89,-62
-2,-8,90,-70
-2,-8,91,42
-2,-8,92,34
-2,-8,93,26
-2,-8,94,18
-2,-8,95,10
-2,-8,96,2
-2,-8,97,-6
-2,-8,98,-24
-2,-8,99,-32
-2,-8,100,-40
-2,-8,101,-48
-2,-8,102,-56
-2,-8,103,-64
-2,-8,104,-72
-2,-8,105,40
-2,-8,106,32
-2,-8,107,24
-2,-8,108,16
-2,-8,109,8
-2,-8,110,0
-2,-8,111,-8
-2,-7,0,-9
-2,-7,1,-16
-2,-7,2,-23
-2,-7,3,-30
-2,-7,4,-37
-2,-7,5,-44
-2,-7,6,-51
-2,-7,7,47
-2,-7,8,40
-2,-7,9,33
-2,-7,10,26
-2,-7,11,19
-2,-7,12,12
-2,-7,13,5
-2,-7,14,-11
-2,-7,15,-18
-2,-7,16,-25
-2,-7,17,-32
-2,-7,18,-39
-2,-7,19,-46
-2,-7,20,-53
-2,-7,21,45
-2,-7,22,38
-2,-7,23,31
-2,-7,24,24
-2,-7,25,17
-2,-7,26,10
-2,-7,27,3
-2,-7,28,-13
-2,-7,29,-20
-2,-7,30,-27
-2,-7,31,-34
-2,-7,32,-41
-2,-7,33,-48
-2,-7,34,-55
-2,-7,35,43
-2,-7,36,36
-2,-7,37,29
-2,-7,38,22
-2,-7,39,15
-2,-7,40,8
-2,-7,41,1
-2,-7,42,-15
-2,-7,43,-22
-2,-7,44,-29
-2,-7,45,-36
-2,-7,46,-43
-2,-7,47,-50
-2,-7,48,-57
-2,-7,49,41
-2,-7,50,34
-2,-7,51,27
-2,-7,52,20
-2,-7,53,13
-2,-7,54,6
-2,-7,55,-1
-2,-7,56,-17
-2,-7,57,-24
-2,-7,58,-31
-2,-7,59,-38
-2,-7,60,-45
-2,-7,61,-52
-2,-7,62,-59
-2,-7,63,39
-2,-7,64,32
-2,-7,65,25
-2,-7,66,18
-2,-7,67,11
-2,-7,68,4
-2,-7,69,-3
-2,-7,70,-19
-2,-7,71,-26
-2,-7,72,-33
-2,-7,73,-40
-2,-7,74,-47
-2,-7,75,-54
-2,-7,76,-61
-2,-7,77,37
-2,-7,78,30
-2,-7,79,23
-2,-7,80,16
-2,-7,81,9
-2,-7,82,2
-2,-7,83,-5
-2,-7,84,-21
-2,-7,85,-28
-2,-7,86,-35
-2,-7,87,-42
-2,-7,88,-49
-2,-7,89,-56
-2,-7,90,-63
-2,-7,91,35
-2,-7,92,28
-2,-7,93,21
-2,-7,94,14
-2,-7,95,7
-2,-7,96,0
-2,-7,97,-7
-2,-7,98,-23
-2,-7,99,-30
-2,-7,100,-37
-2,-7,101,-44
-2,-7,102,-51
-2,-7,103,-58
-2,-7,104,-65
-2,-7,105,33
-2,-7,106,26
-2,-7,107,19
-2,-7,108,12
-2,-7,109,5
-2,-7,110,-2
-2,-7,111,-9
-2,-6,0,-8
-2,-6,1,-14
-2,-6,2,-20
-2,-6,3,-26
-2,-6,4,-32
-2,-6,5,-38
-2,-6,6,-44
-2,-6,7,40
-2,-6,8,34
-2,-6,9,28
-2,-6,10,22
-2,-6,11,16
-2,-6,12,10
-2,-6,13,4
-2,-6,14,-10
-2,-6,15,-16
-2,-6,16,-22
-2,-6,17,-28
-2,-6,18,-34
-2,-6,19,-40
-2,-6,20,-46
-2,-6,21,38
-2,-6,22,32
-2,-6,23,26
-2,-6,24,20
-2,-6,25,14
-2,-6,26,8
-2,-6,27,2
-2,-6,28,-12
-2,-6,29,-18
-2,-6,30,-24
-2,-6,31,-30
-2,-6,32,-36
-2,-6,33,-42
-2,-6,34,-48
-2,-6,35,36
-2,-6,36,30
-2,-6,37,24
-2,-6,38,18
-2,-6,39,12
-2,-6,40,6
-2,-6,41,0
-2,-6,42,-14
-2,-6,43,-20
-2,-6,44,-26
-2,-6,45,-32
-2,-6,46,-38
-2,-6,47,-44
-2,-6,48,-50
-2,-6,49,34
-2,-6,50,28
-2,-6,51,22
-2,-6,52,16
-2,-6,53,10
-2,-6,54,4
-2,-6,55,-2
-2,-6,56,-16
-2,-6,57,-22
-2,-6,58,-28
-2,-6,59,-34
-2,-6,60,-40
-2,-6,61,-46
-2,-6,62,-52
-2,-6,63,32
-2,-6,64,26
-2,-6,65,20
-2,-6,66,14
-2,-6,67,8
-2,-6,68,2
-2,-6,69,-4
-2,-6,70,-18
-2,-6,71,-24
-2,-6,72,-30
-2,-6,73,-36
-2,-6,74,-42
-2,-6,75,-48
-2,-6,76,-54
-2,-6,77,30
-2,-6,78,24
-2,-6,79,18
-2,-6,80,12
-2,-6,81,6
-2,-6,82,0
-2,-6,83,-6
-2,-6,84,-20
-2,-6,85,-26
-2,-6,86,-32
-2,-6,87,-38
-2,-6,88,-44
-2,-6,89,-50
-2,-6,90,-56
-2,-6,91,28
-2,-6,92,22
-2,-6,93,16
-2,-6,94,10
-2,-6,95,4
-2,-6,96,-2
-2,-6,97,-8
-2,-6,98,-22
-2,-6,99,-28
-2,-6,100,-34
-2,-6,101,-40
-2,-6,102,-46
-2,-6,103,-52
-2,-6,104,-58
-2,-6,105,26
-2,-6,106,20
-2,-6,107,14
-2,-6,108,8
-2,-6,109,2
-2,-6,110,-4
-2,-6,111,-10
-2,-5,0,-7
-2,-5,1,-12
-2,-5,2,-17
-2,-5,3,-22
-2,-5,4,-27
-2,-5,5,-32
-2,-5,6,-37
-2,-5,7,33
-2,-5,8,28
-2,-5,9,23
-2,-5,10,18
-2,-5,11,13
-2,-5,12,8
-2,-5,13,3
-2,-5,14,-9
-2,-5,15,-14
-2,-5,16,-19
-2,-5,17,-24
-2,-5,18,-29
-2,-5,19,-34
-2,-5,20,-39
-2,-5,21,31
-2,-5,22,26
-2,-5,23,21
-2,-5,24,16
-2,-5,25,11
-2,-5,26,6
-2,-5,27,1
-2,-5,28,-11
-2,-5,29,-16
-2,-5,30,-21
-2,-5,31,-26
-2,-5,32,-31
-2,-5,33,-36
-2,-5,34,-41
-2,-5,35,29
-2,-5,36,24
-2,-5,37,19
-2,-5,38,14
-2,-5,39,9
-2,-5,40,4
-2,-5,41,-1
-2,-5,42,-13
-2,-5,43,-18
-2,-5,44,-23
-2,-5,45,-28
-2,-5,46,-33
-2,-5,47,-38
-2,-5,48,-43
-2,-5,49,27
-2,-5,50,22
-2,-5,51,17
-2,-5,52,12
-2,-5,53,7
-2,-5,54,2
-2,-5,55,-3
-2,-5,56,-15
-2,-5,57,-20
-2,-5,58,-25
-2,-5,59,-30
-2,-5,60,-35
-2,-5,61,-40
-2,-5,62,-45
-2,-5,63,25
-2,-5,64,20
-2,-5,65,15
-2,-5,66,10
-2,-5,67,5
-2,-5,68,0
-2,-5,69,-5
-2,-5,70,-17
-2,-5,71,-22
-2,-5,72,-27
-2,-5,73,-32
-2,-5,74,-37
-2,-5,75,-42
-2,-5,76,-47
-2,-5,77,23
-2,-5,78,18
-2,-5,79,13
-2,-5,80,8
-2,-5,81,3
-2,-5,82,-2
-2,-5,83,-7
-2,-5,84,-19
-2,-5,85,-24
-2,-5,86,-29
-2,-5,87,-34
-2,-5,88,-39
-2,-5,89,-44
-2,-5,90,-49
-2,-5,91,21
-2,-5,92,16
-2,-5,93,11
-2,-5,94,6
-2,-5,95,1
-2,-5,96,-4
-2,-5,97,-9
-2,-5,98,-21
-2,-5,99,-26
-2,-5,100,-31
-2,-5,101,-36
-2,-5,102,-41
-2,-5,103,-46
-2,-5,104,-51
-2,-5,105,19
-2,-5,106,14
-2,-5,107,9
-2,-5,108,4
-2,-5,109,-1
-2,-5,110,-6
-2,-5,111,-11
-2,-4,0,-6
-2,-4,1,-10
-2,-4,2,-14
-2,-4,3,-18
-2,-4,4,-22
-2,-4,5,-26
-2,-4,6,-30
-2,-4,7,26
-2,-4,8,22
-2,-4,9,18
-2,-4,10,14
-2,-4,11,10
-2,-4,12,6
-2,-4,13,2
-2,-4,14,-8
-2,-4,15,-12
-2,-4,16,-16
-2,-4,17,-20
-2,-4,18,-24
-2,-4,19,-28
-2,-4,20,-32
-2,-4,21,24
-2,-4,22,20
-2,-4,23,16
-2,-4,24,12
-2,-4,25,8
-2,-4,26,4
-2,-4,27,0
-2,-4,28,-10
-2,-4,29,-14
-2,-4,30,-18
-2,-4,31,-22
-2,-4,32,-26
-2,-4,33,-30
-2,-4,34,-34
-2,-4,35,22
-2,-4,36,18
-2,-4,37,14
-2,-4,38,10
-2,-4,39,6
-2,-4,40,2
-2,-4,41,-2
-2,-4,42,-12
-2,-4,43,-16
-2,-4,44,-20
-2,-4,45,-24
-2,-4,46,-28
-2,-4,47,-32
-2,-4,48,-36
-2,-4,49,20
-2,-4,50,16
-2,-4,51,12
-2,-4,52,8
-2,-4,53,4
-2,-4,54,0
-2,-4,55,-4
-2,-4,56,-14
-2,-4,57,-18
-2,-4,58,-22
-2,-4,59,-26
-2,-4,60,-30
-2,-4,61,-34
-2,-4,62,-38
-2,-4,63,18
-2,-4,64,14
-2,-4,65,10
-2,-4,66,6
-2,-4,67,2
-2,-4,68,-2
-2,-4,69,-6
-2,-4,70,-16
-2,-4,71,-20
-2,-4,72,-24
-2,-4,73,-28
-2,-4,74,-32
-2,-4,75,-36
-2,-4,76,-40
-2,-4,77,16
-2,-4,78,12
-2,-4,79,8
-2,-4,80,4
-2,-4,81,0
-2,-4,82,-4
-2,-4,83,-8
-2,-4,84,-18
-2,-4,85,-22
-2,-4,86,-26
-2,-4,87,-30
-2,-4,88,-34
-2,-4,89,-38
-2,-4,90,-42
-2,-4,91,14
-2,-4,92,10
-2,-4,93,6
-2,-4,94,2
-2,-4,95,-2
-2,-4,96,-6
-2,-4,97,-10
-2,-4,98,-20
-2,-4,99,-24
-2,-4,100,-28
-2,-4,101,-32
-2,-4,102,-36
-2,-4,103,-40
-2,-4,104,-44
-2,-4,105,12
-2,-4,106,8
-2,-4,107,4
-2,-4,108,0
-2,-4,109,-4
-2,-4,110,-8
-2,-4,111,-12
-2,-3,0,-5
-2,-3,1,-8
-2,-3,2,-11
-2,-3,3,-14
-2,-3,4,-17
-2,-3,5,-20
-2,-3,6,-23
-2,-3,7,19
-2,-3,8,16
-2,-3,9,13
-2,-3,10,10
-2,-3,11,7
-2,-3,12,4
-2,-3,13,1
-2,-3,14,-7
-2,-3,15,-10
-2,-3,16,-13
-2,-3,17,-16
-2,-3,18,-19
-2,-3,19,-22
-2,-3,20,-25
-2,-3,21,17
-2,-3,22,14
-2,-3,23,11
-2,-3,24,8
-2,-3,25,5
-2,-3,26,2
-2,-3,27,-1
-2,-3,28,-9
-2,-3,29,-12
-2,-3,30,-15
-2,-3,31,-18
-2,-3,32,-21
-2,-3,33,-24
-2,-3,34,-27
-2,-3,35,15
-2,-3,36,12
-2,-3,37,9
-2,-3,38,6
-2,-3,39,3
-2,-3,40,0
-2,-3,41,-3
-2,-3,42,-11
-2,-3,43,-14
-2,-3,44,-17
-2,-3,45,-20
-2,-3,46,-23
-2,-3,47,-26
-2,-3,48,-29
-2,-3,49,13
-2,-3,50,10
-2,-3,51,7
-2,-3,52,4
-2,-3,53,1
-2,-3,54,-2
-2,-3,55,-5
-2,-3,56,-13
-2,-3,57,-16
-2,-3,58,-19
-2,-3,59,-22
-2,-3,60,-25
-2,-3,61,-28
-2,-3,62,-31
-2,-3,63,11
-2,-3,64,8
-2,-3,65,5
-2,-3,66,2
-2,-3,67,-1
-2,-3,68,-4
-2,-3,69,-7
-2,-3,70,-15
-2,-3,71,-18
-2,-3,72,-21
-2,-3,73,-24
-2,-3,74,-27
-2,-3,75,-30
-2,-3,76,-33
-2,-3,77,9
-2,-3,78,6
-2,-3,79,3
-2,-3,80,0
-2,-3,81,-3
-2,-3,82,-6
-2,-3,83,-9
-2,-3,84,-17
-2,-3,85,-20
-2,-3,86,-23
-2,-3,87,-26
-2,-3,88,-29
-2,-3,89,-32
-2,-3,90,-35
-2,-3,91,7
-2,-3,92,4
-2,-3,93,1
-2,-3,94,-2
-2,-3,95,-5
-2,-3,96,-8
-2,-3,97,-11
-2,-3,98,-19
-2,-3,99,-22
-2,-3,100,-25
-2,-3,101,-28
-2,-3,102,-31
-2,-3,103,-34
-2,-3,104,-37
-2,-3,105,5
-2,-3,106,2
-2,-3,107,-1
-2,-3,108,-4
-2,-3,109,-7
-2,-3,110,-10
-2,-3,111,-13
-2,-2,0,-4
-2,-2,1,-6
-2,-2,2,-8
-2,-2,3,-10
-2,-2,4,-12
-2,-2,5,-14
-2,-2,6,-16
-2,-2,7,12
-2,-2,8,10
-2,-2,9,8
-2,-2,10,6
-2,-2,11,4
-2,-2,12,2
-2,-2,13,0
-2,-2,14,-6
-2,-2,15,-8
-2,-2,16,-10
-2,-2,17,-12
-2,-2,18,-14
-2,-2,19,-16
-2,-2,20,-18
-2,-2,21,10
-2,-2,22,8
-2,-2,23,6
-2,-2,24,4
-2,-2,25,2
-2,-2,26,0
-2,-2,27,-2
-2,-2,28,-8
-2,-2,29,-10
-2,-2,30,-12
-2,-2,31,-14
-2,-2,32,-16
-2,-2,33,-18
-2,-2,34,-20
-2,-2,35,8
-2,-2,36,6
-2,-2,37,4
-2,-2,38,2
-2,-2,39,0
-2,-2,40,-2
-2,-2,41,-4
-2,-2,42,-10
-2,-2,43,-12
-2,-2,44,-14
-2,-2,45,-16
-2,-2,46,-18
-2,-2,47,-20
-2,-2,48,-22
-2,-2,49,6
-2,-2,50,4
-2,-2,51,2
-2,-2,52,0
-2,-2,53,-2
-2,-2,54,-4
-2,-2,55,-6
-2,-2,56,-12
-2,-2,57,-14
-2,-2,58,-16
-2,-2,59,-18
-2,-2,60,-20
-2,-2,61,-22
-2,-2,62,-24
-2,-2,63,4
-2,-2,64,2
-2,-2,65,0
-2,-2,66,-2
-2,-2,67,-4
-2,-2,68,-6
-2,-2,69,-8
-2,-2,70,-14
-2,-2,71,-16
-2,-2,72,-18
-2,-2,73,-20
-2,-2,74,-22
-2,-2,75,-24
-2,-2,76,-26
-2,-2,77,2
-2,-2,78,0
-2,-2,79,-2
-2,-2,80,-4
-2,-2,81,-6
-2,-2,82,-8
-2,-2,83,-10
-2,-2,84,-16
-2,-2,85,-18
-2,-2,86,-20
-2,-2,87,-22
-2,-2,88,-24
-2,-2,89,-26
-2,-2,90,-28
-2,-2,91,0
-2,-2,92,-2
-2,-2,93,-4
-2,-2,94,-6
-2,-2,95,-8
-2,-2,96,-10
-2,-2,97,-12
-2,-2,98,-18
-2,-2,99,-20
-2,-2,100,-22
-2,-2,101,-24
-2,-2,102,-26
-2,-2,103,-28
-2,-2,104,-30
-2,-2,105,-2
-2,-2,106,-4
-2,-2,107,-6
-2,-2,108,-8
-2,-2,109,-10
-2,-2,110,-12
-2,-2,111,-14
-2,-1,0,-3
-2,-1,1,-4
-2,-1,2,-5
-2,-1,3,-6
-2,-1,4,-7
-2,-1,5,-8
-2,-1,6,-9
-2,-1,7,5
-2,-1,8,4
-2,-1,9,3
-2,-1,10,2
-2,-1,11,1
-2,-1,12,0
-2,-1,13,-1
-2,-1,14,-5
-2,-1,15,-6
-2,-1,16,-7
-2,-1,17,-8
-2,-1,18,-9
-2,-1,19,-10
-2,-1,20,-11
-2,-1,21,3
-2,-1,22,2
-2,-1,23,1
-2,-1,24,0
-2,-1,25,-1
-2,-1,26,-2
-2,-1,27,-3
-2,-1,28,-7
-2,-1,29,-8
-2,-1,30,-9
-2,-1,31,-10
-2,-1,32,-11
-2,-1,33,-12
-2,-1,34,-13
-2,-1,35,1
-2,-1,36,0
-2,-1,37,-1
-2,-1,38,-2
-2,-1,39,-3
-2,-1,40,-4
-2,-1,41,-5
-2,-1,42,-9
-2,-1,43,-10
-2,-1,44,-11
-2,-1,45,-12
-2,-1,46,-13
-2,-1,47,-14
-2,-1,48,-15
-2,-1,49,-1
-2,-1,50,-2
-2,-1,51,-3
-2,-1,52,-4
-2,-1,53,-5
-2,-1,54,-6
-2,-1,55,-7
-2,-1,56,-11
-2,-1,57,-12
-2,-1,58,-13
-2,-1,59,-14
-2,-1,60,-15
-2,-1,61,-16
-2,-1,62,-17
-2,-1,63,-3
-2,-1,64,-4
-2,-1,65,-5
-2,-1,66,-6
-2,-1,67,-7
-2,-1,68,-8
-2,-1,69,-9
-2,-1,70,-13
-2,-1,71,-14
-2,-1,72,-15
-2,-1,73,-16
-2,-1,74,-17
-2,-1,75,-18
-2,-1,76,-19
-2,-1,77,-5
-2,-1,78,-6
-2,-1,79,-7
-2,-1,80,-8
-2,-1,81,-9
-2,-1,82,-10
-2,-1,83,-11
-2,-1,84,-15
-2,-1,85,-16
-2,-1,86,-17
-2,-1,87,-18
-2,-1,88,-19
-2,-1,89,-20
-2,-1,90,-21
-2,-1,91,-7
-2,-1,92,-8
-2,-1,93,-9
-2,-1,94,-10
-2,-1,95,-11
-2,-1,96,-12
-2,-1,97,-13
-2,-1,98,-17
-2,-1,99,-18
-2,-1,100,-19
-2,-1,101,-20
-2,-1,102,-21
-2,-1,103,-22
-2,-1,104,-23
-2,-1,105,-9
-2,-1,106,-10
-2,-1,107,-11
-2,-1,108,-12
-2,-1,109,-13
-2,-1,110,-14
-2,-1,111,-15
-2,0,0,-2
-2,0,1,-2
-2,0,2,-2
-2,0,3,-2
-2,0,4,-2
-2,0,5,-2
-2,0,6,-2
-2,0,7,-2
-2,0,8,-2
-2,0,9,-2
-2,0,10,-2
-2,0,11,-2
-2,0,12,-2
-2,0,13,-2
-2,0,14,-4
-2,0,15,-4
-2,0,16,-4
-2,0,17,-4
-2,0,18,-4
-2,0,19,-4
-2,0,20,-4
-2,0,21,-4
-2,0,22,-4
-2,0,23,-4
-2,0,24,-4
-2,0,25,-4
-2,0,26,-4
-2,0,27,-4
-2,0,28,-6
-2,0,29,-6
-2,0,30,-6
-2,0,31,-6
-2,0,32,-6
-2,0,33,-6
-2,0,34,-6
-2,0,35,-6
-2,0,36,-6
-2,0,37,-6
-2,0,38,-6
-2,0,39,-6
-2,0,40,-6
-2,0,41,-6
-2,0,42,-8
-2,0,43,-8
-2,0,44,-8
-2,0,45,-8
-2,0,46,-8
-2,0,47,-8
-2,0,48,-8
-2,0,49,-8
-2,0,50,-8
-2,0,51,-8
-2,0,52,-8
-2,0,53,-8
-2,0,54,-8
-2,0,55,-8
-2,0,56,-10
-2,0,57,-10
-2,0,58,-10
-2,0,59,-10
-2,0,60,-10
-2,0,61,-10
-2,0,62,-10
-2,0,63,-10
-2,0,64,-10
-2,0,65,-10
-2,0,66,-10
-2,0,67,-10
-2,0,68,-10
-2,0,69,-10
-2,0,70,-12
-2,0,71,-12
-2,0,72,-12
-2,0,73,-12
-2,0,74,-12
-2,0,75,-12
-2,0,76,-12
-2,0,77,-12
-2,0,78,-12
-2,0,79,-12
-2,0,80,-12
-2,0,81,-12
-2,0,82,-12
-2,0,83,-12
-2,0,84,-14
-2,0,85,-14
-2,0,86,-14
-2,0,87,-14
-2,0,88,-14
-2,0,89,-14
-2,0,90,-14
-2,0,91,-14
-2,0,92,-14
-2,0,93,-14
-2,0,94,-14
-2,0,95,-14
-2,0,96,-14
-2,0,97,-14
-2,0,98,-16
-2,0,99,-16
-2,0,100,-16
-2,0,101,-16
-2,0,102,-16
-2,0,103,-16
-2,0,104,-16
-2,0,105,-16
-2,0,106,-16
-2,0,107,-16
-2,0,108,-16
-2,0,109,-16
-2,0,110,-16
-2,0,111,-16
-2,1,0,-1
-2,1,1,0
-2,1,2,1
-2,1,3,2
-2,1,4,3
-2,1,5,4
-2,1,6,5
-2,1,7,-9
-2,1,8,-8
-2,1,9,-7
-2,1,10,-6
-2,1,11,-5
-2,1,12,-4
-2,1,13,-3
-2,1,14,-3
-2,1,15,-2
-2,1,16,-1
-2,1,17,0
-2,1,18,1
-2,1,19,2
-2,1,20,3
-2,1,21,-11
-2,1,22,-10
-2,1,23,-9
-2,1,24,-8
-2,1,25,-7
-2,1,26,-6
-2,1,27,-5
-2,1,28,-5
-2,1,29,-4
-2,1,30,-3
-2,1,31,-2
-2,1,32,-1
-2,1,33,0
-2,1,34,1
-2,1,35,-13
-2,1,36,-12
-2,1,37,-11
-2,1,38,-10
-2,1,39,-9
-2,1,40,-8
-2,1,41,-7
-2,1,42,-7
-2,1,43,-6
-2,1,44,-5
-2,1,45,-4
-2,1,46,-3
-2,1,47,-2
-2,1,48,-1
-2,1,49,-15
-2,1,50,-14
-2,1,51,-13
-2,1,52,-12
-2,1,53,-11
-2,1,54,-10
-2,1,55,-9
-2,1,56,-9
-2,1,57,-8
-2,1,58,-7
-2,1,59,-6
-2,1,60,-5
-2,1,61,-4
-2,1,62,-3
-2,1,63,-17
-2,1,64,-16
-2,1,65,-15
-2,1,66,-14
-2,1,67,-13
-2,1,68,-12
-2,1,69,-11
-2,1,70,-11
-2,1,71,-10
-2,1,72,-9
-2,1,73,-8
-2,1,74,-7
-2,1,75,-6
-2,1,76,-5
-2,1,77,-19
-2,1,78,-18
-2,1,79,-17
-2,1,80,-16
-2,1,81,-15
-2,1,82,-14
-2,1,83,-13
-2,1,84,-13
-2,1,85,-12
-2,1,86,-11
-2,1,87,-10
-2,1,88,-9
-2,1,89,-8
-2,1,90,-7
-2,1,91,-21
-2,1,92,-20
-2,1,93,-19
-2,1,94,-18
-2,1,95,-17
-2,1,96,-16
-2,1,97,-15
-2,1,98,-15
-2,1,99,-14
-2,1,100,-13
-2,1,101,-12
-2,1,102,-11
-2,1,103,-10
-2,1,104,-9
-2,1,105,-23
-2,1,106,-22
-2,1,107,-21
-2,1,108,-20
-2,1,109,-19
-2,1,110,-18
-2,1,111,-17
-2,2,0,0
-2,2,1,2
-2,2,2,4
-2,2,3,6
-2,2,4,8
-2,2,5,10
-2,2,6,12
-2,2,7,-16
-2,2,8,-14
-2,2,9,-12
-2,2,10,-10
-2,2,11,-8
-2,2,12,-6
-2,2,13,-4
-2,2,14,-2
-2,2,15,0
-2,2,16,2
-2,2,17,4
-2,2,18,6
-2,2,19,8
-2,2,20,10
-2,2,21,-18
-2,2,22,-16
-2,2,23,-14
-2,2,24,-12
-2,2,25,-10
-2,2,26,-8
-2,2,27,-6
-2,2,28,-4
-2,2,29,-2
-2,2,30,0
-2,2,31,2
-2,2,32,4
-2,2,33,6
-2,2,34,8
-2,2,35,-20
-2,2,36,-18
-2,2,37,-16
-2,2,38,-14
-2,2,39,-12
-2,2,40,-10
-2,2,41,-8
-2,2,42,-6
-2,2,43,-4
-2,2,44,-2
-2,2,45,0
-2,2,46,2
-2,2,47,4
-2,2,48,6
-2,2,49,-22
-2,2,50,-20
-2,2,51,-18
-2,2,52,-16
-2,2,53,-14
-2,2,54,-12
-2,2,55,-10
-2,2,56,-8
-2,2,57,-6
-2,2,58,-4
-2,2,59,-2
-2,2,60,0
-2,2,61,2
-2,2,62,4
-2,2,63,-24
-2,2,64,-22
-2,2,65,-20
-2,2,66,-18
-2,2,67,-16
-2,2,68,-14
-2,2,69,-12
-2,2,70,-10
-2,2,71,-8
-2,2,72,-6
-2,2,73,-4
-2,2,74,-2
-2,2,75,0
-2,2,76,2
-2,2,77,-26
-2,2,78,-24
-2,2,79,-22
-2,2,80,-20
-2,2,81,-18
-2,2,82,-16
-2,2,83,-14
-2,2,84,-12
-2,2,85,-10
-2,2,86,-8
-2,2,87,-6
-2,2,88,-4
-2,2,89,-2
-2,2,90,0
-2,2,91,-28
-2,2,92,-26
-2,2,93,-24
-2,2,94,-22
-2,2,95,-20
-2,2,96,-18
-2,2,97,-16
-2,2,98,-14
-2,2,99,-12
-2,2,100,-10
-2,2,101,-8
-2,2,102,-6
-2,2,103,-4
-2,2,104,-2
-2,2,105,-30
-2,2,106,-28
-2,2,107,-26
-2,2,108,-24
-2,2,109,-22
-2,2,110,-20
-2,2,111,-18
-2,3,0,1
-2,3,1,4
-2,3,2,7
-2,3,3,10
-2,3,4,13
-2,3,5,16
-2,3,6,19
-2,3,7,-23
-2,3,8,-20
-2,3,9,-17
-2,3,10,-14
-2,3,11,-11
-2,3,12,-8
-2,3,13,-5
-2,3,14,-1
-2,3,15,2
-2,3,16,5
-2,3,17,8
-2,3,18,11
-2,3,19,14
-2,3,20,17
-2,3,21,-25
-2,3,22,-22
-2,3,23,-19
-2,3,24,-16
-2,3,25,-13
-2,3,26,-10
-2,3,27,-7
-2,3,28,-3
-2,3,29,0
-2,3,30,3
-2,3,31,6
-2,3,32,9
-2,3,33,12
-2,3,34,15
-2,3,35,-27
-2,3,36,-24
-2,3,37,-21
-2,3,38,-18
-2,3,39,-15
-2,3,40,-12
-2,3,41,-9
-2,3,42,-5
-2,3,43,-2
-2,3,44,1
-2,3,45,4
-2,3,46,7
-2,3,47,10
-2,3,48,13
-2,3,49,-29
-2,3,50,-26
-2,3,51,-23
-2,3,52,-20
-2,3,53,-17
-2,3,54,-14
-2,3,55,-11
-2,3,56,-7
-2,3,57,-4
-2,3,58,-1
-2,3,59,2
-2,3,60,5
-2,3,61,8
-2,3,62,11
-2,3,63,-31
-2,3,64,-28
-2,3,65,-25
-2,3,66,-22
-2,3,67,-19
-2,3,68,-16
-2,3,69,-13
-2,3,70,-9
-2,3,71,-6
-2,3,72,-3
-2,3,73,0
-2,3,74,3
-2,3,75,6
-2,3,76,9
-2,3,77,-33
-2,3,78,-30
-2,3,79,-27
-2,3,80,-24
-2,3,81,-21
-2,3,82,-18
-2,3,83,-15
-2,3,84,-11
-2,3,85,-8
-2,3,86,-5
-2,3,87,-2
-2,3,88,1
-2,3,89,4
-2,3,90,7
-2,3,91,-35
-2,3,92,-32
-2,3,93,-29
-2,3,94,-26
-2,3,95,-23
-2,3,96,-20
-2,3,97,-17
-2,3,98,-13
-2,3,99,-10
-2,3,100,-7
-2,3,101,-4
-2,3,102,-1
-2,3,103,2
-2,3,104,5
-2,3,105,-37
-2,3,106,-34
-2,3,107,-31
-2,3,108,-28
-2,3,109,-25
-2,3,110,-22
-2,3,111,-19
-2,4,0,2
-2,4,1,6
-2,4,2,10
-2,4,3,14
-2,4,4,18
-2,4,5,22
-2,4,6,26
-2,4,7,-30
-2,4,8,-26
-2,4,9,-22
-2,4,10,-18
-2,4,11,-14
-2,4,12,-10
-2,4,13,-6
-2,4,14,0
-2,4,15,4
-2,4,16,8
-2,4,17,12
-2,4,18,16
-2,4,19,20
-2,4,20,24
-2,4,21,-32
-2,4,22,-28
-2,4,23,-24
-2,4,24,-20
-2,4,25,-16
-2,4,26,-12
-2,4,27,-8
-2,4,28,-2
-2,4,29,2
-2,4,30,6
-2,4,31,10
-2,4,32,14
-2,4,33,18
-2,4,34,22
-2,4,35,-34
-2,4,36,-30
-2,4,37,-26
-2,4,38,-22
-2,4,39,-18
-2,4,40,-14
-2,4,41,-10
-2,4,42,-4
-2,4,43,0
-2,4,44,4
-2,4,45,8
-2,4,46,12
-2,4,47,16
-2,4,48,20
-2,4,49,-36
-2,4,50,-32
-2,4,51,-28
-2,4,52,-24
-2,4,53,-20
-2,4,54,-16
-2,4,55,-12
-2,4,56,-6
-2,4,57,-2
-2,4,58,2
-2,4,59,6
-2,4,60,10
-2,4,61,14
-2,4,62,18
-2,4,63,-38
-2,4,64,-34
-2,4,65,-30
-2,4,66,-26
-2,4,67,-22
-2,4,68,-18
-2,4,69,-14
-2,4,70,-8
-2,4,71,-4
-2,4,72,0
-2,4,73,4
-2,4,74,8
-2,4,75,12
-2,4,76,16
-2,4,77,-40
-2,4,78,-36
-2,4,79,-32
-2,4,80,-28
-2,4,81,-24
-2,4,82,-20
-2,4,83,-16
-2,4,84,-10
-2,4,85,-6
-2,4,86,-2
-2,4,87,2
-2,4,88,6
-2,4,89,10
-2,4,90,14
-2,4,91,-42
-2,4,92,-38
-2,4,93,-34
-2,4,94,-30
-2,4,95,-26
-2,4,96,-22
-2,4,97,-18
-2,4,98,-12
-2,4,99,-8
-2,4,100,-4
-2,4,101,0
-2,4,102,4
-2,4,103,8
-2,4,104,12
-2,4,105,-44
-2,4,106,-40
-2,4,107,-36
-2,4,108,-32
-2,4,109,-28
-2,4,110,-24
-2,4,111,-20
-2,5,0,3
-2,5,1,8
-2,5,2,13
-2,5,3,18
-2,5,4,23
-2,5,5,28
-2,5,6,33
-2,5,7,-37
-2,5,8,-32
-2,5,9,-27
-2,5,10,-22
-2,5,11,-17
-2,5,12,-12
-2,5,13,-7
-2,5,14,1
-2,5,15,6
-2,5,16,11
-2,5,17,16
-2,5,18,21
-2,5,19,26
-2,5,20,31
-2,5,21,-39
-2,5,22,-34
-2,5,23,-29
-2,5,24,-24
-2,5,25,-19
-2,5,26,-14
-2,5,27,-9
-2,5,28,-1
-2,5,29,4
-2,5,30,9
-2,5,31,14
-2,5,32,19
-2,5,33,24
-2,5,34,29
-2,5,35,-41
-2,5,36,-36
-2,5,37,-31
-2,5,38,-26
-2,5,39,-21
-2,5,40,-16
-2,5,41,-11
-2,5,42,-3
-2,5,43,2
-2,5,44,7
-2,5,45,12
-2,5,46,17
-2,5,47,22
-2,5,48,27
-2,5,49,-43
-2,5,50,-38
-2,5,51,-33
-2,5,52,-28
-2,5,53,-23
-2,5,54,-18
-2,5,55,-13
-2,5,56,-5
-2,5,57,0
-2,5,58,5
-2,5,59,10
-2,5,60,15
-2,5,61,20
-2,5,62,25
-2,5,63,-45
-2,5,64,-40
-2,5,65,-35
-2,5,66,-30
-2,5,67,-25
-2,5,68,-20
-2,5,69,-15
-2,5,70,-7
-2,5,71,-2
-2,5,72,3
-2,5,73,8
-2,5,74,13
-2,5,75,18
-2,5,76,23
-2,5,77,-47
-2,5,78,-42
-2,5,79,-37
-2,5,80,-32
-2,5,81,-27
-2,5,82,-22
-2,5,83,-17
-2,5,84,-9
-2,5,85,-4
-2,5,86,1
-2,5,87,6
-2,5,88,11
-2,5,89,16
-2,5,90,21
-2,5,91,-49
-2,5,92,-44
-2,5,93,-39
-2,5,94,-34
-2,5,95,-29
-2,5,96,-24
-2,5,97,-19
-2,5,98,-11
-2,5,99,-6
-2,5,100,-1
-2,5,101,4
-2,5,102,9
-2,5,103,14
-2,5,104,19
-2,5,105,-51
-2,5,106,-46
-2,5,107,-41
-2,5,108,-36
-2,5,109,-31
-2,5,110,-26
-2,5,111,-21
-2,6,0,4
-2,6,1,10
-2,6,2,16
-2,6,3,22
-2,6,4,28
-2,6,5,34
-2,6,6,40
-2,6,7,-44
-2,6,8,-38
-2,6,9,-32
-2,6,10,-26
-2,6,11,-20
-2,6,12,-14
-2,6,13,-8
-2,6,14,2
-2,6,15,8
-2,6,16,14
-2,6,17,20
-2,6,18,26
-2,6,19,32
-2,6,20,38
-2,6,21,-46
-2,6,22,-40
-2,6,23,-34
-2,6,24,-28
-2,6,25,-22
-2,6,26,-16
-2,6,27,-10
-2,6,28,0
-2,6,29,6
-2,6,30,12
-2,6,31,18
-2,6,32,24
-2,6,33,30
-2,6,34,36
-2,6,35,-48
-2,6,36,-42
-2,6,37,-36
-2,6,38,-30
-2,6,39,-24
-2,6,40,-18
-2,6,41,-12
-2,6,42,-2
-2,6,43,4
-2,6,44,10
-2,6,45,16
-2,6,46,22
-2,6,47,28
-2,6,48,34
-2,6,49,-50
-2,6,50,-44
-2,6,51,-38
-2,6,52,-32
-2,6,53,-26
-2,6,54,-20
-2,6,55,-14
-2,6,56,-4
-2,6,57,2
-2,6,58,8
-2,6,59,14
-2,6,60,20
-2,6,61,26
-2,6,62,32
-2,6,63,-52
-2,6,64,-46
-2,6,65,-40
-2,6,66,-34
-2,6,67,-28
-2,6,68,-22
-2,6,69,-16
-2,6,70,-6
-2,6,71,0
-2,6,72,6
-2,6,73,12
-2,6,74,18
-2,6,75,24
-2,6,76,30
-2,6,77,-54
-2,6,78,-48
-2,6,79,-42
-2,6,80,-36
-2,6,81,-30
-2,6,82,-24
-2,6,83,-18
-2,6,84,-8
-2,6,85,-2
-2,6,86,4
-2,6,87,10
-2,6,88,16
-2,6,89,22
-2,6,90,28
-2,6,91,-56
-2,6,92,-50
-2,6,93,-44
-2,6,94,-38
-2,6,95,-32
-2,6,96,-26
-2,6,97,-20
-2,6,98,-10
-2,6,99,-4
-2,6,100,2
-2,6,101,8
-2,6,102,14
-2,6,103,20
-2,6,104,26
-2,6,105,-58
-2,6,106,-52
-2,6,107,-46
-2,6,108,-40
-2,6,109,-34
-2,6,110,-28
-2,6,111,-22
-2,7,0,5
-2,7,1,12
-2,7,2,19
-2,7,3,26
-2,7,4,33
-2,7,5,40
-2,7,6,47
-2,7,7,-51
-2,7,8,-44
-2,7,9,-37
-2,7,10,-30
-2,7,11,-23
-2,7,12,-16
-2,7,13,-9
-2,7,14,3
-2,7,15,10
-2,7,16,17
-2,7,17,24
-2,7,18,31
-2,7,19,38
-2,7,20,45
-2,7,21,-53
-2,7,22,-46
-2,7,23,-39
-2,7,24,-32
-2,7,25,-25
-2,7,26,-18
-2,7,27,-11
-2,7,28,1
-2,7,29,8
-2,7,30,15
-2,7,31,22
-2,7,32,29
-2,7,33,36
-2,7,34,43
-2,7,35,-55
-2,7,36,-48
-2,7,37,-41
-2,7,38,-34
-2,7,39,-27
-2,7,40,-20
-2,7,41,-13
-2,7,42,-1
-2,7,43,6
-2,7,44,13
-2,7,45,20
-2,7,46,27
-2,7,47,34
-2,7,48,41
-2,7,49,-57
-2,7,50,-50
-2,7,51,-43
-2,7,52,-36
-2,7,53,-29
-2,7,54,-22
-2,7,55,-15
-2,7,56,-3
-2,7,57,4
-2,7,58,11
-2,7,59,18
-2,7,60,25
-2,7,61,32
-2,7,62,39
-2,7,63,-59
-2,7,64,-52
-2,7,65,-45
-2,7,66,-38
-2,7,67,-31
-2,7,68,-24
-2,7,69,-17
-2,7,70,-5
-2,7,71,2
-2,7,72,9
-2,7,73,16
-2,7,74,23
-2,7,75,30
-2,7,76,37
-2,7,77,-61
-2,7,78,-54
-2,7,79,-47
-2,7,80,-40
-2,7,81,-33
-2,7,82,-26
-2,7,83,-19
-2,7,84,-7
-2,7,85,0
-2,7,86,7
-2,7,87,14
-2,7,88,21
-2,7,89,28
-2,7,90,35
-2,7,91,-63
-2,7,92,-56
-2,7,93,-49
-2,7,94,-42
-2,7,95,-35
-2,7,96,-28
-2,7,97,-21
-2,7,98,-9
-2,7,99,-2
-2,7,100,5
-2,7,101,12
-2,7,102,19
-2,7,103,26
-2,7,104,33
-2,7,105,-65
-2,7,106,-58
-2,7,107,-51
-2,7,108,-44
-2,7,109,-37
-2,7,110,-30
-2,7,111,-23
-1,-8,0,-9
-1,-8,1,-17
-1,-8,2,-25
-1,-8,3,-33
-1,-8,4,-41
-1,-8,5,-49
-1,-8,6,-57
-1,-8,7,55
-1,-8,8,47
-1,-8,9,39
-1,-8,10,31
-1,-8,11,23
-1,-8,12,15
-1,-8,13,7
-1,-8,14,-10
-1,-8,15,-18
-1,-8,16,-26
-1,-8,17,-34
-1,-8,18,-42
-1,-8,19,-50
-1,-8,20,-58
-1,-8,21,54
-1,-8,22,46
-1,-8,23,38
-1,-8,24,30
-1,-8,25,22
-1,-8,26,14
-1,-8,27,6
-1,-8,28,-11
-1,-8,29,-19
-1,-8,30,-27
-1,-8,31,-35
-1,-8,32,-43
-1,-8,33,-51
-1,-8,34,-59
-1,-8,35,53
-1,-8,36,45
-1,-8,37,37
-1,-8,38,29
-1,-8,39,21
-1,-8,40,13
-1,-8,41,5
-1,-8,42,-12
-1,-8,43,-20
-1,-8,44,-28
-1,-8,45,-36
-1,-8,46,-44
-1,-8,47,-52
-1,-8,48,-60
-1,-8,49,52
-1,-8,50,44
-1,-8,51,36
-1,-8,52,28
-1,-8,53,20
-1,-8,54,12
-1,-8,55,4
-1,-8,56,-13
-1,-8,57,-21
-1,-8,58,-29
-1,-8,59,-37
-1,-8,60,-45
-1,-8,61,-53
-1,-8,62,-61
-1,-8,63,51
-1,-8,64,43
-1,-8,65,35
-1,-8,66,27
-1,-8,67,19
-1,-8,68,11
-1,-8,69,3
-1,-8,70,-14
-1,-8,71,-22
-1,-8,72,-30
-1,-8,73,-38
-1,-8,74,-46
-1,-8,75,-54
-1,-8,76,-62
-1,-8,77,50
-1,-8,78,42
-1,-8,79,34
-1,-8,80,26
-1,-8,81,18
-1,-8,82,10
-1,-8,83,2
-1,-8,84,-15
-1,-8,85,-23
-1,-8,86,-31
-1,-8,87,-39
-1,-8,88,-47
-1,-8,89,-55
-1,-8,90,-63
-1,-8,91,49
-1,-8,92,41
-1,-8,93,33
-1,-8,94,25
-1,-8,95,17
-1,-8,96,9
-1,-8,97,1
-1,-8,98,-16
-1,-8,99,-24
-1,-8,100,-32
-1,-8,101,-40
-1,-8,102,-48
-1,-8,103,-56
-1,-8,104,-64
-1,-8,105,48
-1,-8,106,40
-1,-8,107,32
-1,-8,108,24
-1,-8,109,16
-1,-8,110,8
-1,-8,111,0
-1,-7,0,-8
-1,-7,1,-15
-1,-7,2,-22
-1,-7,3,-29
-1,-7,4,-36
-1,-7,5,-43
-1,-7,6,-50
-1,-7,7,48
-1,-7,8,41
-1,-7,9,34
-1,-7,10,27
-1,-7,11,20
-1,-7,12,13
-1,-7,13,6
-1,-7,14,-9
-1,-7,15,-16
-1,-7,16,-23
-1,-7,17,-30
-1,-7,18,-37
-1,-7,19,-44
-1,-7,20,-51
-1,-7,21,47
-1,-7,22,40
-1,-7,23,33
-1,-7,24,26
-1,-7,25,19
-1,-7,26,12
-1,-7,27,5
-1,-7,28,-10
-1,-7,29,-17
-1,-7,30,-24
-1,-7,31,-31
-1,-7,32,-38
-1,-7,33,-45
-1,-7,34,-52
-1,-7,35,46
-1,-7,36,39
-1,-7,37,32
-1,-7,38,25
-1,-7,39,18
-1,-7,40,11
-1,-7,41,4
-1,-7,42,-11
-1,-7,43,-18
-1,-7,44,-25
-1,-7,45,-32
-1,-7,46,-39
-1,-7,47,-46
-1,-7,48,-53
-1,-7,49,45
-1,-7,50,38
-1,-7,51,31
-1,-7,52,24
-1,-7,53,17
-1,-7,54,10
-1,-7,55,3
-1,-7,56,-12
-1,-7,57,-19
-1,-7,58,-26
-1,-7,59,-33
-1,-7,60,-40
-1,-7,61,-47
-1,-7,62,-54
-1,-7,63,44
-1,-7,64,37
-1,-7,65,30
-1,-7,66,23
-1,-7,67,16
-1,-7,68,9
-1,-7,69,2
-1,-7,70,-13
-1,-7,71,-20
-1,-7,72,-27
-1,-7,73,-34
-1,-7,74,-41
-1,-7,75,-48
-1,-7,76,-55
-1,-7,77,43
-1,-7,78,36
-1,-7,79,29
-1,-7,80,22
-1,-7,81,15
-1,-7,82,8
-1,-7,83,1
-1,-7,84,-14
-1,-7,85,-21
-1,-7,86,-28
-1,-7,87,-35
-1,-7,88,-42
-1,-7,89,-49
-1,-7,90,-56
-1,-7,91,42
-1,-7,92,35
-1,-7,93,28
-1,-7,94,21
-1,-7,95,14
-1,-7,96,7
-1,-7,97,0
-1,-7,98,-15
-1,-7,99,-22
-1,-7,100,-29
-1,-7,101,-36
-1,-7,102,-43
-1,-7,103,-50
-1,-7,104,-57
-1,-7,105,41
-1,-7,106,34
-1,-7,107,27
-1,-7,108,20
-1,-7,109,13
-1,-7,110,6
-1,-7,111,-1
-1,-6,0,-7
-1,-6,1,-13
-1,-6,2,-19
-1,-6,3,-25
-1,-6,4,-31
-1,-6,5,-37
-1,-6,6,-43
-1,-6,7,41
-1,-6,8,35
-1,-6,9,29
-1,-6,10,23
-1,-6,11,17
-1,-6,12,11
-1,-6,13,5
-1,-6,14,-8
-1,-6,15,-14
-1,-6,16,-20
-1,-6,17,-26
-1,-6,18,-32
-1,-6,19,-38
-1,-6,20,-44
-1,-6,21,40
-1,-6,22,34
-1,-6,23,28
-1,-6,24,22
-1,-6,25,16
-1,-6,26,10
-1,-6,27,4
-1,-6,28,-9
-1,-6,29,-15
-1,-6,30,-21
-1,-6,31,-27
-1,-6,32,-33
-1,-6,33,-39
-1,-6,34,-45
-1,-6,35,39
-1,-6,36,33
-1,-6,37,27
-1,-6,38,21
-1,-6,39,15
-1,-6,40,9
-1,-6,41,3
-1,-6,42,-10
-1,-6,43,-16
-1,-6,44,-22
-1,-6,45,-28
-1,-6,46,-34
-1,-6,47,-40
-1,-6,48,-46
-1,-6,49,38
-1,-6,50,32
-1,-6,51,26
-1,-6,52,20
-1,-6,53,14
-1,-6,54,8
-1,-6,55,2
-1,-6,56,-11
-1,-6,57,-17
-1,-6,58,-23
-1,-6,59,-29
-1,-6,60,-35
-1,-6,61,-41
-1,-6,62,-47
-1,-6,63,37
-1,-6,64,31
-1,-6,65,25
-1,-6,66,19
-1,-6,67,13
-1,-6,68,7
-1,-6,69,1
-1,-6,70,-12
-1,-6,71,-18
-1,-6,72,-24
-1,-6,73,-30
-1,-6,74,-36
-1,-6,75,-42
-1,-6,76,-48
-1,-6,77,36
-1,-6,78,30
-1,-6,79,24
-1,-6,80,18
-1,-6,81,12
-1,-6,82,6
-1,-6,83,0
-1,-6,84,-13
-1,-6,85,-19
-1,-6,86,-25
-1,-6,87,-31
-1,-6,88,-37
-1,-6,89,-43
-1,-6,90,-49
-1,-6,91,35
-1,-6,92,29
-1,-6,93,23
-1,-6,94,17
-1,-6,95,11
-1,-6,96,5
-1,-6,97,-1
-1,-6,98,-14
-1,-6,99,-20
-1,-6,100,-26
-1,-6,101,-32
-1,-6,102,-38
-1,-6,103,-44
-1,-6,104,-50
-1,-6,105,34
-1,-6,106,28
-1,-6,107,22
-1,-6,108,16
-1,-6,109,10
-1,-6,110,4
-1,-6,111,-2
-1,-5,0,-6
-1,-5,1,-11
-1,-5,2,-16
-1,-5,3,-21
-1,-5,4,-26
-1,-5,5,-31
-1,-5,6,-36
-1,-5,7,34
-1,-5,8,29
-1,-5,9,24
-1,-5,10,19
-1,-5,11,14
-1,-5,12,9
-1,-5,13,4
-1,-5,14,-7
-1,-5,15,-12
-1,-5,16,-17
-1,-5,17,-22
-1,-5,18,-27
-1,-5,19,-32
-1,-5,20,-37
-1,-5,21,33
-1,-5,22,28
-1,-5,23,23
-1,-5,24,18
-1,-5,25,13
-1,-5,26,8
-1,-5,27,3
-1,-5,28,-8
-1,-5,29,-13
-1,-5,30,-18
-1,-5,31,-23
-1,-5,32,-28
-1,-5,33,-33
-1,-5,34,-38
-1,-5,35,32
-1,-5,36,27
-1,-5,37,22
-1,-5,38,17
-1,-5,39,12
-1,-5,40,7
-1,-5,41,2
-1,-5,42,-9
-1,-5,43,-14
-1,-5,44,-19
-1,-5,45,-24
-1,-5,46,-29
-1,-5,47,-34
-1,-5,48,-39
-1,-5,49,31
-1,-5,50,26
-1,-5,51,21
-1,-5,52,16
-1,-5,53,11
-1,-5,54,6
-1,-5,55,1
-1,-5,56,-10
-1,-5,57,-15
-1,-5,58,-20
-1,-5,59,-25
-1,-5,60,-30
-1,-5,61,-35
-1,-5,62,-40
-1,-5,63,30
-1,-5,64,25
-1,-5,65,20
-1,-5,66,15
-1,-5,67,10
-1,-5,68,5
-1,-5,69,0
-1,-5,70,-11
-1,-5,71,-16
-1,-5,72,-21
-1,-5,73,-26
-1,-5,74,-31
-1,-5,75,-36
-1,-5,76,-41
-1,-5,77,29
-1,-5,78,24
-1,-5,79,19
-1,-5,80,14
-1,-5,81,9
-1,-5,82,4
-1,-5,83,-1
-1,-5,84,-12
-1,-5,85,-17
-1,-5,86,-22
-1,-5,87,-27
-1,-5,88,-32
-1,-5,89,-37
-1,-5,90,-42
-1,-5,91,28
-1,-5,92,23
-1,-5,93,18
-1,-5,94,13
-1,-5,95,8
-1,-5,96,3
-1,-5,97,-2
-1,-5,98,-13
-1,-5,99,-18
-1,-5,100,-23
-1,-5,101,-28
-1,-5,102,-33
-1,-5,103,-38
-1,-5,104,-43
-1,-5,105,27
-1,-5,106,22
-1,-5,107,17
-1,-5,108,12
-1,-5,109,7
-1,-5,110,2
-1,-5,111,-3
-1,-4,0,-5
-1,-4,1,-9
-1,-4,2,-13
-1,-4,3,-17
-1,-4,4,-21
-1,-4,5,-25
-1,-4,6,-29
-1,-4,7,27
-1,-4,8,23
-1,-4,9,19
-1,-4,10,15
-1,-4,11,11
-1,-4,12,7
-1,-4,13,3
-1,-4,14,-6
-1,-4,15,-10
-1,-4,16,-14
-1,-4,17,-18
-1,-4,18,-22
-1,-4,19,-26
-1,-4,20,-30
-1,-4,21,26
-1,-4,22,22
-1,-4,23,18
-1,-4,24,14
-1,-4,25,10
-1,-4,26,6
-1,-4,27,2
-1,-4,28,-7
-1,-4,29,-11
-1,-4,30,-15
-1,-4,31,-19
-1,-4,32,-23
-1,-4,33,-27
-1,-4,34,-31
-1,-4,35,25
-1,-4,36,21
-1,-4,37,17
-1,-4,38,13
-1,-4,39,9
-1,-4,40,5
-1,-4,41,1
-1,-4,42,-8
-1,-4,43,-12
-1,-4,44,-16
-1,-4,45,-20
-1,-4,46,-24
-1,-4,47,-28
-1,-4,48,-32
-1,-4,49,24
-1,-4,50,20
-1,-4,51,16
-1,-4,52,12
-1,-4,53,8
-1,-4,54,4
-1,-4,55,0
-1,-4,56,-9
-1,-4,57,-13
-1,-4,58,-17
-1,-4,59,-21
-1,-4,60,-25
-1,-4,61,-29
-1,-4,62,-33
-1,-4,63,23
-1,-4,64,19
-1,-4,65,15
-1,-4,66,11
-1,-4,67,7
-1,-4,68,3
-1,-4,69,-1
-1,-4,70,-10
-1,-4,71,-14
-1,-4,72,-18
-1,-4,73,-22
-1,-4,74,-26
-1,-4,75,-30
-1,-4,76,-34
-1,-4,77,22
-1,-4,78,18
-1,-4,79,14
-1,-4,80,10
-1,-4,81,6
-1,-4,82,2
-1,-4,83,-2
-1,-4,84,-11
-1,-4,85,-15
-1,-4,86,-19
-1,-4,87,-23
-1,-4,88,-27
-1,-4,89,-31
-1,-4,90,-35
-1,-4,91,21
-1,-4,92,17
-1,-4,93,13
-1,-4,94,9
-1,-4,95,5
-1,-4,96,1
-1,-4,97,-3
-1,-4,98,-12
-1,-4,99,-16
-1,-4,100,-20
-1,-4,101,-24
-1,-4,102,-28
-1,-4,103,-32
-1,-4,104,-36
-1,-4,105,20
-1,-4,106,16
-1,-4,107,12
-1,-4,108,8
-1,-4,109,4
-1,-4,110,0
-1,-4,111,-4
-1,-3,0,-4
-1,-3,1,-7
-1,-3,2,-10
-1,-3,3,-13
-1,-3,4,-16
-1,-3,5,-19
-1,-3,6,-22
-1,-3,7,20
-1,-3,8,17
-1,-3,9,14
-1,-3,10,11
-1,-3,11,8
-1,-3,12,5
-1,-3,13,2
-1,-3,14,-5
-1,-3,15,-8
-1,-3,16,-11
-1,-3,17,-14
-1,-3,18,-17
-1,-3,19,-20
-1,-3,20,-23
-1,-3,21,19
-1,-3,22,16
-1,-3,23,13
-1,-3,24,10
-1,-3,25,7
-1,-3,26,4
-1,-3,27,1
-1,-3,28,-6
-1,-3,29,-9
-1,-3,30,-12
-1,-3,31,-15
-1,-3,32,-18
-1,-3,33,-21
-1,-3,34,-24
-1,-3,35,18
-1,-3,36,15
-1,-3,37,12
-1,-3,38,9
-1,-3,39,6
-1,-3,40,3
-1,-3,41,0
-1,-3,42,-7
-1,-3,43,-10
-1,-3,44,-13
-1,-3,45,-16
-1,-3,46,-19
-1,-3,47,-22
-1,-3,48,-25
-1,-3,49,17
-1,-3,50,14
-1,-3,51,11
-1,-3,52,8
-1,-3,53,5
-1,-3,54,2
-1,-3,55,-1
-1,-3,56,-8
-1,-3,57,-11
-1,-3,58,-14
-1,-3,59,-17
-1,-3,60,-20
-1,-3,61,-23
-1,-3,62,-26
-1,-3,63,16
-1,-3,64,13
-1,-3,65,10
-1,-3,66,7
-1,-3,67,4
-1,-3,68,1
-1,-3,69,-2
-1,-3,70,-9
-1,-3,71,-12
-1,-3,72,-15
-1,-3,73,-18
-1,-3,74,-21
-1,-3,75,-24
-1,-3,76,-27
-1,-3,77,15
-1,-3,78,12
-1,-3,79,9
-1,-3,80,6
-1,-3,81,3
-1,-3,82,0
-1,-3,83,-3
-1,-3,84,-10
-1,-3,85,-13
-1,-3,86,-16
-1,-3,87,-19
-1,-3,88,-22
-1,-3,89,-25
-1,-3,90,-28
-1,-3,91,14
-1,-3,92,11
-1,-3,93,8
-1,-3,94,5
-1,-3,95,2
-1,-3,96,-1
-1,-3,97,-4
-1,-3,98,-11
-1,-3,99,-14
-1,-3,100,-17
-1,-3,101,-20
-1,-3,102,-23
-1,-3,103,-26
-1,-3,104,-29
-1,-3,105,13
-1,-3,106,10
-1,-3,107,7
-1,-3,108,4
-1,-3,109,1
-1,-3,110,-2
-1,-3,111,-5
-1,-2,0,-3
-1,-2,1,-5
-1,-2,2,-7
-1,-2,3,-9
-1,-2,4,-11
-1,-2,5,-13
-1,-2,6,-15
-1,-2,7,13
-1,-2,8,11
-1,-2,9,9
-1,-2,10,7
-1,-2,11,5
-1,-2,12,3
-1,-2,13,1
-1,-2,14,-4
-1,-2,15,-6
-1,-2,16,-8
-1,-2,17,-10
-1,-2,18,-12
-1,-2,19,-14
-1,-2,20,-16
-1,-2,21,12
-1,-2,22,10
-1,-2,23,8
-1,-2,24,6
-1,-2,25,4
-1,-2,26,2
-1,-2,27,0
-1,-2,28,-5
-1,-2,29,-7
-1,-2,30,-9
-1,-2,31,-11
-1,-2,32,-13
-1,-2,33,-15
-1,-2,34,-17
-1,-2,35,11
-1,-2,36,9
-1,-2,37,7
-1,-2,38,5
-1,-2,39,3
-1,-2,40,1
-1,-2,41,-1
-1,-2,42,-6
-1,-2,43,-8
-1,-2,44,-10
-1,-2,45,-12
-1,-2,46,-14
-1,-2,47,-16
-1,-2,48,-18
-1,-2,49,10
-1,-2,50,8
-1,-2,51,6
-1,-2,52,4
-1,-2,53,2
-1,-2,54,0
-1,-2,55,-2
-1,-2,56,-7
-1,-2,57,-9
-1,-2,58,-11
-1,-2,59,-13
-1,-2,60,-15
-1,-2,61,-17
-1,-2,62,-19
-1,-2,63,9
-1,-2,64,7
-1,-2,65,5
-1,-2,66,3
-1,-2,67,1
-1,-2,68,-1
-1,-2,69,-3
-1,-2,70,-8
-1,-2,71,-10
-1,-2,72,-12
-1,-2,73,-14
-1,-2,74,-16
-1,-2,75,-18
-1,-2,76,-20
-1,-2,77,8
-1,-2,78,6
-1,-2,79,4
-1,-2,80,2
-1,-2,81,0
-1,-2,82,-2
-1,-2,83,-4
-1,-2,84,-9
-1,-2,85,-11
-1,-2,86,-13
-1,-2,87,-15
-1,-2,88,-17
-1,-2,89,-19
-1,-2,90,-21
-1,-2,91,7
-1,-2,92,5
-1,-2,93,3
-1,-2,94,1
-1,-2,95,-1
-1,-2,96,-3
-1,-2,97,-5
-1,-2,98,-10
-1,-2,99,-12
-1,-2,100,-14
-1,-2,101,-16
-1,-2,102,-18
-1,-2,103,-20
-1,-2,104,-22
-1,-2,105,6
-1,-2,106,4
-1,-2,107,2
-1,-2,108,0
-1,-2,109,-2
-1,-2,110,-4
-1,-2,111,-6
-1,-1,0,-2
-1,-1,1,-3
-1,-1,2,-4
-1,-1,3,-5
-1,-1,4,-6
-1,-1,5,-7
-1,-1,6,-8
-1,-1,7,6
-1,-1,8,5
-1,-1,9,4
-1,-1,10,3
-1,-1,11,2
-1,-1,12,1
-1,-1,13,0
-1,-1,14,-3
-1,-1,15,-4
-1,-1,16,-5
-1,-1,17,-6
-1,-1,18,-7
-1,-1,19,-8
-1,-1,20,-9
-1,-1,21,5
-1,-1,22,4
-1,-1,23,3
-1,-1,24,2
-1,-1,25,1
-1,-1,26,0
-1,-1,27,-1
-1,-1,28,-4
-1,-1,29,-5
-1,-1,30,-6
-1,-1,31,-7
-1,-1,32,-8
-1,-1,33,-9
-1,-1,34,-10
-1,-1,35,4
-1,-1,36,3
-1,-1,37,2
-1,-1,38,1
-1,-1,39,0
-1,-1,40,-1
-1,-1,41,-2
-1,-1,42,-5
-1,-1,43,-6
-1,-1,44,-7
-1,-1,45,-8
-1,-1,46,-9
-1,-1,47,-10
-1,-1,48,-11
-1,-1,49,3
-1,-1,50,2
-1,-1,51,1
-1,-1,52,0
-1,-1,53,-1
-1,-1,54,-2
-1,-1,55,-3
-1,-1,56,-6
-1,-1,57,-7
-1,-1,58,-8
-1,-1,59,-9
-1,-1,60,-10
-1,-1,61,-11
-1,-1,62,-12
-1,-1,63,2
-1,-1,64,1
-1,-1,65,0
-1,-1,66,-1
-1,-1,67,-2
-1,-1,68,-3
-1,-1,69,-4
-1,-1,70,-7
-1,-1,71,-8
-1,-1,72,-9
-1,-1,73,-10
-1,-1,74,-11
-1,-1,75,-12
-1,-1,76,-13
-1,-1,77,1
-1,-1,78,0
-1,-1,79,-1
-1,-1,80,-2
-1,-1,81,-3
-1,-1,82,-4
-1,-1,83,-5
-1,-1,84,-8
-1,-1,85,-9
-1,-1,86,-10
-1,-1,87,-11
-1,-1,88,-12
-1,-1,89,-13
-1,-1,90,-14
-1,-1,91,0
-1,-1,92,-1
-1,-1,93,-2
-1,-1,94,-3
-1,-1,95,-4
-1,-1,96,-5
-1,-1,97,-6
-1,-1,98,-9
-1,-1,99,-10
-1,-1,100,-11
-1,-1,101,-12
-1,-1,102,-13
-1,-1,103,-14
-1,-1,104,-15
-1,-1,105,-1
-1,-1,106,-2
-1,-1,107,-3
-1,-1,108,-4
-1,-1,109,-5
-1,-1,110,-6
-1,-1,111,-7
-1,0,0,-1
-1,0,1,-1
-1,0,2,-1
-1,0,3,-1
-1,0,4,-1
-1,0,5,-1
-1,0,6,-1
-1,0,7,-1
-1,0,8,-1
-1,0,9,-1
-1,0,10,-1
-1,0,11,-1
-1,0,12,-1
-1,0,13,-1
-1,0,14,-2
-1,0,15,-2
-1,0,16,-2
-1,0,17,-2
-1,0,18,-2
-1,0,19,-2
-1,0,20,-2
-1,0,21,-2
-1,0,22,-2
-1,0,23,-2
-1,0,24,-2
-1,0,25,-2
-1,0,26,-2
-1,0,27,-2
-1,0,28,-3
-1,0,29,-3
-1,0,30,-3
-1,0,31,-3
-1,0,32,-3
-1,0,33,-3
-1,0,34,-3
-1,0,35,-3
-1,0,36,-3
-1,0,37,-3
-1,0,38,-3
-1,0,39,-3
-1,0,40,-3
-1,0,41,-3
-1,0,42,-4
-1,0,43,-4
-1,0,44,-4
-1,0,45,-4
-1,0,46,-4
-1,0,47,-4
-1,0,48,-4
-1,0,49,-4
-1,0,50,-4
-1,0,51,-4
-1,0,52,-4
-1,0,53,-4
-1,0,54,-4
-1,0,55,-4
-1,0,56,-5
-1,0,57,-5
-1,0,58,-5
-1,0,59,-5
-1,0,60,-5
-1,0,61,-5
-1,0,62,-5
-1,0,63,-5
-1,0,64,-5
-1,0,65,-5
-1,0,66,-5
-1,0,67,-5
-1,0,68,-5
-1,0,69,-5
-1,0,70,-6
-1,0,71,-6
-1,0,72,-6
-1,0,73,-6
-1,0,74,-6
-1,0,75,-6
-1,0,76,-6
-1,0,77,-6
-1,0,78,-6
-1,0,79,-6
-1,0,80,-6
-1,0,81,-6
-1,0,82,-6
-1,0,83,-6
-1,0,84,-7
-1,0,85,-7
-1,0,86,-7
-1,0,87,-7
-1,0,88,-7
-1,0,89,-7
-1,0,90,-7
-1,0,91,-7
-1,0,92,-7
-1,0,93,-7
-1,0,94,-7
-1,0,95,-7
-1,0,96,-7
-1,0,97,-7
-1,0,98,-8
-1,0,99,-8
-1,0,100,-8
-1,0,101,-8
-1,0,102,-8
-1,0,103,-8
-1,0,104,-8
-1,0,105,-8
-1,0,106,-8
-1,0,107,-8
-1,0,108,-8
-1,0,109,-8
-1,0,110,-8
-1,0,111,-8
-1,1,0,0
-1,1,1,1
-1,1,2,2
-1,1,3,3
-1,1,4,4
-1,1,5,5
-1,1,6,6
-1,1,7,-8
-1,1,8,-7
-1,1,9,-6
-1,1,10,-5
-1,1,11,-4
-1,1,12,-3
-1,1,13,-2
-1,1,14,-1
-1,1,15,0
-1,1,16,1
-1,1,17,2
-1,1,18,3
-1,1,19,4
-1,1,20,5
-1,1,21,-9
-1,1,22,-8
-1,1,23,-7
-1,1,24,-6
-1,1,25,-5
-1,1,26,-4
-1,1,27,-3
-1,1,28,-2
-1,1,29,-1
-1,1,30,0
-1,1,31,1
-1,1,32,2
-1,1,33,3
-1,1,34,4
-1,1,35,-10
-1,1,36,-9
-1,1,37,-8
-1,1,38,-7
-1,1,39,-6
-1,1,40,-5
-1,1,41,-4
-1,1,42,-3
-1,1,43,-2
-1,1,44,-1
-1,1,45,0
-1,1,46,1
-1,1,47,2
-1,1,48,3
-1,1,49,-11
-1,1,50,-10
-1,1,51,-9
-1,1,52,-8
-1,1,53,-7
-1,1,54,-6
-1,1,55,-5
-1,1,56,-4
-1,1,57,-3
-1,1,58,-2
-1,1,59,-1
-1,1,60,0
-1,1,61,1
-1,1,62,2
-1,1,63,-12
-1,1,64,-11
-1,1,65,-10
-1,1,66,-9
-1,1,67,-8
-1,1,68,-7
-1,1,69,-6
-1,1,70,-5
-1,1,71,-4
-1,1,72,-3
-1,1,73,-2
-1,1,74,-1
-1,1,75,0
-1,1,76,1
-1,1,77,-13
-1,1,78,-12
-1,1,79,-11
-1,1,80,-10
-1,1,81,-9
-1,1,82,-8
-1,1,83,-7
-1,1,84,-6
-1,1,85,-5
-1,1,86,-4
-1,1,87,-3
-1,1,88,-2
-1,1,89,-1
-1,1,90,0
-1,1,91,-14
-1,1,92,-13
-1,1,93,-12
-1,1,94,-11
-1,1,95,-10
-1,1,96,-9
-1,1,97,-8
-1,1,98,-7
-1,1,99,-6
-1,1,100,-5
-1,1,101,-4
-1,1,102,-3
-1,1,103,-2
-1,1,104,-1
-1,1,105,-15
-1,1,106,-14
-1,1,107,-13
-1,1,108,-12
-1,1,109,-11
-1,1,110,-10
-1,1,111,-9
-1,2,0,1
-1,2,1,3
-1,2,2,5
-1,2,3,7
-1,2,4,9
-1,2,5,11
-1,2,6,13
-1,2,7,-15
-1,2,8,-13
-1,2,9,-11
-1,2,10,-9
-1,2,11,-7
-1,2,12,-5
-1,2,13,-3
-1,2,14,0
-1,2,15,2
-1,2,16,4
-1,2,17,6
-1,2,18,8
-1,2,19,10
-1,2,20,12
-1,2,21,-16
-1,2,22,-14
-1,2,23,-12
-1,2,24,-10
-1,2,25,-8
-1,2,26,-6
-1,2,27,-4
-1,2,28,-1
-1,2,29,1
-1,2,30,3
-1,2,31,5
-1,2,32,7
-1,2,33,9
-1,2,34,11
-1,2,35,-17
-1,2,36,-15
-1,2,37,-13
-1,2,38,-11
-1,2,39,-9
-1,2,40,-7
-1,2,41,-5
-1,2,42,-2
-1,2,43,0
-1,2,44,2
-1,2,45,4
-1,2,46,6
-1,2,47,8
-1,2,48,10
-1,2,49,-18
-1,2,50,-16
-1,2,51,-14
-1,2,52,-12
-1,2,53,-10
-1,2,54,-8
-1,2,55,-6
-1,2,56,-3
-1,2,57,-1
-1,2,58,1
-1,2,59,3
-1,2,60,5
-1,2,61,7
-1,2,62,9
-1,2,63,-19
-1,2,64,-17
-1,2,65,-15
-1,2,66,-13
-1,2,67,-11
-1,2,68,-9
-1,2,69,-7
-1,2,70,-4
-1,2,71,-2
-1,2,72,0
-1,2,73,2
-1,2,74,4
-1,2,75,6
-1,2,76,8
-1,2,77,-20
-1,2,78,-18
-1,2,79,-16
-1,2,80,-14
-1,2,81,-12
-1,2,82,-10
-1,2,83,-8
-1,2,84,-5
-1,2,85,-3
-1,2,86,-1
-1,2,87,1
-1,2,88,3
-1,2,89,5
-1,2,90,7
-1,2,91,-21
-1,2,92,-19
-1,2,93,-17
-1,2,94,-15
-1,2,95,-13
-1,2,96,-11
-1,2,97,-9
-1,2,98,-6
-1,2,99,-4
-1,2,100,-2
-1,2,101,0
-1,2,102,2
-1,2,103,4
-1,2,104,6
-1,2,105,-22
-1,2,106,-20
-1,2,107,-18
-1,2,108,-16
-1,2,109,-14
-1,2,110,-12
-1,2,111,-10
-1,3,0,2
-1,3,1,5
-1,3,2,8
-1,3,3,11
-1,3,4,14
-1,3,5,17
-1,3,6,20
-1,3,7,-22
-1,3,8,-19
-1,3,9,-16
-1,3,10,-13
-1,3,11,-10
-1,3,12,-7
-1,3,13,-4
-1,3,14,1
-1,3,15,4
-1,3,16,7
-1,3,17,10
-1,3,18,13
-1,3,19,16
-1,3,20,19
-1,3,21,-23
-1,3,22,-20
-1,3,23,-17
-1,3,24,-14
-1,3,25,-11
-1,3,26,-8
-1,3,27,-5
-1,3,28,0
-1,3,29,3
-1,3,30,6
-1,3,31,9
-1,3,32,12
-1,3,33,15
-1,3,34,18
-1,3,35,-24
-1,3,36,-21
-1,3,37,-18
-1,3,38,-15
-1,3,39,-12
-1,3,40,-9
-1,3,41,-6
-1,3,42,-1
-1,3,43,2
-1,3,44,5
-1,3,45,8
-1,3,46,11
-1,3,47,14
-1,3,48,17
-1,3,49,-25
-1,3,50,-22
-1,3,51,-19
-1,3,52,-16
-1,3,53,-13
-1,3,54,-10
-1,3,55,-7
-1,3,56,-2
-1,3,57,1
-1,3,58,4
-1,3,59,7
-1,3,60,10
-1,3,61,13
-1,3,62,16
-1,3,63,-26
-1,3,64,-23
-1,3,65,-20
-1,3,66,-17
-1,3,67,-14
-1,3,68,-11
-1,3,69,-8
-1,3,70,-3
-1,3,71,0
-1,3,72,3
-1,3,73,6
-1,3,74,9
-1,3,75,12
-1,3,76,15
-1,3,77,-27
-1,3,78,-24
-1,3,79,-21
-1,3,80,-18
-1,3,81,-15
-1,3,82,-12
-1,3,83,-9
-1,3,84,-4
-1,3,85,-1
-1,3,86,2
-1,3,87,5
-1,3,88,8
-1,3,89,11
-1,3,90,14
-1,3,91,-28
-1,3,92,-25
-1,3,93,-22
-1,3,94,-19
-1,3,95,-16
-1,3,96,-13
-1,3,97,-10
-1,3,98,-5
-1,3,99,-2
-1,3,100,1
-1,3,101,4
-1,3,102,7
-1,3,103,10
-1,3,104,13
-1,3,105,-29
-1,3,106,-26
-1,3,107,-23
-1,3,108,-20
-1,3,109,-17
-1,3,110,-14
-1,3,111,-11
-1,4,0,3
-1,4,1,7
-1,4,2,11
-1,4,3,15
-1,4,4,19
-1,4,5,23
-1,4,6,27
-1,4,7,-29
-1,4,8,-25
-1,4,9,-21
-1,4,10,-17
-1,4,11,-13
-1,4,12,-9
-1,4,13,-5
-1,4,14,2
-1,4,15,6
-1,4,16,10
-1,4,17,14
-1,4,18,18
-1,4,19,22
-1,4,20,26
-1,4,21,-30
-1,4,22,-26
-1,4,23,-22
-1,4,24,-18
-1,4,25,-14
-1,4,26,-10
-1,4,27,-6
-1,4,28,1
-1,4,29,5
-1,4,30,9
-1,4,31,13
-1,4,32,17
-1,4,33,21
-1,4,34,25
-1,4,35,-31
-1,4,36,-27
-1,4,37,-23
-1,4,38,-19
-1,4,39,-15
-1,4,40,-11
-1,4,41,-7
-1,4,42,0
-1,4,43,4
-1,4,44,8
-1,4,45,12
-1,4,46,16
-1,4,47,20
-1,4,48,24
-1,4,49,-32
-1,4,50,-28
-1,4,51,-24
-1,4,52,-20
-1,4,53,-16
-1,4,54,-12
-1,4,55,-8
-1,4,56,-1
-1,4,57,3
-1,4,58,7
-1,4,59,11
-1,4,60,15
-1,4,61,19
-1,4,62,23
-1,4,63,-33
-1,4,64,-29
-1,4,65,-25
-1,4,66,-21
-1,4,67,-17
-1,4,68,-13
-1,4,69,-9
-1,4,70,-2
-1,4,71,2
-1,4,72,6
-1,4,73,10
-1,4,74,14
-1,4,75,18
-1,4,76,22
-1,4,77,-34
-1,4,78,-30
-1,4,79,-26
-1,4,80,-22
-1,4,81,-18
-1,4,82,-14
-1,4,83,-10
-1,4,84,-3
-1,4,85,1
-1,4,86,5
-1,4,87,9
-1,4,88,13
-1,4,89,17
-1,4,90,21
-1,4,91,-35
-1,4,92,-31
-1,4,93,-27
-1,4,94,-23
-1,4,95,-19
-1,4,96,-15
-1,4,97,-11
-1,4,98,-4
-1,4,99,0
-1,4,100,4
-1,4,101,8
-1,4,102,12
-1,4,103,16
-1,4,104,20
-1,4,105,-36
-1,4,106,-32
-1,4,107,-28
-1,4,108,-24
-1,4,109,-20
-1,4,110,-16
-1,4,111,-12
-1,5,0,4
-1,5,1,9
-1,5,2,14
-1,5,3,19
-1,5,4,24
-1,5,5,29
-1,5,6,34
-1,5,7,-36
-1,5,8,-31
-1,5,9,-26
-1,5,10,-21
-1,5,11,-16
-1,5,12,-11
-1,5,13,-6
-1,5,14,3
-1,5,15,8
-1,5,16,13
-1,5,17,18
-1,5,18,23
-1,5,19,28
-1,5,20,33
-1,5,21,-37
-1,5,22,-32
-1,5,23,-27
-1,5,24,-22
-1,5,25,-17
-1,5,26,-12
-1,5,27,-7
-1,5,28,2
-1,5,29,7
-1,5,30,12
-1,5,31,17
-1,5,32,22
-1,5,33,27
-1,5,34,32
-1,5,35,-38
-1,5,36,-33
-1,5,37,-28
-1,5,38,-23
-1,5,39,-18
-1,5,40,-13
-1,5,41,-8
-1,5,42,1
-1,5,43,6
-1,5,44,11
-1,5,45,16
-1,5,46,21
-1,5,47,26
-1,5,48,31
-1,5,49,-39
-1,5,50,-34
-1,5,51,-29
-1,5,52,-24
-1,5,53,-19
-1,5,54,-14
-1,5,55,-9
-1,5,56,0
-1,5,57,5
-1,5,58,10
-1,5,59,15
-1,5,60,20
-1,5,61,25
-1,5,62,30
-1,5,63,-40
-1,5,64,-35
-1,5,65,-30
-1,5,66,-25
-1,5,67,-20
-1,5,68,-15
-1,5,69,-10
-1,5,70,-1
-1,5,71,4
-1,5,72,9
-1,5,73,14
-1,5,74,19
-1,5,75,24
-1,5,76,29
-1,5,77,-41
-1,5,78,-36
-1,5,79,-31
-1,5,80,-26
-1,5,81,-21
-1,5,82,-16
-1,5,83,-11
-1,5,84,-2
-1,5,85,3
-1,5,86,8
-1,5,87,13
-1,5,88,18
-1,5,89,23
-1,5,90,28
-1,5,91,-42
-1,5,92,-37
-1,5,93,-32
-1,5,94,-27
-1,5,95,-22
-1,5,96,-17
-1,5,97,-12
-1,5,98,-3
-1,5,99,2
-1,5,100,7
-1,5,101,12
-1,5,102,17
-1,5,103,22
-1,5,104,27
-1,5,105,-43
-1,5,106,-38
-1,5,107,-33
-1,5,108,-28
-1,5,109,-23
-1,5,110,-18
-1,5,111,-13
-1,6,0,5
-1,6,1,11
-1,6,2,17
-1,6,3,23
-1,6,4,29
-1,6,5,35
-1,6,6,41
-1,6,7,-43
-1,6,8,-37
-1,6,9,-31
-1,6,10,-25
-1,6,11,-19
-1,6,12,-13
-1,6,13,-7
-1,6,14,4
-1,6,15,10
-1,6,16,16
-1,6,17,22
-1,6,18,28
-1,6,19,34
-1,6,20,40
-1,6,21,-44
-1,6,22,-38
-1,6,23,-32
-1,6,24,-26
-1,6,25,-20
-1,6,26,-14
-1,6,27,-8
-1,6,28,3
-1,6,29,9
-1,6,30,15
-1,6,31,21
-1,6,32,27
-1,6,33,33
-1,6,34,39
-1,6,35,-45
-1,6,36,-39
-1,6,37,-33
-1,6,38,-27
-1,6,39,-21
-1,6,40,-15
-1,6,41,-9
-1,6,42,2
-1,6,43,8
-1,6,44,14
-1,6,45,20
-1,6,46,26
-1,6,47,32
-1,6,48,38
-1,6,49,-46
-1,6,50,-40
-1,6,51,-34
-1,6,52,-28
-1,6,53,-22
-1,6,54,-16
-1,6,55,-10
-1,6,56,1
-1,6,57,7
-1,6,58,13
-1,6,59,19
-1,6,60,25
-1,6,61,31
-1,6,62,37
-1,6,63,-47
-1,6,64,-41
-1,6,65,-35
-1,6,66,-29
-1,6,67,-23
-1,6,68,-17
-1,6,69,-11
-1,6,70,0
-1,6,71,6
-1,6,72,12
-1,6,73,18
-1,6,74,24
-1,6,75,30
-1,6,76,36
-1,6,77,-48
-1,6,78,-42
-1,6,79,-36
-1,6,80,-30
-1,6,81,-24
-1,6,82,-18
-1,6,83,-12
-1,6,84,-1
-1,6,85,5
-1,6,86,11
-1,6,87,17
-1,6,88,23
-1,6,89,29
-1,6,90,35
-1,6,91,-49
-1,6,92,-43
-1,6,93,-37
-1,6,94,-31
-1,6,95,-25
-1,6,96,-19
-1,6,97,-13
-1,6,98,-2
-1,6,99,4
-1,6,100,10
-1,6,101,16
-1,6,102,22
-1,6,103,28
-1,6,104,34
-1,6,105,-50
-1,6,106,-44
-1,6,107,-38
-1,6,108,-32
-1,6,109,-26
-1,6,110,-20
-1,6,111,-14
-1,7,0,6
-1,7,1,13
-1,7,2,20
-1,7,3,27
-1,7,4,34
-1,7,5,41
-1,7,6,48
-1,7,7,-50
-1,7,8,-43
-1,7,9,-36
-1,7,10,-29
-1,7,11,-22
-1,7,12,-15
-1,7,13,-8
-1,7,14,5
-1,7,15,12
-1,7,16,19
-1,7,17,26
-1,7,18,33
-1,7,19,40
-1,7,20,47
-1,7,21,-51
-1,7,22,-44
-1,7,23,-37
-1,7,24,-30
-1,7,25,-23
-1,7,26,-16
-1,7,27,-9
-1,7,28,4
-1,7,29,11
-1,7,30,18
-1,7,31,25
-1,7,32,32
-1,7,33,39
-1,7,34,46
-1,7,35,-52
-1,7,36,-45
-1,7,37,-38
-1,7,38,-31
-1,7,39,-24
-1,7,40,-17
-1,7,41,-10
-1,7,42,3
-1,7,43,10
-1,7,44,17
-1,7,45,24
-1,7,46,31
-1,7,47,38
-1,7,48,45
-1,7,49,-53
-1,7,50,-46
-1,7,51,-39
-1,7,52,-32
-1,7,53,-25
-1,7,54,-18
-1,7,55,-11
-1,7,56,2
-1,7,57,9
-1,7,58,16
-1,7,59,23
-1,7,60,30
-1,7,61,37
-1,7,62,44
-1,7,63,-54
-1,7,64,-47
-1,7,65,-40
-1,7,66,-33
-1,7,67,-26
-1,7,68,-19
-1,7,69,-12
-1,7,70,1
-1,7,71,8
-1,7,72,15
-1,7,73,22
-1,7,74,29
-1,7,75,36
-1,7,76,43
-1,7,77,-55
-1,7,78,-48
-1,7,79,-41
-1,7,80,-34
-1,7,81,-27
-1,7,82,-20
-1,7,83,-13
-1,7,84,0
-1,7,85,7
-1,7,86,14
-1,7,87,21
-1,7,88,28
-1,7,89,35
-1,7,90,42
-1,7,91,-56
-1,7,92,-49
-1,7,93,-42
-1,7,94,-35
-1,7,95,-28
-1,7,96,-21
-1,7,97,-14
-1,7,98,-1
-1,7,99,6
-1,7,100,13
-1,7,101,20
-1,7,102,27
-1,7,103,34
-1,7,104,41
-1,7,105,-57
-1,7,106,-50
-1,7,107,-43
-1,7,108,-36
-1,7,109,-29
-1,7,110,-22
-1,7,111,-15
0,-8,0,-8
0,-8,1,-16
0,-8,2,-24
0,-8,3,-32
0,-8,4,-40
0,-8,5,-48
0,-8,6,-56
0,-8,7,56
0,-8,8,48
0,-8,9,40
0,-8,10,32
0,-8,11,24
0,-8,12,16
0,-8,13,8
0,-8,14,-8
0,-8,15,-16
0,-8,16,-24
0,-8,17,-32
0,-8,18,-40
0,-8,19,-48
0,-8,20,-56
0,-8,21,56
0,-8,22,48
0,-8,23,40
0,-8,24,32
0,-8,25,24
0,-8,26,16
0,-8,27,8
0,-8,28,-8
0,-8,29,-16
0,-8,30,-24
0,-8,31,-32
0,-8,32,-40
0,-8,33,-48
0,-8,34,-56
0,-8,35,56
0,-8,36,48
0,-8,37,40
0,-8,38,32
0,-8,39,24
0,-8,40,16
0,-8,41,8
0,-8,42,-8
0,-8,43,-16
0,-8,44,-24
0,-8,45,-32
0,-8,46,-40
0,-8,47,-48
0,-8,48,-56
0,-8,49,56
0,-8,50,48
0,-8,51,40
0,-8,52,32
0,-8,53,24
0,-8,54,16
0,-8,55,8
0,-8,56,-8
0,-8,57,-16
0,-8,58,-24
0,-8,59,-32
0,-8,60,-40
0,-8,61,-48
0,-8,62,-56
0,-8,63,56
0,-8,64,48
0,-8,65,40
0,-8,66,32
0,-8,67,24
0,-8,68,16
0,-8,69,8
0,-8,70,-8
0,-8,71,-16
0,-8,72,-24
0,-8,73,-32
0,-8,74,-40
0,-8,75,-48
0,-8,76,-56
0,-8,77,56
0,-8,78,48
0,-8,79,40
0,-8,80,32
0,-8,81,24
0,-8,82,16
0,-8,83,8
0,-8,84,-8
0,-8,85,-16
0,-8,86,-24
0,-8,87,-32
0,-8,88,-40
0,-8,89,-48
0,-8,90,-56
0,-8,91,56
0,-8,92,48
0,-8,93,40
0,-8,94,32
0,-8,95,24
0,-8,96,16
0,-8,97,8
0,-8,98,-8
0,-8,99,-16
0,-8,100,-24
0,-8,101,-32
0,-8,102,-40
0,-8,103,-48
0,-8,104,-56
0,-8,105,56
0,-8,106,48
0,-8,107,40
0,-8,108,32
0,-8,109,24
0,-8,110,16
0,-8,111,8
0,-7,0,-7
0,-7,1,-14
0,-7,2,-21
0,-7,3,-28
0,-7,4,-35
0,-7,5,-42
0,-7,6,-49
0,-7,7,49
0,-7,8,42
0,-7,9,35
0,-7,10,28
0,-7,11,21
0,-7,12,14
0,-7,13,7
0,-7,14,-7
0,-7,15,-14
0,-7,16,-21
0,-7,17,-28
0,-7,18,-35
0,-7,19,-42
0,-7,20,-49
0,-7,21,49
0,-7,22,42
0,-7,23,35
0,-7,24,28
0,-7,25,21
0,-7,26,14
0,-7,27,7
0,-7,28,-7
0,-7,29,-14
0,-7,30,-21
0,-7,31,-28
0,-7,32,-35
0,-7,33,-42
0,-7,34,-49
0,-7,35,49
0,-7,36,42
0,-7,37,35
0,-7,38,28
0,-7,39,21
0,-7,40,14
0,-7,41,7
0,-7,42,-7
0,-7,43,-14
0,-7,44,-21
0,-7,45,-28
0,-7,46,-35
0,-7,47,-42
0,-7,48,-49
0,-7,49,49
0,-7,50,42
0,-7,51,35
0,-7,52,28
0,-7,53,21
0,-7,54,14
0,-7,55,7
0,-7,56,-7
0,-7,57,-14
0,-7,58,-21
0,-7,59,-28
0,-7,60,-35
0,-7,61,-42
0,-7,62,-49
0,-7,63,49
0,-7,64,42
0,-7,65,35
0,-7,66,28
0,-7,67,21
0,-7,68,14
0,-7,69,7
0,-7,70,-7
0,-7,71,-14
0,-7,72,-21
0,-7,73,-28
0,-7,74,-35
0,-7,75,-42
0,-7,76,-49
0,-7,77,49
0,-7,78,42
0,-7,79,35
0,-7,80,28
0,-7,81,21
0,-7,82,14
0,-7,83,7
0,-7,84,-7
0,-7,85,-14
0,-7,86,-21
0,-7,87,-28
0,-7,88,-35
0,-7,89,-42
0,-7,90,-49
0,-7,91,49
0,-7,92,42
0,-7,93,35
0,-7,94,28
0,-7,95,21
0,-7,96,14
0,-7,97,7
0,-7,98,-7
0,-7,99,-14
0,-7,100,-21
0,-7,101,-28
0,-7,102,-35
0,-7,103,-42
0,-7,104,-49
0,-7,105,49
0,-7,106,42
0,-7,107,35
0,-7,108,28
0,-7,109,21
0,-7,110,14
0,-7,111,7
0,-6,0,-6
0,-6,1,-12
0,-6,2,-18
0,-6,3,-24
0,-6,4,-30
0,-6,5,-36
0,-6,6,-42
0,-6,7,42
0,-6,8,36
0,-6,9,30
0,-6,10,24
0,-6,11,18
0,-6,12,12
0,-6,13,6
0,-6,14,-6
0,-6,15,-12
0,-6,16,-18
0,-6,17,-24
0,-6,18,-30
0,-6,19,-36
0,-6,20,-42
0,-6,21,42
0,-6,22,36
0,-6,23,30
0,-6,24,24
0,-6,25,18
0,-6,26,12
0,-6,27,6
0,-6,28,-6
0,-6,29,-12
0,-6,30,-18
0,-6,31,-24
0,-6,32,-30
0,-6,33,-36
0,-6,34,-42
0,-6,35,42
0,-6,36,36
0,-6,37,30
0,-6,38,24
0,-6,39,18
0,-6,40,12
0,-6,41,6
0,-6,42,-6
0,-6,43,-12
0,-6,44,-18
0,-6,45,-24
0,-6,46,-30
0,-6,47,-36
0,-6,48,-42
0,-6,49,42
0,-6,50,36
0,-6,51,30
0,-6,52,24
0,-6,53,18
0,-6,54,12
0,-6,55,6
0,-6,56,-6
0,-6,57,-12
0,-6,58,-18
0,-6,59,-24
0,-6,60,-30
0,-6,61,-36
0,-6,62,-42
0,-6,63,42
0,-6,64,36
0,-6,65,30
0,-6,66,24
0,-6,67,18
0,-6,68,12
0,-6,69,6
0,-6,70,-6
0,-6,71,-12
0,-6,72,-18
0,-6,73,-24
0,-6,74,-30
0,-6,75,-36
0,-6,76,-42
0,-6,77,42
0,-6,78,36
0,-6,79,30
0,-6,80,24
0,-6,81,18
0,-6,82,12
0,-6,83,6
0,-6,84,-6
0,-6,85,-12
0,-6,86,-18
0,-6,87,-24
0,-6,88,-30
0,-6,89,-36
0,-6,90,-42
0,-6,91,42
0,-6,92,36
0,-6,93,30
0,-6,94,24
0,-6,95,18
0,-6,96,12
0,-6,97,6
0,-6,98,-6
0,-6,99,-12
0,-6,100,-18
0,-6,101,-24
0,-6,102,-30
0,-6,103,-36
0,-6,104,-42
0,-6,105,42
0,-6,106,36
0,-6,107,30
0,-6,108,24
0,-6,109,18
0,-6,110,12
0,-6,111,6
0,-5,0,-5
0,-5,1,-10
0,-5,2,-15
0,-5,3,-20
0,-5,4,-25
0,-5,5,-30
0,-5,6,-35
0,-5,7,35
0,-5,8,30
0,-5,9,25
0,-5,10,20
0,-5,11,15
0,-5,12,10
0,-5,13,5
0,-5,14,-5
0,-5,15,-10
0,-5,16,-15
0,-5,17,-20
0,-5,18,-25
0,-5,19,-30
0,-5,20,-35
0,-5,21,35
0,-5,22,30
0,-5,23,25
0,-5,24,20
0,-5,25,15
0,-5,26,10
0,-5,27,5
0,-5,28,-5
0,-5,29,-10
0,-5,30,-15
0,-5,31,-20
0,-5,32,-25
0,-5,33,-30
0,-5,34,-35
0,-5,35,35
0,-5,36,30
0,-5,37,25
0,-5,38,20
0,-5,39,15
0,-5,40,10
0,-5,41,5
0,-5,42,-5
0,-5,43,-10
0,-5,44,-15
0,-5,45,-20
0,-5,46,-25
0,-5,47,-30
0,-5,48,-35
0,-5,49,35
0,-5,50,30
0,-5,51,25
0,-5,52,20
0,-5,53,15
0,-5,54,10
0,-5,55,5
0,-5,56,-5
0,-5,57,-10
0,-5,58,-15
0,-5,59,-20
0,-5,60,-25
0,-5,61,-30
0,-5,62,-35
0,-5,63,35
0,-5,64,30
0,-5,65,25
0,-5,66,20
0,-5,67,15
0,-5,68,10
0,-5,69,5
0,-5,70,-5
0,-5,71,-10
0,-5,72,-15
0,-5,73,-20
0,-5,74,-25
0,-5,75,-30
0,-5,76,-35
0,-5,77,35
0,-5,78,30
0,-5,79,25
0,-5,80,20
0,-5,81,15
0,-5,82,10
0,-5,83,5
0,-5,84,-5
0,-5,85,-10
0,-5,86,-15
0,-5,87,-20
0,-5,88,-25
0,-5,89,-30
0,-5,90,-35
0,-5,91,35
0,-5,92,30
0,-5,93,25
0,-5,94,20
0,-5,95,15
0,-5,96,10
0,-5,97,5
0,-5,98,-5
0,-5,99,-10
0,-5,100,-15
0,-5,101,-20
0,-5,102,-25
0,-5,103,-30
0,-5,104,-35
0,-5,105,35
0,-5,106,30
0,-5,107,25
0,-5,108,20
0,-5,109,15
0,-5,110,10
0,-5,111,5
0,-4,0,-4
0,-4,1,-8
0,-4,2,-12
0,-4,3,-16
0,-4,4,-20
0,-4,5,-24
0,-4,6,-28
0,-4,7,28
0,-4,8,24
0,-4,9,20
0,-4,10,16
0,-4,11,12
0,-4,12,8
0,-4,13,4
0,-4,14,-4
0,-4,15,-8
0,-4,16,-12
0,-4,17,-16
0,-4,18,-20
0,-4,19,-24
0,-4,20,-28
0,-4,21,28
0,-4,22,24
0,-4,23,20
0,-4,24,16
0,-4,25,12
0,-4,26,8
0,-4,27,4
0,-4,28,-4
0,-4,29,-8
0,-4,30,-12
0,-4,31,-16
0,-4,32,-20
0,-4,33,-24
0,-4,34,-28
0,-4,35,28
0,-4,36,24
0,-4,37,20
0,-4,38,16
0,-4,39,12
0,-4,40,8
0,-4,41,4
0,-4,42,-4
0,-4,43,-8
0,-4,44,-12
0,-4,45,-16
0,-4,46,-20
0,-4,47,-24
0,-4,48,-28
0,-4,49,28
0,-4,50,24
0,-4,51,20
0,-4,52,16
0,-4,53,12
0,-4,54,8
0,-4,55,4
0,-4,56,-4
0,-4,57,-8
0,-4,58,-12
0,-4,59,-16
0,-4,60,-20
0,-4,61,-24
0,-4,62,-28
0,-4,63,28
0,-4,64,24
0,-4,65,20
0,-4,66,16
0,-4,67,12
0,-4,68,8
0,-4,69,4
0,-4,70,-4
0,-4,71,-8
0,-4,72,-12
0,-4,73,-16
0,-4,74,-20
0,-4,75,-24
0,-4,76,-28
0,-4,77,28
0,-4,78,24
0,-4,79,20
0,-4,80,16
0,-4,81,12
0,-4,82,8
0,-4,83,4
0,-4,84,-4
0,-4,85,-8
0,-4,86,-12
0,-4,87,-16
0,-4,88,-20
0,-4,89,-24
0,-4,90,-28
0,-4,91,28
0,-4,92,24
0,-4,93,20
0,-4,94,16
0,-4,95,12
0,-4,96,8
0,-4,97,4
0,-4,98,-4
0,-4,99,-8
0,-4,100,-12
0,-4,101,-16
0,-4,102,-20
0,-4,103,-24
0,-4,104,-28
0,-4,105,28
0,-4,106,24
0,-4,107,20
0,-4,108,16
0,-4,109,12
0,-4,110,8
0,-4,111,4
0,-3,0,-3
0,-3,1,-6
0,-3,2,-9
0,-3,3,-12
0,-3,4,-15
0,-3,5,-18
0,-3,6,-21
0,-3,7,21
0,-3,8,18
0,-3,9,15
0,-3,10,12
0,-3,11,9
0,-3,12,6
0,-3,13,3
0,-3,14,-3
0,-3,15,-6
0,-3,16,-9
0,-3,17,-12
0,-3,18,-15
0,-3,19,-18
0,-3,20,-21
0,-3,21,21
0,-3,22,18
0,-3,23,15
0,-3,24,12
0,-3,25,9
0,-3,26,6
0,-3,27,3
0,-3,28,-3
0,-3,29,-6
0,-3,30,-9
0,-3,31,-12
0,-3,32,-15
0,-3,33,-18
0,-3,34,-21
0,-3,35,21
0,-3,36,18
0,-3,37,15
0,-3,38,12
0,-3,39,9
0,-3,40,6
0,-3,41,3
0,-3,42,-3
0,-3,43,-6
0,-3,44,-9
0,-3,45,-12
0,-3,46,-15
0,-3,47,-18
0,-3,48,-21
0,-3,49,21
0,-3,50,18
0,-3,51,15
0,-3,52,12
0,-3,53,9
0,-3,54,6
0,-3,55,3
0,-3,56,-3
0,-3,57,-6
0,-3,58,-9
0,-3,59,-12
0,-3,60,-15
0,-3,61,-18
0,-3,62,-21
0,-3,63,21
0,-3,64,18
0,-3,65,15
0,-3,66,12
0,-3,67,9
0,-3,68,6
0,-3,69,3
0,-3,70,-3
0,-3,71,-6
0,-3,72,-9
0,-3,73,-12
0,-3,74,-15
0,-3,75,-18
0,-3,76,-21
0,-3,77,21
0,-3,78,18
0,-3,79,15
0,-3,80,12
0,-3,81,9
0,-3,82,6
0,-3,83,3
0,-3,84,-3
0,-3,85,-6
0,-3,86,-9
0,-3,87,-12
0,-3,88,-15
0,-3,89,-18
0,-3,90,-21
0,-3,91,21
0,-3,92,18
0,-3,93,15
0,-3,94,12
0,-3,95,9
0,-3,96,6
0,-3,97,3
0,-3,98,-3
0,-3,99,-6
0,-3,100,-9
0,-3,101,-12
0,-3,102,-15
0,-3,103,-18
0,-3,104,-21
0,-3,105,21
0,-3,106,18
0,-3,107,15
0,-3,108,12
0,-3,109,9
0,-3,110,6
0,-3,111,3
0,-2,0,-2
0,-2,1,-4
0,-2,2,-6
0,-2,3,-8
0,-2,4,-10
0,-2,5,-12
0,-2,6,-14
0,-2,7,14
0,-2,8,12
0,-2,9,10
0,-2,10,8
0,-2,11,6
0,-2,12,4
0,-2,13,2
0,-2,14,-2
0,-2,15,-4
0,-2,16,-6
0,-2,17,-8
0,-2,18,-10
0,-2,19,-12
0,-2,20,-14
0,-2,21,14
0,-2,22,12
0,-2,23,10
0,-2,24,8
0,-2,25,6
0,-2,26,4
0,-2,27,2
0,-2,28,-2
0,-2,29,-4
0,-2,30,-6
0,-2,31,-8
0,-2,32,-10
0,-2,33,-12
0,-2,34,-14
0,-2,35,14
0,-2,36,12
0,-2,37,10
0,-2,38,8
0,-2,39,6
0,-2,40,4
0,-2,41,2
0,-2,42,-2
0,-2,43,-4
0,-2,44,-6
0,-2,45,-8
0,-2,46,-10
0,-2,47,-12
0,-2,48,-14
0,-2,49,14
0,-2,50,12
0,-2,51,10
0,-2,52,8
0,-2,53,6
0,-2,54,4
0,-2,55,2
0,-2,56,-2
0,-2,57,-4
0,-2,58,-6
0,-2,59,-8
0,-2,60,-10
0,-2,61,-12
0,-2,62,-14
0,-2,63,14
0,-2,64,12
0,-2,65,10
0,-2,66,8
0,-2,67,6
0,-2,68,4
0,-2,69,2
0,-2,70,-2
0,-2,71,-4
0,-2,72,-6
0,-2,73,-8
0,-2,74,-10
0,-2,75,-12
0,-2,76,-14
0,-2,77,14
0,-2,78,12
0,-2,79,10
0,-2,80,8
0,-2,81,6
0,-2,82,4
0,-2,83,2
0,-2,84,-2
0,-2,85,-4
0,-2,86,-6
0,-2,87,-8
0,-2,88,-10
0,-2,89,-12
0,-2,90,-14
0,-2,91,14
0,-2,92,12
0,-2,93,10
0,-2,94,8
0,-2,95,6
0,-2,96,4
0,-2,97,2
0,-2,98,-2
0,-2,99,-4
0,-2,100,-6
0,-2,101,-8
0,-2,102,-10
0,-2,103,-12
0,-2,104,-14
0,-2,105,14
0,-2,106,12
0,-2,107,10
0,-2,108,8
0,-2,109,6
0,-2,110,4
0,-2,111,2
0,-1,0,-1
0,-1,1,-2
0,-1,2,-3
0,-1,3,-4
0,-1,4,-5
0,-1,5,-6
0,-1,6,-7
0,-1,7,7
0,-1,8,6
0,-1,9,5
0,-1,10,4
0,-1,11,3
0,-1,12,2
0,-1,13,1
0,-1,14,-1
0,-1,15,-2
0,-1,16,-3
0,-1,17,-4
0,-1,18,-5
0,-1,19,-6
0,-1,20,-7
0,-1,21,7
0,-1,22,6
0,-1,23,5
0,-1,24,4
0,-1,25,3
0,-1,26,2
0,-1,27,1
0,-1,28,-1
0,-1,29,-2
0,-1,30,-3
0,-1,31,-4
0,-1,32,-5
0,-1,33,-6
0,-1,34,-7
0,-1,35,7
0,-1,36,6
0,-1,37,5
0,-1,38,4
0,-1,39,3
0,-1,40,2
0,-1,41,1
0,-1,42,-1
0,-1,43,-2
0,-1,44,-3
0,-1,45,-4
0,-1,46,-5
0,-1,47,-6
0,-1,48,-7
0,-1,49,7
0,-1,50,6
0,-1,51,5
0,-1,52,4
0,-1,53,3
0,-1,54,2
0,-1,55,1
0,-1,56,-1
0,-1,57,-2
0,-1,58,-3
0,-1,59,-4
0,-1,60,-5
0,-1,61,-6
0,-1,62,-7
0,-1,63,7
0,-1,64,6
0,-1,65,5
0,-1,66,4
0,-1,67,3
0,-1,68,2
0,-1,69,1
0,-1,70,-1
0,-1,71,-2
0,-1,72,-3
0,-1,73,-4
0,-1,74,-5
0,-1,75,-6
0,-1,76,-7
0,-1,77,7
0,-1,78,6
0,-1,79,5
0,-1,80,4
0,-1,81,3
0,-1,82,2
0,-1,83,1
0,-1,84,-1
0,-1,85,-2
0,-1,86,-3
0,-1,87,-4
0,-1,88,-5
0,-1,89,-6
0,-1,90,-7
0,-1,91,7
0,-1,92,6
0,-1,93,5
0,-1,94,4
0,-1,95,3
0,-1,96,2
0,-1,97,1
0,-1,98,-1
0,-1,99,-2
0,-1,100,-3
0,-1,101,-4
0,-1,102,-5
0,-1,103,-6
0,-1,104,-7
0,-1,105,7
0,-1,106,6
0,-1,107,5
0,-1,108,4
0,-1,109,3
0,-1,110,2
0,-1,111,1
0,0,0,0
0,0,1,0
0,0,2,0
0,0,3,0
0,0,4,0
0,0,5,0
0,0,6,0
0,0,7,0
0,0,8,0
0,0,9,0
0,0,10,0
0,0,11,0
0,0,12,0
0,0,13,0
0,0,14,0
0,0,15,0
0,0,16,0
0,0,17,0
0,0,18,0
0,0,19,0
0,0,20,0
0,0,21,0
0,0,22,0
0,0,23,0
0,0,24,0
0,0,25,0
0,0,26,0
0,0,27,0
0,0,28,0
0,0,29,0
0,0,30,0
0,0,31,0
0,0,32,0
0,0,33,0
0,0,34,0
0,0,35,0
0,0,36,0
0,0,37,0
0,0,38,0
0,0,39,0
0,0,40,0
0,0,41,0
0,0,42,0
0,0,43,0
0,0,44,0
0,0,45,0
0,0,46,0
0,0,47,0
0,0,48,0
0,0,49,0
0,0,50,0
0,0,51,0
0,0,52,0
0,0,53,0
0,0,54,0
0,0,55,0
0,0,56,0
0,0,57,0
0,0,58,0
0,0,59,0
0,0,60,0
0,0,61,0
0,0,62,0
0,0,63,0
0,0,64,0
0,0,65,0
0,0,66,0
0,0,67,0
0,0,68,0
0,0,69,0
0,0,70,0
0,0,71,0
0,0,72,0
0,0,73,0
0,0,74,0
0,0,75,0
0,0,76,0
0,0,77,0
0,0,78,0
0,0,79,0
0,0,80,0
0,0,81,0
0,0,82,0
0,0,83,0
0,0,84,0
0,0,85,0
0,0,86,0
0,0,87,0
0,0,88,0
0,0,89,0
0,0,90,0
0,0,91,0
0,0,92,0
0,0,93,0
0,0,94,0
0,0,95,0
0,0,96,0
0,0,97,0
0,0,98,0
0,0,99,0
0,0,100,0
0,0,101,0
0,0,102,0
0,0,103,0
0,0,104,0
0,0,105,0
0,0,106,0
0,0,107,0
0,0,108,0
0,0,109,0
0,0,110,0
0,0,111,0
0,1,0,1
0,1,1,2
0,1,2,3
0,1,3,4
0,1,4,5
0,1,5,6
0,1,6,7
0,1,7,-7
0,1,8,-6
0,1,9,-5
0,1,10,-4
0,1,11,-3
0,1,12,-2
0,1,13,-1
0,1,14,1
0,1,15,2
0,1,16,3
0,1,17,4
0,1,18,5
0,1,19,6
0,1,20,7
0,1,21,-7
0,1,22,-6
0,1,23,-5
0,1,24,-4
0,1,25,-3
0,1,26,-2
0,1,27,-1
0,1,28,1
0,1,29,2
0,1,30,3
0,1,31,4
0,1,32,5
0,1,33,6
0,1,34,7
0,1,35,-7
0,1,36,-6
0,1,37,-5
0,1,38,-4
0,1,39,-3
0,1,40,-2
0,1,41,-1
0,1,42,1
0,1,43,2
0,1,44,3
0,1,45,4
0,1,46,5
0,1,47,6
0,1,48,7
0,1,49,-7
0,1,50,-6
0,1,51,-5
0,1,52,-4
0,1,53,-3
0,1,54,-2
0,1,55,-1
0,1,56,1
0,1,57,2
0,1,58,3
0,1,59,4
0,1,60,5
0,1,61,6
0,1,62,7
0,1,63,-7
0,1,64,-6
0,1,65,-5
0,1,66,-4
0,1,67,-3
0,1,68,-2
0,1,69,-1
0,1,70,1
0,1,71,2
0,1,72,3
0,1,73,4
0,1,74,5
0,1,75,6
0,1,76,7
0,1,77,-7
0,1,78,-6
0,1,79,-5
0,1,80,-4
0,1,81,-3
0,1,82,-2
0,1,83,-1
0,1,84,1
0,1,85,2
0,1,86,3
0,1,87,4
0,1,88,5
0,1,89,6
0,1,90,7
0,1,91,-7
0,1,92,-6
0,1,93,-5
0,1,94,-4
0,1,95,-3
0,1,96,-2
0,1,97,-1
0,1,98,1
0,1,99,2
0,1,100,3
0,1,101,4
0,1,102,5
0,1,103,6
0,1,104,7
0,1,105,-7
0,1,106,-6
0,1,107,-5
0,1,108,-4
0,1,109,-3
0,1,110,-2
0,1,111,-1
0,2,0,2
0,2,1,4
0,2,2,6
0,2,3,8
0,2,4,10
0,2,5,12
0,2,6,14
0,2,7,-14
0,2,8,-12
0,2,9,-10
0,2,10,-8
0,2,11,-6
0,2,12,-4
0,2,13,-2
0,2,14,2
0,2,15,4
0,2,16,6
0,2,17,8
0,2,18,10
0,2,19,12
0,2,20,14
0,2,21,-14
0,2,22,-12
0,2,23,-10
0,2,24,-8
0,2,25,-6
0,2,26,-4
0,2,27,-2
0,2,28,2
0,2,29,4
0,2,30,6
0,2,31,8
0,2,32,10
0,2,33,12
0,2,34,14
0,2,35,-14
0,2,36,-12
0,2,37,-10
0,2,38,-8
0,2,39,-6
0,2,40,-4
0,2,41,-2
0,2,42,2
0,2,43,4
0,2,44,6
0,2,45,8
0,2,46,10
0,2,47,12
0,2,48,14
0,2,49,-14
0,2,50,-12
0,2,51,-10
0,2,52,-8
0,2,53,-6
0,2,54,-4
0,2,55,-2
0,2,56,2
0,2,57,4
0,2,58,6
0,2,59,8
0,2,60,10
0,2,61,12
0,2,62,14
0,2,63,-14
0,2,64,-12
0,2,65,-10
0,2,66,-8
0,2,67,-6
0,2,68,-4
0,2,69,-2
0,2,70,2
0,2,71,4
0,2,72,6
0,2,73,8
0,2,74,10
0,2,75,12
0,2,76,14
0,2,77,-14
0,2,78,-12
0,2,79,-10
0,2,80,-8
0,2,81,-6
0,2,82,-4
0,2,83,-2
0,2,84,2
0,2,85,4
0,2,86,6
0,2,87,8
0,2,88,10
0,2,89,12
0,2,90,14
0,2,91,-14
0,2,92,-12
0,2,93,-10
0,2,94,-8
0,2,95,-6
0,2,96,-4
0,2,97,-2
0,2,98,2
0,2,99,4
0,2,100,6
0,2,101,8
0,2,102,10
0,2,103,12
0,2,104,14
0,2,105,-14
0,2,106,-12
0,2,107,-10
0,2,108,-8
0,2,109,-6
0,2,110,-4
0,2,111,-2
0,3,0,3
0,3,1,6
0,3,2,9
0,3,3,12
0,3,4,15
0,3,5,18
0,3,6,21
0,3,7,-21
0,3,8,-18
0,3,9,-15
0,3,10,-12
0,3,11,-9
0,3,12,-6
0,3,13,-3
0,3,14,3
0,3,15,6
0,3,16,9
0,3,17,12
0,3,18,15
0,3,19,18
0,3,20,21
0,3,21,-21
0,3,22,-18
0,3,23,-15
0,3,24,-12
0,3,25,-9
0,3,26,-6
0,3,27,-3
0,3,28,3
0,3,29,6
0,3,30,9
0,3,31,12
0,3,32,15
0,3,33,18
0,3,34,21
0,3,35,-21
0,3,36,-18
0,3,37,-15
0,3,38,-12
0,3,39,-9
0,3,40,-6
0,3,41,-3
0,3,42,3
0,3,43,6
0,3,44,9
0,3,45,12
0,3,46,15
0,3,47,18
0,3,48,21
0,3,49,-21
0,3,50,-18
0,3,51,-15
0,3,52,-12
0,3,53,-9
0,3,54,-6
0,3,55,-3
0,3,56,3
0,3,57,6
0,3,58,9
0,3,59,12
0,3,60,15
0,3,61,18
0,3,62,21
0,3,63,-21
0,3,64,-18
0,3,65,-15
0,3,66,-12
0,3,67,-9
0,3,68,-6
0,3,69,-3
0,3,70,3
0,3,71,6
0,3,72,9
0,3,73,12
0,3,74,15
0,3,75,18
0,3,76,21
0,3,77,-21
0,3,78,-18
0,3,79,-15
0,3,80,-12
0,3,81,-9
0,3,82,-6
0,3,83,-3
0,3,84,3
0,3,85,6
0,3,86,9
0,3,87,12
0,3,88,15
0,3,89,18
0,3,90,21
0,3,91,-21
0,3,92,-18
0,3,93,-15
0,3,94,-12
0,3,95,-9
0,3,96,-6
0,3,97,-3
0,3,98,3
0,3,99,6
0,3,100,9
0,3,101,12
0,3,102,15
0,3,103,18
0,3,104,21
0,3,105,-21
0,3,106,-18
0,3,107,-15
0,3,108,-12
0,3,109,-9
0,3,110,-6
0,3,111,-3
0,4,0,4
0,4,1,8
0,4,2,12
0,4,3,16
0,4,4,20
0,4,5,24
0,4,6,28
0,4,7,-28
0,4,8,-24
0,4,9,-20
0,4,10,-16
0,4,11,-12
0,4,12,-8
0,4,13,-4
0,4,14,4
0,4,15,8
0,4,16,12
0,4,17,16
0,4,18,20
0,4,19,24
0,4,20,28
0,4,21,-28
0,4,22,-24
0,4,23,-20
0,4,24,-16
0,4,25,-12
0,4,26,-8
0,4,27,-4
0,4,28,4
0,4,29,8
0,4,30,12
0,4,31,16
0,4,32,20
0,4,33,24
0,4,34,28
0,4,35,-28
0,4,36,-24
0,4,37,-20
0,4,38,-16
0,4,39,-12
0,4,40,-8
0,4,41,-4
0,4,42,4
0,4,43,8
0,4,44,12
0,4,45,16
0,4,46,20
0,4,47,24
0,4,48,28
0,4,49,-28
0,4,50,-24
0,4,51,-20
0,4,52,-16
0,4,53,-12
0,4,54,-8
0,4,55,-4
0,4,56,4
0,4,57,8
0,4,58,12
0,4,59,16
0,4,60,20
0,4,61,24
0,4,62,28
0,4,63,-28
0,4,64,-24
0,4,65,-20
0,4,66,-16
0,4,67,-12
0,4,68,-8
0,4,69,-4
0,4,70,4
0,4,71,8
0,4,72,12
0,4,73,16
0,4,74,20
0,4,75,24
0,4,76,28
0,4,77,-28
0,4,78,-24
0,4,79,-20
0,4,80,-16
0,4,81,-12
0,4,82,-8
0,4,83,-4
0,4,84,4
0,4,85,8
0,4,86,12
0,4,87,16
0,4,88,20
0,4,89,24
0,4,90,28
0,4,91,-28
0,4,92,-24
0,4,93,-20
0,4,94,-16
0,4,95,-12
0,4,96,-8
0,4,97,-4
0,4,98,4
0,4,99,8
0,4,100,12
0,4,101,16
0,4,102,20
0,4,103,24
0,4,104,28
0,4,105,-28
0,4,106,-24
0,4,107,-20
0,4,108,-16
0,4,109,-12
0,4,110,-8
0,4,111,-4
0,5,0,5
0,5,1,10
0,5,2,15
0,5,3,20
0,5,4,25
0,5,5,30
0,5,6,35
0,5,7,-35
0,5,8,-30
0,5,9,-25
0,5,10,-20
0,5,11,-15
0,5,12,-10
0,5,13,-5
0,5,14,5
0,5,15,10
0,5,16,15
0,5,17,20
0,5,18,25
0,5,19,30
0,5,20,35
0,5,21,-35
0,5,22,-30
0,5,23,-25
0,5,24,-20
0,5,25,-15
0,5,26,-10
0,5,27,-5
0,5,28,5
0,5,29,10
0,5,30,15
0,5,31,20
0,5,32,25
0,5,33,30
0,5,34,35
0,5,35,-35
0,5,36,-30
0,5,37,-25
0,5,38,-20
0,5,39,-15
0,5,40,-10
0,5,41,-5
0,5,42,5
0,5,43,10
0,5,44,15
0,5,45,20
0,5,46,25
0,5,47,30
0,5,48,35
0,5,49,-35
0,5,50,-30
0,5,51,-25
0,5,52,-20
0,5,53,-15
0,5,54,-10
0,5,55,-5
0,5,56,5
0,5,57,10
0,5,58,15
0,5,59,20
0,5,60,25
0,5,61,30
0,5,62,35
0,5,63,-35
0,5,64,-30
0,5,65,-25
0,5,66,-20
0,5,67,-15
0,5,68,-10
0,5,69,-5
0,5,70,5
0,5,71,10
0,5,72,15
0,5,73,20
0,5,74,25
0,5,75,30
0,5,76,35
0,5,77,-35
0,5,78,-30
0,5,79,-25
0,5,80,-20
0,5,81,-15
0,5,82,-10
0,5,83,-5
0,5,84,5
0,5,85,10
0,5,86,15
0,5,87,20
0,5,88,25
0,5,89,30
0,5,90,35
0,5,91,-35
0,5,92,-30
0,5,93,-25
0,5,94,-20
0,5,95,-15
0,5,96,-10
0,5,97,-5
0,5,98,5
0,5,99,10
0,5,100,15
0,5,101,20
0,5,102,25
0,5,103,30
0,5,104,35
0,5,105,-35
0,5,106,-30
0,5,107,-25
0,5,108,-20
0,5,109,-15
0,5,110,-10
0,5,111,-5
0,6,0,6
0,6,1,12
0,6,2,18
0,6,3,24
0,6,4,30
0,6,5,36
0,6,6,42
0,6,7,-42
0,6,8,-36
0,6,9,-30
0,6,10,-24
0,6,11,-18
0,6,12,-12
0,6,13,-6
0,6,14,6
0,6,15,12
0,6,16,18
0,6,17,24
0,6,18,30
0,6,19,36
0,6,20,42
0,6,21,-42
0,6,22,-36
0,6,23,-30
0,6,24,-24
0,6,25,-18
0,6,26,-12
0,6,27,-6
0,6,28,6
0,6,29,12
0,6,30,18
0,6,31,24
0,6,32,30
0,6,33,36
0,6,34,42
0,6,35,-42
0,6,36,-36
0,6,37,-30
0,6,38,-24
0,6,39,-18
0,6,40,-12
0,6,41,-6
0,6,42,6
0,6,43,12
0,6,44,18
0,6,45,24
0,6,46,30
0,6,47,36
0,6,48,42
0,6,49,-42
0,6,50,-36
0,6,51,-30
0,6,52,-24
0,6,53,-18
0,6,54,-12
0,6,55,-6
0,6,56,6
0,6,57,12
0,6,58,18
0,6,59,24
0,6,60,30
0,6,61,36
0,6,62,42
0,6,63,-42
0,6,64,-36
0,6,65,-30
0,6,66,-24
0,6,67,-18
0,6,68,-12
0,6,69,-6
0,6,70,6
0,6,71,12
0,6,72,18
0,6,73,24
0,6,74,30
0,6,75,36
0,6,76,42
0,6,77,-42
0,6,78,-36
0,6,79,-30
0,6,80,-24
0,6,81,-18
0,6,82,-12
0,6,83,-6
0,6,84,6
0,6,85,12
0,6,86,18
0,6,87,24
0,6,88,30
0,6,89,36
0,6,90,42
0,6,91,-42
0,6,92,-36
0,6,93,-30
0,6,94,-24
0,6,95,-18
0,6,96,-12
0,6,97,-6
0,6,98,6
0,6,99,12
0,6,100,18
0,6,101,24
0,6,102,30
0,6,103,36
0,6,104,42
0,6,105,-42
0,6,106,-36
0,6,107,-30
0,6,108,-24
0,6,109,-18
0,6,110,-12
0,6,111,-6
0,7,0,7
0,7,1,14
0,7,2,21
0,7,3,28
0,7,4,35
0,7,5,42
0,7,6,49
0,7,7,-49
0,7,8,-42
0,7,9,-35
0,7,10,-28
0,7,11,-21
0,7,12,-14
0,7,13,-7
0,7,14,7
0,7,15,14
0,7,16,21
0,7,17,28
0,7,18,35
0,7,19,42
0,7,20,49
0,7,21,-49
0,7,22,-42
0,7,23,-35
0,7,24,-28
0,7,25,-21
0,7,26,-14
0,7,27,-7
0,7,28,7
0,7,29,14
0,7,30,21
0,7,31,28
0,7,32,35
0,7,33,42
0,7,34,49
0,7,35,-49
0,7,36,-42
0,7,37,-35
0,7,38,-28
0,7,39,-21
0,7,40,-14
0,7,41,-7
0,7,42,7
0,7,43,14
0,7,44,21
0,7,45,28
0,7,46,35
0,7,47,42
0,7,48,49
0,7,49,-49
0,7,50,-42
0,7,51,-35
0,7,52,-28
0,7,53,-21
0,7,54,-14
0,7,55,-7
0,7,56,7
0,7,57,14
0,7,58,21
0,7,59,28
0,7,60,35
0,7,61,42
0,7,62,49
0,7,63,-49
0,7,64,-42
0,7,65,-35
0,7,66,-28
0,7,67,-21
0,7,68,-14
0,7,69,-7
0,7,70,7
0,7,71,14
0,7,72,21
0,7,73,28
0,7,74,35
0,7,75,42
0,7,76,49
0,7,77,-49
0,7,78,-42
0,7,79,-35
0,7,80,-28
0,7,81,-21
0,7,82,-14
0,7,83,-7
0,7,84,7
0,7,85,14
0,7,86,21
0,7,87,28
0,7,88,35
0,7,89,42
0,7,90,49
0,7,91,-49
0,7,92,-42
0,7,93,-35
0,7,94,-28
0,7,95,-21
0,7,96,-14
0,7,97,-7
0,7,98,7
0,7,99,14
0,7,100,21
0,7,101,28
0,7,102,35
0,7,103,42
0,7,104,49
0,7,105,-49
0,7,106,-42
0,7,107,-35
0,7,108,-28
0,7,109,-21
0,7,110,-14
0,7,111,-7
1,-8,0,-7
1,-8,1,-15
1,-8,2,-23
1,-8,3,-31
1,-8,4,-39
1,-8,5,-47
1,-8,6,-55
1,-8,7,57
1,-8,8,49
1,-8,9,41
1,-8,10,33
1,-8,11,25
1,-8,12,17
1,-8,13,9
1,-8,14,-6
1,-8,15,-14
1,-8,16,-22
1,-8,17,-30
1,-8,18,-38
1,-8,19,-46
1,-8,20,-54
1,-8,21,58
1,-8,22,50
1,-8,23,42
1,-8,24,34
1,-8,25,26
1,-8,26,18
1,-8,27,10
1,-8,28,-5
1,-8,29,-13
1,-8,30,-21
1,-8,31,-29
1,-8,32,-37
1,-8,33,-45
1,-8,34,-53
1,-8,35,59
1,-8,36,51
1,-8,37,43
1,-8,38,35
1,-8,39,27
1,-8,40,19
1,-8,41,11
1,-8,42,-4
1,-8,43,-12
1,-8,44,-20
1,-8,45,-28
1,-8,46,-36
1,-8,47,-44
1,-8,48,-52
1,-8,49,60
1,-8,50,52
1,-8,51,44
1,-8,52,36
1,-8,53,28
1,-8,54,20
1,-8,55,12
1,-8,56,-3
1,-8,57,-11
1,-8,58,-19
1,-8,59,-27
1,-8,60,-35
1,-8,61,-43
1,-8,62,-51
1,-8,63,61
1,-8,64,53
1,-8,65,45
1,-8,66,37
1,-8,67,29
1,-8,68,21
1,-8,69,13
1,-8,70,-2
1,-8,71,-10
1,-8,72,-18
1,-8,73,-26
1,-8,74,-34
1,-8,75,-42
1,-8,76,-50
1,-8,77,62
1,-8,78,54
1,-8,79,46
1,-8,80,38
1,-8,81,30
1,-8,82,22
1,-8,83,14
1,-8,84,-1
1,-8,85,-9
1,-8,86,-17
1,-8,87,-25
1,-8,88,-33
1,-8,89,-41
1,-8,90,-49
1,-8,91,63
1,-8,92,55
1,-8,93,47
1,-8,94,39
1,-8,95,31
1,-8,96,23
1,-8,97,15
1,-8,98,0
1,-8,99,-8
1,-8,100,-16
1,-8,101,-24
1,-8,102,-32
1,-8,103,-40
1,-8,104,-48
1,-8,105,64
1,-8,106,56
1,-8,107,48
1,-8,108,40
1,-8,109,32
1,-8,110,24
1,-8,111,16
1,-7,0,-6
1,-7,1,-13
1,-7,2,-20
1,-7,3,-27
1,-7,4,-34
1,-7,5,-41
1,-7,6,-48
1,-7,7,50
1,-7,8,43
1,-7,9,36
1,-7,10,29
1,-7,11,22
1,-7,12,15
1,-7,13,8
1,-7,14,-5
1,-7,15,-12
1,-7,16,-19
1,-7,17,-26
1,-7,18,-33
1,-7,19,-40
1,-7,20,-47
1,-7,21,51
1,-7,22,44
1,-7,23,37
1,-7,24,30
1,-7,25,23
1,-7,26,16
1,-7,27,9
1,-7,28,-4
1,-7,29,-11
1,-7,30,-18
1,-7,31,-25
1,-7,32,-32
1,-7,33,-39
1,-7,34,-46
1,-7,35,52
1,-7,36,45
1,-7,37,38
1,-7,38,31
1,-7,39,24
1,-7,40,17
1,-7,41,10
1,-7,42,-3
1,-7,43,-10
1,-7,44,-17
1,-7,45,-24
1,-7,46,-31
1,-7,47,-38
1,-7,48,-45
1,-7,49,53
1,-7,50,46
1,-7,51,39
1,-7,52,32
1,-7,53,25
1,-7,54,18
1,-7,55,11
1,-7,56,-2
1,-7,57,-9
1,-7,58,-16
1,-7,59,-23
1,-7,60,-30
1,-7,61,-37
1,-7,62,-44
1,-7,63,54
1,-7,64,47
1,-7,65,40
1,-7,66,33
1,-7,67,26
1,-7,68,19
1,-7,69,12
1,-7,70,-1
1,-7,71,-8
1,-7,72,-15
1,-7,73,-22
1,-7,74,-29
1,-7,75,-36
1,-7,76,-43
1,-7,77,55
1,-7,78,48
1,-7,79,41
1,-7,80,34
1,-7,81,27
1,-7,82,20
1,-7,83,13
1,-7,84,0
1,-7,85,-7
1,-7,86,-14
1,-7,87,-21
1,-7,88,-28
1,-7,89,-35
1,-7,90,-42
1,-7,91,56
1,-7,92,49
1,-7,93,42
1,-7,94,35
1,-7,95,28
1,-7,96,21
1,-7,97,14
1,-7,98,1
1,-7,99,-6
1,-7,100,-13
1,-7,101,-20
1,-7,102,-27
1,-7,103,-34
1,-7,104,-41
1,-7,105,57
1,-7,106,50
1,-7,107,43
1,-7,108,36
1,-7,109,29
1,-7,110,22
1,-7,111,15
1,-6,0,-5
1,-6,1,-11
1,-6,2,-17
1,-6,3,-23
1,-6,4,-29
1,-6,5,-35
1,-6,6,-41
1,-6,7,43
1,-6,8,37
1,-6,9,31
1,-6,10,25
1,-6,11,19
1,-6,12,13
1,-6,13,7
1,-6,14,-4
1,-6,15,-10
1,-6,16,-16
1,-6,17,-22
1,-6,18,-28
1,-6,19,-34
1,-6,20,-40
1,-6,21,44
1,-6,22,38
1,-6,23,32
1,-6,24,26
1,-6,25,20
1,-6,26,14
1,-6,27,8
1,-6,28,-3
1,-6,29,-9
1,-6,30,-15
1,-6,31,-21
1,-6,32,-27
1,-6,33,-33
1,-6,34,-39
1,-6,35,45
1,-6,36,39
1,-6,37,33
1,-6,38,27
1,-6,39,21
1,-6,40,15
1,-6,41,9
1,-6,42,-2
1,-6,43,-8
1,-6,44,-14
1,-6,45,-20
1,-6,46,-26
1,-6,47,-32
1,-6,48,-38
1,-6,49,46
1,-6,50,40
1,-6,51,34
1,-6,52,28
1,-6,53,22
1,-6,54,16
1,-6,55,10
1,-6,56,-1
1,-6,57,-7
1,-6,58,-13
1,-6,59,-19
1,-6,60,-25
1,-6,61,-31
1,-6,62,-37
1,-6,63,47
1,-6,64,41
1,-6,65,35
1,-6,66,29
1,-6,67,23
1,-6,68,17
1,-6,69,11
1,-6,70,0
1,-6,71,-6
1,-6,72,-12
1,-6,73,-18
1,-6,74,-24
1,-6,75,-30
1,-6,76,-36
1,-6,77,48
1,-6,78,42
1,-6,79,36
1,-6,80,30
1,-6,81,24
1,-6,82,18
1,-6,83,12
1,-6,84,1
1,-6,85,-5
1,-6,86,-11
1,-6,87,-17
1,-6,88,-23
1,-6,89,-29
1,-6,90,-35
1,-6,91,49
1,-6,92,43
1,-6,93,37
1,-6,94,31
1,-6,95,25
1,-6,96,19
1,-6,97,13
1,-6,98,2
1,-6,99,-4
1,-6,100,-10
1,-6,101,-16
1,-6,102,-22
1,-6,103,-28
1,-6,104,-34
1,-6,105,50
1,-6,106,44
1,-6,107,38
1,-6,108,32
1,-6,109,26
1,-6,110,20
1,-6,111,14
1,-5,0,-4
1,-5,1,-9
1,-5,2,-14
1,-5,3,-19
1,-5,4,-24
1,-5,5,-29
1,-5,6,-34
1,-5,7,36
1,-5,8,31
1,-5,9,26
1,-5,10,21
1,-5,11,16
1,-5,12,11
1,-5,13,6
1,-5,14,-3
1,-5,15,-8
1,-5,16,-13
1,-5,17,-18
1,-5,18,-23
1,-5,19,-28
1,-5,20,-33
1,-5,21,37
1,-5,22,32
1,-5,23,27
1,-5,24,22
1,-5,25,17
1,-5,26,12
1,-5,27,7
1,-5,28,-2
1,-5,29,-7
1,-5,30,-12
1,-5,31,-17
1,-5,32,-22
1,-5,33,-27
1,-5,34,-32
1,-5,35,38
1,-5,36,33
1,-5,37,28
1,-5,38,23
1,-5,39,18
1,-5,40,13
1,-5,41,8
1,-5,42,-1
1,-5,43,-6
1,-5,44,-11
1,-5,45,-16
1,-5,46,-21
1,-5,47,-26
1,-5,48,-31
1,-5,49,39
1,-5,50,34
1,-5,51,29
1,-5,52,24
1,-5,53,19
1,-5,54,14
1,-5,55,9
1,-5,56,0
1,-5,57,-5
1,-5,58,-10
1,-5,59,-15
1,-5,60,-20
1,-5,61,-25
1,-5,62,-30
1,-5,63,40
1,-5,64,35
1,-5,65,30
1,-5,66,25
1,-5,67,20
1,-5,68,15
1,-5,69,10
1,-5,70,1
1,-5,71,-4
1,-5,72,-9
1,-5,73,-14
1,-5,74,-19
1,-5,75,-24
1,-5,76,-29
1,-5,77,41
1,-5,78,36
1,-5,79,31
1,-5,80,26
1,-5,81,21
1,-5,82,16
1,-5,83,11
1,-5,84,2
1,-5,85,-3
1,-5,86,-8
1,-5,87,-13
1,-5,88,-18
1,-5,89,-23
1,-5,90,-28
1,-5,91,42
1,-5,92,37
1,-5,93,32
1,-5,94,27
1,-5,95,22
1,-5,96,17
1,-5,97,12
1,-5,98,3
1,-5,99,-2
1,-5,100,-7
1,-5,101,-12
1,-5,102,-17
1,-5,103,-22
1,-5,104,-27
1,-5,105,43
1,-5,106,38
1,-5,107,33
1,-5,108,28
1,-5,109,23
1,-5,110,18
1,-5,111,13
1,-4,0,-3
1,-4,1,-7
1,-4,2,-11
1,-4,3,-15
1,-4,4,-19
1,-4,5,-23
1,-4,6,-27
1,-4,7,29
1,-4,8,25
1,-4,9,21
1,-4,10,17
1,-4,11,13
1,-4,12,9
1,-4,13,5
1,-4,14,-2
1,-4,15,-6
1,-4,16,-10
1,-4,17,-14
1,-4,18,-18
1,-4,19,-22
1,-4,20,-26
1,-4,21,30
1,-4,22,26
1,-4,23,22
1,-4,24,18
1,-4,25,14
1,-4,26,10
1,-4,27,6
1,-4,28,-1
1,-4,29,-5
1,-4,30,-9
1,-4,31,-13
1,-4,32,-17
1,-4,33,-21
1,-4,34,-25
1,-4,35,31
1,-4,36,27
1,-4,37,23
1,-4,38,19
1,-4,39,15
1,-4,40,11
1,-4,41,7
1,-4,42,0
1,-4,43,-4
1,-4,44,-8
1,-4,45,-12
1,-4,46,-16
1,-4,47,-20
1,-4,48,-24
1,-4,49,32
1,-4,50,28
1,-4,51,24
1,-4,52,20
1,-4,53,16
1,-4,54,12
1,-4,55,8
1,-4,56,1
1,-4,57,-3
1,-4,58,-7
1,-4,59,-11
1,-4,60,-15
1,-4,61,-19
1,-4,62,-23
1,-4,63,33
1,-4,64,29
1,-4,65,25
1,-4,66,21
1,-4,67,17
1,-4,68,13
1,-4,69,9
1,-4,70,2
1,-4,71,-2
1,-4,72,-6
1,-4,73,-10
1,-4,74,-14
1,-4,75,-18
1,-4,76,-22
1,-4,77,34
1,-4,78,30
1,-4,79,26
1,-4,80,22
1,-4,81,18
1,-4,82,14
1,-4,83,10
1,-4,84,3
1,-4,85,-1
1,-4,86,-5
1,-4,87,-9
1,-4,88,-13
1,-4,89,-17
1,-4,90,-21
1,-4,91,35
1,-4,92,31
1,-4,93,27
1,-4,94,23
1,-4,95,19
1,-4,96,15
1,-4,97,11
1,-4,98,4
1,-4,99,0
1,-4,100,-4
1,-4,101,-8
1,-4,102,-12
1,-4,103,-16
1,-4,104,-20
1,-4,105,36
1,-4,106,32
1,-4,107,28
1,-4,108,24
1,-4,109,20
1,-4,110,16
1,-4,111,12
1,-3,0,-2
1,-3,1,-5
1,-3,2,-8
1,-3,3,-11
1,-3,4,-14
1,-3,5,-17
1,-3,6,-20
1,-3,7,22
1,-3,8,19
1,-3,9,16
1,-3,10,13
1,-3,11,10
1,-3,12,7
1,-3,13,4
1,-3,14,-1
1,-3,15,-4
1,-3,16,-7
1,-3,17,-10
1,-3,18,-13
1,-3,19,-16
1,-3,20,-19
1,-3,21,23
1,-3,22,20
1,-3,23,17
1,-3,24,14
1,-3,25,11
1,-3,26,8
1,-3,27,5
1,-3,28,0
1,-3,29,-3
1,-3,30,-6
1,-3,31,-9
1,-3,32,-12
1,-3,33,-15
1,-3,34,-18
1,-3,35,24
1,-3,36,21
1,-3,37,18
1,-3,38,15
1,-3,39,12
1,-3,40,9
1,-3,41,6
1,-3,42,1
1,-3,43,-2
1,-3,44,-5
1,-3,45,-8
1,-3,46,-11
1,-3,47,-14
1,-3,48,-17
1,-3,49,25
1,-3,50,22
1,-3,51,19
1,-3,52,16
1,-3,53,13
1,-3,54,10
1,-3,55,7
1,-3,56,2
1,-3,57,-1
1,-3,58,-4
1,-3,59,-7
1,-3,60,-10
1,-3,61,-13
1,-3,62,-16
1,-3,63,26
1,-3,64,23
1,-3,65,20
1,-3,66,17
1,-3,67,14
1,-3,68,11
1,-3,69,8
1,-3,70,3
1,-3,71,0
1,-3,72,-3
1,-3,73,-6
1,-3,74,-9
1,-3,75,-12
1,-3,76,-15
1,-3,77,27
1,-3,78,24
1,-3,79,21
1,-3,80,18
1,-3,81,15
1,-3,82,12
1,-3,83,9
1,-3,84,4
1,-3,85,1
1,-3,86,-2
1,-3,87,-5
1,-3,88,-8
1,-3,89,-11
1,-3,90,-14
1,-3,91,28
1,-3,92,25
1,-3,93,22
1,-3,94,19
1,-3,95,16
1,-3,96,13
1,-3,97,10
1,-3,98,5
1,-3,99,2
1,-3,100,-1
1,-3,101,-4
1,-3,102,-7
1,-3,103,-10
1,-3,104,-13
1,-3,105,29
1,-3,106,26
1,-3,107,23
1,-3,108,20
1,-3,109,17
1,-3,110,14
1,-3,111,11
1,-2,0,-1
1,-2,1,-3
1,-2,2,-5
1,-2,3,-7
1,-2,4,-9
1,-2,5,-11
1,-2,6,-13
1,-2,7,15
1,-2,8,13
1,-2,9,11
1,-2,10,9
1,-2,11,7
1,-2,12,5
1,-2,13,3
1,-2,14,0
1,-2,15,-2
1,-2,16,-4
1,-2,17,-6
1,-2,18,-8
1,-2,19,-10
1,-2,20,-12
1,-2,21,16
1,-2,22,14
1,-2,23,12
1,-2,24,10
1,-2,25,8
1,-2,26,6
1,-2,27,4
1,-2,28,1
1,-2,29,-1
1,-2,30,-3
1,-2,31,-5
1,-2,32,-7
1,-2,33,-9
1,-2,34,-11
1,-2,35,17
1,-2,36,15
1,-2,37,13
1,-2,38,11
1,-2,39,9
1,-2,40,7
1,-2,41,5
1,-2,42,2
1,-2,43,0
1,-2,44,-2
1,-2,45,-4
1,-2,46,-6
1,-2,47,-8
1,-2,48,-10
1,-2,49,18
1,-2,50,16
1,-2,51,14
1,-2,52,12
1,-2,53,10
1,-2,54,8
1,-2,55,6
1,-2,56,3
1,-2,57,1
1,-2,58,-1
1,-2,59,-3
1,-2,60,-5
1,-2,61,-7
1,-2,62,-9
1,-2,63,19
1,-2,64,17
1,-2,65,15
1,-2,66,13
1,-2,67,11
1,-2,68,9
1,-2,69,7
1,-2,70,4
1,-2,71,2
1,-2,72,0
1,-2,73,-2
1,-2,74,-4
1,-2,75,-6
1,-2,76,-8
1,-2,77,20
1,-2,78,18
1,-2,79,16
1,-2,80,14
1,-2,81,12
1,-2,82,10
1,-2,83,8
1,-2,84,5
1,-2,85,3
1,-2,86,1
1,-2,87,-1
1,-2,88,-3
1,-2,89,-5
1,-2,90,-7
1,-2,91,21
1,-2,92,19
1,-2,93,17
1,-2,94,15
1,-2,95,13
1,-2,96,11
1,-2,97,9
1,-2,98,6
1,-2,99,4
1,-2,100,2
1,-2,101,0
1,-2,102,-2
1,-2,103,-4
1,-2,104,-6
1,-2,105,22
1,-2,106,20
1,-2,107,18
1,-2,108,16
1,-2,109,14
1,-2,110,12
1,-2,111,10
1,-1,0,0
1,-1,1,-1
1,-1,2,-2
1,-1,3,-3
1,-1,4,-4
1,-1,5,-5
1,-1,6,-6
1,-1,7,8
1,-1,8,7
1,-1,9,6
1,-1,10,5
1,-1,11,4
1,-1,12,3
1,-1,13,2
1,-1,14,1
1,-1,15,0
1,-1,16,-1
1,-1,17,-2
1,-1,18,-3
1,-1,19,-4
1,-1,20,-5
1,-1,21,9
1,-1,22,8
1,-1,23,7
1,-1,24,6
1,-1,25,5
1,-1,26,4
1,-1,27,3
1,-1,28,2
1,-1,29,1
1,-1,30,0
1,-1,31,-1
1,-1,32,-2
1,-1,33,-3
1,-1,34,-4
1,-1,35,10
1,-1,36,9
1,-1,37,8
1,-1,38,7
1,-1,39,6
1,-1,40,5
1,-1,41,4
1,-1,42,3
1,-1,43,2
1,-1,44,1
1,-1,45,0
1,-1,46,-1
1,-1,47,-2
1,-1,48,-3
1,-1,49,11
1,-1,50,10
1,-1,51,9
1,-1,52,8
1,-1,53,7
1,-1,54,6
1,-1,55,5
1,-1,56,4
1,-1,57,3
1,-1,58,2
1,-1,59,1
1,-1,60,0
1,-1,61,-1
1,-1,62,-2
1,-1,63,12
1,-1,64,11
1,-1,65,10
1,-1,66,9
1,-1,67,8
1,-1,68,7
1,-1,69,6
1,-1,70,5
1,-1,71,4
1,-1,72,3
1,-1,73,2
1,-1,74,1
1,-1,75,0
1,-1,76,-1
1,-1,77,13
1,-1,78,12
1,-1,79,11
1,-1,80,10
1,-1,81,9
1,-1,82,8
1,-1,83,7
1,-1,84,6
1,-1,85,5
1,-1,86,4
1,-1,87,3
1,-1,88,2
1,-1,89,1
1,-1,90,0
1,-1,91,14
1,-1,92,13
1,-1,93,12
1,-1,94,11
1,-1,95,10
1,-1,96,9
1,-1,97,8
1,-1,98,7
1,-1,99,6
1,-1,100,5
1,-1,101,4
1,-1,102,3
1,-1,103,2
1,-1,104,1
1,-1,105,15
1,-1,106,14
1,-1,107,13
1,-1,108,12
1,-1,109,11
1,-1,110,10
1,-1,111,9
1,0,0,1
1,0,1,1
1,0,2,1
1,0,3,1
1,0,4,1
1,0,5,1
1,0,6,1
1,0,7,1
1,0,8,1
1,0,9,1
1,0,10,1
1,0,11,1
1,0,12,1
1,0,13,1
1,0,14,2
1,0,15,2
1,0,16,2
1,0,17,2
1,0,18,2
1,0,19,2
1,0,20,2
1,0,21,2
1,0,22,2
1,0,23,2
1,0,24,2
1,0,25,2
1,0,26,2
1,0,27,2
1,0,28,3
1,0,29,3
1,0,30,3
1,0,31,3
1,0,32,3
1,0,33,3
1,0,34,3
1,0,35,3
1,0,36,3
1,0,37,3
1,0,38,3
1,0,39,3
1,0,40,3
1,0,41,3
1,0,42,4
1,0,43,4
1,0,44,4
1,0,45,4
1,0,46,4
1,0,47,4
1,0,48,4
1,0,49,4
1,0,50,4
1,0,51,4
1,0,52,4
1,0,53,4
1,0,54,4
1,0,55,4
1,0,56,5
1,0,57,5
1,0,58,5
1,0,59,5
1,0,60,5
1,0,61,5
1,0,62,5
1,0,63,5
1,0,64,5
1,0,65,5
1,0,66,5
1,0,67,5
1,0,68,5
1,0,69,5
1,0,70,6
1,0,71,6
1,0,72,6
1,0,73,6
1,0,74,6
1,0,75,6
1,0,76,6
1,0,77,6
1,0,78,6
1,0,79,6
1,0,80,6
1,0,81,6
1,0,82,6
1,0,83,6
1,0,84,7
1,0,85,7
1,0,86,7
1,0,87,7
1,0,88,7
1,0,89,7
1,0,90,7
1,0,91,7
1,0,92,7
1,0,93,7
1,0,94,7
1,0,95,7
1,0,96,7
1,0,97,7
1,0,98,8
1,0,99,8
1,0,100,8
1,0,101,8
1,0,102,8
1,0,103,8
1,0,104,8
1,0,105,8
1,0,106,8
1,0,107,8
1,0,108,8
1,0,109,8
1,0,110,8
1,0,111,8
1,1,0,2
1,1,1,3
1,1,2,4
1,1,3,5
1,1,4,6
1,1,5,7
1,1,6,8
1,1,7,-6
1,1,8,-5
1,1,9,-4
1,1,10,-3
1,1,11,-2
1,1,12,-1
1,1,13,0
1,1,14,3
1,1,15,4
1,1,16,5
1,1,17,6
1,1,18,7
1,1,19,8
1,1,20,9
1,1,21,-5
1,1,22,-4
1,1,23,-3
1,1,24,-2
1,1,25,-1
1,1,26,0
1,1,27,1
1,1,28,4
1,1,29,5
1,1,30,6
1,1,31,7
1,1,32,8
1,1,33,9
1,1,34,10
1,1,35,-4
1,1,36,-3
1,1,37,-2
1,1,38,-1
1,1,39,0
1,1,40,1
1,1,41,2
1,1,42,5
1,1,43,6
1,1,44,7
1,1,45,8
1,1,46,9
1,1,47,10
1,1,48,11
1,1,49,-3
1,1,50,-2
1,1,51,-1
1,1,52,0
1,1,53,1
1,1,54,2
1,1,55,3
1,1,56,6
1,1,57,7
1,1,58,8
1,1,59,9
1,1,60,10
1,1,61,11
1,1,62,12
1,1,63,-2
1,1,64,-1
1,1,65,0
1,1,66,1
1,1,67,2
1,1,68,3
1,1,69,4
1,1,70,7
1,1,71,8
1,1,72,9
1,1,73,10
1,1,74,11
1,1,75,12
1,1,76,13
1,1,77,-1
1,1,78,0
1,1,79,1
1,1,80,2
1,1,81,3
1,1,82,4
1,1,83,5
1,1,84,8
1,1,85,9
1,1,86,10
1,1,87,11
1,1,88,12
1,1,89,13
1,1,90,14
1,1,91,0
1,1,92,1
1,1,93,2
1,1,94,3
1,1,95,4
1,1,96,5
1,1,97,6
1,1,98,9
1,1,99,10
1,1,100,11
1,1,101,12
1,1,102,13
1,1,103,14
1,1,104,15
1,1,105,1
1,1,106,2
1,1,107,3
1,1,108,4
1,1,109,5
1,1,110,6
1,1,111,7
1,2,0,3
1,2,1,5
1,2,2,7
1,2,3,9
1,2,4,11
1,2,5,13
1,2,6,15
1,2,7,-13
1,2,8,-11
1,2,9,-9
1,2,10,-7
1,2,11,-5
1,2,12,-3
1,2,13,-1
1,2,14,4
1,2,15,6
1,2,16,8
1,2,17,10
1,2,18,12
1,2,19,14
1,2,20,16
1,2,21,-12
1,2,22,-10
1,2,23,-8
1,2,24,-6
1,2,25,-4
1,2,26,-2
1,2,27,0
1,2,28,5
1,2,29,7
1,2,30,9
1,2,31,11
1,2,32,13
1,2,33,15
1,2,34,17
1,2,35,-11
1,2,36,-9
1,2,37,-7
1,2,38,-5
1,2,39,-3
1,2,40,-1
1,2,41,1
1,2,42,6
1,2,43,8
1,2,44,10
1,2,45,12
1,2,46,14
1,2,47,16
1,2,48,18
1,2,49,-10
1,2,50,-8
1,2,51,-6
1,2,52,-4
1,2,53,-2
1,2,54,0
1,2,55,2
1,2,56,7
1,2,57,9
1,2,58,11
1,2,59,13
1,2,60,15
1,2,61,17
1,2,62,19
1,2,63,-9
1,2,64,-7
1,2,65,-5
1,2,66,-3
1,2,67,-1
1,2,68,1
1,2,69,3
1,2,70,8
1,2,71,10
1,2,72,12
1,2,73,14
1,2,74,16
1,2,75,18
1,2,76,20
1,2,77,-8
1,2,78,-6
1,2,79,-4
1,2,80,-2
1,2,81,0
1,2,82,2
1,2,83,4
1,2,84,9
1,2,85,11
1,2,86,13
1,2,87,15
1,2,88,17
1,2,89,19
1,2,90,21
1,2,91,-7
1,2,92,-5
1,2,93,-3
1,2,94,-1
1,2,95,1
1,2,96,3
1,2,97,5
1,2,98,10
1,2,99,12
1,2,100,14
1,2,101,16
1,2,102,18
1,2,103,20
1,2,104,22
1,2,105,-6
1,2,106,-4
1,2,107,-2
1,2,108,0
1,2,109,2
1,2,110,4
1,2,111,6
1,3,0,4
1,3,1,7
1,3,2,10
1,3,3,13
1,3,4,16
1,3,5,19
1,3,6,22
1,3,7,-20
1,3,8,-17
1,3,9,-14
1,3,10,-11
1,3,11,-8
1,3,12,-5
1,3,13,-2
1,3,14,5
1,3,15,8
1,3,16,11
1,3,17,14
1,3,18,17
1,3,19,20
1,3,20,23
1,3,21,-19
1,3,22,-16
1,3,23,-13
1,3,24,-10
1,3,25,-7
1,3,26,-4
1,3,27,-1
1,3,28,6
1,3,29,9
1,3,30,12
1,3,31,15
1,3,32,18
1,3,33,21
1,3,34,24
1,3,35,-18
1,3,36,-15
1,3,37,-12
1,3,38,-9
1,3,39,-6
1,3,40,-3
1,3,41,0
1,3,42,7
1,3,43,10
1,3,44,13
1,3,45,16
1,3,46,19
1,3,47,22
1,3,48,25
1,3,49,-17
1,3,50,-14
1,3,51,-11
1,3,52,-8
1,3,53,-5
1,3,54,-2
1,3,55,1
1,3,56,8
1,3,57,11
1,3,58,14
1,3,59,17
1,3,60,20
1,3,61,23
1,3,62,26
1,3,63,-16
1,3,64,-13
1,3,65,-10
1,3,66,-7
1,3,67,-4
1,3,68,-1
1,3,69,2
1,3,70,9
1,3,71,12
1,3,72,15
1,3,73,18
1,3,74,21
1,3,75,24
1,3,76,27
1,3,77,-15
1,3,78,-12
1,3,79,-9
1,3,80,-6
1,3,81,-3
1,3,82,0
1,3,83,3
1,3,84,10
1,3,85,13
1,3,86,16
1,3,87,19
1,3,88,22
1,3,89,25
1,3,90,28
1,3,91,-14
1,3,92,-11
1,3,93,-8
1,3,94,-5
1,3,95,-2
1,3,96,1
1,3,97,4
1,3,98,11
1,3,99,14
1,3,100,17
1,3,101,20
1,3,102,23
1,3,103,26
1,3,104,29
1,3,105,-13
1,3,106,-10
1,3,107,-7
1,3,108,-4
1,3,109,-1
1,3,110,2
1,3,111,5
1,4,0,5
1,4,1,9
1,4,2,13
1,4,3,17
1,4,4,21
1,4,5,25
1,4,6,29
1,4,7,-27
1,4,8,-23
1,4,9,-19
1,4,10,-15
1,4,11,-11
1,4,12,-7
1,4,13,-3
1,4,14,6
1,4,15,10
1,4,16,14
1,4,17,18
1,4,18,22
1,4,19,26
1,4,20,30
1,4,21,-26
1,4,22,-22
1,4,23,-18
1,4,24,-14
1,4,25,-10
1,4,26,-6
1,4,27,-2
1,4,28,7
1,4,29,11
1,4,30,15
1,4,31,19
1,4,32,23
1,4,33,27
1,4,34,31
1,4,35,-25
1,4,36,-21
1,4,37,-17
1,4,38,-13
1,4,39,-9
1,4,40,-5
1,4,41,-1
1,4,42,8
1,4,43,12
1,4,44,16
1,4,45,20
1,4,46,24
1,4,47,28
1,4,48,32
1,4,49,-24
1,4,50,-20
1,4,51,-16
1,4,52,-12
1,4,53,-8
1,4,54,-4
1,4,55,0
1,4,56,9
1,4,57,13
1,4,58,17
1,4,59,21
1,4,60,25
1,4,61,29
1,4,62,33
1,4,63,-23
1,4,64,-19
1,4,65,-15
1,4,66,-11
1,4,67,-7
1,4,68,-3
1,4,69,1
1,4,70,10
1,4,71,14
1,4,72,18
1,4,73,22
1,4,74,26
1,4,75,30
1,4,76,34
1,4,77,-22
1,4,78,-18
1,4,79,-14
1,4,80,-10
1,4,81,-6
1,4,82,-2
1,4,83,2
1,4,84,11
1,4,85,15
1,4,86,19
1,4,87,23
1,4,88,27
1,4,89,31
1,4,90,35
1,4,91,-21
1,4,92,-17
1,4,93,-13
1,4,94,-9
1,4,95,-5
1,4,96,-1
1,4,97,3
1,4,98,12
1,4,99,16
1,4,100,20
1,4,101,24
1,4,102,28
1,4,103,32
1,4,104,36
1,4,105,-20
1,4,106,-16
1,4,107,-12
1,4,108,-8
1,4,109,-4
1,4,110,0
1,4,111,4
1,5,0,6
1,5,1,11
1,5,2,16
1,5,3,21
1,5,4,26
1,5,5,31
1,5,6,36
1,5,7,-34
1,5,8,-29
1,5,9,-24
1,5,10,-19
1,5,11,-14
1,5,12,-9
1,5,13,-4
1,5,14,7
1,5,15,12
1,5,16,17
1,5,17,22
1,5,18,27
1,5,19,32
1,5,20,37
1,5,21,-33
1,5,22,-28
1,5,23,-23
1,5,24,-18
1,5,25,-13
1,5,26,-8
1,5,27,-3
1,5,28,8
1,5,29,13
1,5,30,18
1,5,31,23
1,5,32,28
1,5,33,33
1,5,34,38
1,5,35,-32
1,5,36,-27
1,5,37,-22
1,5,38,-17
1,5,39,-12
1,5,40,-7
1,5,41,-2
1,5,42,9
1,5,43,14
1,5,44,19
1,5,45,24
1,5,46,29
1,5,47,34
1,5,48,39
1,5,49,-31
1,5,50,-26
1,5,51,-21
1,5,52,-16
1,5,53,-11
1,5,54,-6
1,5,55,-1
1,5,56,10
1,5,57,15
1,5,58,20
1,5,59,25
1,5,60,30
1,5,61,35
1,5,62,40
1,5,63,-30
1,5,64,-25
1,5,65,-20
1,5,66,-15
1,5,67,-10
1,5,68,-5
1,5,69,0
1,5,70,11
1,5,71,16
1,5,72,21
1,5,73,26
1,5,74,31
1,5,75,36
1,5,76,41
1,5,77,-29
1,5,78,-24
1,5,79,-19
1,5,80,-14
1,5,81,-9
1,5,82,-4
1,5,83,1
1,5,84,12
1,5,85,17
1,5,86,22
1,5,87,27
1,5,88,32
1,5,89,37
1,5,90,42
1,5,91,-28
1,5,92,-23
1,5,93,-18
1,5,94,-13
1,5,95,-8
1,5,96,-3
1,5,97,2
1,5,98,13
1,5,99,18
1,5,100,23
1,5,101,28
1,5,102,33
1,5,103,38
1,5,104,43
1,5,105,-27
1,5,106,-22
1,5,107,-17
1,5,108,-12
1,5,109,-7
1,5,110,-2
1,5,111,3
1,6,0,7
1,6,1,13
1,6,2,19
1,6,3,25
1,6,4,31
1,6,5,37
1,6,6,43
1,6,7,-41
1,6,8,-35
1,6,9,-29
1,6,10,-23
1,6,11,-17
1,6,12,-11
1,6,13,-5
1,6,14,8
1,6,15,14
1,6,16,20
1,6,17,26
1,6,18,32
1,6,19,38
1,6,20,44
1,6,21,-40
1,6,22,-34
1,6,23,-28
1,6,24,-22
1,6,25,-16
1,6,26,-10
1,6,27,-4
1,6,28,9
1,6,29,15
1,6,30,21
1,6,31,27
1,6,32,33
1,6,33,39
1,6,34,45
1,6,35,-39
1,6,36,-33
1,6,37,-27
1,6,38,-21
1,6,39,-15
1,6,40,-9
1,6,41,-3
1,6,42,10
1,6,43,16
1,6,44,22
1,6,45,28
1,6,46,34
1,6,47,40
1,6,48,46
1,6,49,-38
1,6,50,-32
1,6,51,-26
1,6,52,-20
1,6,53,-14
1,6,54,-8
1,6,55,-2
1,6,56,11
1,6,57,17
1,6,58,23
1,6,59,29
1,6,60,35
1,6,61,41
1,6,62,47
1,6,63,-37
1,6,64,-31
1,6,65,-25
1,6,66,-19
1,6,67,-13
1,6,68,-7
1,6,69,-1
1,6,70,12
1,6,71,18
1,6,72,24
1,6,73,30
1,6,74,36
1,6,75,42
1,6,76,48
1,6,77,-36
1,6,78,-30
1,6,79,-24
1,6,80,-18
1,6,81,-12
1,6,82,-6
1,6,83,0
1,6,84,13
1,6,85,19
1,6,86,25
1,6,87,31
1,6,88,37
1,6,89,43
1,6,90,49
1,6,91,-35
1,6,92,-29
1,6,93,-23
1,6,94,-17
1,6,95,-11
1,6,96,-5
1,6,97,1
1,6,98,14
1,6,99,20
1,6,100,26
1,6,101,32
1,6,102,38
1,6,103,44
1,6,104,50
1,6,105,-34
1,6,106,-28
1,6,107,-22
1,6,108,-16
1,6,109,-10
1,6,110,-4
1,6,111,2
1,7,0,8
1,7,1,15
1,7,2,22
1,7,3,29
1,7,4,36
1,7,5,43
1,7,6,50
1,7,7,-48
1,7,8,-41
1,7,9,-34
1,7,10,-27
1,7,11,-20
1,7,12,-13
1,7,13,-6
1,7,14,9
1,7,15,16
1,7,16,23
1,7,17,30
1,7,18,37
1,7,19,44
1,7,20,51
1,7,21,-47
1,7,22,-40
1,7,23,-33
1,7,24,-26
1,7,25,-19
1,7,26,-12
1,7,27,-5
1,7,28,10
1,7,29,17
1,7,30,24
1,7,31,31
1,7,32,38
1,7,33,45
1,7,34,52
1,7,35,-46
1,7,36,-39
1,7,37,-32
1,7,38,-25
1,7,39,-18
1,7,40,-11
1,7,41,-4
1,7,42,11
1,7,43,18
1,7,44,25
1,7,45,32
1,7,46,39
1,7,47,46
1,7,48,53
1,7,49,-45
1,7,50,-38
1,7,51,-31
1,7,52,-24
1,7,53,-17
1,7,54,-10
1,7,55,-3
1,7,56,12
1,7,57,19
1,7,58,26
1,7,59,33
1,7,60,40
1,7,61,47
1,7,62,54
1,7,63,-44
1,7,64,-37
1,7,65,-30
1,7,66,-23
1,7,67,-16
1,7,68,-9
1,7,69,-2
1,7,70,13
1,7,71,20
1,7,72,27
1,7,73,34
1,7,74,41
1,7,75,48
1,7,76,55
1,7,77,-43
1,7,78,-36
1,7,79,-29
1,7,80,-22
1,7,81,-15
1,7,82,-8
1,7,83,-1
1,7,84,14
1,7,85,21
1,7,86,28
1,7,87,35
1,7,88,42
1,7,89,49
1,7,90,56
1,7,91,-42
1,7,92,-35
1,7,93,-28
1,7,94,-21
1,7,95,-14
1,7,96,-7
1,7,97,0
1,7,98,15
1,7,99,22
1,7,100,29
1,7,101,36
1,7,102,43
1,7,103,50
1,7,104,57
1,7,105,-41
1,7,106,-34
1,7,107,-27
1,7,108,-20
1,7,109,-13
1,7,110,-6
1,7,111,1
2,-8,0,-6
2,-8,1,-14
2,-8,2,-22
2,-8,3,-30
2,-8,4,-38
2,-8,5,-46
2,-8,6,-54
2,-8,7,58
2,-8,8,50
2,-8,9,42
2,-8,10,34
2,-8,11,26
2,-8,12,18
2,-8,13,10
2,-8,14,-4
2,-8,15,-12
2,-8,16,-20
2,-8,17,-28
2,-8,18,-36
2,-8,19,-44
2,-8,20,-52
2,-8,21,60
2,-8,22,52
2,-8,23,44
2,-8,24,36
2,-8,25,28
2,-8,26,20
2,-8,27,12
2,-8,28,-2
2,-8,29,-10
2,-8,30,-18
2,-8,31,-26
2,-8,32,-34
2,-8,33,-42
2,-8,34,-50
2,-8,35,62
2,-8,36,54
2,-8,37,46
2,-8,38,38
2,-8,39,30
2,-8,40,22
2,-8,41,14
2,-8,42,0
2,-8,43,-8
2,-8,44,-16
2,-8,45,-24
2,-8,46,-32
2,-8,47,-40
2,-8,48,-48
2,-8,49,64
2,-8,50,56
2,-8,51,48
2,-8,52,40
2,-8,53,32
2,-8,54,24
2,-8,55,16
2,-8,56,2
2,-8,57,-6
2,-8,58,-14
2,-8,59,-22
2,-8,60,-30
2,-8,61,-38
2,-8,62,-46
2,-8,63,66
2,-8,64,58
2,-8,65,50
2,-8,66,42
2,-8,67,34
2,-8,68,26
2,-8,69,18
2,-8,70,4
2,-8,71,-4
2,-8,72,-12
2,-8,73,-20
2,-8,74,-28
2,-8,75,-36
2,-8,76,-44
2,-8,77,68
2,-8,78,60
2,-8,79,52
2,-8,80,44
2,-8,81,36
2,-8,82,28
2,-8,83,20
2,-8,84,6
2,-8,85,-2
2,-8,86,-10
2,-8,87,-18
2,-8,88,-26
2,-8,89,-34
2,-8,90,-42
2,-8,91,70
2,-8,92,62
2,-8,93,54
2,-8,94,46
2,-8,95,38
2,-8,96,30
2,-8,97,22
2,-8,98,8
2,-8,99,0
2,-8,100,-8
2,-8,101,-16
2,-8,102,-24
2,-8,103,-32
2,-8,104,-40
2,-8,105,72
2,-8,106,64
2,-8,107,56
2,-8,108,48
2,-8,109,40
2,-8,110,32
2,-8,111,24
2,-7,0,-5
2,-7,1,-12
2,-7,2,-19
2,-7,3,-26
2,-7,4,-33
2,-7,5,-40
2,-7,6,-47
2,-7,7,51
2,-7,8,44
2,-7,9,37
2,-7,10,30
2,-7,11,23
2,-7,12,16
2,-7,13,9
2,-7,14,-3
2,-7,15,-10
2,-7,16,-17
2,-7,17,-24
2,-7,18,-31
2,-7,19,-38
2,-7,20,-45
2,-7,21,53
2,-7,22,46
2,-7,23,39
2,-7,24,32
2,-7,25,25
2,-7,26,18
2,-7,27,11
2,-7,28,-1
2,-7,29,-8
2,-7,30,-15
2,-7,31,-22
2,-7,32,-29
2,-7,33,-36
2,-7,34,-43
2,-7,35,55
2,-7,36,48
2,-7,37,41
2,-7,38,34
2,-7,39,27
2,-7,40,20
2,-7,41,13
2,-7,42,1
2,-7,43,-6
2,-7,44,-13
2,-7,45,-20
2,-7,46,-27
2,-7,47,-34
2,-7,48,-41
2,-7,49,57
2,-7,50,50
2,-7,51,43
2,-7,52,36
2,-7,53,29
2,-7,54,22
2,-7,55,15
2,-7,56,3
2,-7,57,-4
2,-7,58,-11
2,-7,59,-18
2,-7,60,-25
2,-7,61,-32
2,-7,62,-39
2,-7,63,59
2,-7,64,52
2,-7,65,45
2,-7,66,38
2,-7,67,31
2,-7,68,24
2,-7,69,17
2,-7,70,5
2,-7,71,-2
2,-7,72,-9
2,-7,73,-16
2,-7,74,-23
2,-7,75,-30
2,-7,76,-37
2,-7,77,61
2,-7,78,54
2,-7,79,47
2,-7,80,40
2,-7,81,33
2,-7,82,26
2,-7,83,19
2,-7,84,7
2,-7,85,0
2,-7,86,-7
2,-7,87,-14
2,-7,88,-21
2,-7,89,-28
2,-7,90,-35
2,-7,91,63
2,-7,92,56
2,-7,93,49
2,-7,94,42
2,-7,95,35
2,-7,96,28
2,-7,97,21
2,-7,98,9
2,-7,99,2
2,-7,100,-5
2,-7,101,-12
2,-7,102,-19
2,-7,103,-26
2,-7,104,-33
2,-7,105,65
2,-7,106,58
2,-7,107,51
2,-7,108,44
2,-7,109,37
2,-7,110,30
2,-7,111,23
2,-6,0,-4
2,-6,1,-10
2,-6,2,-16
2,-6,3,-22
2,-6,4,-28
2,-6,5,-34
2,-6,6,-40
2,-6,7,44
2,-6,8,38
2,-6,9,32
2,-6,10,26
2,-6,11,20
2,-6,12,14
2,-6,13,8
2,-6,14,-2
2,-6,15,-8
2,-6,16,-14
2,-6,17,-20
2,-6,18,-26
2,-6,19,-32
2,-6,20,-38
2,-6,21,46
2,-6,22,40
2,-6,23,34
2,-6,24,28
2,-6,25,22
2,-6,26,16
2,-6,27,10
2,-6,28,0
2,-6,29,-6
2,-6,30,-12
2,-6,31,-18
2,-6,32,-24
2,-6,33,-30
2,-6,34,-36
2,-6,35,48
2,-6,36,42
2,-6,37,36
2,-6,38,30
2,-6,39,24
2,-6,40,18
2,-6,41,12
2,-6,42,2
2,-6,43,-4
2,-6,44,-10
2,-6,45,-16
2,-6,46,-22
2,-6,47,-28
2,-6,48,-34
2,-6,49,50
2,-6,50,44
2,-6,51,38
2,-6,52,32
2,-6,53,26
2,-6,54,20
2,-6,55,14
2,-6,56,4
2,-6,57,-2
2,-6,58,-8
2,-6,59,-14
2,-6,60,-20
2,-6,61,-26
2,-6,62,-32
2,-6,63,52
2,-6,64,46
2,-6,65,40
2,-6,66,34
2,-6,67,28
2,-6,68,22
2,-6,69,16
2,-6,70,6
2,-6,71,0
2,-6,72,-6
2,-6,73,-12
2,-6,74,-18
2,-6,75,-24
2,-6,76,-30
2,-6,77,54
2,-6,78,48
2,-6,79,42
2,-6,80,36
2,-6,81,30
2,-6,82,24
2,-6,83,18
2,-6,84,8
2,-6,85,2
2,-6,86,-4
2,-6,87,-10
2,-6,88,-16
2,-6,89,-22
2,-6,90,-28
2,-6,91,56
2,-6,92,50
2,-6,93,44
2,-6,94,38
2,-6,95,32
2,-6,96,26
2,-6,97,20
2,-6,98,10
2,-6,99,4
2,-6,100,-2
2,-6,101,-8
2,-6,102,-14
2,-6,103,-20
2,-6,104,-26
2,-6,105,58
2,-6,106,52
2,-6,107,46
2,-6,108,40
2,-6,109,34
2,-6,110,28
2,-6,111,22
2,-5,0,-3
2,-5,1,-8
2,-5,2,-13
2,-5,3,-18
2,-5,4,-23
2,-5,5,-28
2,-5,6,-33
2,-5,7,37
2,-5,8,32
2,-5,9,27
2,-5,10,22
2,-5,11,17
2,-5,12,12
2,-5,13,7
2,-5,14,-1
2,-5,15,-6
2,-5,16,-11
2,-5,17,-16
2,-5,18,-21
2,-5,19,-26
2,-5,20,-31
2,-5,21,39
2,-5,22,34
2,-5,23,29
2,-5,24,24
2,-5,25,19
2,-5,26,14
2,-5,27,9
2,-5,28,1
2,-5,29,-4
2,-5,30,-9
2,-5,31,-14
2,-5,32,-19
2,-5,33,-24
2,-5,34,-29
2,-5,35,41
2,-5,36,36
2,-5,37,31
2,-5,38,26
2,-5,39,21
2,-5,40,16
2,-5,41,11
2,-5,42,3
2,-5,43,-2
2,-5,44,-7
2,-5,45,-12
2,-5,46,-17
2,-5,47,-22
2,-5,48,-27
2,-5,49,43
2,-5,50,38
2,-5,51,33
2,-5,52,28
2,-5,53,23
2,-5,54,18
2,-5,55,13
2,-5,56,5
2,-5,57,0
2,-5,58,-5
2,-5,59,-10
2,-5,60,-15
2,-5,61,-20
2,-5,62,-25
2,-5,63,45
2,-5,64,40
2,-5,65,35
2,-5,66,30
2,-5,67,25
2,-5,68,20
2,-5,69,15
2,-5,70,7
2,-5,71,2
2,-5,72,-3
2,-5,73,-8
2,-5,74,-13
2,-5,75,-18
2,-5,76,-23
2,-5,77,47
2,-5,78,42
2,-5,79,37
2,-5,80,32
2,-5,81,27
2,-5,82,22
2,-5,83,17
2,-5,84,9
2,-5,85,4
2,-5,86,-1
2,-5,87,-6
2,-5,88,-11
2,-5,89,-16
2,-5,90,-21
2,-5,91,49
2,-5,92,44
2,-5,93,39
2,-5,94,34
2,-5,95,29
2,-5,96,24
2,-5,97,19
2,-5,98,11
2,-5,99,6
2,-5,100,1
2,-5,101,-4
2,-5,102,-9
2,-5,103,-14
2,-5,104,-19
2,-5,105,51
2,-5,106,46
2,-5,107,41
2,-5,108,36
2,-5,109,31
2,-5,110,26
2,-5,111,21
2,-4,0,-2
2,-4,1,-6
2,-4,2,-10
2,-4,3,-14
2,-4,4,-18
2,-4,5,-22
2,-4,6,-26
2,-4,7,30
2,-4,8,26
2,-4,9,22
2,-4,10,18
2,-4,11,14
2,-4,12,10
2,-4,13,6
2,-4,14,0
2,-4,15,-4
2,-4,16,-8
2,-4,17,-12
2,-4,18,-16
2,-4,19,-20
2,-4,20,-24
2,-4,21,32
2,-4,22,28
2,-4,23,24
2,-4,24,20
2,-4,25,16
2,-4,26,12
2,-4,27,8
2,-4,28,2
2,-4,29,-2
2,-4,30,-6
2,-4,31,-10
2,-4,32,-14
2,-4,33,-18
2,-4,34,-22
2,-4,35,34
2,-4,36,30
2,-4,37,26
2,-4,38,22
2,-4,39,18
2,-4,40,14
2,-4,41,10
2,-4,42,4
2,-4,43,0
2,-4,44,-4
2,-4,45,-8
2,-4,46,-12
2,-4,47,-16
2,-4,48,-20
2,-4,49,36
2,-4,50,32
2,-4,51,28
2,-4,52,24
2,-4,53,20
2,-4,54,16
2,-4,55,12
2,-4,56,6
2,-4,57,2
2,-4,58,-2
2,-4,59,-6
2,-4,60,-10
2,-4,61,-14
2,-4,62,-18
2,-4,63,38
2,-4,64,34
2,-4,65,30
2,-4,66,26
2,-4,67,22
2,-4,68,18
2,-4,69,14
2,-4,70,8
2,-4,71,4
2,-4,72,0
2,-4,73,-4
2,-4,74,-8
2,-4,75,-12
2,-4,76,-16
2,-4,77,40
2,-4,78,36
2,-4,79,32
2,-4,80,28
2,-4,81,24
2,-4,82,20
2,-4,83,16
2,-4,84,10
2,-4,85,6
2,-4,86,2
2,-4,87,-2
2,-4,88,-6
2,-4,89,-10
2,-4,90,-14
2,-4,91,42
2,-4,92,38
2,-4,93,34
2,-4,94,30
2,-4,95,26
2,-4,96,22
2,-4,97,18
2,-4,98,12
2,-4,99,8
2,-4,100,4
2,-4,101,0
2,-4,102,-4
2,-4,103,-8
2,-4,104,-12
2,-4,105,44
2,-4,106,40
2,-4,107,36
2,-4,108,32
2,-4,109,28
2,-4,110,24
2,-4,111,20
2,-3,0,-1
2,-3,1,-4
2,-3,2,-7
2,-3,3,-10
2,-3,4,-13
2,-3,5,-16
2,-3,6,-19
2,-3,7,23
2,-3,8,20
2,-3,9,17
2,-3,10,14
2,-3,11,11
2,-3,12,8
2,-3,13,5
2,-3,14,1
2,-3,15,-2
2,-3,16,-5
2,-3,17,-8
2,-3,18,-11
2,-3,19,-14
2,-3,20,-17
2,-3,21,25
2,-3,22,22
2,-3,23,19
2,-3,24,16
2,-3,25,13
2,-3,26,10
2,-3,27,7
2,-3,28,3
2,-3,29,0
2,-3,30,-3
2,-3,31,-6
2,-3,32,-9
2,-3,33,-12
2,-3,34,-15
2,-3,35,27
2,-3,36,24
2,-3,37,21
2,-3,38,18
2,-3,39,15
2,-3,40,12
2,-3,41,9
2,-3,42,5
2,-3,43,2
2,-3,44,-1
2,-3,45,-4
2,-3,46,-7
2,-3,47,-10
2,-3,48,-13
2,-3,49,29
2,-3,50,26
2,-3,51,23
2,-3,52,20
2,-3,53,17
2,-3,54,14
2,-3,55,11
2,-3,56,7
2,-3,57,4
2,-3,58,1
2,-3,59,-2
2,-3,60,-5
2,-3,61,-8
2,-3,62,-11
2,-3,63,31
2,-3,64,28
2,-3,65,25
2,-3,66,22
2,-3,67,19
2,-3,68,16
2,-3,69,13
2,-3,70,9
2,-3,71,6
2,-3,72,3
2,-3,73,0
2,-3,74,-3
2,-3,75,-6
2,-3,76,-9
2,-3,77,33
2,-3,78,30
2,-3,79,27
2,-3,80,24
2,-3,81,21
2,-3,82,18
2,-3,83,15
2,-3,84,11
2,-3,85,8
2,-3,86,5
2,-3,87,2
2,-3,88,-1
2,-3,89,-4
2,-3,90,-7
2,-3,91,35
2,-3,92,32
2,-3,93,29
2,-3,94,26
2,-3,95,23
2,-3,96,20
2,-3,97,17
2,-3,98,13
2,-3,99,10
2,-3,100,7
2,-3,101,4
2,-3,102,1
2,-3,103,-2
2,-3,104,-5
2,-3,105,37
2,-3,106,34
2,-3,107,31
2,-3,108,28
2,-3,109,25
2,-3,110,22
2,-3,111,19
2,-2,0,0
2,-2,1,-2
2,-2,2,-4
2,-2,3,-6
2,-2,4,-8
2,-2,5,-10
2,-2,6,-12
2,-2,7,16
2,-2,8,14
2,-2,9,12
2,-2,10,10
2,-2,11,8
2,-2,12,6
2,-2,13,4
2,-2,14,2
2,-2,15,0
2,-2,16,-2
2,-2,17,-4
2,-2,18,-6
2,-2,19,-8
2,-2,20,-10
2,-2,21,18
2,-2,22,16
2,-2,23,14
2,-2,24,12
2,-2,25,10
2,-2,26,8
2,-2,27,6
2,-2,28,4
2,-2,29,2
2,-2,30,0
2,-2,31,-2
2,-2,32,-4
2,-2,33,-6
2,-2,34,-8
2,-2,35,20
2,-2,36,18
2,-2,37,16
2,-2,38,14
2,-2,39,12
2,-2,40,10
2,-2,41,8
2,-2,42,6
2,-2,43,4
2,-2,44,2
2,-2,45,0
2,-2,46,-2
2,-2,47,-4
2,-2,48,-6
2,-2,49,22
2,-2,50,20
2,-2,51,18
2,-2,52,16
2,-2,53,14
2,-2,54,12
2,-2,55,10
2,-2,56,8
2,-2,57,6
2,-2,58,4
2,-2,59,2
2,-2,60,0
2,-2,61,-2
2,-2,62,-4
2,-2,63,24
2,-2,64,22
2,-2,65,20
2,-2,66,18
2,-2,67,16
2,-2,68,14
2,-2,69,12
2,-2,70,10
2,-2,71,8
2,-2,72,6
2,-2,73,4
2,-2,74,2
2,-2,75,0
2,-2,76,-2
2,-2,77,26
2,-2,78,24
2,-2,79,22
2,-2,80,20
2,-2,81,18
2,-2,82,16
2,-2,83,14
2,-2,84,12
2,-2,85,10
2,-2,86,8
2,-2,87,6
2,-2,88,4
2,-2,89,2
2,-2,90,0
2,-2,91,28
2,-2,92,26
2,-2,93,24
2,-2,94,22
2,-2,95,20
2,-2,96,18
2,-2,97,16
2,-2,98,14
2,-2,99,12
2,-2,100,10
2,-2,101,8
2,-2,102,6
2,-2,103,4
2,-2,104,2
2,-2,105,30
2,-2,106,28
2,-2,107,26
2,-2,108,24
2,-2,109,22
2,-2,110,20
2,-2,111,18
2,-1,0,1
2,-1,1,0
2,-1,2,-1
2,-1,3,-2
2,-1,4,-3
2,-1,5,-4
2,-1,6,-5
2,-1,7,9
2,-1,8,8
2,-1,9,7
2,-1,10,6
2,-1,11,5
2,-1,12,4
2,-1,13,3
2,-1,14,3
2,-1,15,2
2,-1,16,1
2,-1,17,0
2,-1,18,-1
2,-1,19,-2
2,-1,20,-3
2,-1,21,11
2,-1,22,10
2,-1,23,9
2,-1,24,8
2,-1,25,7
2,-1,26,6
2,-1,27,5
2,-1,28,5
2,-1,29,4
2,-1,30,3
2,-1,31,2
2,-1,32,1
2,-1,33,0
2,-1,34,-1
2,-1,35,13
2,-1,36,12
2,-1,37,11
2,-1,38,10
2,-1,39,9
2,-1,40,8
2,-1,41,7
2,-1,42,7
2,-1,43,6
2,-1,44,5
2,-1,45,4
2,-1,46,3
2,-1,47,2
2,-1,48,1
2,-1,49,15
2,-1,50,14
2,-1,51,13
2,-1,52,12
2,-1,53,11
2,-1,54,10
2,-1,55,9
2,-1,56,9
2,-1,57,8
2,-1,58,7
2,-1,59,6
2,-1,60,5
2,-1,61,4
2,-1,62,3
2,-1,63,17
2,-1,64,16
2,-1,65,15
2,-1,66,14
2,-1,67,13
2,-1,68,12
2,-1,69,11
2,-1,70,11
2,-1,71,10
2,-1,72,9
2,-1,73,8
2,-1,74,7
2,-1,75,6
2,-1,76,5
2,-1,77,19
2,-1,78,18
2,-1,79,17
2,-1,80,16
2,-1,81,15
2,-1,82,14
2,-1,83,13
2,-1,84,13
2,-1,85,12
2,-1,86,11
2,-1,87,10
2,-1,88,9
2,-1,89,8
2,-1,90,7
2,-1,91,21
2,-1,92,20
2,-1,93,19
2,-1,94,18
2,-1,95,17
2,-1,96,16
2,-1,97,15
2,-1,98,15
2,-1,99,14
2,-1,100,13
2,-1,101,12
2,-1,102,11
2,-1,103,10
2,-1,104,9
2,-1,105,23
2,-1,106,22
2,-1,107,21
2,-1,108,20
2,-1,109,19
2,-1,110,18
2,-1,111,17
2,0,0,2
2,0,1,2
2,0,2,2
2,0,3,2
2,0,4,2
2,0,5,2
2,0,6,2
2,0,7,2
2,0,8,2
2,0,9,2
2,0,10,2
2,0,11,2
2,0,12,2
2,0,13,2
2,0,14,4
2,0,15,4
2,0,16,4
2,0,17,4
2,0,18,4
2,0,19,4
2,0,20,4
2,0,21,4
2,0,22,4
2,0,23,4
2,0,24,4
2,0,25,4
2,0,26,4
2,0,27,4
2,0,28,6
2,0,29,6
2,0,30,6
2,0,31,6
2,0,32,6
2,0,33,6
2,0,34,6
2,0,35,6
2,0,36,6
2,0,37,6
2,0,38,6
2,0,39,6
2,0,40,6
2,0,41,6
2,0,42,8
2,0,43,8
2,0,44,8
2,0,45,8
2,0,46,8
2,0,47,8
2,0,48,8
2,0,49,8
2,0,50,8
2,0,51,8
2,0,52,8
2,0,53,8
2,0,54,8
2,0,55,8
2,0,56,10
2,0,57,10
2,0,58,10
2,0,59,10
2,0,60,10
2,0,61,10
2,0,62,10
2,0,63,10
2,0,64,10
2,0,65,10
2,0,66,10
2,0,67,10
2,0,68,10
2,0,69,10
2,0,70,12
2,0,71,12
2,0,72,12
2,0,73,12
2,0,74,12
2,0,75,12
2,0,76,12
2,0,77,12
2,0,78,12
2,0,79,12
2,0,80,12
2,0,81,12
2,0,82,12
2,0,83,12
2,0,84,14
2,0,85,14
2,0,86,14
2,0,87,14
2,0,88,14
2,0,89,14
2,0,90,14
2,0,91,14
2,0,92,14
2,0,93,14
2,0,94,14
2,0,95,14
2,0,96,14
2,0,97,14
2,0,98,16
2,0,99,16
2,0,100,16
2,0,101,16
2,0,102,16
2,0,103,16
2,0,104,16
2,0,105,16
2,0,106,16
2,0,107,16
2,0,108,16
2,0,109,16
2,0,110,16
2,0,111,16
2,1,0,3
2,1,1,4
2,1,2,5
2,1,3,6
2,1,4,7
2,1,5,8
2,1,6,9
2,1,7,-5
2,1,8,-4
2,1,9,-3
2,1,10,-2
2,1,11,-1
2,1,12,0
2,1,13,1
2,1,14,5
2,1,15,6
2,1,16,7
2,1,17,8
2,1,18,9
2,1,19,10
2,1,20,11
2,1,21,-3
2,1,22,-2
2,1,23,-1
2,1,24,0
2,1,25,1
2,1,26,2
2,1,27,3
2,1,28,7
2,1,29,8
2,1,30,9
2,1,31,10
2,1,32,11
2,1,33,12
2,1,34,13
2,1,35,-1
2,1,36,0
2,1,37,1
2,1,38,2
2,1,39,3
2,1,40,4
2,1,41,5
2,1,42,9
2,1,43,10
2,1,44,11
2,1,45,12
2,1,46,13
2,1,47,14
2,1,48,15
2,1,49,1
2,1,50,2
2,1,51,3
2,1,52,4
2,1,53,5
2,1,54,6
2,1,55,7
2,1,56,11
2,1,57,12
2,1,58,13
2,1,59,14
2,1,60,15
2,1,61,16
2,1,62,17
2,1,63,3
2,1,64,4
2,1,65,5
2,1,66,6
2,1,67,7
2,1,68,8
2,1,69,9
2,1,70,13
2,1,71,14
2,1,72,15
2,1,73,16
2,1,74,17
2,1,75,18
2,1,76,19
2,1,77,5
2,1,78,6
2,1,79,7
2,1,80,8
2,1,81,9
2,1,82,10
2,1,83,11
2,1,84,15
2,1,85,16
2,1,86,17
2,1,87,18
2,1,88,19
2,1,89,20
2,1,90,21
2,1,91,7
2,1,92,8
2,1,93,9
2,1,94,10
2,1,95,11
2,1,96,12
2,1,97,13
2,1,98,17
2,1,99,18
2,1,100,19
2,1,101,20
2,1,102,21
2,1,103,22
2,1,104,23
2,1,105,9
2,1,106,10
2,1,107,11
2,1,108,12
2,1,109,13
2,1,110,14
2,1,111,15
2,2,0,4
2,2,1,6
2,2,2,8
2,2,3,10
2,2,4,12
2,2,5,14
2,2,6,16
2,2,7,-12
2,2,8,-10
2,2,9,-8
2,2,10,-6
2,2,11,-4
2,2,12,-2
2,2,13,0
2,2,14,6
2,2,15,8
2,2,16,10
2,2,17,12
2,2,18,14
2,2,19,16
2,2,20,18
2,2,21,-10
2,2,22,-8
2,2,23,-6
2,2,24,-4
2,2,25,-2
2,2,26,0
2,2,27,2
2,2,28,8
2,2,29,10
2,2,30,12
2,2,31,14
2,2,32,16
2,2,33,18
2,2,34,20
2,2,35,-8
2,2,36,-6
2,2,37,-4
2,2,38,-2
2,2,39,0
2,2,40,2
2,2,41,4
2,2,42,10
2,2,43,12
2,2,44,14
2,2,45,16
2,2,46,18
2,2,47,20
2,2,48,22
2,2,49,-6
2,2,50,-4
2,2,51,-2
2,2,52,0
2,2,53,2
2,2,54,4
2,2,55,6
2,2,56,12
2,2,57,14
2,2,58,16
2,2,59,18
2,2,60,20
2,2,61,22
2,2,62,24
2,2,63,-4
2,2,64,-2
2,2,65,0
2,2,66,2
2,2,67,4
2,2,68,6
2,2,69,8
2,2,70,14
2,2,71,16
2,2,72,18
2,2,73,20
2,2,74,22
2,2,75,24
2,2,76,26
2,2,77,-2
2,2,78,0
2,2,79,2
2,2,80,4
2,2,81,6
2,2,82,8
2,2,83,10
2,2,84,16
2,2,85,18
2,2,86,20
2,2,87,22
2,2,88,24
2,2,89,26
2,2,90,28
2,2,91,0
2,2,92,2
2,2,93,4
2,2,94,6
2,2,95,8
2,2,96,10
2,2,97,12
2,2,98,18
2,2,99,20
2,2,100,22
2,2,101,24
2,2,102,26
2,2,103,28
2,2,104,30
2,2,105,2
2,2,106,4
2,2,107,6
2,2,108,8
2,2,109,10
2,2,110,12
2,2,111,14
2,3,0,5
2,3,1,8
2,3,2,11
2,3,3,14
2,3,4,17
2,3,5,20
2,3,6,23
2,3,7,-19
2,3,8,-16
2,3,9,-13
2,3,10,-10
2,3,11,-7
2,3,12,-4
2,3,13,-1
2,3,14,7
2,3,15,10
2,3,16,13
2,3,17,16
2,3,18,19
2,3,19,22
2,3,20,25
2,3,21,-17
2,3,22,-14
2,3,23,-11
2,3,24,-8
2,3,25,-5
2,3,26,-2
2,3,27,1
2,3,28,9
2,3,29,12
2,3,30,15
2,3,31,18
2,3,32,21
2,3,33,24
2,3,34,27
2,3,35,-15
2,3,36,-12
2,3,37,-9
2,3,38,-6
2,3,39,-3
2,3,40,0
2,3,41,3
2,3,42,11
2,3,43,14
2,3,44,17
2,3,45,20
2,3,46,23
2,3,47,26
2,3,48,29
2,3,49,-13
2,3,50,-10
2,3,51,-7
2,3,52,-4
2,3,53,-1
2,3,54,2
2,3,55,5
2,3,56,13
2,3,57,16
2,3,58,19
2,3,59,22
2,3,60,25
2,3,61,28
2,3,62,31
2,3,63,-11
2,3,64,-8
2,3,65,-5
2,3,66,-2
2,3,67,1
2,3,68,4
2,3,69,7
2,3,70,15
2,3,71,18
2,3,72,21
2,3,73,24
2,3,74,27
2,3,75,30
2,3,76,33
2,3,77,-9
2,3,78,-6
2,3,79,-3
2,3,80,0
2,3,81,3
2,3,82,6
2,3,83,9
2,3,84,17
2,3,85,20
2,3,86,23
2,3,87,26
2,3,88,29
2,3,89,32
2,3,90,35
2,3,91,-7
2,3,92,-4
2,3,93,-1
2,3,94,2
2,3,95,5
2,3,96,8
2,3,97,11
2,3,98,19
2,3,99,22
2,3,100,25
2,3,101,28
2,3,102,31
2,3,103,34
2,3,104,37
2,3,105,-5
2,3,106,-2
2,3,107,1
2,3,108,4
2,3,109,7
2,3,110,10
2,3,111,13
2,4,0,6
2,4,1,10
2,4,2,14
2,4,3,18
2,4,4,22
2,4,5,26
2,4,6,30
2,4,7,-26
2,4,8,-22
2,4,9,-18
2,4,10,-14
2,4,11,-10
2,4,12,-6
2,4,13,-2
2,4,14,8
2,4,15,12
2,4,16,16
2,4,17,20
2,4,18,24
2,4,19,28
2,4,20,32
2,4,21,-24
2,4,22,-20
2,4,23,-16
2,4,24,-12
2,4,25,-8
2,4,26,-4
2,4,27,0
2,4,28,10
2,4,29,14
2,4,30,18
2,4,31,22
2,4,32,26
2,4,33,30
2,4,34,34
2,4,35,-22
2,4,36,-18
2,4,37,-14
2,4,38,-10
2,4,39,-6
2,4,40,-2
2,4,41,2
2,4,42,12
2,4,43,16
2,4,44,20
2,4,45,24
2,4,46,28
2,4,47,32
2,4,48,36
2,4,49,-20
2,4,50,-16
2,4,51,-12
2,4,52,-8
2,4,53,-4
2,4,54,0
2,4,55,4
2,4,56,14
2,4,57,18
2,4,58,22
2,4,59,26
2,4,60,30
2,4,61,34
2,4,62,38
2,4,63,-18
2,4,64,-14
2,4,65,-10
2,4,66,-6
2,4,67,-2
2,4,68,2
2,4,69,6
2,4,70,16
2,4,71,20
2,4,72,24
2,4,73,28
2,4,74,32
2,4,75,36
2,4,76,40
2,4,77,-16
2,4,78,-12
2,4,79,-8
2,4,80,-4
2,4,81,0
2,4,82,4
2,4,83,8
2,4,84,18
2,4,85,22
2,4,86,26
2,4,87,30
2,4,88,34
2,4,89,38
2,4,90,42
2,4,91,-14
2,4,92,-10
2,4,93,-6
2,4,94,-2
2,4,95,2
2,4,96,6
2,4,97,10
2,4,98,20
2,4,99,24
2,4,100,28
2,4,101,32
2,4,102,36
2,4,103,40
2,4,104,44
2,4,105,-12
2,4,106,-8
2,4,107,-4
2,4,108,0
2,4,109,4
2,4,110,8
2,4,111,12
2,5,0,7
2,5,1,12
2,5,2,17
2,5,3,22
2,5,4,27
2,5,5,32
2,5,6,37
2,5,7,-33
2,5,8,-28
2,5,9,-23
2,5,10,-18
2,5,11,-13
2,5,12,-8
2,5,13,-3
2,5,14,9
2,5,15,14
2,5,16,19
2,5,17,24
2,5,18,29
2,5,19,34
2,5,20,39
2,5,21,-31
2,5,22,-26
2,5,23,-21
2,5,24,-16
2,5,25,-11
2,5,26,-6
2,5,27,-1
2,5,28,11
2,5,29,16
2,5,30,21
2,5,31,26
2,5,32,31
2,5,33,36
2,5,34,41
2,5,35,-29
2,5,36,-24
2,5,37,-19
2,5,38,-14
2,5,39,-9
2,5,40,-4
2,5,41,1
2,5,42,13
2,5,43,18
2,5,44,23
2,5,45,28
2,5,46,33
2,5,47,38
2,5,48,43
2,5,49,-27
2,5,50,-22
2,5,51,-17
2,5,52,-12
2,5,53,-7
2,5,54,-2
2,5,55,3
2,5,56,15
2,5,57,20
2,5,58,25
2,5,59,30
2,5,60,35
2,5,61,40
2,5,62,45
2,5,63,-25
2,5,64,-20
2,5,65,-15
2,5,66,-10
2,5,67,-5
2,5,68,0
2,5,69,5
2,5,70,17
2,5,71,22
2,5,72,27
2,5,73,32
2,5,74,37
2,5,75,42
2,5,76,47
2,5,77,-23
2,5,78,-18
2,5,79,-13
2,5,80,-8
2,5,81,-3
2,5,82,2
2,5,83,7
2,5,84,19
2,5,85,24
2,5,86,29
2,5,87,34
2,5,88,39
2,5,89,44
2,5,90,49
2,5,91,-21
2,5,92,-16
2,5,93,-11
2,5,94,-6
2,5,95,-1
2,5,96,4
2,5,97,9
2,5,98,21
2,5,99,26
2,5,100,31
2,5,101,36
2,5,102,41
2,5,103,46
2,5,104,51
2,5,105,-19
2,5,106,-14
2,5,107,-9
2,5,108,-4
2,5,109,1
2,5,110,6
2,5,111,11
2,6,0,8
2,6,1,14
2,6,2,20
2,6,3,26
2,6,4,32
2,6,5,38
2,6,6,44
2,6,7,-40
2,6,8,-34
2,6,9,-28
2,6,10,-22
2,6,11,-16
2,6,12,-10
2,6,13,-4
2,6,14,10
2,6,15,16
2,6,16,22
2,6,17,28
2,6,18,34
2,6,19,40
2,6,20,46
2,6,21,-38
2,6,22,-32
2,6,23,-26
2,6,24,-20
2,6,25,-14
2,6,26,-8
2,6,27,-2
2,6,28,12
2,6,29,18
2,6,30,24
2,6,31,30
2,6,32,36
2,6,33,42
2,6,34,48
2,6,35,-36
2,6,36,-30
2,6,37,-24
2,6,38,-18
2,6,39,-12
2,6,40,-6
2,6,41,0
2,6,42,14
2,6,43,20
2,6,44,26
2,6,45,32
2,6,46,38
2,6,47,44
2,6,48,50
2,6,49,-34
2,6,50,-28
2,6,51,-22
2,6,52,-16
2,6,53,-10
2,6,54,-4
2,6,55,2
2,6,56,16
2,6,57,22
2,6,58,28
2,6,59,34
2,6,60,40
2,6,61,46
2,6,62,52
2,6,63,-32
2,6,64,-26
2,6,65,-20
2,6,66,-14
2,6,67,-8
2,6,68,-2
2,6,69,4
2,6,70,18
2,6,71,24
2,6,72,30
2,6,73,36
2,6,74,42
2,6,75,48
2,6,76,54
2,6,77,-30
2,6,78,-24
2,6,79,-18
2,6,80,-12
2,6,81,-6
2,6,82,0
2,6,83,6
2,6,84,20
2,6,85,26
2,6,86,32
2,6,87,38
2,6,88,44
2,6,89,50
2,6,90,56
2,6,91,-28
2,6,92,-22
2,6,93,-16
2,6,94,-10
2,6,95,-4
2,6,96,2
2,6,97,8
2,6,98,22
2,6,99,28
2,6,100,34
2,6,101,40
2,6,102,46
2,6,103,52
2,6,104,58
2,6,105,-26
2,6,106,-20
2,6,107,-14
2,6,108,-8
2,6,109,-2
2,6,110,4
2,6,111,10
2,7,0,9
2,7,1,16
2,7,2,23
2,7,3,30
2,7,4,37
2,7,5,44
2,7,6,51
2,7,7,-47
2,7,8,-40
2,7,9,-33
2,7,10,-26
2,7,11,-19
2,7,12,-12
2,7,13,-5
2,7,14,11
2,7,15,18
2,7,16,25
2,7,17,32
2,7,18,39
2,7,19,46
2,7,20,53
2,7,21,-45
2,7,22,-38
2,7,23,-31
2,7,24,-24
2,7,25,-17
2,7,26,-10
2,7,27,-3
2,7,28,13
2,7,29,20
2,7,30,27
2,7,31,34
2,7,32,41
2,7,33,48
2,7,34,55
2,7,35,-43
2,7,36,-36
2,7,37,-29
2,7,38,-22
2,7,39,-15
2,7,40,-8
2,7,41,-1
2,7,42,15
2,7,43,22
2,7,44,29
2,7,45,36
2,7,46,43
2,7,47,50
2,7,48,57
2,7,49,-41
2,7,50,-34
2,7,51,-27
2,7,52,-20
2,7,53,-13
2,7,54,-6
2,7,55,1
2,7,56,17
2,7,57,24
2,7,58,31
2,7,59,38
2,7,60,45
2,7,61,52
2,7,62,59
2,7,63,-39
2,7,64,-32
2,7,65,-25
2,7,66,-18
2,7,67,-11
2,7,68,-4
2,7,69,3
2,7,70,19
2,7,71,26
2,7,72,33
2,7,73,40
2,7,74,47
2,7,75,54
2,7,76,61
2,7,77,-37
2,7,78,-30
2,7,79,-23
2,7,80,-16
2,7,81,-9
2,7,82,-2
2,7,83,5
2,7,84,21
2,7,85,28
2,7,86,35
2,7,87,42
2,7,88,49
2,7,89,56
2,7,90,63
2,7,91,-35
2,7,92,-28
2,7,93,-21
2,7,94,-14
2,7,95,-7
2,7,96,0
2,7,97,7
2,7,98,23
2,7,99,30
2,7,100,37
2,7,101,44
2,7,102,51
2,7,103,58
2,7,104,65
2,7,105,-33
2,7,106,-26
2,7,107,-19
2,7,108,-12
2,7,109,-5
2,7,110,2
2,7,111,9
3,-8,0,-5
3,-8,1,-13
3,-8,2,-21
3,-8,3,-29
3,-8,4,-37
3,-8,5,-45
3,-8,6,-53
3,-8,7,59
3,-8,8,51
3,-8,9,43
3,-8,10,35
3,-8,11,27
3,-8,12,19
3,-8,13,11
3,-8,14,-2
3,-8,15,-10
3,-8,16,-18
3,-8,17,-26
3,-8,18,-34
3,-8,19,-42
3,-8,20,-50
3,-8,21,62
3,-8,22,54
3,-8,23,46
3,-8,24,38
3,-8,25,30
3,-8,26,22
3,-8,27,14
3,-8,28,1
3,-8,29,-7
3,-8,30,-15
3,-8,31,-23
3,-8,32,-31
3,-8,33,-39
3,-8,34,-47
3,-8,35,65
3,-8,36,57
3,-8,37,49
3,-8,38,41
3,-8,39,33
3,-8,40,25
3,-8,41,17
3,-8,42,4
3,-8,43,-4
3,-8,44,-12
3,-8,45,-20
3,-8,46,-28
3,-8,47,-36
3,-8,48,-44
3,-8,49,68
3,-8,50,60
3,-8,51,52
3,-8,52,44
3,-8,53,36
3,-8,54,28
3,-8,55,20
3,-8,56,7
3,-8,57,-1
3,-8,58,-9
3,-8,59,-17
3,-8,60,-25
3,-8,61,-33
3,-8,62,-41
3,-8,63,71
3,-8,64,63
3,-8,65,55
3,-8,66,47
3,-8,67,39
3,-8,68,31
3,-8,69,23
3,-8,70,10
3,-8,71,2
3,-8,72,-6
3,-8,73,-14
3,-8,74,-22
3,-8,75,-30
3,-8,76,-38
3,-8,77,74
3,-8,78,66
3,-8,79,58
3,-8,80,50
3,-8,81,42
3,-8,82,34
3,-8,83,26
3,-8,84,13
3,-8,85,5
3,-8,86,-3
3,-8,87,-11
3,-8,88,-19
3,-8,89,-27
3,-8,90,-35
3,-8,91,77
3,-8,92,69
3,-8,93,61
3,-8,94,53
3,-8,95,45
3,-8,96,37
3,-8,97,29
3,-8,98,16
3,-8,99,8
3,-8,100,0
3,-8,101,-8
3,-8,102,-16
3,-8,103,-24
3,-8,104,-32
3,-8,105,80
3,-8,106,72
3,-8,107,64
3,-8,108,56
3,-8,109,48
3,-8,110,40
3,-8,111,32
3,-7,0,-4
3,-7,1,-11
3,-7,2,-18
3,-7,3,-25
3,-7,4,-32
3,-7,5,-39
3,-7,6,-46
3,-7,7,52
3,-7,8,45
3,-7,9,38
3,-7,10,31
3,-7,11,24
3,-7,12,17
3,-7,13,10
3,-7,14,-1
3,-7,15,-8
3,-7,16,-15
3,-7,17,-22
3,-7,18,-29
3,-7,19,-36
3,-7,20,-43
3,-7,21,55
3,-7,22,48
3,-7,23,41
3,-7,24,34
3,-7,25,27
3,-7,26,20
3,-7,27,13
3,-7,28,2
3,-7,29,-5
3,-7,30,-12
3,-7,31,-19
3,-7,32,-26
3,-7,33,-33
3,-7,34,-40
3,-7,35,58
3,-7,36,51
3,-7,37,44
3,-7,38,37
3,-7,39,30
3,-7,40,23
3,-7,41,16
3,-7,42,5
3,-7,43,-2
3,-7,44,-9
3,-7,45,-16
3,-7,46,-23
3,-7,47,-30
3,-7,48,-37
3,-7,49,61
3,-7,50,54
3,-7,51,47
3,-7,52,40
3,-7,53,33
3,-7,54,26
3,-7,55,19
3,-7,56,8
3,-7,57,1
3,-7,58,-6
3,-7,59,-13
3,-7,60,-20
3,-7,61,-27
3,-7,62,-34
3,-7,63,64
3,-7,64,57
3,-7,65,50
3,-7,66,43
3,-7,67,36
3,-7,68,29
3,-7,69,22
3,-7,70,11
3,-7,71,4
3,-7,72,-3
3,-7,73,-10
3,-7,74,-17
3,-7,75,-24
3,-7,76,-31
3,-7,77,67
3,-7,78,60
3,-7,79,53
3,-7,80,46
3,-7,81,39
3,-7,82,32
3,-7,83,25
3,-7,84,14
3,-7,85,7
3,-7,86,0
3,-7,87,-7
3,-7,88,-14
3,-7,89,-21
3,-7,90,-28
3,-7,91,70
3,-7,92,63
3,-7,93,56
3,-7,94,49
3,-7,95,42
3,-7,96,35
3,-7,97,28
3,-7,98,17
3,-7,99,10
3,-7,100,3
3,-7,101,-4
3,-7,102,-11
3,-7,103,-18
3,-7,104,-25
3,-7,105,73
3,-7,106,66
3,-7,107,59
3,-7,108,52
3,-7,109,45
3,-7,110,38
3,-7,111,31
3,-6,0,-3
3,-6,1,-9
3,-6,2,-15
3,-6,3,-21
3,-6,4,-27
3,-6,5,-33
3,-6,6,-39
3,-6,7,45
3,-6,8,39
3,-6,9,33
3,-6,10,27
3,-6,11,21
3,-6,12,15
3,-6,13,9
3,-6,14,0
3,-6,15,-6
3,-6,16,-12
3,-6,17,-18
3,-6,18,-24
3,-6,19,-30
3,-6,20,-36
3,-6,21,48
3,-6,22,42
3,-6,23,36
3,-6,24,30
3,-6,25,24
3,-6,26,18
3,-6,27,12
3,-6,28,3
3,-6,29,-3
3,-6,30,-9
3,-6,31,-15
3,-6,32,-21
3,-6,33,-27
3,-6,34,-33
3,-6,35,51
3,-6,36,45
3,-6,37,39
3,-6,38,33
3,-6,39,27
3,-6,40,21
3,-6,41,15
3,-6,42,6
3,-6,43,0
3,-6,44,-6
3,-6,45,-12
3,-6,46,-18
3,-6,47,-24
3,-6,48,-30
3,-6,49,54
3,-6,50,48
3,-6,51,42
3,-6,52,36
3,-6,53,30
3,-6,54,24
3,-6,55,18
3,-6,56,9
3,-6,57,3
3,-6,58,-3
3,-6,59,-9
3,-6,60,-15
3,-6,61,-21
3,-6,62,-27
3,-6,63,57
3,-6,64,51
3,-6,65,45
3,-6,66,39
3,-6,67,33
3,-6,68,27
3,-6,69,21
3,-6,70,12
3,-6,71,6
3,-6,72,0
3,-6,73,-6
3,-6,74,-12
3,-6,75,-18
3,-6,76,-24
3,-6,77,60
3,-6,78,54
3,-6,79,48
3,-6,80,42
3,-6,81,36
3,-6,82,30
3,-6,83,24
3,-6,84,15
3,-6,85,9
3,-6,86,3
3,-6,87,-3
3,-6,88,-9
3,-6,89,-15
3,-6,90,-21
3,-6,91,63
3,-6,92,57
3,-6,93,51
3,-6,94,45
3,-6,95,39
3,-6,96,33
3,-6,97,27
3,-6,98,18
3,-6,99,12
3,-6,100,6
3,-6,101,0
3,-6,102,-6
3,-6,103,-12
3,-6,104,-18
3,-6,105,66
3,-6,106,60
3,-6,107,54
3,-6,108,48
3,-6,109,42
3,-6,110,36
3,-6,111,30
3,-5,0,-2
3,-5,1,-7
3,-5,2,-12
3,-5,3,-17
3,-5,4,-22
3,-5,5,-27
3,-5,6,-32
3,-5,7,38
3,-5,8,33
3,-5,9,28
3,-5,10,23
3,-5,11,18
3,-5,12,13
3,-5,13,8
3,-5,14,1
3,-5,15,-4
3,-5,16,-9
3,-5,17,-14
3,-5,18,-19
3,-5,19,-24
3,-5,20,-29
3,-5,21,41
3,-5,22,36
3,-5,23,31
3,-5,24,26
3,-5,25,21
3,-5,26,16
3,-5,27,11
3,-5,28,4
3,-5,29,-1
3,-5,30,-6
3,-5,31,-11
3,-5,32,-16
3,-5,33,-21
3,-5,34,-26
3,-5,35,44
3,-5,36,39
3,-5,37,34
3,-5,38,29
3,-5,39,24
3,-5,40,19
3,-5,41,14
3,-5,42,7
3,-5,43,2
3,-5,44,-3
3,-5,45,-8
3,-5,46,-13
3,-5,47,-18
3,-5,48,-23
3,-5,49,47
3,-5,50,42
3,-5,51,37
3,-5,52,32
3,-5,53,27
3,-5,54,22
3,-5,55,17
3,-5,56,10
3,-5,57,5
3,-5,58,0
3,-5,59,-5
3,-5,60,-10
3,-5,61,-15
3,-5,62,-20
3,-5,63,50
3,-5,64,45
3,-5,65,40
3,-5,66,35
3,-5,67,30
3,-5,68,25
3,-5,69,20
3,-5,70,13
3,-5,71,8
3,-5,72,3
3,-5,73,-2
3,-5,74,-7
3,-5,75,-12
3,-5,76,-17
3,-5,77,53
3,-5,78,48
3,-5,79,43
3,-5,80,38
3,-5,81,33
3,-5,82,28
3,-5,83,23
3,-5,84,16
3,-5,85,11
3,-5,86,6
3,-5,87,1
3,-5,88,-4
3,-5,89,-9
3,-5,90,-14
3,-5,91,56
3,-5,92,51
3,-5,93,46
3,-5,94,41
3,-5,95,36
3,-5,96,31
3,-5,97,26
3,-5,98,19
3,-5,99,14
3,-5,100,9
3,-5,101,4
3,-5,102,-1
3,-5,103,-6
3,-5,104,-11
3,-5,105,59
3,-5,106,54
3,-5,107,49
3,-5,108,44
3,-5,109,39
3,-5,110,34
3,-5,111,29
3,-4,0,-1
3,-4,1,-5
3,-4,2,-9
3,-4,3,-13
3,-4,4,-17
3,-4,5,-21
3,-4,6,-25
3,-4,7,31
3,-4,8,27
3,-4,9,23
3,-4,10,19
3,-4,11,15
3,-4,12,11
3,-4,13,7
3,-4,14,2
3,-4,15,-2
3,-4,16,-6
3,-4,17,-10
3,-4,18,-14
3,-4,19,-18
3,-4,20,-22
3,-4,21,34
3,-4,22,30
3,-4,23,26
3,-4,24,22
3,-4,25,18
3,-4,26,14
3,-4,27,10
3,-4,28,5
3,-4,29,1
3,-4,30,-3
3,-4,31,-7
3,-4,32,-11
3,-4,33,-15
3,-4,34,-19
3,-4,35,37
3,-4,36,33
3,-4,37,29
3,-4,38,25
3,-4,39,21
3,-4,40,17
3,-4,41,13
3,-4,42,8
3,-4,43,4
3,-4,44,0
3,-4,45,-4
3,-4,46,-8
3,-4,47,-12
3,-4,48,-16
3,-4,49,40
3,-4,50,36
3,-4,51,32
3,-4,52,28
3,-4,53,24
3,-4,54,20
3,-4,55,16
3,-4,56,11
3,-4,57,7
3,-4,58,3
3,-4,59,-1
3,-4,60,-5
3,-4,61,-9
3,-4,62,-13
3,-4,63,43
3,-4,64,39
3,-4,65,35
3,-4,66,31
3,-4,67,27
3,-4,68,23
3,-4,69,19
3,-4,70,14
3,-4,71,10
3,-4,72,6
3,-4,73,2
3,-4,74,-2
3,-4,75,-6
3,-4,76,-10
3,-4,77,46
3,-4,78,42
3,-4,79,38
3,-4,80,34
3,-4,81,30
3,-4,82,26
3,-4,83,22
3,-4,84,17
3,-4,85,13
3,-4,86,9
3,-4,87,5
3,-4,88,1
3,-4,89,-3
3,-4,90,-7
3,-4,91,49
3,-4,92,45
3,-4,93,41
3,-4,94,37
3,-4,95,33
3,-4,96,29
3,-4,97,25
3,-4,98,20
3,-4,99,16
3,-4,100,12
3,-4,101,8
3,-4,102,4
3,-4,103,0
3,-4,104,-4
3,-4,105,52
3,-4,106,48
3,-4,107,44
3,-4,108,40
3,-4,109,36
3,-4,110,32
3,-4,111,28
3,-3,0,0
3,-3,1,-3
3,-3,2,-6
3,-3,3,-9
3,-3,4,-12
3,-3,5,-15
3,-3,6,-18
3,-3,7,24
3,-3,8,21
3,-3,9,18
3,-3,10,15
3,-3,11,12
3,-3,12,9
3,-3,13,6
3,-3,14,3
3,-3,15,0
3,-3,16,-3
3,-3,17,-6
3,-3,18,-9
3,-3,19,-12
3,-3,20,-15
3,-3,21,27
3,-3,22,24
3,-3,23,21
3,-3,24,18
3,-3,25,15
3,-3,26,12
3,-3,27,9
3,-3,28,6
3,-3,29,3
3,-3,30,0
3,-3,31,-3
3,-3,32,-6
3,-3,33,-9
3,-3,34,-12
3,-3,35,30
3,-3,36,27
3,-3,37,24
3,-3,38,21
3,-3,39,18
3,-3,40,15
3,-3,41,12
3,-3,42,9
3,-3,43,6
3,-3,44,3
3,-3,45,0
3,-3,46,-3
3,-3,47,-6
3,-3,48,-9
3,-3,49,33
3,-3,50,30
3,-3,51,27
3,-3,52,24
3,-3,53,21
3,-3,54,18
3,-3,55,15
3,-3,56,12
3,-3,57,9
3,-3,58,6
3,-3,59,3
3,-3,60,0
3,-3,61,-3
3,-3,62,-6
3,-3,63,36
3,-3,64,33
3,-3,65,30
3,-3,66,27
3,-3,67,24
3,-3,68,21
3,-3,69,18
3,-3,70,15
3,-3,71,12
3,-3,72,9
3,-3,73,6
3,-3,74,3
3,-3,75,0
3,-3,76,-3
3,-3,77,39
3,-3,78,36
3,-3,79,33
3,-3,80,30
3,-3,81,27
3,-3,82,24
3,-3,83,21
3,-3,84,18
3,-3,85,15
3,-3,86,12
3,-3,87,9
3,-3,88,6
3,-3,89,3
3,-3,90,0
3,-3,91,42
3,-3,92,39
3,-3,93,36
3,-3,94,33
3,-3,95,30
3,-3,96,27
3,-3,97,24
3,-3,98,21
3,-3,99,18
3,-3,100,15
3,-3,101,12
3,-3,102,9
3,-3,103,6
3,-3,104,3
3,-3,105,45
3,-3,106,42
3,-3,107,39
3,-3,108,36
3,-3,109,33
3,-3,110,30
3,-3,111,27
3,-2,0,1
3,-2,1,-1
3,-2,2,-3
3,-2,3,-5
3,-2,4,-7
3,-2,5,-9
3,-2,6,-11
3,-2,7,17
3,-2,8,15
3,-2,9,13
3,-2,10,11
3,-2,11,9
3,-2,12,7
3,-2,13,5
3,-2,14,4
3,-2,15,2
3,-2,16,0
3,-2,17,-2
3,-2,18,-4
3,-2,19,-6
3,-2,20,-8
3,-2,21,20
3,-2,22,18
3,-2,23,16
3,-2,24,14
3,-2,25,12
3,-2,26,10
3,-2,27,8
3,-2,28,7
3,-2,29,5
3,-2,30,3
3,-2,31,1
3,-2,32,-1
3,-2,33,-3
3,-2,34,-5
3,-2,35,23
3,-2,36,21
3,-2,37,19
3,-2,38,17
3,-2,39,15
3,-2,40,13
3,-2,41,11
3,-2,42,10
3,-2,43,8
3,-2,44,6
3,-2,45,4
3,-2,46,2
3,-2,47,0
3,-2,48,-2
3,-2,49,26
3,-2,50,24
3,-2,51,22
3,-2,52,20
3,-2,53,18
3,-2,54,16
3,-2,55,14
3,-2,56,13
3,-2,57,11
3,-2,58,9
3,-2,59,7
3,-2,60,5
3,-2,61,3
3,-2,62,1
3,-2,63,29
3,-2,64,27
3,-2,65,25
3,-2,66,23
3,-2,67,21
3,-2,68,19
3,-2,69,17
3,-2,70,16
3,-2,71,14
3,-2,72,12
3,-2,73,10
3,-2,74,8
3,-2,75,6
3,-2,76,4
3,-2,77,32
3,-2,78,30
3,-2,79,28
3,-2,80,26
3,-2,81,24
3,-2,82,22
3,-2,83,20
3,-2,84,19
3,-2,85,17
3,-2,86,15
3,-2,87,13
3,-2,88,11
3,-2,89,9
3,-2,90,7
3,-2,91,35
3,-2,92,33
3,-2,93,31
3,-2,94,29
3,-2,95,27
3,-2,96,25
3,-2,97,23
3,-2,98,22
3,-2,99,20
3,-2,100,18
3,-2,101,16
3,-2,102,14
3,-2,103,12
3,-2,104,10
3,-2,105,38
3,-2,106,36
3,-2,107,34
3,-2,108,32
3,-2,109,30
3,-2,110,28
3,-2,111,26
3,-1,0,2
3,-1,1,1
3,-1,2,0
3,-1,3,-1
3,-1,4,-2
3,-1,5,-3
3,-1,6,-4
3,-1,7,10
3,-1,8,9
3,-1,9,8
3,-1,10,7
3,-1,11,6
3,-1,12,5
3,-1,13,4
3,-1,14,5
3,-1,15,4
3,-1,16,3
3,-1,17,2
3,-1,18,1
3,-1,19,0
3,-1,20,-1
3,-1,21,13
3,-1,22,12
3,-1,23,11
3,-1,24,10
3,-1,25,9
3,-1,26,8
3,-1,27,7
3,-1,28,8
3,-1,29,7
3,-1,30,6
3,-1,31,5
3,-1,32,4
3,-1,33,3
3,-1,34,2
3,-1,35,16
3,-1,36,15
3,-1,37,14
3,-1,38,13
3,-1,39,12
3,-1,40,11
3,-1,41,10
3,-1,42,11
3,-1,43,10
3,-1,44,9
3,-1,45,8
3,-1,46,7
3,-1,47,6
3,-1,48,5
3,-1,49,19
3,-1,50,18
3,-1,51,17
3,-1,52,16
3,-1,53,15
3,-1,54,14
3,-1,55,13
3,-1,56,14
3,-1,57,13
3,-1,58,12
3,-1,59,11
3,-1,60,10
3,-1,61,9
3,-1,62,8
3,-1,63,22
3,-1,64,21
3,-1,65,20
3,-1,66,19
3,-1,67,18
3,-1,68,17
3,-1,69,16
3,-1,70,17
3,-1,71,16
3,-1,72,15
3,-1,73,14
3,-1,74,13
3,-1,75,12
3,-1,76,11
3,-1,77,25
3,-1,78,24
3,-1,79,23
3,-1,80,22
3,-1,81,21
3,-1,82,20
3,-1,83,19
3,-1,84,20
3,-1,85,19
3,-1,86,18
3,-1,87,17
3,-1,88,16
3,-1,89,15
3,-1,90,14
3,-1,91,28
3,-1,92,27
3,-1,93,26
3,-1,94,25
3,-1,95,24
3,-1,96,23
3,-1,97,22
3,-1,98,23
3,-1,99,22
3,-1,100,21
3,-1,101,20
3,-1,102,19
3,-1,103,18
3,-1,104,17
3,-1,105,31
3,-1,106,30
3,-1,107,29
3,-1,108,28
3,-1,109,27
3,-1,110,26
3,-1,111,25
3,0,0,3
3,0,1,3
3,0,2,3
3,0,3,3
3,0,4,3
3,0,5,3
3,0,6,3
3,0,7,3
3,0,8,3
3,0,9,3
3,0,10,3
3,0,11,3
3,0,12,3
3,0,13,3
3,0,14,6
3,0,15,6
3,0,16,6
3,0,17,6
3,0,18,6
3,0,19,6
3,0,20,6
3,0,21,6
3,0,22,6
3,0,23,6
3,0,24,6
3,0,25,6
3,0,26,6
3,0,27,6
3,0,28,9
3,0,29,9
3,0,30,9
3,0,31,9
3,0,32,9
3,0,33,9
3,0,34,9
3,0,35,9
3,0,36,9
3,0,37,9
3,0,38,9
3,0,39,9
3,0,40,9
3,0,41,9
3,0,42,12
3,0,43,12
3,0,44,12
3,0,45,12
3,0,46,12
3,0,47,12
3,0,48,12
3,0,49,12
3,0,50,12
3,0,51,12
3,0,52,12
3,0,53,12
3,0,54,12
3,0,55,12
3,0,56,15
3,0,57,15
3,0,58,15
3,0,59,15
3,0,60,15
3,0,61,15
3,0,62,15
3,0,63,15
3,0,64,15
3,0,65,15
3,0,66,15
3,0,67,15
3,0,68,15
3,0,69,15
3,0,70,18
3,0,71,18
3,0,72,18
3,0,73,18
3,0,74,18
3,0,75,18
3,0,76,18
3,0,77,18
3,0,78,18
3,0,79,18
3,0,80,18
3,0,81,18
3,0,82,18
3,0,83,18
3,0,84,21
3,0,85,21
3,0,86,21
3,0,87,21
3,0,88,21
3,0,89,21
3,0,90,21
3,0,91,21
3,0,92,21
3,0,93,21
3,0,94,21
3,0,95,21
3,0,96,21
3,0,97,21
3,0,98,24
3,0,99,24
3,0,100,24
3,0,101,24
3,0,102,24
3,0,103,24
3,0,104,24
3,0,105,24
3,0,106,24
3,0,107,24
3,0,108,24
3,0,109,24
3,0,110,24
3,0,111,24
3,1,0,4
3,1,1,5
3,1,2,6
3,1,3,7
3,1,4,8
3,1,5,9
3,1,6,10
3,1,7,-4
3,1,8,-3
3,1,9,-2
3,1,10,-1
3,1,11,0
3,1,12,1
3,1,13,2
3,1,14,7
3,1,15,8
3,1,16,9
3,1,17,10
3,1,18,11
3,1,19,12
3,1,20,13
3,1,21,-1
3,1,22,0
3,1,23,1
3,1,24,2
3,1,25,3
3,1,26,4
3,1,27,5
3,1,28,10
3,1,29,11
3,1,30,12
3,1,31,13
3,1,32,14
3,1,33,15
3,1,34,16
3,1,35,2
3,1,36,3
3,1,37,4
3,1,38,5
3,1,39,6
3,1,40,7
3,1,41,8
3,1,42,13
3,1,43,14
3,1,44,15
3,1,45,16
3,1,46,17
3,1,47,18
3,1,48,19
3,1,49,5
3,1,50,6
3,1,51,7
3,1,52,8
3,1,53,9
3,1,54,10
3,1,55,11
3,1,56,16
3,1,57,17
3,1,58,18
3,1,59,19
3,1,60,20
3,1,61,21
3,1,62,22
3,1,63,8
3,1,64,9
3,1,65,10
3,1,66,11
3,1,67,12
3,1,68,13
3,1,69,14
3,1,70,19
3,1,71,20
3,1,72,21
3,1,73,22
3,1,74,23
3,1,75,24
3,1,76,25
3,1,77,11
3,1,78,12
3,1,79,13
3,1,80,14
3,1,81,15
3,1,82,16
3,1,83,17
3,1,84,22
3,1,85,23
3,1,86,24
3,1,87,25
3,1,88,26
3,1,89,27
3,1,90,28
3,1,91,14
3,1,92,15
3,1,93,16
3,1,94,17
3,1,95,18
3,1,96,19
3,1,97,20
3,1,98,25
3,1,99,26
3,1,100,27
3,1,101,28
3,1,102,29
3,1,103,30
3,1,104,31
3,1,105,17
3,1,106,18
3,1,107,19
3,1,108,20
3,1,109,21
3,1,110,22
3,1,111,23
3,2,0,5
3,2,1,7
3,2,2,9
3,2,3,11
3,2,4,13
3,2,5,15
3,2,6,17
3,2,7,-11
3,2,8,-9
3,2,9,-7
3,2,10,-5
3,2,11,-3
3,2,12,-1
3,2,13,1
3,2,14,8
3,2,15,10
3,2,16,12
3,2,17,14
3,2,18,16
3,2,19,18
3,2,20,20
3,2,21,-8
3,2,22,-6
3,2,23,-4
3,2,24,-2
3,2,25,0
3,2,26,2
3,2,27,4
3,2,28,11
3,2,29,13
3,2,30,15
3,2,31,17
3,2,32,19
3,2,33,21
3,2,34,23
3,2,35,-5
3,2,36,-3
3,2,37,-1
3,2,38,1
3,2,39,3
3,2,40,5
3,2,41,7
3,2,42,14
3,2,43,16
3,2,44,18
3,2,45,20
3,2,46,22
3,2,47,24
3,2,48,26
3,2,49,-2
3,2,50,0
3,2,51,2
3,2,52,4
3,2,53,6
3,2,54,8
3,2,55,10
3,2,56,17
3,2,57,19
3,2,58,21
3,2,59,23
3,2,60,25
3,2,61,27
3,2,62,29
3,2,63,1
3,2,64,3
3,2,65,5
3,2,66,7
3,2,67,9
3,2,68,11
3,2,69,13
3,2,70,20
3,2,71,22
3,2,72,24
3,2,73,26
3,2,74,28
3,2,75,30
3,2,76,32
3,2,77,4
3,2,78,6
3,2,79,8
3,2,80,10
3,2,81,12
3,2,82,14
3,2,83,16
3,2,84,23
3,2,85,25
3,2,86,27
3,2,87,29
3,2,88,31
3,2,89,33
3,2,90,35
3,2,91,7
3,2,92,9
3,2,93,11
3,2,94,13
3,2,95,15
3,2,96,17
3,2,97,19
3,2,98,26
3,2,99,28
3,2,100,30
3,2,101,32
3,2,102,34
3,2,103,36
3,2,104,38
3,2,105,10
3,2,106,12
3,2,107,14
3,2,108,16
3,2,109,18
3,2,110,20
3,2,111,22
3,3,0,6
3,3,1,9
3,3,2,12
3,3,3,15
3,3,4,18
3,3,5,21
3,3,6,24
3,3,7,-18
3,3,8,-15
3,3,9,-12
3,3,10,-9
3,3,11,-6
3,3,12,-3
3,3,13,0
3,3,14,9
3,3,15,12
3,3,16,15
3,3,17,18
3,3,18,21
3,3,19,24
3,3,20,27
3,3,21,-15
3,3,22,-12
3,3,23,-9
3,3,24,-6
3,3,25,-3
3,3,26,0
3,3,27,3
3,3,28,12
3,3,29,15
3,3,30,18
3,3,31,21
3,3,32,24
3,3,33,27
3,3,34,30
3,3,35,-12
3,3,36,-9
3,3,37,-6
3,3,38,-3
3,3,39,0
3,3,40,3
3,3,41,6
3,3,42,15
3,3,43,18
3,3,44,21
3,3,45,24
3,3,46,27
3,3,47,30
3,3,48,33
3,3,49,-9
3,3,50,-6
3,3,51,-3
3,3,52,0
3,3,53,3
3,3,54,6
3,3,55,9
3,3,56,18
3,3,57,21
3,3,58,24
3,3,59,27
3,3,60,30
3,3,61,33
3,3,62,36
3,3,63,-6
3,3,64,-3
3,3,65,0
3,3,66,3
3,3,67,6
3,3,68,9
3,3,69,12
3,3,70,21
3,3,71,24
3,3,72,27
3,3,73,30
3,3,74,33
3,3,75,36
3,3,76,39
3,3,77,-3
3,3,78,0
3,3,79,3
3,3,80,6
3,3,81,9
3,3,82,12
3,3,83,15
3,3,84,24
3,3,85,27
3,3,86,30
3,3,87,33
3,3,88,36
3,3,89,39
3,3,90,42
3,3,91,0
3,3,92,3
3,3,93,6
3,3,94,9
3,3,95,12
3,3,96,15
3,3,97,18
3,3,98,27
3,3,99,30
3,3,100,33
3,3,101,36
3,3,102,39
3,3,103,42
3,3,104,45
3,3,105,3
3,3,106,6
3,3,107,9
3,3,108,12
3,3,109,15
3,3,110,18
3,3,111,21
3,4,0,7
3,4,1,11
3,4,2,15
3,4,3,19
3,4,4,23
3,4,5,27
3,4,6,31
3,4,7,-25
3,4,8,-21
3,4,9,-17
3,4,10,-13
3,4,11,-9
3,4,12,-5
3,4,13,-1
3,4,14,10
3,4,15,14
3,4,16,18
3,4,17,22
3,4,18,26
3,4,19,30
3,4,20,34
3,4,21,-22
3,4,22,-18
3,4,23,-14
3,4,24,-10
3,4,25,-6
3,4,26,-2
3,4,27,2
3,4,28,13
3,4,29,17
3,4,30,21
3,4,31,25
3,4,32,29
3,4,33,33
3,4,34,37
3,4,35,-19
3,4,36,-15
3,4,37,-11
3,4,38,-7
3,4,39,-3
3,4,40,1
3,4,41,5
3,4,42,16
3,4,43,20
3,4,44,24
3,4,45,28
3,4,46,32
3,4,47,36
3,4,48,40
3,4,49,-16
3,4,50,-12
3,4,51,-8
3,4,52,-4
3,4,53,0
3,4,54,4
3,4,55,8
3,4,56,19
3,4,57,23
3,4,58,27
3,4,59,31
3,4,60,35
3,4,61,39
3,4,62,43
3,4,63,-13
3,4,64,-9
3,4,65,-5
3,4,66,-1
3,4,67,3
3,4,68,7
3,4,69,11
3,4,70,22
3,4,71,26
3,4,72,30
3,4,73,34
3,4,74,38
3,4,75,42
3,4,76,46
3,4,77,-10
3,4,78,-6
3,4,79,-2
3,4,80,2
3,4,81,6
3,4,82,10
3,4,83,14
3,4,84,25
3,4,85,29
3,4,86,33
3,4,87,37
3,4,88,41
3,4,89,45
3,4,90,49
3,4,91,-7
3,4,92,-3
3,4,93,1
3,4,94,5
3,4,95,9
3,4,96,13
3,4,97,17
3,4,98,28
3,4,99,32
3,4,100,36
3,4,101,40
3,4,102,44
3,4,103,48
3,4,104,52
3,4,105,-4
3,4,106,0
3,4,107,4
3,4,108,8
3,4,109,12
3,4,110,16
3,4,111,20
3,5,0,8
3,5,1,13
3,5,2,18
3,5,3,23
3,5,4,28
3,5,5,33
3,5,6,38
3,5,7,-32
3,5,8,-27
3,5,9,-22
3,5,10,-17
3,5,11,-12
3,5,12,-7
3,5,13,-2
3,5,14,11
3,5,15,16
3,5,16,21
3,5,17,26
3,5,18,31
3,5,19,36
3,5,20,41
3,5,21,-29
3,5,22,-24
3,5,23,-19
3,5,24,-14
3,5,25,-9
3,5,26,-4
3,5,27,1
3,5,28,14
3,5,29,19
3,5,30,24
3,5,31,29
3,5,32,34
3,5,33,39
3,5,34,44
3,5,35,-26
3,5,36,-21
3,5,37,-16
3,5,38,-11
3,5,39,-6
3,5,40,-1
3,5,41,4
3,5,42,17
3,5,43,22
3,5,44,27
3,5,45,32
3,5,46,37
3,5,47,42
3,5,48,47
3,5,49,-23
3,5,50,-18
3,5,51,-13
3,5,52,-8
3,5,53,-3
3,5,54,2
3,5,55,7
3,5,56,20
3,5,57,25
3,5,58,30
3,5,59,35
3,5,60,40
3,5,61,45
3,5,62,50
3,5,63,-20
3,5,64,-15
3,5,65,-10
3,5,66,-5
3,5,67,0
3,5,68,5
3,5,69,10
3,5,70,23
3,5,71,28
3,5,72,33
3,5,73,38
3,5,74,43
3,5,75,48
3,5,76,53
3,5,77,-17
3,5,78,-12
3,5,79,-7
3,5,80,-2
3,5,81,3
3,5,82,8
3,5,83,13
3,5,84,26
3,5,85,31
3,5,86,36
3,5,87,41
3,5,88,46
3,5,89,51
3,5,90,56
3,5,91,-14
3,5,92,-9
3,5,93,-4
3,5,94,1
3,5,95,6
3,5,96,11
3,5,97,16
3,5,98,29
3,5,99,34
3,5,100,39
3,5,101,44
3,5,102,49
3,5,103,54
3,5,104,59
3,5,105,-11
3,5,106,-6
3,5,107,-1
3,5,108,4
3,5,109,9
3,5,110,14
3,5,111,19
3,6,0,9
3,6,1,15
3,6,2,21
3,6,3,27
3,6,4,33
3,6,5,39
3,6,6,45
3,6,7,-39
3,6,8,-33
3,6,9,-27
3,6,10,-21
3,6,11,-15
3,6,12,-9
3,6,13,-3
3,6,14,12
3,6,15,18
3,6,16,24
3,6,17,30
3,6,18,36
3,6,19,42
3,6,20,48
3,6,21,-36
3,6,22,-30
3,6,23,-24
3,6,24,-18
3,6,25,-12
3,6,26,-6
3,6,27,0
3,6,28,15
3,6,29,21
3,6,30,27
3,6,31,33
3,6,32,39
3,6,33,45
3,6,34,51
3,6,35,-33
3,6,36,-27
3,6,37,-21
3,6,38,-15
3,6,39,-9
3,6,40,-3
3,6,41,3
3,6,42,18
3,6,43,24
3,6,44,30
3,6,45,36
3,6,46,42
3,6,47,48
3,6,48,54
3,6,49,-30
3,6,50,-24
3,6,51,-18
3,6,52,-12
3,6,53,-6
3,6,54,0
3,6,55,6
3,6,56,21
3,6,57,27
3,6,58,33
3,6,59,39
3,6,60,45
3,6,61,51
3,6,62,57
3,6,63,-27
3,6,64,-21
3,6,65,-15
3,6,66,-9
3,6,67,-3
3,6,68,3
3,6,69,9
3,6,70,24
3,6,71,30
3,6,72,36
3,6,73,42
3,6,74,48
3,6,75,54
3,6,76,60
3,6,77,-24
3,6,78,-18
3,6,79,-12
3,6,80,-6
3,6,81,0
3,6,82,6
3,6,83,12
3,6,84,27
3,6,85,33
3,6,86,39
3,6,87,45
3,6,88,51
3,6,89,57
3,6,90,63
3,6,91,-21
3,6,92,-15
3,6,93,-9
3,6,94,-3
3,6,95,3
3,6,96,9
3,6,97,15
3,6,98,30
3,6,99,36
3,6,100,42
3,6,101,48
3,6,102,54
3,6,103,60
3,6,104,66
3,6,105,-18
3,6,106,-12
3,6,107,-6
3,6,108,0
3,6,109,6
3,6,110,12
3,6,111,18
3,7,0,10
3,7,1,17
3,7,2,24
3,7,3,31
3,7,4,38
3,7,5,45
3,7,6,52
3,7,7,-46
3,7,8,-39
3,7,9,-32
3,7,10,-25
3,7,11,-18
3,7,12,-11
3,7,13,-4
3,7,14,13
3,7,15,20
3,7,16,27
3,7,17,34
3,7,18,41
3,7,19,48
3,7,20,55
3,7,21,-43
3,7,22,-36
3,7,23,-29
3,7,24,-22
3,7,25,-15
3,7,26,-8
3,7,27,-1
3,7,28,16
3,7,29,23
3,7,30,30
3,7,31,37
3,7,32,44
3,7,33,51
3,7,34,58
3,7,35,-40
3,7,36,-33
3,7,37,-26
3,7,38,-19
3,7,39,-12
3,7,40,-5
3,7,41,2
3,7,42,19
3,7,43,26
3,7,44,33
3,7,45,40
3,7,46,47
3,7,47,54
3,7,48,61
3,7,49,-37
3,7,50,-30
3,7,51,-23
3,7,52,-16
3,7,53,-9
3,7,54,-2
3,7,55,5
3,7,56,22
3,7,57,29
3,7,58,36
3,7,59,43
3,7,60,50
3,7,61,57
3,7,62,64
3,7,63,-34
3,7,64,-27
3,7,65,-20
3,7,66,-13
3,7,67,-6
3,7,68,1
3,7,69,8
3,7,70,25
3,7,71,32
3,7,72,39
3,7,73,46
3,7,74,53
3,7,75,60
3,7,76,67
3,7,77,-31
3,7,78,-24
3,7,79,-17
3,7,80,-10
3,7,81,-3
3,7,82,4
3,7,83,11
3,7,84,28
3,7,85,35
3,7,86,42
3,7,87,49
3,7,88,56
3,7,89,63
3,7,90,70
3,7,91,-28
3,7,92,-21
3,7,93,-14
3,7,94,-7
3,7,95,0
3,7,96,7
3,7,97,14
3,7,98,31
3,7,99,38
3,7,100,45
3,7,101,52
3,7,102,59
3,7,103,66
3,7,104,73
3,7,105,-25
3,7,106,-18
3,7,107,-11
3,7,108,-4
3,7,109,3
3,7,110,10
3,7,111,17
4,-8,0,-4
4,-8,1,-12
4,-8,2,-20
4,-8,3,-28
4,-8,4,-36
4,-8,5,-44
4,-8,6,-52
4,-8,7,60
4,-8,8,52
4,-8,9,44
4,-8,10,36
4,-8,11,28
4,-8,12,20
4,-8,13,12
4,-8,14,0
4,-8,15,-8
4,-8,16,-16
4,-8,17,-24
4,-8,18,-32
4,-8,19,-40
4,-8,20,-48
4,-8,21,64
4,-8,22,56
4,-8,23,48
4,-8,24,40
4,-8,25,32
4,-8,26,24
4,-8,27,16
4,-8,28,4
4,-8,29,-4
4,-8,30,-12
4,-8,31,-20
4,-8,32,-28
4,-8,33,-36
4,-8,34,-44
4,-8,35,68
4,-8,36,60
4,-8,37,52
4,-8,38,44
4,-8,39,36
4,-8,40,28
4,-8,41,20
4,-8,42,8
4,-8,43,0
4,-8,44,-8
4,-8,45,-16
4,-8,46,-24
4,-8,47,-32
4,-8,48,-40
4,-8,49,72
4,-8,50,64
4,-8,51,56
4,-8,52,48
4,-8,53,40
4,-8,54,32
4,-8,55,24
4,-8,56,12
4,-8,57,4
4,-8,58,-4
4,-8,59,-12
4,-8,60,-20
4,-8,61,-28
4,-8,62,-36
4,-8,63,76
4,-8,64,68
4,-8,65,60
4,-8,66,52
4,-8,67,44
4,-8,68,36
4,-8,69,28
4,-8,70,16
4,-8,71,8
4,-8,72,0
4,-8,73,-8
4,-8,74,-16
4,-8,75,-24
4,-8,76,-32
4,-8,77,80
4,-8,78,72
4,-8,79,64
4,-8,80,56
4,-8,81,48
4,-8,82,40
4,-8,83,32
4,-8,84,20
4,-8,85,12
4,-8,86,4
4,-8,87,-4
4,-8,88,-12
4,-8,89,-20
4,-8,90,-28
4,-8,91,84
4,-8,92,76
4,-8,93,68
4,-8,94,60
4,-8,95,52
4,-8,96,44
4,-8,97,36
4,-8,98,24
4,-8,99,16
4,-8,100,8
4,-8,101,0
4,-8,102,-8
4,-8,103,-16
4,-8,104,-24
4,-8,105,88
4,-8,106,80
4,-8,107,72
4,-8,108,64
4,-8,109,56
4,-8,110,48
4,-8,111,40
4,-7,0,-3
4,-7,1,-10
4,-7,2,-17
4,-7,3,-24
4,-7,4,-31
4,-7,5,-38
4,-7,6,-45
4,-7,7,53
4,-7,8,46
4,-7,9,39
4,-7,10,32
4,-7,11,25
4,-7,12,18
4,-7,13,11
4,-7,14,1
4,-7,15,-6
4,-7,16,-13
4,-7,17,-20
4,-7,18,-27
4,-7,19,-34
4,-7,20,-41
4,-7,21,57
4,-7,22,50
4,-7,23,43
4,-7,24,36
4,-7,25,29
4,-7,26,22
4,-7,27,15
4,-7,28,5
4,-7,29,-2
4,-7,30,-9
4,-7,31,-16
4,-7,32,-23
4,-7,33,-30
4,-7,34,-37
4,-7,35,61
4,-7,36,54
4,-7,37,47
4,-7,38,40
4,-7,39,33
4,-7,40,26
4,-7,41,19
4,-7,42,9
4,-7,43,2
4,-7,44,-5
4,-7,45,-12
4,-7,46,-19
4,-7,47,-26
4,-7,48,-33
4,-7,49,65
4,-7,50,58
4,-7,51,51
4,-7,52,44
4,-7,53,37
4,-7,54,30
4,-7,55,23
4,-7,56,13
4,-7,57,6
4,-7,58,-1
4,-7,59,-8
4,-7,60,-15
4,-7,61,-22
4,-7,62,-29
4,-7,63,69
4,-7,64,62
4,-7,65,55
4,-7,66,48
4,-7,67,41
4,-7,68,34
4,-7,69,27
4,-7,70,17
4,-7,71,10
4,-7,72,3
4,-7,73,-4
4,-7,74,-11
4,-7,75,-18
4,-7,76,-25
4,-7,77,73
4,-7,78,66
4,-7,79,59
4,-7,80,52
4,-7,81,45
4,-7,82,38
4,-7,83,31
4,-7,84,21
4,-7,85,14
4,-7,86,7
4,-7,87,0
4,-7,88,-7
4,-7,89,-14
4,-7,90,-21
4,-7,91,77
4,-7,92,70
4,-7,93,63
4,-7,94,56
4,-7,95,49
4,-7,96,42
4,-7,97,35
4,-7,98,25
4,-7,99,18
4,-7,100,11
4,-7,101,4
4,-7,102,-3
4,-7,103,-10
4,-7,104,-17
4,-7,105,81
4,-7,106,74
4,-7,107,67
4,-7,108,60
4,-7,109,53
4,-7,110,46
4,-7,111,39
4,-6,0,-2
4,-6,1,-8
4,-6,2,-14
4,-6,3,-20
4,-6,4,-26
4,-6,5,-32
4,-6,6,-38
4,-6,7,46
4,-6,8,40
4,-6,9,34
4,-6,10,28
4,-6,11,22
4,-6,12,16
4,-6,13,10
4,-6,14,2
4,-6,15,-4
4,-6,16,-10
4,-6,17,-16
4,-6,18,-22
4,-6,19,-28
4,-6,20,-34
4,-6,21,50
4,-6,22,44
4,-6,23,38
4,-6,24,32
4,-6,25,26
4,-6,26,20
4,-6,27,14
4,-6,28,6
4,-6,29,0
4,-6,30,-6
4,-6,31,-12
4,-6,32,-18
4,-6,33,-24
4,-6,34,-30
4,-6,35,54
4,-6,36,48
4,-6,37,42
4,-6,38,36
4,-6,39,30
4,-6,40,24
4,-6,41,18
4,-6,42,10
4,-6,43,4
4,-6,44,-2
4,-6,45,-8
4,-6,46,-14
4,-6,47,-20
4,-6,48,-26
4,-6,49,58
4,-6,50,52
4,-6,51,46
4,-6,52,40
4,-6,53,34
4,-6,54,28
4,-6,55,22
4,-6,56,14
4,-6,57,8
4,-6,58,2
4,-6,59,-4
4,-6,60,-10
4,-6,61,-16
4,-6,62,-22
4,-6,63,62
4,-6,64,56
4,-6,65,50
4,-6,66,44
4,-6,67,38
4,-6,68,32
4,-6,69,26
4,-6,70,18
4,-6,71,12
4,-6,72,6
4,-6,73,0
4,-6,74,-6
4,-6,75,-12
4,-6,76,-18
4,-6,77,66
4,-6,78,60
4,-6,79,54
4,-6,80,48
4,-6,81,42
4,-6,82,36
4,-6,83,30
4,-6,84,22
4,-6,85,16
4,-6,86,10
4,-6,87,4
4,-6,88,-2
4,-6,89,-8
4,-6,90,-14
4,-6,91,70
4,-6,92,64
4,-6,93,58
4,-6,94,52
4,-6,95,46
4,-6,96,40
4,-6,97,34
4,-6,98,26
4,-6,99,20
4,-6,100,14
4,-6,101,8
4,-6,102,2
4,-6,103,-4
4,-6,104,-10
4,-6,105,74
4,-6,106,68
4,-6,107,62
4,-6,108,56
4,-6,109,50
4,-6,110,44
4,-6,111,38
4,-5,0,-1
4,-5,1,-6
4,-5,2,-11
4,-5,3,-16
4,-5,4,-21
4,-5,5,-26
4,-5,6,-31
4,-5,7,39
4,-5,8,34
4,-5,9,29
4,-5,10,24
4,-5,11,19
4,-5,12,14
4,-5,13,9
4,-5,14,3
4,-5,15,-2
4,-5,16,-7
4,-5,17,-12
4,-5,18,-17
4,-5,19,-22
4,-5,20,-27
4,-5,21,43
4,-5,22,38
4,-5,23,33
4,-5,24,28
4,-5,25,23
4,-5,26,18
4,-5,27,13
4,-5,28,7
4,-5,29,2
4,-5,30,-3
4,-5,31,-8
4,-5,32,-13
4,-5,33,-18
4,-5,34,-23
4,-5,35,47
4,-5,36,42
4,-5,37,37
4,-5,38,32
4,-5,39,27
4,-5,40,22
4,-5,41,17
4,-5,42,11
4,-5,43,6
4,-5,44,1
4,-5,45,-4
4,-5,46,-9
4,-5,47,-14
4,-5,48,-19
4,-5,49,51
4,-5,50,46
4,-5,51,41
4,-5,52,36
4,-5,53,31
4,-5,54,26
4,-5,55,21
4,-5,56,15
4,-5,57,10
4,-5,58,5
4,-5,59,0
4,-5,60,-5
4,-5,61,-10
4,-5,62,-15
4,-5,63,55
4,-5,64,50
4,-5,65,45
4,-5,66,40
4,-5,67,35
4,-5,68,30
4,-5,69,25
4,-5,70,19
4,-5,71,14
4,-5,72,9
4,-5,73,4
4,-5,74,-1
4,-5,75,-6
4,-5,76,-11
4,-5,77,59
4,-5,78,54
4,-5,79,49
4,-5,80,44
4,-5,81,39
4,-5,82,34
4,-5,83,29
4,-5,84,23
4,-5,85,18
4,-5,86,13
4,-5,87,8
4,-5,88,3
4,-5,89,-2
4,-5,90,-7
4,-5,91,63
4,-5,92,58
4,-5,93,53
4,-5,94,48
4,-5,95,43
4,-5,96,38
4,-5,97,33
4,-5,98,27
4,-5,99,22
4,-5,100,17
4,-5,101,12
4,-5,102,7
4,-5,103,2
4,-5,104,-3
4,-5,105,67
4,-5,106,62
4,-5,107,57
4,-5,108,52
4,-5,109,47
4,-5,110,42
4,-5,111,37
4,-4,0,0
4,-4,1,-4
4,-4,2,-8
4,-4,3,-12
4,-4,4,-16
4,-4,5,-20
4,-4,6,-24
4,-4,7,32
4,-4,8,28
4,-4,9,24
4,-4,10,20
4,-4,11,16
4,-4,12,12
4,-4,13,8
4,-4,14,4
4,-4,15,0
4,-4,16,-4
4,-4,17,-8
4,-4,18,-12
4,-4,19,-16
4,-4,20,-20
4,-4,21,36
4,-4,22,32
4,-4,23,28
4,-4,24,24
4,-4,25,20
4,-4,26,16
4,-4,27,12
4,-4,28,8
4,-4,29,4
4,-4,30,0
4,-4,31,-4
4,-4,32,-8
4,-4,33,-12
4,-4,34,-16
4,-4,35,40
4,-4,36,36
4,-4,37,32
4,-4,38,28
4,-4,39,24
4,-4,40,20
4,-4,41,16
4,-4,42,12
4,-4,43,8
4,-4,44,4
4,-4,45,0
4,-4,46,-4
4,-4,47,-8
4,-4,48,-12
4,-4,49,44
4,-4,50,40
4,-4,51,36
4,-4,52,32
4,-4,53,28
4,-4,54,24
4,-4,55,20
4,-4,56,16
4,-4,57,12
4,-4,58,8
4,-4,59,4
4,-4,60,0
4,-4,61,-4
4,-4,62,-8
4,-4,63,48
4,-4,64,44
4,-4,65,40
4,-4,66,36
4,-4,67,32
4,-4,68,28
4,-4,69,24
4,-4,70,20
4,-4,71,16
4,-4,72,12
4,-4,73,8
4,-4,74,4
4,-4,75,0
4,-4,76,-4
4,-4,77,52
4,-4,78,48
4,-4,79,44
4,-4,80,40
4,-4,81,36
4,-4,82,32
4,-4,83,28
4,-4,84,24
4,-4,85,20
4,-4,86,16
4,-4,87,12
4,-4,88,8
4,-4,89,4
4,-4,90,0
4,-4,91,56
4,-4,92,52
4,-4,93,48
4,-4,94,44
4,-4,95,40
4,-4,96,36
4,-4,97,32
4,-4,98,28
4,-4,99,24
4,-4,100,20
4,-4,101,16
4,-4,102,12
4,-4,103,8
4,-4,104,4
4,-4,105,60
4,-4,106,56
4,-4,107,52
4,-4,108,48
4,-4,109,44
4,-4,110,40
4,-4,111,36
4,-3,0,1
4,-3,1,-2
4,-3,2,-5
4,-3,3,-8
4,-3,4,-11
4,-3,5,-14
4,-3,6,-17
4,-3,7,25
4,-3,8,22
4,-3,9,19
4,-3,10,16
4,-3,11,13
4,-3,12,10
4,-3,13,7
4,-3,14,5
4,-3,15,2
4,-3,16,-1
4,-3,17,-4
4,-3,18,-7
4,-3,19,-10
4,-3,20,-13
4,-3,21,29
4,-3,22,26
4,-3,23,23
4,-3,24,20
4,-3,25,17
4,-3,26,14
4,-3,27,11
4,-3,28,9
4,-3,29,6
4,-3,30,3
4,-3,31,0
4,-3,32,-3
4,-3,33,-6
4,-3,34,-9
4,-3,35,33
4,-3,36,30
4,-3,37,27
4,-3,38,24
4,-3,39,21
4,-3,40,18
4,-3,41,15
4,-3,42,13
4,-3,43,10
4,-3,44,7
4,-3,45,4
4,-3,46,1
4,-3,47,-2
4,-3,48,-5
4,-3,49,37
4,-3,50,34
4,-3,51,31
4,-3,52,28
4,-3,53,25
4,-3,54,22
4,-3,55,19
4,-3,56,17
4,-3,57,14
4,-3,58,11
4,-3,59,8
4,-3,60,5
4,-3,61,2
4,-3,62,-1
4,-3,63,41
4,-3,64,38
4,-3,65,35
4,-3,66,32
4,-3,67,29
4,-3,68,26
4,-3,69,23
4,-3,70,21
4,-3,71,18
4,-3,72,15
4,-3,73,12
4,-3,74,9
4,-3,75,6
4,-3,76,3
4,-3,77,45
4,-3,78,42
4,-3,79,39
4,-3,80,36
4,-3,81,33
4,-3,82,30
4,-3,83,27
4,-3,84,25
4,-3,85,22
4,-3,86,19
4,-3,87,16
4,-3,88,13
4,-3,89,10
4,-3,90,7
4,-3,91,49
4,-3,92,46
4,-3,93,43
4,-3,94,40
4,-3,95,37
4,-3,96,34
4,-3,97,31
4,-3,98,29
4,-3,99,26
4,-3,100,23
4,-3,101,20
4,-3,102,17
4,-3,103,14
4,-3,104,11
4,-3,105,53
4,-3,106,50
4,-3,107,47
4,-3,108,44
4,-3,109,41
4,-3,110,38
4,-3,111,35
4,-2,0,2
4,-2,1,0
4,-2,2,-2
4,-2,3,-4
4,-2,4,-6
4,-2,5,-8
4,-2,6,-10
4,-2,7,18
4,-2,8,16
4,-2,9,14
4,-2,10,12
4,-2,11,10
4,-2,12,8
4,-2,13,6
4,-2,14,6
4,-2,15,4
4,-2,16,2
4,-2,17,0
4,-2,18,-2
4,-2,19,-4
4,-2,20,-6
4,-2,21,22
4,-2,22,20
4,-2,23,18
4,-2,24,16
4,-2,25,14
4,-2,26,12
4,-2,27,10
4,-2,28,10
4,-2,29,8
4,-2,30,6
4,-2,31,4
4,-2,32,2
4,-2,33,0
4,-2,34,-2
4,-2,35,26
4,-2,36,24
4,-2,37,22
4,-2,38,20
4,-2,39,18
4,-2,40,16
4,-2,41,14
4,-2,42,14
4,-2,43,12
4,-2,44,10
4,-2,45,8
4,-2,46,6
4,-2,47,4
4,-2,48,2
4,-2,49,30
4,-2,50,28
4,-2,51,26
4,-2,52,24
4,-2,53,22
4,-2,54,20
4,-2,55,18
4,-2,56,18
4,-2,57,16
4,-2,58,14
4,-2,59,12
4,-2,60,10
4,-2,61,8
4,-2,62,6
4,-2,63,34
4,-2,64,32
4,-2,65,30
4,-2,66,28
4,-2,67,26
4,-2,68,24
4,-2,69,22
4,-2,70,22
4,-2,71,20
4,-2,72,18
4,-2,73,16
4,-2,74,14
4,-2,75,12
4,-2,76,10
4,-2,77,38
4,-2,78,36
4,-2,79,34
4,-2,80,32
4,-2,81,30
4,-2,82,28
4,-2,83,26
4,-2,84,26
4,-2,85,24
4,-2,86,22
4,-2,87,20
4,-2,88,18
4,-2,89,16
4,-2,90,14
4,-2,91,42
4,-2,92,40
4,-2,93,38
4,-2,94,36
4,-2,95,34
4,-2,96,32
4,-2,97,30
4,-2,98,30
4,-2,99,28
4,-2,100,26
4,-2,101,24
4,-2,102,22
4,-2,103,20
4,-2,104,18
4,-2,105,46
4,-2,106,44
4,-2,107,42
4,-2,108,40
4,-2,109,38
4,-2,110,36
4,-2,111,34
4,-1,0,3
4,-1,1,2
4,-1,2,1
4,-1,3,0
4,-1,4,-1
4,-1,5,-2
4,-1,6,-3
4,-1,7,11
4,-1,8,10
4,-1,9,9
4,-1,10,8
4,-1,11,7
4,-1,12,6
4,-1,13,5
4,-1,14,7
4,-1,15,6
4,-1,16,5
4,-1,17,4
4,-1,18,3
4,-1,19,2
4,-1,20,1
4,-1,21,15
4,-1,22,14
4,-1,23,13
4,-1,24,12
4,-1,25,11
4,-1,26,10
4,-1,27,9
4,-1,28,11
4,-1,29,10
4,-1,30,9
4,-1,31,8
4,-1,32,7
4,-1,33,6
4,-1,34,5
4,-1,35,19
4,-1,36,18
4,-1,37,17
4,-1,38,16
4,-1,39,15
4,-1,40,14
4,-1,41,13
4,-1,42,15
4,-1,43,14
4,-1,44,13
4,-1,45,12
4,-1,46,11
4,-1,47,10
4,-1,48,9
4,-1,49,23
4,-1,50,22
4,-1,51,21
4,-1,52,20
4,-1,53,19
4,-1,54,18
4,-1,55,17
4,-1,56,19
4,-1,57,18
4,-1,58,17
4,-1,59,16
4,-1,60,15
4,-1,61,14
4,-1,62,13
4,-1,63,27
4,-1,64,26
4,-1,65,25
4,-1,66,24
4,-1,67,23
4,-1,68,22
4,-1,69,21
4,-1,70,23
4,-1,71,22
4,-1,72,21
4,-1,73,20
4,-1,74,19
4,-1,75,18
4,-1,76,17
4,-1,77,31
4,-1,78,30
4,-1,79,29
4,-1,80,28
4,-1,81,27
4,-1,82,26
4,-1,83,25
4,-1,84,27
4,-1,85,26
4,-1,86,25
4,-1,87,24
4,-1,88,23
4,-1,89,22
4,-1,90,21
4,-1,91,35
4,-1,92,34
4,-1,93,33
4,-1,94,32
4,-1,95,31
4,-1,96,30
4,-1,97,29
4,-1,98,31
4,-1,99,30
4,-1,100,29
4,-1,101,28
4,-1,102,27
4,-1,103,26
4,-1,104,25
4,-1,105,39
4,-1,106,38
4,-1,107,37
4,-1,108,36
4,-1,109,35
4,-1,110,34
4,-1,111,33
4,0,0,4
4,0,1,4
4,0,2,4
4,0,3,4
4,0,4,4
4,0,5,4
4,0,6,4
4,0,7,4
4,0,8,4
4,0,9,4
4,0,10,4
4,0,11,4
4,0,12,4
4,0,13,4
4,0,14,8
4,0,15,8
4,0,16,8
4,0,17,8
4,0,18,8
4,0,19,8
4,0,20,8
4,0,21,8
4,0,22,8
4,0,23,8
4,0,24,8
4,0,25,8
4,0,26,8
4,0,27,8
4,0,28,12
4,0,29,12
4,0,30,12
4,0,31,12
4,0,32,12
4,0,33,12
4,0,34,12
4,0,35,12
4,0,36,12
4,0,37,12
4,0,38,12
4,0,39,12
4,0,40,12
4,0,41,12
4,0,42,16
4,0,43,16
4,0,44,16
4,0,45,16
4,0,46,16
4,0,47,16
4,0,48,16
4,0,49,16
4,0,50,16
4,0,51,16
4,0,52,16
4,0,53,16
4,0,54,16
4,0,55,16
4,0,56,20
4,0,57,20
4,0,58,20
4,0,59,20
4,0,60,20
4,0,61,20
4,0,62,20
4,0,63,20
4,0,64,20
4,0,65,20
4,0,66,20
4,0,67,20
4,0,68,20
4,0,69,20
4,0,70,24
4,0,71,24
4,0,72,24
4,0,73,24
4,0,74,24
4,0,75,24
4,0,76,24
4,0,77,24
4,0,78,24
4,0,79,24
4,0,80,24
4,0,81,24
4,0,82,24
4,0,83,24
4,0,84,28
4,0,85,28
4,0,86,28
4,0,87,28
4,0,88,28
4,0,89,28
4,0,90,28
4,0,91,28
4,0,92,28
4,0,93,28
4,0,94,28
4,0,95,28
4,0,96,28
4,0,97,28
4,0,98,32
4,0,99,32
4,0,100,32
4,0,101,32
4,0,102,32
4,0,103,32
4,0,104,32
4,0,105,32
4,0,106,32
4,0,107,32
4,0,108,32
4,0,109,32
4,0,110,32
4,0,111,32
4,1,0,5
4,1,1,6
4,1,2,7
4,1,3,8
4,1,4,9
4,1,5,10
4,1,6,11
4,1,7,-3
4,1,8,-2
4,1,9,-1
4,1,10,0
4,1,11,1
4,1,12,2
4,1,13,3
4,1,14,9
4,1,15,10
4,1,16,11
4,1,17,12
4,1,18,13
4,1,19,14
4,1,20,15
4,1,21,1
4,1,22,2
4,1,23,3
4,1,24,4
4,1,25,5
4,1,26,6
4,1,27,7
4,1,28,13
4,1,29,14
4,1,30,15
4,1,31,16
4,1,32,17
4,1,33,18
4,1,34,19
4,1,35,5
4,1,36,6
4,1,37,7
4,1,38,8
4,1,39,9
4,1,40,10
4,1,41,11
4,1,42,17
4,1,43,18
4,1,44,19
4,1,45,20
4,1,46,21
4,1,47,22
4,1,48,23
4,1,49,9
4,1,50,10
4,1,51,11
4,1,52,12
4,1,53,13
4,1,54,14
4,1,55,15
4,1,56,21
4,1,57,22
4,1,58,23
4,1,59,24
4,1,60,25
4,1,61,26
4,1,62,27
4,1,63,13
4,1,64,14
4,1,65,15
4,1,66,16
4,1,67,17
4,1,68,18
4,1,69,19
4,1,70,25
4,1,71,26
4,1,72,27
4,1,73,28
4,1,74,29
4,1,75,30
4,1,76,31
4,1,77,17
4,1,78,18
4,1,79,19
4,1,80,20
4,1,81,21
4,1,82,22
4,1,83,23
4,1,84,29
4,1,85,30
4,1,86,31
4,1,87,32
4,1,88,33
4,1,89,34
4,1,90,35
4,1,91,21
4,1,92,22
4,1,93,23
4,1,94,24
4,1,95,25
4,1,96,26
4,1,97,27
4,1,98,33
4,1,99,34
4,1,100,35
4,1,101,36
4,1,102,37
4,1,103,38
4,1,104,39
4,1,105,25
4,1,106,26
4,1,107,27
4,1,108,28
4,1,109,29
4,1,110,30
4,1,111,31
4,2,0,6
4,2,1,8
4,2,2,10
4,2,3,12
4,2,4,14
4,2,5,16
4,2,6,18
4,2,7,-10
4,2,8,-8
4,2,9,-6
4,2,10,-4
4,2,11,-2
4,2,12,0
4,2,13,2
4,2,14,10
4,2,15,12
4,2,16,14
4,2,17,16
4,2,18,18
4,2,19,20
4,2,20,22
4,2,21,-6
4,2,22,-4
4,2,23,-2
4,2,24,0
4,2,25,2
4,2,26,4
4,2,27,6
4,2,28,14
4,2,29,16
4,2,30,18
4,2,31,20
4,2,32,22
4,2,33,24
4,2,34,26
4,2,35,-2
4,2,36,0
4,2,37,2
4,2,38,4
4,2,39,6
4,2,40,8
4,2,41,10
4,2,42,18
4,2,43,20
4,2,44,22
4,2,45,24
4,2,46,26
4,2,47,28
4,2,48,30
4,2,49,2
4,2,50,4
4,2,51,6
4,2,52,8
4,2,53,10
4,2,54,12
4,2,55,14
4,2,56,22
4,2,57,24
4,2,58,26
4,2,59,28
4,2,60,30
4,2,61,32
4,2,62,34
4,2,63,6
4,2,64,8
4,2,65,10
4,2,66,12
4,2,67,14
4,2,68,16
4,2,69,18
4,2,70,26
4,2,71,28
4,2,72,30
4,2,73,32
4,2,74,34
4,2,75,36
4,2,76,38
4,2,77,10
4,2,78,12
4,2,79,14
4,2,80,16
4,2,81,18
4,2,82,20
4,2,83,22
4,2,84,30
4,2,85,32
4,2,86,34
4,2,87,36
4,2,88,38
4,2,89,40
4,2,90,42
4,2,91,14
4,2,92,16
4,2,93,18
4,2,94,20
4,2,95,22
4,2,96,24
4,2,97,26
4,2,98,34
4,2,99,36
4,2,100,38
4,2,101,40
4,2,102,42
4,2,103,44
4,2,104,46
4,2,105,18
4,2,106,20
4,2,107,22
4,2,108,24
4,2,109,26
4,2,110,28
4,2,111,30
4,3,0,7
4,3,1,10
4,3,2,13
4,3,3,16
4,3,4,19
4,3,5,22
4,3,6,25
4,3,7,-17
4,3,8,-14
4,3,9,-11
4,3,10,-8
4,3,11,-5
4,3,12,-2
4,3,13,1
4,3,14,11
4,3,15,14
4,3,16,17
4,3,17,20
4,3,18,23
4,3,19,26
4,3,20,29
4,3,21,-13
4,3,22,-10
4,3,23,-7
4,3,24,-4
4,3,25,-1
4,3,26,2
4,3,27,5
4,3,28,15
4,3,29,18
4,3,30,21
4,3,31,24
4,3,32,27
4,3,33,30
4,3,34,33
4,3,35,-9
4,3,36,-6
4,3,37,-3
4,3,38,0
4,3,39,3
4,3,40,6
4,3,41,9
4,3,42,19
4,3,43,22
4,3,44,25
4,3,45,28
4,3,46,31
4,3,47,34
4,3,48,37
4,3,49,-5
4,3,50,-2
4,3,51,1
4,3,52,4
4,3,53,7
4,3,54,10
4,3,55,13
4,3,56,23
4,3,57,26
4,3,58,29
4,3,59,32
4,3,60,35
4,3,61,38
4,3,62,41
4,3,63,-1
4,3,64,2
4,3,65,5
4,3,66,8
4,3,67,11
4,3,68,14
4,3,69,17
4,3,70,27
4,3,71,30
4,3,72,33
4,3,73,36
4,3,74,39
4,3,75,42
4,3,76,45
4,3,77,3
4,3,78,6
4,3,79,9
4,3,80,12
4,3,81,15
4,3,82,18
4,3,83,21
4,3,84,31
4,3,85,34
4,3,86,37
4,3,87,40
4,3,88,43
4,3,89,46
4,3,90,49
4,3,91,7
4,3,92,10
4,3,93,13
4,3,94,16
4,3,95,19
4,3,96,22
4,3,97,25
4,3,98,35
4,3,99,38
4,3,100,41
4,3,101,44
4,3,102,47
4,3,103,50
4,3,104,53
4,3,105,11
4,3,106,14
4,3,107,17
4,3,108,20
4,3,109,23
4,3,110,26
4,3,111,29
4,4,0,8
4,4,1,12
4,4,2,16
4,4,3,20
4,4,4,24
4,4,5,28
4,4,6,32
4,4,7,-24
4,4,8,-20
4,4,9,-16
4,4,10,-12
4,4,11,-8
4,4,12,-4
4,4,13,0
4,4,14,12
4,4,15,16
4,4,16,20
4,4,17,24
4,4,18,28
4,4,19,32
4,4,20,36
4,4,21,-20
4,4,22,-16
4,4,23,-12
4,4,24,-8
4,4,25,-4
4,4,26,0
4,4,27,4
4,4,28,16
4,4,29,20
4,4,30,24
4,4,31,28
4,4,32,32
4,4,33,36
4,4,34,40
4,4,35,-16
4,4,36,-12
4,4,37,-8
4,4,38,-4
4,4,39,0
4,4,40,4
4,4,41,8
4,4,42,20
4,4,43,24
4,4,44,28
4,4,45,32
4,4,46,36
4,4,47,40
4,4,48,44
4,4,49,-12
4,4,50,-8
4,4,51,-4
4,4,52,0
4,4,53,4
4,4,54,8
4,4,55,12
4,4,56,24
4,4,57,28
4,4,58,32
4,4,59,36
4,4,60,40
4,4,61,44
4,4,62,48
4,4,63,-8
4,4,64,-4
4,4,65,0
4,4,66,4
4,4,67,8
4,4,68,12
4,4,69,16
4,4,70,28
4,4,71,32
4,4,72,36
4,4,73,40
4,4,74,44
4,4,75,48
4,4,76,52
4,4,77,-4
4,4,78,0
4,4,79,4
4,4,80,8
4,4,81,12
4,4,82,16
4,4,83,20
4,4,84,32
4,4,85,36
4,4,86,40
4,4,87,44
4,4,88,48
4,4,89,52
4,4,90,56
4,4,91,0
4,4,92,4
4,4,93,8
4,4,94,12
4,4,95,16
4,4,96,20
4,4,97,24
4,4,98,36
4,4,99,40
4,4,100,44
4,4,101,48
4,4,102,52
4,4,103,56
4,4,104,60
4,4,105,4
4,4,106,8
4,4,107,12
4,4,108,16
4,4,109,20
4,4,110,24
4,4,111,28
4,5,0,9
4,5,1,14
4,5,2,19
4,5,3,24
4,5,4,29
4,5,5,34
4,5,6,39
4,5,7,-31
4,5,8,-26
4,5,9,-21
4,5,10,-16
4,5,11,-11
4,5,12,-6
4,5,13,-1
4,5,14,13
4,5,15,18
4,5,16,23
4,5,17,28
4,5,18,33
4,5,19,38
4,5,20,43
4,5,21,-27
4,5,22,-22
4,5,23,-17
4,5,24,-12
4,5,25,-7
4,5,26,-2
4,5,27,3
4,5,28,17
4,5,29,22
4,5,30,27
4,5,31,32
4,5,32,37
4,5,33,42
4,5,34,47
4,5,35,-23
4,5,36,-18
4,5,37,-13
4,5,38,-8
4,5,39,-3
4,5,40,2
4,5,41,7
4,5,42,21
4,5,43,26
4,5,44,31
4,5,45,36
4,5,46,41
4,5,47,46
4,5,48,51
4,5,49,-19
4,5,50,-14
4,5,51,-9
4,5,52,-4
4,5,53,1
4,5,54,6
4,5,55,11
4,5,56,25
4,5,57,30
4,5,58,35
4,5,59,40
4,5,60,45
4,5,61,50
4,5,62,55
4,5,63,-15
4,5,64,-10
4,5,65,-5
4,5,66,0
4,5,67,5
4,5,68,10
4,5,69,15
4,5,70,29
4,5,71,34
4,5,72,39
4,5,73,44
4,5,74,49
4,5,75,54
4,5,76,59
4,5,77,-11
4,5,78,-6
4,5,79,-1
4,5,80,4
4,5,81,9
4,5,82,14
4,5,83,19
4,5,84,33
4,5,85,38
4,5,86,43
4,5,87,48
4,5,88,53
4,5,89,58
4,5,90,63
4,5,91,-7
4,5,92,-2
4,5,93,3
4,5,94,8
4,5,95,13
4,5,96,18
4,5,97,23
4,5,98,37
4,5,99,42
4,5,100,47
4,5,101,52
4,5,102,57
4,5,103,62
4,5,104,67
4,5,105,-3
4,5,106,2
4,5,107,7
4,5,108,12
4,5,109,17
4,5,110,22
4,5,111,27
4,6,0,10
4,6,1,16
4,6,2,22
4,6,3,28
4,6,4,34
4,6,5,40
4,6,6,46
4,6,7,-38
4,6,8,-32
4,6,9,-26
4,6,10,-20
4,6,11,-14
4,6,12,-8
4,6,13,-2
4,6,14,14
4,6,15,20
4,6,16,26
4,6,17,32
4,6,18,38
4,6,19,44
4,6,20,50
4,6,21,-34
4,6,22,-28
4,6,23,-22
4,6,24,-16
4,6,25,-10
4,6,26,-4
4,6,27,2
4,6,28,18
4,6,29,24
4,6,30,30
4,6,31,36
4,6,32,42
4,6,33,48
4,6,34,54
4,6,35,-30
4,6,36,-24
4,6,37,-18
4,6,38,-12
4,6,39,-6
4,6,40,0
4,6,41,6
4,6,42,22
4,6,43,28
4,6,44,34
4,6,45,40
4,6,46,46
4,6,47,52
4,6,48,58
4,6,49,-26
4,6,50,-20
4,6,51,-14
4,6,52,-8
4,6,53,-2
4,6,54,4
4,6,55,10
4,6,56,26
4,6,57,32
4,6,58,38
4,6,59,44
4,6,60,50
4,6,61,56
4,6,62,62
4,6,63,-22
4,6,64,-16
4,6,65,-10
4,6,66,-4
4,6,67,2
4,6,68,8
4,6,69,14
4,6,70,30
4,6,71,36
4,6,72,42
4,6,73,48
4,6,74,54
4,6,75,60
4,6,76,66
4,6,77,-18
4,6,78,-12
4,6,79,-6
4,6,80,0
4,6,81,6
4,6,82,12
4,6,83,18
4,6,84,34
4,6,85,40
4,6,86,46
4,6,87,52
4,6,88,58
4,6,89,64
4,6,90,70
4,6,91,-14
4,6,92,-8
4,6,93,-2
4,6,94,4
4,6,95,10
4,6,96,16
4,6,97,22
4,6,98,38
4,6,99,44
4,6,100,50
4,6,101,56
4,6,102,62
4,6,103,68
4,6,104,74
4,6,105,-10
4,6,106,-4
4,6,107,2
4,6,108,8
4,6,109,14
4,6,110,20
4,6,111,26
4,7,0,11
4,7,1,18
4,7,2,25
4,7,3,32
4,7,4,39
4,7,5,46
4,7,6,53
4,7,7,-45
4,7,8,-38
4,7,9,-31
4,7,10,-24
4,7,11,-17
4,7,12,-10
4,7,13,-3
4,7,14,15
4,7,15,22
4,7,16,29
4,7,17,36
4,7,18,43
4,7,19,50
4,7,20,57
4,7,21,-41
4,7,22,-34
4,7,23,-27
4,7,24,-20
4,7,25,-13
4,7,26,-6
4,7,27,1
4,7,28,19
4,7,29,26
4,7,30,33
4,7,31,40
4,7,32,47
4,7,33,54
4,7,34,61
4,7,35,-37
4,7,36,-30
4,7,37,-23
4,7,38,-16
4,7,39,-9
4,7,40,-2
4,7,41,5
4,7,42,23
4,7,43,30
4,7,44,37
4,7,45,44
4,7,46,51
4,7,47,58
4,7,48,65
4,7,49,-33
4,7,50,-26
4,7,51,-19
4,7,52,-12
4,7,53,-5
4,7,54,2
4,7,55,9
4,7,56,27
4,7,57,34
4,7,58,41
4,7,59,48
4,7,60,55
4,7,61,62
4,7,62,69
4,7,63,-29
4,7,64,-22
4,7,65,-15
4,7,66,-8
4,7,67,-1
4,7,68,6
4,7,69,13
4,7,70,31
4,7,71,38
4,7,72,45
4,7,73,52
4,7,74,59
4,7,75,66
4,7,76,73
4,7,77,-25
4,7,78,-18
4,7,79,-11
4,7,80,-4
4,7,81,3
4,7,82,10
4,7,83,17
4,7,84,35
4,7,85,42
4,7,86,49
4,7,87,56
4,7,88,63
4,7,89,70
4,7,90,77
4,7,91,-21
4,7,92,-14
4,7,93,-7
4,7,94,0
4,7,95,7
4,7,96,14
4,7,97,21
4,7,98,39
4,7,99,46
4,7,100,53
4,7,101,60
4,7,102,67
4,7,103,74
4,7,104,81
4,7,105,-17
4,7,106,-10
4,7,107,-3
4,7,108,4
4,7,109,11
4,7,110,18
4,7,111,25
5,-8,0,-3
5,-8,1,-11
5,-8,2,-19
5,-8,3,-27
5,-8,4,-35
5,-8,5,-43
5,-8,6,-51
5,-8,7,61
5,-8,8,53
5,-8,9,45
5,-8,10,37
5,-8,11,29
5,-8,12,21
5,-8,13,13
5,-8,14,2
5,-8,15,-6
5,-8,16,-14
5,-8,17,-22
5,-8,18,-30
5,-8,19,-38
5,-8,20,-46
5,-8,21,66
5,-8,22,58
5,-8,23,50
5,-8,24,42
5,-8,25,34
5,-8,26,26
5,-8,27,18
5,-8,28,7
5,-8,29,-1
5,-8,30,-9
5,-8,31,-17
5,-8,32,-25
5,-8,33,-33
5,-8,34,-41
5,-8,35,71
5,-8,36,63
5,-8,37,55
5,-8,38,47
5,-8,39,39
5,-8,40,31
5,-8,41,23
5,-8,42,12
5,-8,43,4
5,-8,44,-4
5,-8,45,-12
5,-8,46,-20
5,-8,47,-28
5,-8,48,-36
5,-8,49,76
5,-8,50,68
5,-8,51,60
5,-8,52,52
5,-8,53,44
5,-8,54,36
5,-8,55,28
5,-8,56,17
5,-8,57,9
5,-8,58,1
5,-8,59,-7
5,-8,60,-15
5,-8,61,-23
5,-8,62,-31
5,-8,63,81
5,-8,64,73
5,-8,65,65
5,-8,66,57
5,-8,67,49
5,-8,68,41
5,-8,69,33
5,-8,70,22
5,-8,71,14
5,-8,72,6
5,-8,73,-2
5,-8,74,-10
5,-8,75,-18
5,-8,76,-26
5,-8,77,86
5,-8,78,78
5,-8,79,70
5,-8,80,62
5,-8,81,54
5,-8,82,46
5,-8,83,38
5,-8,84,27
5,-8,85,19
5,-8,86,11
5,-8,87,3
5,-8,88,-5
5,-8,89,-13
5,-8,90,-21
5,-8,91,91
5,-8,92,83
5,-8,93,75
5,-8,94,67
5,-8,95,59
5,-8,96,51
5,-8,97,43
5,-8,98,32
5,-8,99,24
5,-8,100,16
5,-8,101,8
5,-8,102,0
5,-8,103,-8
5,-8,104,-16
5,-8,105,96
5,-8,106,88
5,-8,107,80
5,-8,108,72
5,-8,109,64
5,-8,110,56
5,-8,111,48
5,-7,0,-2
5,-7,1,-9
5,-7,2,-16
5,-7,3,-23
5,-7,4,-30
5,-7,5,-37
5,-7,6,-44
5,-7,7,54
5,-7,8,47
5,-7,9,40
5,-7,10,33
5,-7,11,26
5,-7,12,19
5,-7,13,12
5,-7,14,3
5,-7,15,-4
5,-7,16,-11
5,-7,17,-18
5,-7,18,-25
5,-7,19,-32
5,-7,20,-39
5,-7,21,59
5,-7,22,52
5,-7,23,45
5,-7,24,38
5,-7,25,31
5,-7,26,24
5,-7,27,17
5,-7,28,8
5,-7,29,1
5,-7,30,-6
5,-7,31,-13
5,-7,32,-20
5,-7,33,-27
5,-7,34,-34
5,-7,35,64
5,-7,36,57
5,-7,37,50
5,-7,38,43
5,-7,39,36
5,-7,40,29
5,-7,41,22
5,-7,42,13
5,-7,43,6
5,-7,44,-1
5,-7,45,-8
5,-7,46,-15
5,-7,47,-22
5,-7,48,-29
5,-7,49,69
5,-7,50,62
5,-7,51,55
5,-7,52,48
5,-7,53,41
5,-7,54,34
5,-7,55,27
5,-7,56,18
5,-7,57,11
5,-7,58,4
5,-7,59,-3
5,-7,60,-10
5,-7,61,-17
5,-7,62,-24
5,-7,63,74
5,-7,64,67
5,-7,65,60
5,-7,66,53
5,-7,67,46
5,-7,68,39
5,-7,69,32
5,-7,70,23
5,-7,71,16
5,-7,72,9
5,-7,73,2
5,-7,74,-5
5,-7,75,-12
5,-7,76,-19
5,-7,77,79
5,-7,78,72
5,-7,79,65
5,-7,80,58
5,-7,81,51
5,-7,82,44
5,-7,83,37
5,-7,84,28
5,-7,85,21
5,-7,86,14
5,-7,87,7
5,-7,88,0
5,-7,89,-7
5,-7,90,-14
5,-7,91,84
5,-7,92,77
5,-7,93,70
5,-7,94,63
5,-7,95,56
5,-7,96,49
5,-7,97,42
5,-7,98,33
5,-7,99,26
5,-7,100,19
5,-7,101,12
5,-7,102,5
5,-7,103,-2
5,-7,104,-9
5,-7,105,89
5,-7,106,82
5,-7,107,75
5,-7,108,68
5,-7,109,61
5,-7,110,54
5,-7,111,47
5,-6,0,-1
5,-6,1,-7
5,-6,2,-13
5,-6,3,-19
5,-6,4,-25
5,-6,5,-31
5,-6,6,-37
5,-6,7,47
5,-6,8,41
5,-6,9,35
5,-6,10,29
5,-6,11,23
5,-6,12,17
5,-6,13,11
5,-6,14,4
5,-6,15,-2
5,-6,16,-8
5,-6,17,-14
5,-6,18,-20
5,-6,19,-26
5,-6,20,-32
5,-6,21,52
5,-6,22,46
5,-6,23,40
5,-6,24,34
5,-6,25,28
5,-6,26,22
5,-6,27,16
5,-6,28,9
5,-6,29,3
5,-6,30,-3
5,-6,31,-9
5,-6,32,-15
5,-6,33,-21
5,-6,34,-27
5,-6,35,57
5,-6,36,51
5,-6,37,45
5,-6,38,39
5,-6,39,33
5,-6,40,27
5,-6,41,21
5,-6,42,14
5,-6,43,8
5,-6,44,2
5,-6,45,-4
5,-6,46,-10
5,-6,47,-16
5,-6,48,-22
5,-6,49,62
5,-6,50,56
5,-6,51,50
5,-6,52,44
5,-6,53,38
5,-6,54,32
5,-6,55,26
5,-6,56,19
5,-6,57,13
5,-6,58,7
5,-6,59,1
5,-6,60,-5
5,-6,61,-11
5,-6,62,-17
5,-6,63,67
5,-6,64,61
5,-6,65,55
5,-6,66,49
5,-6,67,43
5,-6,68,37
5,-6,69,31
5,-6,70,24
5,-6,71,18
5,-6,72,12
5,-6,73,6
5,-6,74,0
5,-6,75,-6
5,-6,76,-12
5,-6,77,72
5,-6,78,66
5,-6,79,60
5,-6,80,54
5,-6,81,48
5,-6,82,42
5,-6,83,36
5,-6,84,29
5,-6,85,23
5,-6,86,17
5,-6,87,11
5,-6,88,5
5,-6,89,-1
5,-6,90,-7
5,-6,91,77
5,-6,92,71
5,-6,93,65
5,-6,94,59
5,-6,95,53
5,-6,96,47
5,-6,97,41
5,-6,98,34
5,-6,99,28
5,-6,100,22
5,-6,101,16
5,-6,102,10
5,-6,103,4
5,-6,104,-2
5,-6,105,82
5,-6,106,76
5,-6,107,70
5,-6,108,64
5,-6,109,58
5,-6,110,52
5,-6,111,46
5,-5,0,0
5,-5,1,-5
5,-5,2,-10
5,-5,3,-15
5,-5,4,-20
5,-5,5,-25
5,-5,6,-30
5,-5,7,40
5,-5,8,35
5,-5,9,30
5,-5,10,25
5,-5,11,20
5,-5,12,15
5,-5,13,10
5,-5,14,5
5,-5,15,0
5,-5,16,-5
5,-5,17,-10
5,-5,18,-15
5,-5,19,-20
5,-5,20,-25
5,-5,21,45
5,-5,22,40
5,-5,23,35
5,-5,24,30
5,-5,25,25
5,-5,26,20
5,-5,27,15
5,-5,28,10
5,-5,29,5
5,-5,30,0
5,-5,31,-5
5,-5,32,-10
5,-5,33,-15
5,-5,34,-20
5,-5,35,50
5,-5,36,45
5,-5,37,40
5,-5,38,35
5,-5,39,30
5,-5,40,25
5,-5,41,20
5,-5,42,15
5,-5,43,10
5,-5,44,5
5,-5,45,0
5,-5,46,-5
5,-5,47,-10
5,-5,48,-15
5,-5,49,55
5,-5,50,50
5,-5,51,45
5,-5,52,40
5,-5,53,35
5,-5,54,30
5,-5,55,25
5,-5,56,20
5,-5,57,15
5,-5,58,10
5,-5,59,5
5,-5,60,0
5,-5,61,-5
5,-5,62,-10
5,-5,63,60
5,-5,64,55
5,-5,65,50
5,-5,66,45
5,-5,67,40
5,-5,68,35
5,-5,69,30
5,-5,70,25
5,-5,71,20
5,-5,72,15
5,-5,73,10
5,-5,74,5
5,-5,75,0
5,-5,76,-5
5,-5,77,65
5,-5,78,60
5,-5,79,55
5,-5,80,50
5,-5,81,45
5,-5,82,40
5,-5,83,35
5,-5,84,30
5,-5,85,25
5,-5,86,20
5,-5,87,15
5,-5,88,10
5,-5,89,5
5,-5,90,0
5,-5,91,70
5,-5,92,65
5,-5,93,60
5,-5,94,55
5,-5,95,50
5,-5,96,45
5,-5,97,40
5,-5,98,35
5,-5,99,30
5,-5,100,25
5,-5,101,20
5,-5,102,15
5,-5,103,10
5,-5,104,5
5,-5,105,75
5,-5,106,70
5,-5,107,65
5,-5,108,60
5,-5,109,55
5,-5,110,50
5,-5,111,45
5,-4,0,1
5,-4,1,-3
5,-4,2,-7
5,-4,3,-11
5,-4,4,-15
5,-4,5,-19
5,-4,6,-23
5,-4,7,33
5,-4,8,29
5,-4,9,25
5,-4,10,21
5,-4,11,17
5,-4,12,13
5,-4,13,9
5,-4,14,6
5,-4,15,2
5,-4,16,-2
5,-4,17,-6
5,-4,18,-10
5,-4,19,-14
5,-4,20,-18
5,-4,21,38
5,-4,22,34
5,-4,23,30
5,-4,24,26
5,-4,25,22
5,-4,26,18
5,-4,27,14
5,-4,28,11
5,-4,29,7
5,-4,30,3
5,-4,31,-1
5,-4,32,-5
5,-4,33,-9
5,-4,34,-13
5,-4,35,43
5,-4,36,39
5,-4,37,35
5,-4,38,31
5,-4,39,27
5,-4,40,23
5,-4,41,19
5,-4,42,16
5,-4,43,12
5,-4,44,8
5,-4,45,4
5,-4,46,0
5,-4,47,-4
5,-4,48,-8
5,-4,49,48
5,-4,50,44
5,-4,51,40
5,-4,52,36
5,-4,53,32
5,-4,54,28
5,-4,55,24
5,-4,56,21
5,-4,57,17
5,-4,58,13
5,-4,59,9
5,-4,60,5
5,-4,61,1
5,-4,62,-3
5,-4,63,53
5,-4,64,49
5,-4,65,45
5,-4,66,41
5,-4,67,37
5,-4,68,33
5,-4,69,29
5,-4,70,26
5,-4,71,22
5,-4,72,18
5,-4,73,14
5,-4,74,10
5,-4,75,6
5,-4,76,2
5,-4,77,58
5,-4,78,54
5,-4,79,50
5,-4,80,46
5,-4,81,42
5,-4,82,38
5,-4,83,34
5,-4,84,31
5,-4,85,27
5,-4,86,23
5,-4,87,19
5,-4,88,15
5,-4,89,11
5,-4,90,7
5,-4,91,63
5,-4,92,59
5,-4,93,55
5,-4,94,51
5,-4,95,47
5,-4,96,43
5,-4,97,39
5,-4,98,36
5,-4,99,32
5,-4,100,28
5,-4,101,24
5,-4,102,20
5,-4,103,16
5,-4,104,12
5,-4,105,68
5,-4,106,64
5,-4,107,60
5,-4,108,56
5,-4,109,52
5,-4,110,48
5,-4,111,44
5,-3,0,2
5,-3,1,-1
5,-3,2,-4
5,-3,3,-7
5,-3,4,-10
5,-3,5,-13
5,-3,6,-16
5,-3,7,26
5,-3,8,23
5,-3,9,20
5,-3,10,17
5,-3,11,14
5,-3,12,11
5,-3,13,8
5,-3,14,7
5,-3,15,4
5,-3,16,1
5,-3,17,-2
5,-3,18,-5
5,-3,19,-8
5,-3,20,-11
5,-3,21,31
5,-3,22,28
5,-3,23,25
5,-3,24,22
5,-3,25,19
5,-3,26,16
5,-3,27,13
5,-3,28,12
5,-3,29,9
5,-3,30,6
5,-3,31,3
5,-3,32,0
5,-3,33,-3
5,-3,34,-6
5,-3,35,36
5,-3,36,33
5,-3,37,30
5,-3,38,27
5,-3,39,24
5,-3,40,21
5,-3,41,18
5,-3,42,17
5,-3,43,14
5,-3,44,11
5,-3,45,8
5,-3,46,5
5,-3,47,2
5,-3,48,-1
5,-3,49,41
5,-3,50,38
5,-3,51,35
5,-3,52,32
5,-3,53,29
5,-3,54,26
5,-3,55,23
5,-3,56,22
5,-3,57,19
5,-3,58,16
5,-3,59,13
5,-3,60,10
5,-3,61,7
5,-3,62,4
5,-3,63,46
5,-3,64,43
5,-3,65,40
5,-3,66,37
5,-3,67,34
5,-3,68,31
5,-3,69,28
5,-3,70,27
5,-3,71,24
5,-3,72,21
5,-3,73,18
5,-3,74,15
5,-3,75,12
5,-3,76,9
5,-3,77,51
5,-3,78,48
5,-3,79,45
5,-3,80,42
5,-3,81,39
5,-3,82,36
5,-3,83,33
5,-3,84,32
5,-3,85,29
5,-3,86,26
5,-3,87,23
5,-3,88,20
5,-3,89,17
5,-3,90,14
5,-3,91,56
5,-3,92,53
5,-3,93,50
5,-3,94,47
5,-3,95,44
5,-3,96,41
5,-3,97,38
5,-3,98,37
5,-3,99,34
5,-3,100,31
5,-3,101,28
5,-3,102,25
5,-3,103,22
5,-3,104,19
5,-3,105,61
5,-3,106,58
5,-3,107,55
5,-3,108,52
5,-3,109,49
5,-3,110,46
5,-3,111,43
5,-2,0,3
5,-2,1,1
5,-2,2,-1
5,-2,3,-3
5,-2,4,-5
5,-2,5,-7
5,-2,6,-9
5,-2,7,19
5,-2,8,17
5,-2,9,15
5,-2,10,13
5,-2,11,11
5,-2,12,9
5,-2,13,7
5,-2,14,8
5,-2,15,6
5,-2,16,4
5,-2,17,2
5,-2,18,0
5,-2,19,-2
5,-2,20,-4
5,-2,21,24
5,-2,22,22
5,-2,23,20
5,-2,24,18
5,-2,25,16
5,-2,26,14
5,-2,27,12
5,-2,28,13
5,-2,29,11
5,-2,30,9
5,-2,31,7
5,-2,32,5
5,-2,33,3
5,-2,34,1
5,-2,35,29
5,-2,36,27
5,-2,37,25
5,-2,38,23
5,-2,39,21
5,-2,40,19
5,-2,41,17
5,-2,42,18
5,-2,43,16
5,-2,44,14
5,-2,45,12
5,-2,46,10
5,-2,47,8
5,-2,48,6
5,-2,49,34
5,-2,50,32
5,-2,51,30
5,-2,52,28
5,-2,53,26
5,-2,54,24
5,-2,55,22
5,-2,56,23
5,-2,57,21
5,-2,58,19
5,-2,59,17
5,-2,60,15
5,-2,61,13
5,-2,62,11
5,-2,63,39
5,-2,64,37
5,-2,65,35
5,-2,66,33
5,-2,67,31
5,-2,68,29
5,-2,69,27
5,-2,70,28
5,-2,71,26
5,-2,72,24
5,-2,73,22
5,-2,74,20
5,-2,75,18
5,-2,76,16
5,-2,77,44
5,-2,78,42
5,-2,79,40
5,-2,80,38
5,-2,81,36
5,-2,82,34
5,-2,83,32
5,-2,84,33
5,-2,85,31
5,-2,86,29
5,-2,87,27
5,-2,88,25
5,-2,89,23
5,-2,90,21
5,-2,91,49
5,-2,92,47
5,-2,93,45
5,-2,94,43
5,-2,95,41
5,-2,96,39
5,-2,97,37
5,-2,98,38
5,-2,99,36
5,-2,100,34
5,-2,101,32
5,-2,102,30
5,-2,103,28
5,-2,104,26
5,-2,105,54
5,-2,106,52
5,-2,107,50
5,-2,108,48
5,-2,109,46
5,-2,110,44
5,-2,111,42
5,-1,0,4
5,-1,1,3
5,-1,2,2
5,-1,3,1
5,-1,4,0
5,-1,5,-1
5,-1,6,-2
5,-1,7,12
5,-1,8,11
5,-1,9,10
5,-1,10,9
5,-1,11,8
5,-1,12,7
5,-1,13,6
5,-1,14,9
5,-1,15,8
5,-1,16,7
5,-1,17,6
5,-1,18,5
5,-1,19,4
5,-1,20,3
5,-1,21,17
5,-1,22,16
5,-1,23,15
5,-1,24,14
5,-1,25,13
5,-1,26,12
5,-1,27,11
5,-1,28,14
5,-1,29,13
5,-1,30,12
5,-1,31,11
5,-1,32,10
5,-1,33,9
5,-1,34,8
5,-1,35,22
5,-1,36,21
5,-1,37,20
5,-1,38,19
5,-1,39,18
5,-1,40,17
5,-1,41,16
5,-1,42,19
5,-1,43,18
5,-1,44,17
5,-1,45,16
5,-1,46,15
5,-1,47,14
5,-1,48,13
5,-1,49,27
5,-1,50,26
5,-1,51,25
5,-1,52,24
5,-1,53,23
5,-1,54,22
5,-1,55,21
5,-1,56,24
5,-1,57,23
5,-1,58,22
5,-1,59,21
5,-1,60,20
5,-1,61,19
5,-1,62,18
5,-1,63,32
5,-1,64,31
5,-1,65,30
5,-1,66,29
5,-1,67,28
5,-1,68,27
5,-1,69,26
5,-1,70,29
5,-1,71,28
5,-1,72,27
5,-1,73,26
5,-1,74,25
5,-1,75,24
5,-1,76,23
5,-1,77,37
5,-1,78,36
5,-1,79,35
5,-1,80,34
5,-1,81,33
5,-1,82,32
5,-1,83,31
5,-1,84,34
5,-1,85,33
5,-1,86,32
5,-1,87,31
5,-1,88,30
5,-1,89,29
5,-1,90,28
5,-1,91,42
5,-1,92,41
5,-1,93,40
5,-1,94,39
5,-1,95,38
5,-1,96,37
5,-1,97,36
5,-1,98,39
5,-1,99,38
5,-1,100,37
5,-1,101,36
5,-1,102,35
5,-1,103,34
5,-1,104,33
5,-1,105,47
5,-1,106,46
5,-1,107,45
5,-1,108,44
5,-1,109,43
5,-1,110,42
5,-1,111,41
5,0,0,5
5,0,1,5
5,0,2,5
5,0,3,5
5,0,4,5
5,0,5,5
5,0,6,5
5,0,7,5
5,0,8,5
5,0,9,5
5,0,10,5
5,0,11,5
5,0,12,5
5,0,13,5
5,0,14,10
5,0,15,10
5,0,16,10
5,0,17,10
5,0,18,10
5,0,19,10
5,0,20,10
5,0,21,10
5,0,22,10
5,0,23,10
5,0,24,10
5,0,25,10
5,0,26,10
5,0,27,10
5,0,28,15
5,0,29,15
5,0,30,15
5,0,31,15
5,0,32,15
5,0,33,15
5,0,34,15
5,0,35,15
5,0,36,15
5,0,37,15
5,0,38,15
5,0,39,15
5,0,40,15
5,0,41,15
5,0,42,20
5,0,43,20
5,0,44,20
5,0,45,20
5,0,46,20
5,0,47,20
5,0,48,20
5,0,49,20
5,0,50,20
5,0,51,20
5,0,52,20
5,0,53,20
5,0,54,20
5,0,55,20
5,0,56,25
5,0,57,25
5,0,58,25
5,0,59,25
5,0,60,25
5,0,61,25
5,0,62,25
5,0,63,25
5,0,64,25
5,0,65,25
5,0,66,25
5,0,67,25
5,0,68,25
5,0,69,25
5,0,70,30
5,0,71,30
5,0,72,30
5,0,73,30
5,0,74,30
5,0,75,30
5,0,76,30
5,0,77,30
5,0,78,30
5,0,79,30
5,0,80,30
5,0,81,30
5,0,82,30
5,0,83,30
5,0,84,35
5,0,85,35
5,0,86,35
5,0,87,35
5,0,88,35
5,0,89,35
5,0,90,35
5,0,91,35
5,0,92,35
5,0,93,35
5,0,94,35
5,0,95,35
5,0,96,35
5,0,97,35
5,0,98,40
5,0,99,40
5,0,100,40
5,0,101,40
5,0,102,40
5,0,103,40
5,0,104,40
5,0,105,40
5,0,106,40
5,0,107,40
5,0,108,40
5,0,109,40
5,0,110,40
5,0,111,40
5,1,0,6
5,1,1,7
5,1,2,8
5,1,3,9
5,1,4,10
5,1,5,11
5,1,6,12
5,1,7,-2
5,1,8,-1
5,1,9,0
5,1,10,1
5,1,11,2
5,1,12,3
5,1,13,4
5,1,14,11
5,1,15,12
5,1,16,13
5,1,17,14
5,1,18,15
5,1,19,16
5,1,20,17
5,1,21,3
5,1,22,4
5,1,23,5
5,1,24,6
5,1,25,7
5,1,26,8
5,1,27,9
5,1,28,16
5,1,29,17
5,1,30,18
5,1,31,19
5,1,32,20
5,1,33,21
5,1,34,22
5,1,35,8
5,1,36,9
5,1,37,10
5,1,38,11
5,1,39,12
5,1,40,13
5,1,41,14
5,1,42,21
5,1,43,22
5,1,44,23
5,1,45,24
5,1,46,25
5,1,47,26
5,1,48,27
5,1,49,13
5,1,50,14
5,1,51,15
5,1,52,16
5,1,53,17
5,1,54,18
5,1,55,19
5,1,56,26
5,1,57,27
5,1,58,28
5,1,59,29
5,1,60,30
5,1,61,31
5,1,62,32
5,1,63,18
5,1,64,19
5,1,65,20
5,1,66,21
5,1,67,22
5,1,68,23
5,1,69,24
5,1,70,31
5,1,71,32
5,1,72,33
5,1,73,34
5,1,74,35
5,1,75,36
5,1,76,37
5,1,77,23
5,1,78,24
5,1,79,25
5,1,80,26
5,1,81,27
5,1,82,28
5,1,83,29
5,1,84,36
5,1,85,37
5,1,86,38
5,1,87,39
5,1,88,40
5,1,89,41
5,1,90,42
5,1,91,28
5,1,92,29
5,1,93,30
5,1,94,31
5,1,95,32
5,1,96,33
5,1,97,34
5,1,98,41
5,1,99,42
5,1,100,43
5,1,101,44
5,1,102,45
5,1,103,46
5,1,104,47
5,1,105,33
5,1,106,34
5,1,107,35
5,1,108,36
5,1,109,37
5,1,110,38
5,1,111,39
5,2,0,7
5,2,1,9
5,2,2,11
5,2,3,13
5,2,4,15
5,2,5,17
5,2,6,19
5,2,7,-9
5,2,8,-7
5,2,9,-5
5,2,10,-3
5,2,11,-1
5,2,12,1
5,2,13,3
5,2,14,12
5,2,15,14
5,2,16,16
5,2,17,18
5,2,18,20
5,2,19,22
5,2,20,24
5,2,21,-4
5,2,22,-2
5,2,23,0
5,2,24,2
5,2,25,4
5,2,26,6
5,2,27,8
5,2,28,17
5,2,29,19
5,2,30,21
5,2,31,23
5,2,32,25
5,2,33,27
5,2,34,29
5,2,35,1
5,2,36,3
5,2,37,5
5,2,38,7
5,2,39,9
5,2,40,11
5,2,41,13
5,2,42,22
5,2,43,24
5,2,44,26
5,2,45,28
5,2,46,30
5,2,47,32
5,2,48,34
5,2,49,6
5,2,50,8
5,2,51,10
5,2,52,12
5,2,53,14
5,2,54,16
5,2,55,18
5,2,56,27
5,2,57,29
5,2,58,31
5,2,59,33
5,2,60,35
5,2,61,37
5,2,62,39
5,2,63,11
5,2,64,13
5,2,65,15
5,2,66,17
5,2,67,19
5,2,68,21
5,2,69,23
5,2,70,32
5,2,71,34
5,2,72,36
5,2,73,38
5,2,74,40
5,2,75,42
5,2,76,44
5,2,77,16
5,2,78,18
5,2,79,20
5,2,80,22
5,2,81,24
5,2,82,26
5,2,83,28
5,2,84,37
5,2,85,39
5,2,86,41
5,2,87,43
5,2,88,45
5,2,89,47
5,2,90,49
5,2,91,21
5,2,92,23
5,2,93,25
5,2,94,27
5,2,95,29
5,2,96,31
5,2,97,33
5,2,98,42
5,2,99,44
5,2,100,46
5,2,101,48
5,2,102,50
5,2,103,52
5,2,104,54
5,2,105,26
5,2,106,28
5,2,107,30
5,2,108,32
5,2,109,34
5,2,110,36
5,2,111,38
5,3,0,8
5,3,1,11
5,3,2,14
5,3,3,17
5,3,4,20
5,3,5,23
5,3,6,26
5,3,7,-16
5,3,8,-13
5,3,9,-10
5,3,10,-7
5,3,11,-4
5,3,12,-1
5,3,13,2
5,3,14,13
5,3,15,16
5,3,16,19
5,3,17,22
5,3,18,25
5,3,19,28
5,3,20,31
5,3,21,-11
5,3,22,-8
5,3,23,-5
5,3,24,-2
5,3,25,1
5,3,26,4
5,3,27,7
5,3,28,18
5,3,29,21
5,3,30,24
5,3,31,27
5,3,32,30
5,3,33,33
5,3,34,36
5,3,35,-6
5,3,36,-3
5,3,37,0
5,3,38,3
5,3,39,6
5,3,40,9
5,3,41,12
5,3,42,23
5,3,43,26
5,3,44,29
5,3,45,32
5,3,46,35
5,3,47,38
5,3,48,41
5,3,49,-1
5,3,50,2
5,3,51,5
5,3,52,8
5,3,53,11
5,3,54,14
5,3,55,17
5,3,56,28
5,3,57,31
5,3,58,34
5,3,59,37
5,3,60,40
5,3,61,43
5,3,62,46
5,3,63,4
5,3,64,7
5,3,65,10
5,3,66,13
5,3,67,16
5,3,68,19
5,3,69,22
5,3,70,33
5,3,71,36
5,3,72,39
5,3,73,42
5,3,74,45
5,3,75,48
5,3,76,51
5,3,77,9
5,3,78,12
5,3,79,15
5,3,80,18
5,3,81,21
5,3,82,24
5,3,83,27
5,3,84,38
5,3,85,41
5,3,86,44
5,3,87,47
5,3,88,50
5,3,89,53
5,3,90,56
5,3,91,14
5,3,92,17
5,3,93,20
5,3,94,23
5,3,95,26
5,3,96,29
5,3,97,32
5,3,98,43
5,3,99,46
5,3,100,49
5,3,101,52
5,3,102,55
5,3,103,58
5,3,104,61
5,3,105,19
5,3,106,22
5,3,107,25
5,3,108,28
5,3,109,31
5,3,110,34
5,3,111,37
5,4,0,9
5,4,1,13
5,4,2,17
5,4,3,21
5,4,4,25
5,4,5,29
5,4,6,33
5,4,7,-23
5,4,8,-19
5,4,9,-15
5,4,10,-11
5,4,11,-7
5,4,12,-3
5,4,13,1
5,4,14,14
5,4,15,18
5,4,16,22
5,4,17,26
5,4,18,30
5,4,19,34
5,4,20,38
5,4,21,-18
5,4,22,-14
5,4,23,-10
5,4,24,-6
5,4,25,-2
5,4,26,2
5,4,27,6
5,4,28,19
5,4,29,23
5,4,30,27
5,4,31,31
5,4,32,35
5,4,33,39
5,4,34,43
5,4,35,-13
5,4,36,-9
5,4,37,-5
5,4,38,-1
5,4,39,3
5,4,40,7
5,4,41,11
5,4,42,24
5,4,43,28
5,4,44,32
5,4,45,36
5,4,46,40
5,4,47,44
5,4,48,48
5,4,49,-8
5,4,50,-4
5,4,51,0
5,4,52,4
5,4,53,8
5,4,54,12
5,4,55,16
5,4,56,29
5,4,57,33
5,4,58,37
5,4,59,41
5,4,60,45
5,4,61,49
5,4,62,53
5,4,63,-3
5,4,64,1
5,4,65,5
5,4,66,9
5,4,67,13
5,4,68,17
5,4,69,21
5,4,70,34
5,4,71,38
5,4,72,42
5,4,73,46
5,4,74,50
5,4,75,54
5,4,76,58
5,4,77,2
5,4,78,6
5,4,79,10
5,4,80,14
5,4,81,18
5,4,82,22
5,4,83,26
5,4,84,39
5,4,85,43
5,4,86,47
5,4,87,51
5,4,88,55
5,4,89,59
5,4,90,63
5,4,91,7
5,4,92,11
5,4,93,15
5,4,94,19
5,4,95,23
5,4,96,27
5,4,97,31
5,4,98,44
5,4,99,48
5,4,100,52
5,4,101,56
5,4,102,60
5,4,103,64
5,4,104,68
5,4,105,12
5,4,106,16
5,4,107,20
5,4,108,24
5,4,109,28
5,4,110,32
5,4,111,36
5,5,0,10
5,5,1,15
5,5,2,20
5,5,3,25
5,5,4,30
5,5,5,35
5,5,6,40
5,5,7,-30
5,5,8,-25
5,5,9,-20
5,5,10,-15
5,5,11,-10
5,5,12,-5
5,5,13,0
5,5,14,15
5,5,15,20
5,5,16,25
5,5,17,30
5,5,18,35
5,5,19,40
5,5,20,45
5,5,21,-25
5,5,22,-20
5,5,23,-15
5,5,24,-10
5,5,25,-5
5,5,26,0
5,5,27,5
5,5,28,20
5,5,29,25
5,5,30,30
5,5,31,35
5,5,32,40
5,5,33,45
5,5,34,50
5,5,35,-20
5,5,36,-15
5,5,37,-10
5,5,38,-5
5,5,39,0
5,5,40,5
5,5,41,10
5,5,42,25
5,5,43,30
5,5,44,35
5,5,45,40
5,5,46,45
5,5,47,50
5,5,48,55
5,5,49,-15
5,5,50,-10
5,5,51,-5
5,5,52,0
5,5,53,5
5,5,54,10
5,5,55,15
5,5,56,30
5,5,57,35
5,5,58,40
5,5,59,45
5,5,60,50
5,5,61,55
5,5,62,60
5,5,63,-10
5,5,64,-5
5,5,65,0
5,5,66,5
5,5,67,10
5,5,68,15
5,5,69,20
5,5,70,35
5,5,71,40
5,5,72,45
5,5,73,50
5,5,74,55
5,5,75,60
5,5,76,65
5,5,77,-5
5,5,78,0
5,5,79,5
5,5,80,10
5,5,81,15
5,5,82,20
5,5,83,25
5,5,84,40
5,5,85,45
5,5,86,50
5,5,87,55
5,5,88,60
5,5,89,65
5,5,90,70
5,5,91,0
5,5,92,5
5,5,93,10
5,5,94,15
5,5,95,20
5,5,96,25
5,5,97,30
5,5,98,45
5,5,99,50
5,5,100,55
5,5,101,60
5,5,102,65
5,5,103,70
5,5,104,75
5,5,105,5
5,5,106,10
5,5,107,15
5,5,108,20
5,5,109,25
5,5,110,30
5,5,111,35
5,6,0,11
5,6,1,17
5,6,2,23
5,6,3,29
5,6,4,35
5,6,5,41
5,6,6,47
5,6,7,-37
5,6,8,-31
5,6,9,-25
5,6,10,-19
5,6,11,-13
5,6,12,-7
5,6,13,-1
5,6,14,16
5,6,15,22
5,6,16,28
5,6,17,34
5,6,18,40
5,6,19,46
5,6,20,52
5,6,21,-32
5,6,22,-26
5,6,23,-20
5,6,24,-14
5,6,25,-8
5,6,26,-2
5,6,27,4
5,6,28,21
5,6,29,27
5,6,30,33
5,6,31,39
5,6,32,45
5,6,33,51
5,6,34,57
5,6,35,-27
5,6,36,-21
5,6,37,-15
5,6,38,-9
5,6,39,-3
5,6,40,3
5,6,41,9
5,6,42,26
5,6,43,32
5,6,44,38
5,6,45,44
5,6,46,50
5,6,47,56
5,6,48,62
5,6,49,-22
5,6,50,-16
5,6,51,-10
5,6,52,-4
5,6,53,2
5,6,54,8
5,6,55,14
5,6,56,31
5,6,57,37
5,6,58,43
5,6,59,49
5,6,60,55
5,6,61,61
5,6,62,67
5,6,63,-17
5,6,64,-11
5,6,65,-5
5,6,66,1
5,6,67,7
5,6,68,13
5,6,69,19
5,6,70,36
5,6,71,42
5,6,72,48
5,6,73,54
5,6,74,60
5,6,75,66
5,6,76,72
5,6,77,-12
5,6,78,-6
5,6,79,0
5,6,80,6
5,6,81,12
5,6,82,18
5,6,83,24
5,6,84,41
5,6,85,47
5,6,86,53
5,6,87,59
5,6,88,65
5,6,89,71
5,6,90,77
5,6,91,-7
5,6,92,-1
5,6,93,5
5,6,94,11
5,6,95,17
5,6,96,23
5,6,97,29
5,6,98,46
5,6,99,52
5,6,100,58
5,6,101,64
5,6,102,70
5,6,103,76
5,6,104,82
5,6,105,-2
5,6,106,4
5,6,107,10
5,6,108,16
5,6,109,22
5,6,110,28
5,6,111,34
5,7,0,12
5,7,1,19
5,7,2,26
5,7,3,33
5,7,4,40
5,7,5,47
5,7,6,54
5,7,7,-44
5,7,8,-37
5,7,9,-30
5,7,10,-23
5,7,11,-16
5,7,12,-9
5,7,13,-2
5,7,14,17
5,7,15,24
5,7,16,31
5,7,17,38
5,7,18,45
5,7,19,52
5,7,20,59
5,7,21,-39
5,7,22,-32
5,7,23,-25
5,7,24,-18
5,7,25,-11
5,7,26,-4
5,7,27,3
5,7,28,22
5,7,29,29
5,7,30,36
5,7,31,43
5,7,32,50
5,7,33,57
5,7,34,64
5,7,35,-34
5,7,36,-27
5,7,37,-20
5,7,38,-13
5,7,39,-6
5,7,40,1
5,7,41,8
5,7,42,27
5,7,43,34
5,7,44,41
5,7,45,48
5,7,46,55
5,7,47,62
5,7,48,69
5,7,49,-29
5,7,50,-22
5,7,51,-15
5,7,52,-8
5,7,53,-1
5,7,54,6
5,7,55,13
5,7,56,32
5,7,57,39
5,7,58,46
5,7,59,53
5,7,60,60
5,7,61,67
5,7,62,74
5,7,63,-24
5,7,64,-17
5,7,65,-10
5,7,66,-3
5,7,67,4
5,7,68,11
5,7,69,18
5,7,70,37
5,7,71,44
5,7,72,51
5,7,73,58
5,7,74,65
5,7,75,72
5,7,76,79
5,7,77,-19
5,7,78,-12
5,7,79,-5
5,7,80,2
5,7,81,9
5,7,82,16
5,7,83,23
5,7,84,42
5,7,85,49
5,7,86,56
5,7,87,63
5,7,88,70
5,7,89,77
5,7,90,84
5,7,91,-14
5,7,92,-7
5,7,93,0
5,7,94,7
5,7,95,14
5,7,96,21
5,7,97,28
5,7,98,47
5,7,99,54
5,7,100,61
5,7,101,68
5,7,102,75
5,7,103,82
5,7,104,89
5,7,105,-9
5,7,106,-2
5,7,107,5
5,7,108,12
5,7,109,19
5,7,110,26
5,7,111,33
6,-8,0,-2
6,-8,1,-10
6,-8,2,-18
6,-8,3,-26
6,-8,4,-34
6,-8,5,-42
6,-8,6,-50
6,-8,7,62
6,-8,8,54
6,-8,9,46
6,-8,10,38
6,-8,11,30
6,-8,12,22
6,-8,13,14
6,-8,14,4
6,-8,15,-4
6,-8,16,-12
6,-8,17,-20
6,-8,18,-28
6,-8,19,-36
6,-8,20,-44
6,-8,21,68
6,-8,22,60
6,-8,23,52
6,-8,24,44
6,-8,25,36
6,-8,26,28
6,-8,27,20
6,-8,28,10
6,-8,29,2
6,-8,30,-6
6,-8,31,-14
6,-8,32,-22
6,-8,33,-30
6,-8,34,-38
6,-8,35,74
6,-8,36,66
6,-8,37,58
6,-8,38,50
6,-8,39,42
6,-8,40,34
6,-8,41,26
6,-8,42,16
6,-8,43,8
6,-8,44,0
6,-8,45,-8
6,-8,46,-16
6,-8,47,-24
6,-8,48,-32
6,-8,49,80
6,-8,50,72
6,-8,51,64
6,-8,52,56
6,-8,53,48
6,-8,54,40
6,-8,55,32
6,-8,56,22
6,-8,57,14
6,-8,58,6
6,-8,59,-2
6,-8,60,-10
6,-8,61,-18
6,-8,62,-26
6,-8,63,86
6,-8,64,78
6,-8,65,70
6,-8,66,62
6,-8,67,54
6,-8,68,46
6,-8,69,38
6,-8,70,28
6,-8,71,20
6,-8,72,12
6,-8,73,4
6,-8,74,-4
6,-8,75,-12
6,-8,76,-20
6,-8,77,92
6,-8,78,84
6,-8,79,76
6,-8,80,68
6,-8,81,60
6,-8,82,52
6,-8,83,44
6,-8,84,34
6,-8,85,26
6,-8,86,18
6,-8,87,10
6,-8,88,2
6,-8,89,-6
6,-8,90,-14
6,-8,91,98
6,-8,92,90
6,-8,93,82
6,-8,94,74
6,-8,95,66
6,-8,96,58
6,-8,97,50
6,-8,98,40
6,-8,99,32
6,-8,100,24
6,-8,101,16
6,-8,102,8
6,-8,103,0
6,-8,104,-8
6,-8,105,104
6,-8,106,96
6,-8,107,88
6,-8,108,80
6,-8,109,72
6,-8,110,64
6,-8,111,56
6,-7,0,-1
6,-7,1,-8
6,-7,2,-15
6,-7,3,-22
6,-7,4,-29
6,-7,5,-36
6,-7,6,-43
6,-7,7,55
6,-7,8,48
6,-7,9,41
6,-7,10,34
6,-7,11,27
6,-7,12,20
6,-7,13,13
6,-7,14,5
6,-7,15,-2
6,-7,16,-9
6,-7,17,-16
6,-7,18,-23
6,-7,19,-30
6,-7,20,-37
6,-7,21,61
6,-7,22,54
6,-7,23,47
6,-7,24,40
6,-7,25,33
6,-7,26,26
6,-7,27,19
6,-7,28,11
6,-7,29,4
6,-7,30,-3
6,-7,31,-10
6,-7,32,-17
6,-7,33,-24
6,-7,34,-31
6,-7,35,67
6,-7,36,60
6,-7,37,53
6,-7,38,46
6,-7,39,39
6,-7,40,32
6,-7,41,25
6,-7,42,17
6,-7,43,10
6,-7,44,3
6,-7,45,-4
6,-7,46,-11
6,-7,47,-18
6,-7,48,-25
6,-7,49,73
6,-7,50,66
6,-7,51,59
6,-7,52,52
6,-7,53,45
6,-7,54,38
6,-7,55,31
6,-7,56,23
6,-7,57,16
6,-7,58,9
6,-7,59,2
6,-7,60,-5
6,-7,61,-12
6,-7,62,-19
6,-7,63,79
6,-7,64,72
6,-7,65,65
6,-7,66,58
6,-7,67,51
6,-7,68,44
6,-7,69,37
6,-7,70,29
6,-7,71,22
6,-7,72,15
6,-7,73,8
6,-7,74,1
6,-7,75,-6
6,-7,76,-13
6,-7,77,85
6,-7,78,78
6,-7,79,71
6,-7,80,64
6,-7,81,57
6,-7,82,50
6,-7,83,43
6,-7,84,35
6,-7,85,28
6,-7,86,21
6,-7,87,14
6,-7,88,7
6,-7,89,0
6,-7,90,-7
6,-7,91,91
6,-7,92,84
6,-7,93,77
6,-7,94,70
6,-7,95,63
6,-7,96,56
6,-7,97,49
6,-7,98,41
6,-7,99,34
6,-7,100,27
6,-7,101,20
6,-7,102,13
6,-7,103,6
6,-7,104,-1
6,-7,105,97
6,-7,106,90
6,-7,107,83
6,-7,108,76
6,-7,109,69
6,-7,110,62
6,-7,111,55
6,-6,0,0
6,-6,1,-6
6,-6,2,-12
6,-6,3,-18
6,-6,4,-24
6,-6,5,-30
6,-6,6,-36
6,-6,7,48
6,-6,8,42
6,-6,9,36
6,-6,10,30
6,-6,11,24
6,-6,12,18
6,-6,13,12
6,-6,14,6
6,-6,15,0
6,-6,16,-6
6,-6,17,-12
6,-6,18,-18
6,-6,19,-24
6,-6,20,-30
6,-6,21,54
6,-6,22,48
6,-6,23,42
6,-6,24,36
6,-6,25,30
6,-6,26,24
6,-6,27,18
6,-6,28,12
6,-6,29,6
6,-6,30,0
6,-6,31,-6
6,-6,32,-12
6,-6,33,-18
6,-6,34,-24
6,-6,35,60
6,-6,36,54
6,-6,37,48
6,-6,38,42
6,-6,39,36
6,-6,40,30
6,-6,41,24
6,-6,42,18
6,-6,43,12
6,-6,44,6
6,-6,45,0
6,-6,46,-6
6,-6,47,-12
6,-6,48,-18
6,-6,49,66
6,-6,50,60
6,-6,51,54
6,-6,52,48
6,-6,53,42
6,-6,54,36
6,-6,55,30
6,-6,56,24
6,-6,57,18
6,-6,58,12
6,-6,59,6
6,-6,60,0
6,-6,61,-6
6,-6,62,-12
6,-6,63,72
6,-6,64,66
6,-6,65,60
6,-6,66,54
6,-6,67,48
6,-6,68,42
6,-6,69,36
6,-6,70,30
6,-6,71,24
6,-6,72,18
6,-6,73,12
6,-6,74,6
6,-6,75,0
6,-6,76,-6
6,-6,77,78
6,-6,78,72
6,-6,79,66
6,-6,80,60
6,-6,81,54
6,-6,82,48
6,-6,83,42
6,-6,84,36
6,-6,85,30
6,-6,86,24
6,-6,87,18
6,-6,88,12
6,-6,89,6
6,-6,90,0
6,-6,91,84
6,-6,92,78
6,-6,93,72
6,-6,94,66
6,-6,95,60
6,-6,96,54
6,-6,97,48
6,-6,98,42
6,-6,99,36
6,-6,100,30
6,-6,101,24
6,-6,102,18
6,-6,103,12
6,-6,104,6
6,-6,105,90
6,-6,106,84
6,-6,107,78
6,-6,108,72
6,-6,109,66
6,-6,110,60
6,-6,111,54
6,-5,0,1
6,-5,1,-4
6,-5,2,-9
6,-5,3,-14
6,-5,4,-19
6,-5,5,-24
6,-5,6,-29
6,-5,7,41
6,-5,8,36
6,-5,9,31
6,-5,10,26
6,-5,11,21
6,-5,12,16
6,-5,13,11
6,-5,14,7
6,-5,15,2
6,-5,16,-3
6,-5,17,-8
6,-5,18,-13
6,-5,19,-18
6,-5,20,-23
6,-5,21,47
6,-5,22,42
6,-5,23,37
6,-5,24,32
6,-5,25,27
6,-5,26,22
6,-5,27,17
6,-5,28,13
6,-5,29,8
6,-5,30,3
6,-5,31,-2
6,-5,32,-7
6,-5,33,-12
6,-5,34,-17
6,-5,35,53
6,-5,36,48
6,-5,37,43
6,-5,38,38
6,-5,39,33
6,-5,40,28
6,-5,41,23
6,-5,42,19
6,-5,43,14
6,-5,44,9
6,-5,45,4
6,-5,46,-1
6,-5,47,-6
6,-5,48,-11
6,-5,49,59
6,-5,50,54
6,-5,51,49
6,-5,52,44
6,-5,53,39
6,-5,54,34
6,-5,55,29
6,-5,56,25
6,-5,57,20
6,-5,58,15
6,-5,59,10
6,-5,60,5
6,-5,61,0
6,-5,62,-5
6,-5,63,65
6,-5,64,60
6,-5,65,55
6,-5,66,50
6,-5,67,45
6,-5,68,40
6,-5,69,35
6,-5,70,31
6,-5,71,26
6,-5,72,21
6,-5,73,16
6,-5,74,11
6,-5,75,6
6,-5,76,1
6,-5,77,71
6,-5,78,66
6,-5,79,61
6,-5,80,56
6,-5,81,51
6,-5,82,46
6,-5,83,41
6,-5,84,37
6,-5,85,32
6,-5,86,27
6,-5,87,22
6,-5,88,17
6,-5,89,12
6,-5,90,7
6,-5,91,77
6,-5,92,72
6,-5,93,67
6,-5,94,62
6,-5,95,57
6,-5,96,52
6,-5,97,47
6,-5,98,43
6,-5,99,38
6,-5,100,33
6,-5,101,28
6,-5,102,23
6,-5,103,18
6,-5,104,13
6,-5,105,83
6,-5,106,78
6,-5,107,73
6,-5,108,68
6,-5,109,63
6,-5,110,58
6,-5,111,53
6,-4,0,2
6,-4,1,-2
6,-4,2,-6
6,-4,3,-10
6,-4,4,-14
6,-4,5,-18
6,-4,6,-22
6,-4,7,34
6,-4,8,30
6,-4,9,26
6,-4,10,22
6,-4,11,18
6,-4,12,14
6,-4,13,10
6,-4,14,8
6,-4,15,4
6,-4,16,0
6,-4,17,-4
6,-4,18,-8
6,-4,19,-12
6,-4,20,-16
6,-4,21,40
6,-4,22,36
6,-4,23,32
6,-4,24,28
6,-4,25,24
6,-4,26,20
6,-4,27,16
6,-4,28,14
6,-4,29,10
6,-4,30,6
6,-4,31,2
6,-4,32,-2
6,-4,33,-6
6,-4,34,-10
6,-4,35,46
6,-4,36,42
6,-4,37,38
6,-4,38,34
6,-4,39,30
6,-4,40,26
6,-4,41,22
6,-4,42,20
6,-4,43,16
6,-4,44,12
6,-4,45,8
6,-4,46,4
6,-4,47,0
6,-4,48,-4
6,-4,49,52
6,-4,50,48
6,-4,51,44
6,-4,52,40
6,-4,53,36
6,-4,54,32
6,-4,55,28
6,-4,56,26
6,-4,57,22
6,-4,58,18
6,-4,59,14
6,-4,60,10
6,-4,61,6
6,-4,62,2
6,-4,63,58
6,-4,64,54
6,-4,65,50
6,-4,66,46
6,-4,67,42
6,-4,68,38
6,-4,69,34
6,-4,70,32
6,-4,71,28
6,-4,72,24
6,-4,73,20
6,-4,74,16
6,-4,75,12
6,-4,76,8
6,-4,77,64
6,-4,78,60
6,-4,79,56
6,-4,80,52
6,-4,81,48
6,-4,82,44
6,-4,83,40
6,-4,84,38
6,-4,85,34
6,-4,86,30
6,-4,87,26
6,-4,88,22
6,-4,89,18
6,-4,90,14
6,-4,91,70
6,-4,92,66
6,-4,93,62
6,-4,94,58
6,-4,95,54
6,-4,96,50
6,-4,97,46
6,-4,98,44
6,-4,99,40
6,-4,100,36
6,-4,101,32
6,-4,102,28
6,-4,103,24
6,-4,104,20
6,-4,105,76
6,-4,106,72
6,-4,107,68
6,-4,108,64
6,-4,109,60
6,-4,110,56
6,-4,111,52
6,-3,0,3
6,-3,1,0
6,-3,2,-3
6,-3,3,-6
6,-3,4,-9
6,-3,5,-12
6,-3,6,-15
6,-3,7,27
6,-3,8,24
6,-3,9,21
6,-3,10,18
6,-3,11,15
6,-3,12,12
6,-3,13,9
6,-3,14,9
6,-3,15,6
6,-3,16,3
6,-3,17,0
6,-3,18,-3
6,-3,19,-6
6,-3,20,-9
6,-3,21,33
6,-3,22,30
6,-3,23,27
6,-3,24,24
6,-3,25,21
6,-3,26,18
6,-3,27,15
6,-3,28,15
6,-3,29,12
6,-3,30,9
6,-3,31,6
6,-3,32,3
6,-3,33,0
6,-3,34,-3
6,-3,35,39
6,-3,36,36
6,-3,37,33
6,-3,38,30
6,-3,39,27
6,-3,40,24
6,-3,41,21
6,-3,42,21
6,-3,43,18
6,-3,44,15
6,-3,45,12
6,-3,46,9
6,-3,47,6
6,-3,48,3
6,-3,49,45
6,-3,50,42
6,-3,51,39
6,-3,52,36
6,-3,53,33
6,-3,54,30
6,-3,55,27
6,-3,56,27
6,-3,57,24
6,-3,58,21
6,-3,59,18
6,-3,60,15
6,-3,61,12
6,-3,62,9
6,-3,63,51
6,-3,64,48
6,-3,65,45
6,-3,66,42
6,-3,67,39
6,-3,68,36
6,-3,69,33
6,-3,70,33
6,-3,71,30
6,-3,72,27
6,-3,73,24
6,-3,74,21
6,-3,75,18
6,-3,76,15
6,-3,77,57
6,-3,78,54
6,-3,79,51
6,-3,80,48
6,-3,81,45
6,-3,82,42
6,-3,83,39
6,-3,84,39
6,-3,85,36
6,-3,86,33
6,-3,87,30
6,-3,88,27
6,-3,89,24
6,-3,90,21
6,-3,91,63
6,-3,92,60
6,-3,93,57
6,-3,94,54
6,-3,95,51
6,-3,96,48
6,-3,97,45
6,-3,98,45
6,-3,99,42
6,-3,100,39
6,-3,101,36
6,-3,102,33
6,-3,103,30
6,-3,104,27
6,-3,105,69
6,-3,106,66
6,-3,107,63
6,-3,108,60
6,-3,109,57
6,-3,110,54
6,-3,111,51
6,-2,0,4
6,-2,1,2
6,-2,2,0
6,-2,3,-2
6,-2,4,-4
6,-2,5,-6
6,-2,6,-8
6,-2,7,20
6,-2,8,18
6,-2,9,16
6,-2,10,14
6,-2,11,12
6,-2,12,10
6,-2,13,8
6,-2,14,10
6,-2,15,8
6,-2,16,6
6,-2,17,4
6,-2,18,2
6,-2,19,0
6,-2,20,-2
6,-2,21,26
6,-2,22,24
6,-2,23,22
6,-2,24,20
6,-2,25,18
6,-2,26,16
6,-2,27,14
6,-2,28,16
6,-2,29,14
6,-2,30,12
6,-2,31,10
6,-2,32,8
6,-2,33,6
6,-2,34,4
6,-2,35,32
6,-2,36,30
6,-2,37,28
6,-2,38,26
6,-2,39,24
6,-2,40,22
6,-2,41,20
6,-2,42,22
6,-2,43,20
6,-2,44,18
6,-2,45,16
6,-2,46,14
6,-2,47,12
6,-2,48,10
6,-2,49,38
6,-2,50,36
6,-2,51,34
6,-2,52,32
6,-2,53,30
6,-2,54,28
6,-2,55,26
6,-2,56,28
6,-2,57,26
6,-2,58,24
6,-2,59,22
6,-2,60,20
6,-2,61,18
6,-2,62,16
6,-2,63,44
6,-2,64,42
6,-2,65,40
6,-2,66,38
6,-2,67,36
6,-2,68,34
6,-2,69,32
6,-2,70,34
6,-2,71,32
6,-2,72,30
6,-2,73,28
6,-2,74,26
6,-2,75,24
6,-2,76,22
6,-2,77,50
6,-2,78,48
6,-2,79,46
6,-2,80,44
6,-2,81,42
6,-2,82,40
6,-2,83,38
6,-2,84,40
6,-2,85,38
6,-2,86,36
6,-2,87,34
6,-2,88,32
6,-2,89,30
6,-2,90,28
6,-2,91,56
6,-2,92,54
6,-2,93,52
6,-2,94,50
6,-2,95,48
6,-2,96,46
6,-2,97,44
6,-2,98,46
6,-2,99,44
6,-2,100,42
6,-2,101,40
6,-2,102,38
6,-2,103,36
6,-2,104,34
6,-2,105,62
6,-2,106,60
6,-2,107,58
6,-2,108,56
6,-2,109,54
6,-2,110,52
6,-2,111,50
6,-1,0,5
6,-1,1,4
6,-1,2,3
6,-1,3,2
6,-1,4,1
6,-1,5,0
6,-1,6,-1
6,-1,7,13
6,-1,8,12
6,-1,9,11
6,-1,10,10
6,-1,11,9
6,-1,12,8
6,-1,13,7
6,-1,14,11
6,-1,15,10
6,-1,16,9
6,-1,17,8
6,-1,18,7
6,-1,19,6
6,-1,20,5
6,-1,21,19
6,-1,22,18
6,-1,23,17
6,-1,24,16
6,-1,25,15
6,-1,26,14
6,-1,27,13
6,-1,28,17
6,-1,29,16
6,-1,30,15
6,-1,31,14
6,-1,32,13
6,-1,33,12
6,-1,34,11
6,-1,35,25
6,-1,36,24
6,-1,37,23
6,-1,38,22
6,-1,39,21
6,-1,40,20
6,-1,41,19
6,-1,42,23
6,-1,43,22
6,-1,44,21
6,-1,45,20
6,-1,46,19
6,-1,47,18
6,-1,48,17
6,-1,49,31
6,-1,50,30
6,-1,51,29
6,-1,52,28
6,-1,53,27
6,-1,54,26
6,-1,55,25
6,-1,56,29
6,-1,57,28
6,-1,58,27
6,-1,59,26
6,-1,60,25
6,-1,61,24
6,-1,62,23
6,-1,63,37
6,-1,64,36
6,-1,65,35
6,-1,66,34
6,-1,67,33
6,-1,68,32
6,-1,69,31
6,-1,70,35
6,-1,71,34
6,-1,72,33
6,-1,73,32
6,-1,74,31
6,-1,75,30
6,-1,76,29
6,-1,77,43
6,-1,78,42
6,-1,79,41
6,-1,80,40
6,-1,81,39
6,-1,82,38
6,-1,83,37
6,-1,84,41
6,-1,85,40
6,-1,86,39
6,-1,87,38
6,-1,88,37
6,-1,89,36
6,-1,90,35
6,-1,91,49
6,-1,92,48
6,-1,93,47
6,-1,94,46
6,-1,95,45
6,-1,96,44
6,-1,97,43
6,-1,98,47
6,-1,99,46
6,-1,100,45
6,-1,101,44
6,-1,102,43
6,-1,103,42
6,-1,104,41
6,-1,105,55
6,-1,106,54
6,-1,107,53
6,-1,108,52
6,-1,109,51
6,-1,110,50
6,-1,111,49
6,0,0,6
6,0,1,6
6,0,2,6
6,0,3,6
6,0,4,6
6,0,5,6
6,0,6,6
6,0,7,6
6,0,8,6
6,0,9,6
6,0,10,6
6,0,11,6
6,0,12,6
6,0,13,6
6,0,14,12
6,0,15,12
6,0,16,12
6,0,17,12
6,0,18,12
6,0,19,12
6,0,20,12
6,0,21,12
6,0,22,12
6,0,23,12
6,0,24,12
6,0,25,12
6,0,26,12
6,0,27,12
6,0,28,18
6,0,29,18
6,0,30,18
6,0,31,18
6,0,32,18
6,0,33,18
6,0,34,18
6,0,35,18
6,0,36,18
6,0,37,18
6,0,38,18
6,0,39,18
6,0,40,18
6,0,41,18
6,0,42,24
6,0,43,24
6,0,44,24
6,0,45,24
6,0,46,24
6,0,47,24
6,0,48,24
6,0,49,24
6,0,50,24
6,0,51,24
6,0,52,24
6,0,53,24
6,0,54,24
6,0,55,24
6,0,56,30
6,0,57,30
6,0,58,30
6,0,59,30
6,0,60,30
6,0,61,30
6,0,62,30
6,0,63,30
6,0,64,30
6,0,65,30
6,0,66,30
6,0,67,30
6,0,68,30
6,0,69,30
6,0,70,36
6,0,71,36
6,0,72,36
6,0,73,36
6,0,74,36
6,0,75,36
6,0,76,36
6,0,77,36
6,0,78,36
6,0,79,36
6,0,80,36
6,0,81,36
6,0,82,36
6,0,83,36
6,0,84,42
6,0,85,42
6,0,86,42
6,0,87,42
6,0,88,42
6,0,89,42
6,0,90,42
6,0,91,42
6,0,92,42
6,0,93,42
6,0,94,42
6,0,95,42
6,0,96,42
6,0,97,42
6,0,98,48
6,0,99,48
6,0,100,48
6,0,101,48
6,0,102,48
6,0,103,48
6,0,104,48
6,0,105,48
6,0,106,48
6,0,107,48
6,0,108,48
6,0,109,48
6,0,110,48
6,0,111,48
6,1,0,7
6,1,1,8
6,1,2,9
6,1,3,10
6,1,4,11
6,1,5,12
6,1,6,13
6,1,7,-1
6,1,8,0
6,1,9,1
6,1,10,2
6,1,11,3
6,1,12,4
6,1,13,5
6,1,14,13
6,1,15,14
6,1,16,15
6,1,17,16
6,1,18,17
6,1,19,18
6,1,20,19
6,1,21,5
6,1,22,6
6,1,23,7
6,1,24,8
6,1,25,9
6,1,26,10
6,1,27,11
6,1,28,19
6,1,29,20
6,1,30,21
6,1,31,22
6,1,32,23
6,1,33,24
6,1,34,25
6,1,35,11
6,1,36,12
6,1,37,13
6,1,38,14
6,1,39,15
6,1,40,16
6,1,41,17
6,1,42,25
6,1,43,26
6,1,44,27
6,1,45,28
6,1,46,29
6,1,47,30
6,1,48,31
6,1,49,17
6,1,50,18
6,1,51,19
6,1,52,20
6,1,53,21
6,1,54,22
6,1,55,23
6,1,56,31
6,1,57,32
6,1,58,33
6,1,59,34
6,1,60,35
6,1,61,36
6,1,62,37
6,1,63,23
6,1,64,24
6,1,65,25
6,1,66,26
6,1,67,27
6,1,68,28
6,1,69,29
6,1,70,37
6,1,71,38
6,1,72,39
6,1,73,40
6,1,74,41
6,1,75,42
6,1,76,43
6,1,77,29
6,1,78,30
6,1,79,31
6,1,80,32
6,1,81,33
6,1,82,34
6,1,83,35
6,1,84,43
6,1,85,44
6,1,86,45
6,1,87,46
6,1,88,47
6,1,89,48
6,1,90,49
6,1,91,35
6,1,92,36
6,1,93,37
6,1,94,38
6,1,95,39
6,1,96,40
6,1,97,41
6,1,98,49
6,1,99,50
6,1,100,51
6,1,101,52
6,1,102,53
6,1,103,54
6,1,104,55
6,1,105,41
6,1,106,42
6,1,107,43
6,1,108,44
6,1,109,45
6,1,110,46
6,1,111,47
6,2,0,8
6,2,1,10
6,2,2,12
6,2,3,14
6,2,4,16
6,2,5,18
6,2,6,20
6,2,7,-8
6,2,8,-6
6,2,9,-4
6,2,10,-2
6,2,11,0
6,2,12,2
6,2,13,4
6,2,14,14
6,2,15,16
6,2,16,18
6,2,17,20
6,2,18,22
6,2,19,24
6,2,20,26
6,2,21,-2
6,2,22,0
6,2,23,2
6,2,24,4
6,2,25,6
6,2,26,8
6,2,27,10
6,2,28,20
6,2,29,22
6,2,30,24
6,2,31,26
6,2,32,28
6,2,33,30
6,2,34,32
6,2,35,4
6,2,36,6
6,2,37,8
6,2,38,10
6,2,39,12
6,2,40,14
6,2,41,16
6,2,42,26
6,2,43,28
6,2,44,30
6,2,45,32
6,2,46,34
6,2,47,36
6,2,48,38
6,2,49,10
6,2,50,12
6,2,51,14
6,2,52,16
6,2,53,18
6,2,54,20
6,2,55,22
6,2,56,32
6,2,57,34
6,2,58,36
6,2,59,38
6,2,60,40
6,2,61,42
6,2,62,44
6,2,63,16
6,2,64,18
6,2,65,20
6,2,66,22
6,2,67,24
6,2,68,26
6,2,69,28
6,2,70,38
6,2,71,40
6,2,72,42
6,2,73,44
6,2,74,46
6,2,75,48
6,2,76,50
6,2,77,22
6,2,78,24
6,2,79,26
6,2,80,28
6,2,81,30
6,2,82,32
6,2,83,34
6,2,84,44
6,2,85,46
6,2,86,48
6,2,87,50
6,2,88,52
6,2,89,54
6,2,90,56
6,2,91,28
6,2,92,30
6,2,93,32
6,2,94,34
6,2,95,36
6,2,96,38
6,2,97,40
6,2,98,50
6,2,99,52
6,2,100,54
6,2,101,56
6,2,102,58
6,2,103,60
6,2,104,62
6,2,105,34
6,2,106,36
6,2,107,38
6,2,108,40
6,2,109,42
6,2,110,44
6,2,111,46
6,3,0,9
6,3,1,12
6,3,2,15
6,3,3,18
6,3,4,21
6,3,5,24
6,3,6,27
6,3,7,-15
6,3,8,-12
6,3,9,-9
6,3,10,-6
6,3,11,-3
6,3,12,0
6,3,13,3
6,3,14,15
6,3,15,18
6,3,16,21
6,3,17,24
6,3,18,27
6,3,19,30
6,3,20,33
6,3,21,-9
6,3,22,-6
6,3,23,-3
6,3,24,0
6,3,25,3
6,3,26,6
6,3,27,9
6,3,28,21
6,3,29,24
6,3,30,27
6,3,31,30
6,3,32,33
6,3,33,36
6,3,34,39
6,3,35,-3
6,3,36,0
6,3,37,3
6,3,38,6
6,3,39,9
6,3,40,12
6,3,41,15
6,3,42,27
6,3,43,30
6,3,44,33
6,3,45,36
6,3,46,39
6,3,47,42
6,3,48,45
6,3,49,3
6,3,50,6
6,3,51,9
6,3,52,12
6,3,53,15
6,3,54,18
6,3,55,21
6,3,56,33
6,3,57,36
6,3,58,39
6,3,59,42
6,3,60,45
6,3,61,48
6,3,62,51
6,3,63,9
6,3,64,12
6,3,65,15
6,3,66,18
6,3,67,21
6,3,68,24
6,3,69,27
6,3,70,39
6,3,71,42
6,3,72,45
6,3,73,48
6,3,74,51
6,3,75,54
6,3,76,57
6,3,77,15
6,3,78,18
6,3,79,21
6,3,80,24
6,3,81,27
6,3,82,30
6,3,83,33
6,3,84,45
6,3,85,48
6,3,86,51
6,3,87,54
6,3,88,57
6,3,89,60
6,3,90,63
6,3,91,21
6,3,92,24
6,3,93,27
6,3,94,30
6,3,95,33
6,3,96,36
6,3,97,39
6,3,98,51
6,3,99,54
6,3,100,57
6,3,101,60
6,3,102,63
6,3,103,66
6,3,104,69
6,3,105,27
6,3,106,30
6,3,107,33
6,3,108,36
6,3,109,39
6,3,110,42
6,3,111,45
6,4,0,10
6,4,1,14
6,4,2,18
6,4,3,22
6,4,4,26
6,4,5,30
6,4,6,34
6,4,7,-22
6,4,8,-18
6,4,9,-14
6,4,10,-10
6,4,11,-6
6,4,12,-2
6,4,13,2
6,4,14,16
6,4,15,20
6,4,16,24
6,4,17,28
6,4,18,32
6,4,19,36
6,4,20,40
6,4,21,-16
6,4,22,-12
6,4,23,-8
6,4,24,-4
6,4,25,0
6,4,26,4
6,4,27,8
6,4,28,22
6,4,29,26
6,4,30,30
6,4,31,34
6,4,32,38
6,4,33,42
6,4,34,46
6,4,35,-10
6,4,36,-6
6,4,37,-2
6,4,38,2
6,4,39,6
6,4,40,10
6,4,41,14
6,4,42,28
6,4,43,32
6,4,44,36
6,4,45,40
6,4,46,44
6,4,47,48
6,4,48,52
6,4,49,-4
6,4,50,0
6,4,51,4
6,4,52,8
6,4,53,12
6,4,54,16
6,4,55,20
6,4,56,34
6,4,57,38
6,4,58,42
6,4,59,46
6,4,60,50
6,4,61,54
6,4,62,58
6,4,63,2
6,4,64,6
6,4,65,10
6,4,66,14
6,4,67,18
6,4,68,22
6,4,69,26
6,4,70,40
6,4,71,44
6,4,72,48
6,4,73,52
6,4,74,56
6,4,75,60
6,4,76,64
6,4,77,8
6,4,78,12
6,4,79,16
6,4,80,20
6,4,81,24
6,4,82,28
6,4,83,32
6,4,84,46
6,4,85,50
6,4,86,54
6,4,87,58
6,4,88,62
6,4,89,66
6,4,90,70
6,4,91,14
6,4,92,18
6,4,93,22
6,4,94,26
6,4,95,30
6,4,96,34
6,4,97,38
6,4,98,52
6,4,99,56
6,4,100,60
6,4,101,64
6,4,102,68
6,4,103,72
6,4,104,76
6,4,105,20
6,4,106,24
6,4,107,28
6,4,108,32
6,4,109,36
6,4,110,40
6,4,111,44
6,5,0,11
6,5,1,16
6,5,2,21
6,5,3,26
6,5,4,31
6,5,5,36
6,5,6,41
6,5,7,-29
6,5,8,-24
6,5,9,-19
6,5,10,-14
6,5,11,-9
6,5,12,-4
6,5,13,1
6,5,14,17
6,5,15,22
6,5,16,27
6,5,17,32
6,5,18,37
6,5,19,42
6,5,20,47
6,5,21,-23
6,5,22,-18
6,5,23,-13
6,5,24,-8
6,5,25,-3
6,5,26,2
6,5,27,7
6,5,28,23
6,5,29,28
6,5,30,33
6,5,31,38
6,5,32,43
6,5,33,48
6,5,34,53
6,5,35,-17
6,5,36,-12
6,5,37,-7
6,5,38,-2
6,5,39,3
6,5,40,8
6,5,41,13
6,5,42,29
6,5,43,34
6,5,44,39
6,5,45,44
6,5,46,49
6,5,47,54
6,5,48,59
6,5,49,-11
6,5,50,-6
6,5,51,-1
6,5,52,4
6,5,53,9
6,5,54,14
6,5,55,19
6,5,56,35
6,5,57,40
6,5,58,45
6,5,59,50
6,5,60,55
6,5,61,60
6,5,62,65
6,5,63,-5
6,5,64,0
6,5,65,5
6,5,66,10
6,5,67,15
6,5,68,20
6,5,69,25
6,5,70,41
6,5,71,46
6,5,72,51
6,5,73,56
6,5,74,61
6,5,75,66
6,5,76,71
6,5,77,1
6,5,78,6
6,5,79,11
6,5,80,16
6,5,81,21
6,5,82,26
6,5,83,31
6,5,84,47
6,5,85,52
6,5,86,57
6,5,87,62
6,5,88,67
6,5,89,72
6,5,90,77
6,5,91,7
6,5,92,12
6,5,93,17
6,5,94,22
6,5,95,27
6,5,96,32
6,5,97,37
6,5,98,53
6,5,99,58
6,5,100,63
6,5,101,68
6,5,102,73
6,5,103,78
6,5,104,83
6,5,105,13
6,5,106,18
6,5,107,23
6,5,108,28
6,5,109,33
6,5,110,38
6,5,111,43
6,6,0,12
6,6,1,18
6,6,2,24
6,6,3,30
6,6,4,36
6,6,5,42
6,6,6,48
6,6,7,-36
6,6,8,-30
6,6,9,-24
6,6,10,-18
6,6,11,-12
6,6,12,-6
6,6,13,0
6,6,14,18
6,6,15,24
6,6,16,30
6,6,17,36
6,6,18,42
6,6,19,48
6,6,20,54
6,6,21,-30
6,6,22,-24
6,6,23,-18
6,6,24,-12
6,6,25,-6
6,6,26,0
6,6,27,6
6,6,28,24
6,6,29,30
6,6,30,36
6,6,31,42
6,6,32,48
6,6,33,54
6,6,34,60
6,6,35,-24
6,6,36,-18
6,6,37,-12
6,6,38,-6
6,6,39,0
6,6,40,6
6,6,41,12
6,6,42,30
6,6,43,36
6,6,44,42
6,6,45,48
6,6,46,54
6,6,47,60
6,6,48,66
6,6,49,-18
6,6,50,-12
6,6,51,-6
6,6,52,0
6,6,53,6
6,6,54,12
6,6,55,18
6,6,56,36
6,6,57,42
6,6,58,48
6,6,59,54
6,6,60,60
6,6,61,66
6,6,62,72
6,6,63,-12
6,6,64,-6
6,6,65,0
6,6,66,6
6,6,67,12
6,6,68,18
6,6,69,24
6,6,70,42
6,6,71,48
6,6,72,54
6,6,73,60
6,6,74,66
6,6,75,72
6,6,76,78
6,6,77,-6
6,6,78,0
6,6,79,6
6,6,80,12
6,6,81,18
6,6,82,24
6,6,83,30
6,6,84,48
6,6,85,54
6,6,86,60
6,6,87,66
6,6,88,72
6,6,89,78
6,6,90,84
6,6,91,0
6,6,92,6
6,6,93,12
6,6,94,18
6,6,95,24
6,6,96,30
6,6,97,36
6,6,98,54
6,6,99,60
6,6,100,66
6,6,101,72
6,6,102,78
6,6,103,84
6,6,104,90
6,6,105,6
6,6,106,12
6,6,107,18
6,6,108,24
6,6,109,30
6,6,110,36
6,6,111,42
6,7,0,13
6,7,1,20
6,7,2,27
6,7,3,34
6,7,4,41
6,7,5,48
6,7,6,55
6,7,7,-43
6,7,8,-36
6,7,9,-29
6,7,10,-22
6,7,11,-15
6,7,12,-8
6,7,13,-1
6,7,14,19
6,7,15,26
6,7,16,33
6,7,17,40
6,7,18,47
6,7,19,54
6,7,20,61
6,7,21,-37
6,7,22,-30
6,7,23,-23
6,7,24,-16
6,7,25,-9
6,7,26,-2
6,7,27,5
6,7,28,25
6,7,29,32
6,7,30,39
6,7,31,46
6,7,32,53
6,7,33,60
6,7,34,67
6,7,35,-31
6,7,36,-24
6,7,37,-17
6,7,38,-10
6,7,39,-3
6,7,40,4
6,7,41,11
6,7,42,31
6,7,43,38
6,7,44,45
6,7,45,52
6,7,46,59
6,7,47,66
6,7,48,73
6,7,49,-25
6,7,50,-18
6,7,51,-11
6,7,52,-4
6,7,53,3
6,7,54,10
6,7,55,17
6,7,56,37
6,7,57,44
6,7,58,51
6,7,59,58
6,7,60,65
6,7,61,72
6,7,62,79
6,7,63,-19
6,7,64,-12
6,7,65,-5
6,7,66,2
6,7,67,9
6,7,68,16
6,7,69,23
6,7,70,43
6,7,71,50
6,7,72,57
6,7,73,64
6,7,74,71
6,7,75,78
6,7,76,85
6,7,77,-13
6,7,78,-6
6,7,79,1
6,7,80,8
6,7,81,15
6,7,82,22
6,7,83,29
6,7,84,49
6,7,85,56
6,7,86,63
6,7,87,70
6,7,88,77
6,7,89,84
6,7,90,91
6,7,91,-7
6,7,92,0
6,7,93,7
6,7,94,14
6,7,95,21
6,7,96,28
6,7,97,35
6,7,98,55
6,7,99,62
6,7,100,69
6,7,101,76
6,7,102,83
6,7,103,90
6,7,104,97
6,7,105,-1
6,7,106,6
6,7,107,13
6,7,108,20
6,7,109,27
6,7,110,34
6,7,111,41
7,-8,0,-1
7,-8,1,-9
7,-8,2,-17
7,-8,3,-25
7,-8,4,-33
7,-8,5,-41
7,-8,6,-49
7,-8,7,63
7,-8,8,55
7,-8,9,47
7,-8,10,39
7,-8,11,31
7,-8,12,23
7,-8,13,15
7,-8,14,6
7,-8,15,-2
7,-8,16,-10
7,-8,17,-18
7,-8,18,-26
7,-8,19,-34
7,-8,20,-42
7,-8,21,70
7,-8,22,62
7,-8,23,54
7,-8,24,46
7,-8,25,38
7,-8,26,30
7,-8,27,22
7,-8,28,13
7,-8,29,5
7,-8,30,-3
7,-8,31,-11
7,-8,32,-19
7,-8,33,-27
7,-8,34,-35
7,-8,35,77
7,-8,36,69
7,-8,37,61
7,-8,38,53
7,-8,39,45
7,-8,40,37
7,-8,41,29
7,-8,42,20
7,-8,43,12
7,-8,44,4
7,-8,45,-4
7,-8,46,-12
7,-8,47,-20
7,-8,48,-28
7,-8,49,84
7,-8,50,76
7,-8,51,68
7,-8,52,60
7,-8,53,52
7,-8,54,44
7,-8,55,36
7,-8,56,27
7,-8,57,19
7,-8,58,11
7,-8,59,3
7,-8,60,-5
7,-8,61,-13
7,-8,62,-21
7,-8,63,91
7,-8,64,83
7,-8,65,75
7,-8,66,67
7,-8,67,59
7,-8,68,51
7,-8,69,43
7,-8,70,34
7,-8,71,26
7,-8,72,18
7,-8,73,10
7,-8,74,2
7,-8,75,-6
7,-8,76,-14
7,-8,77,98
7,-8,78,90
7,-8,79,82
7,-8,80,74
7,-8,81,66
7,-8,82,58
7,-8,83,50
7,-8,84,41
7,-8,85,33
7,-8,86,25
7,-8,87,17
7,-8,88,9
7,-8,89,1
7,-8,90,-7
7,-8,91,105
7,-8,92,97
7,-8,93,89
7,-8,94,81
7,-8,95,73
7,-8,96,65
7,-8,97,57
7,-8,98,48
7,-8,99,40
7,-8,100,32
7,-8,101,24
7,-8,102,16
7,-8,103,8
7,-8,104,0
7,-8,105,112
7,-8,106,104
7,-8,107,96
7,-8,108,88
7,-8,109,80
7,-8,110,72
7,-8,111,64
7,-7,0,0
7,-7,1,-7
7,-7,2,-14
7,-7,3,-21
7,-7,4,-28
7,-7,5,-35
7,-7,6,-42
7,-7,7,56
7,-7,8,49
7,-7,9,42
7,-7,10,35
7,-7,11,28
7,-7,12,21
7,-7,13,14
7,-7,14,7
7,-7,15,0
7,-7,16,-7
7,-7,17,-14
7,-7,18,-21
7,-7,19,-28
7,-7,20,-35
7,-7,21,63
7,-7,22,56
7,-7,23,49
7,-7,24,42
7,-7,25,35
7,-7,26,28
7,-7,27,21
7,-7,28,14
7,-7,29,7
7,-7,30,0
7,-7,31,-7
7,-7,32,-14
7,-7,33,-21
7,-7,34,-28
7,-7,35,70
7,-7,36,63
7,-7,37,56
7,-7,38,49
7,-7,39,42
7,-7,40,35
7,-7,41,28
7,-7,42,21
7,-7,43,14
7,-7,44,7
7,-7,45,0
7,-7,46,-7
7,-7,47,-14
7,-7,48,-21
7,-7,49,77
7,-7,50,70
7,-7,51,63
7,-7,52,56
7,-7,53,49
7,-7,54,42
7,-7,55,35
7,-7,56,28
7,-7,57,21
7,-7,58,14
7,-7,59,7
7,-7,60,0
7,-7,61,-7
7,-7,62,-14
7,-7,63,84
7,-7,64,77
7,-7,65,70
7,-7,66,63
7,-7,67,56
7,-7,68,49
7,-7,69,42
7,-7,70,35
7,-7,71,28
7,-7,72,21
7,-7,73,14
7,-7,74,7
7,-7,75,0
7,-7,76,-7
7,-7,77,91
7,-7,78,84
7,-7,79,77
7,-7,80,70
7,-7,81,63
7,-7,82,56
7,-7,83,49
7,-7,84,42
7,-7,85,35
7,-7,86,28
7,-7,87,21
7,-7,88,14
7,-7,89,7
7,-7,90,0
7,-7,91,98
7,-7,92,91
7,-7,93,84
7,-7,94,77
7,-7,95,70
7,-7,96,63
7,-7,97,56
7,-7,98,49
7,-7,99,42
7,-7,100,35
7,-7,101,28
7,-7,102,21
7,-7,103,14
7,-7,104,7
7,-7,105,105
7,-7,106,98
7,-7,107,91
7,-7,108,84
7,-7,109,77
7,-7,110,70
7,-7,111,63
7,-6,0,1
7,-6,1,-5
7,-6,2,-11
7,-6,3,-17
7,-6,4,-23
7,-6,5,-29
7,-6,6,-35
7,-6,7,49
7,-6,8,43
7,-6,9,37
7,-6,10,31
7,-6,11,25
7,-6,12,19
7,-6,13,13
7,-6,14,8
7,-6,15,2
7,-6,16,-4
7,-6,17,-10
7,-6,18,-16
7,-6,19,-22
7,-6,20,-28
7,-6,21,56
7,-6,22,50
7,-6,23,44
7,-6,24,38
7,-6,25,32
7,-6,26,26
7,-6,27,20
7,-6,28,15
7,-6,29,9
7,-6,30,3
7,-6,31,-3
7,-6,32,-9
7,-6,33,-15
7,-6,34,-21
7,-6,35,63
7,-6,36,57
7,-6,37,51
7,-6,38,45
7,-6,39,39
7,-6,40,33
7,-6,41,27
7,-6,42,22
7,-6,43,16
7,-6,44,10
7,-6,45,4
7,-6,46,-2
7,-6,47,-8
7,-6,48,-14
7,-6,49,70
7,-6,50,64
7,-6,51,58
7,-6,52,52
7,-6,53,46
7,-6,54,40
7,-6,55,34
7,-6,56,29
7,-6,57,23
7,-6,58,17
7,-6,59,11
7,-6,60,5
7,-6,61,-1
7,-6,62,-7
7,-6,63,77
7,-6,64,71
7,-6,65,65
7,-6,66,59
7,-6,67,53
7,-6,68,47
7,-6,69,41
7,-6,70,36
7,-6,71,30
7,-6,72,24
7,-6,73,18
7,-6,74,12
7,-6,75,6
7,-6,76,0
7,-6,77,84
7,-6,78,78
7,-6,79,72
7,-6,80,66
7,-6,81,60
7,-6,82,54
7,-6,83,48
7,-6,84,43
7,-6,85,37
7,-6,86,31
7,-6,87,25
7,-6,88,19
7,-6,89,13
7,-6,90,7
7,-6,91,91
7,-6,92,85
7,-6,93,79
7,-6,94,73
7,-6,95,67
7,-6,96,61
7,-6,97,55
7,-6,98,50
7,-6,99,44
7,-6,100,38
7,-6,101,32
7,-6,102,26
7,-6,103,20
7,-6,104,14
7,-6,105,98
7,-6,106,92
7,-6,107,86
7,-6,108,80
7,-6,109,74
7,-6,110,68
7,-6,111,62
7,-5,0,2
7,-5,1,-3
7,-5,2,-8
7,-5,3,-13
7,-5,4,-18
7,-5,5,-23
7,-5,6,-28
7,-5,7,42
7,-5,8,37
7,-5,9,32
7,-5,10,27
7,-5,11,22
7,-5,12,17
7,-5,13,12
7,-5,14,9
7,-5,15,4
7,-5,16,-1
7,-5,17,-6
7,-5,18,-11
7,-5,19,-16
7,-5,20,-21
7,-5,21,49
7,-5,22,44
7,-5,23,39
7,-5,24,34
7,-5,25,29
7,-5,26,24
7,-5,27,19
7,-5,28,16
7,-5,29,11
7,-5,30,6
7,-5,31,1
7,-5,32,-4
7,-5,33,-9
7,-5,34,-14
7,-5,35,56
7,-5,36,51
7,-5,37,46
7,-5,38,41
7,-5,39,36
7,-5,40,31
7,-5,41,26
7,-5,42,23
7,-5,43,18
7,-5,44,13
7,-5,45,8
7,-5,46,3
7,-5,47,-2
7,-5,48,-7
7,-5,49,63
7,-5,50,58
7,-5,51,53
7,-5,52,48
7,-5,53,43
7,-5,54,38
7,-5,55,33
7,-5,56,30
7,-5,57,25
7,-5,58,20
7,-5,59,15
7,-5,60,10
7,-5,61,5
7,-5,62,0
7,-5,63,70
7,-5,64,65
7,-5,65,60
7,-5,66,55
7,-5,67,50
7,-5,68,45
7,-5,69,40
7,-5,70,37
7,-5,71,32
7,-5,72,27
7,-5,73,22
7,-5,74,17
7,-5,75,12
7,-5,76,7
7,-5,77,77
7,-5,78,72
7,-5,79,67
7,-5,80,62
7,-5,81,57
7,-5,82,52
7,-5,83,47
7,-5,84,44
7,-5,85,39
7,-5,86,34
7,-5,87,29
7,-5,88,24
7,-5,89,19
7,-5,90,14
7,-5,91,84
7,-5,92,79
7,-5,93,74
7,-5,94,69
7,-5,95,64
7,-5,96,59
7,-5,97,54
7,-5,98,51
7,-5,99,46
7,-5,100,41
7,-5,101,36
7,-5,102,31
7,-5,103,26
7,-5,104,21
7,-5,105,91
7,-5,106,86
7,-5,107,81
7,-5,108,76
7,-5,109,71
7,-5,110,66
7,-5,111,61
7,-4,0,3
7,-4,1,-1
7,-4,2,-5
7,-4,3,-9
7,-4,4,-13
7,-4,5,-17
7,-4,6,-21
7,-4,7,35
7,-4,8,31
7,-4,9,27
7,-4,10,23
7,-4,11,19
7,-4,12,15
7,-4,13,11
7,-4,14,10
7,-4,15,6
7,-4,16,2
7,-4,17,-2
7,-4,18,-6
7,-4,19,-10
7,-4,20,-14
7,-4,21,42
7,-4,22,38
7,-4,23,34
7,-4,24,30
7,-4,25,26
7,-4,26,22
7,-4,27,18
7,-4,28,17
7,-4,29,13
7,-4,30,9
7,-4,31,5
7,-4,32,1
7,-4,33,-3
7,-4,34,-7
7,-4,35,49
7,-4,36,45
7,-4,37,41
7,-4,38,37
7,-4,39,33
7,-4,40,29
7,-4,41,25
7,-4,42,24
7,-4,43,20
7,-4,44,16
7,-4,45,12
7,-4,46,8
7,-4,47,4
7,-4,48,0
7,-4,49,56
7,-4,50,52
7,-4,51,48
7,-4,52,44
7,-4,53,40
7,-4,54,36
7,-4,55,32
7,-4,56,31
7,-4,57,27
7,-4,58,23
7,-4,59,19
7,-4,60,15
7,-4,61,11
7,-4,62,7
7,-4,63,63
7,-4,64,59
7,-4,65,55
7,-4,66,51
7,-4,67,47
7,-4,68,43
7,-4,69,39
7,-4,70,38
7,-4,71,34
7,-4,72,30
7,-4,73,26
7,-4,74,22
7,-4,75,18
7,-4,76,14
7,-4,77,70
7,-4,78,66
7,-4,79,62
7,-4,80,58
7,-4,81,54
7,-4,82,50
7,-4,83,46
7,-4,84,45
7,-4,85,41
7,-4,86,37
7,-4,87,33
7,-4,88,29
7,-4,89,25
7,-4,90,21
7,-4,91,77
7,-4,92,73
7,-4,93,69
7,-4,94,65
7,-4,95,61
7,-4,96,57
7,-4,97,53
7,-4,98,52
7,-4,99,48
7,-4,100,44
7,-4,101,40
7,-4,102,36
7,-4,103,32
7,-4,104,28
7,-4,105,84
7,-4,106,80
7,-4,107,76
7,-4,108,72
7,-4,109,68
7,-4,110,64
7,-4,111,60
7,-3,0,4
7,-3,1,1
7,-3,2,-2
7,-3,3,-5
7,-3,4,-8
7,-3,5,-11
7,-3,6,-14
7,-3,7,28
7,-3,8,25
7,-3,9,22
7,-3,10,19
7,-3,11,16
7,-3,12,13
7,-3,13,10
7,-3,14,11
7,-3,15,8
7,-3,16,5
7,-3,17,2
7,-3,18,-1
7,-3,19,-4
7,-3,20,-7
7,-3,21,35
7,-3,22,32
7,-3,23,29
7,-3,24,26
7,-3,25,23
7,-3,26,20
7,-3,27,17
7,-3,28,18
7,-3,29,15
7,-3,30,12
7,-3,31,9
7,-3,32,6
7,-3,33,3
7,-3,34,0
7,-3,35,42
7,-3,36,39
7,-3,37,36
7,-3,38,33
7,-3,39,30
7,-3,40,27
7,-3,41,24
7,-3,42,25
7,-3,43,22
7,-3,44,19
7,-3,45,16
7,-3,46,13
7,-3,47,10
7,-3,48,7
7,-3,49,49
7,-3,50,46
7,-3,51,43
7,-3,52,40
7,-3,53,37
7,-3,54,34
7,-3,55,31
7,-3,56,32
7,-3,57,29
7,-3,58,26
7,-3,59,23
7,-3,60,20
7,-3,61,17
7,-3,62,14
7,-3,63,56
7,-3,64,53
7,-3,65,50
7,-3,66,47
7,-3,67,44
7,-3,68,41
7,-3,69,38
7,-3,70,39
7,-3,71,36
7,-3,72,33
7,-3,73,30
7,-3,74,27
7,-3,75,24
7,-3,76,21
7,-3,77,63
7,-3,78,60
7,-3,79,57
7,-3,80,54
7,-3,81,51
7,-3,82,48
7,-3,83,45
7,-3,84,46
7,-3,85,43
7,-3,86,40
7,-3,87,37
7,-3,88,34
7,-3,89,31
7,-3,90,28
7,-3,91,70
7,-3,92,67
7,-3,93,64
7,-3,94,61
7,-3,95,58
7,-3,96,55
7,-3,97,52
7,-3,98,53
7,-3,99,50
7,-3,100,47
7,-3,101,44
7,-3,102,41
7,-3,103,38
7,-3,104,35
7,-3,105,77
7,-3,106,74
7,-3,107,71
7,-3,108,68
7,-3,109,65
7,-3,110,62
7,-3,111,59
7,-2,0,5
7,-2,1,3
7,-2,2,1
7,-2,3,-1
7,-2,4,-3
7,-2,5,-5
7,-2,6,-7
7,-2,7,21
7,-2,8,19
7,-2,9,17
7,-2,10,15
7,-2,11,13
7,-2,12,11
7,-2,13,9
7,-2,14,12
7,-2,15,10
7,-2,16,8
7,-2,17,6
7,-2,18,4
7,-2,19,2
7,-2,20,0
7,-2,21,28
7,-2,22,26
7,-2,23,24
7,-2,24,22
7,-2,25,20
7,-2,26,18
7,-2,27,16
7,-2,28,19
7,-2,29,17
7,-2,30,15
7,-2,31,13
7,-2,32,11
7,-2,33,9
7,-2,34,7
7,-2,35,35
7,-2,36,33
7,-2,37,31
7,-2,38,29
7,-2,39,27
7,-2,40,25
7,-2,41,23
7,-2,42,26
7,-2,43,24
7,-2,44,22
7,-2,45,20
7,-2,46,18
7,-2,47,16
7,-2,48,14
7,-2,49,42
7,-2,50,40
7,-2,51,38
7,-2,52,36
7,-2,53,34
7,-2,54,32
7,-2,55,30
7,-2,56,33
7,-2,57,31
7,-2,58,29
7,-2,59,27
7,-2,60,25
7,-2,61,23
7,-2,62,21
7,-2,63,49
7,-2,64,47
7,-2,65,45
7,-2,66,43
7,-2,67,41
7,-2,68,39
7,-2,69,37
7,-2,70,40
7,-2,71,38
7,-2,72,36
7,-2,73,34
7,-2,74,32
7,-2,75,30
7,-2,76,28
7,-2,77,56
7,-2,78,54
7,-2,79,52
7,-2,80,50
7,-2,81,48
7,-2,82,46
7,-2,83,44
7,-2,84,47
7,-2,85,45
7,-2,86,43
7,-2,87,41
7,-2,88,39
7,-2,89,37
7,-2,90,35
7,-2,91,63
7,-2,92,61
7,-2,93,59
7,-2,94,57
7,-2,95,55
7,-2,96,53
7,-2,97,51
7,-2,98,54
7,-2,99,52
7,-2,100,50
7,-2,101,48
7,-2,102,46
7,-2,103,44
7,-2,104,42
7,-2,105,70
7,-2,106,68
7,-2,107,66
7,-2,108,64
7,-2,109,62
7,-2,110,60
7,-2,111,58
7,-1,0,6
7,-1,1,5
7,-1,2,4
7,-1,3,3
7,-1,4,2
7,-1,5,1
7,-1,6,0
7,-1,7,14
7,-1,8,13
7,-1,9,12
7,-1,10,11
7,-1,11,10
7,-1,12,9
7,-1,13,8
7,-1,14,13
7,-1,15,12
7,-1,16,11
7,-1,17,10
7,-1,18,9
7,-1,19,8
7,-1,20,7
7,-1,21,21
7,-1,22,20
7,-1,23,19
7,-1,24,18
7,-1,25,17
7,-1,26,16
7,-1,27,15
7,-1,28,20
7,-1,29,19
7,-1,30,18
7,-1,31,17
7,-1,32,16
7,-1,33,15
7,-1,34,14
7,-1,35,28
7,-1,36,27
7,-1,37,26
7,-1,38,25
7,-1,39,24
7,-1,40,23
7,-1,41,22
7,-1,42,27
7,-1,43,26
7,-1,44,25
7,-1,45,24
7,-1,46,23
7,-1,47,22
7,-1,48,21
7,-1,49,35
7,-1,50,34
7,-1,51,33
7,-1,52,32
7,-1,53,31
7,-1,54,30
7,-1,55,29
7,-1,56,34
7,-1,57,33
7,-1,58,32
7,-1,59,31
7,-1,60,30
7,-1,61,29
7,-1,62,28
7,-1,63,42
7,-1,64,41
7,-1,65,40
7,-1,66,39
7,-1,67,38
7,-1,68,37
7,-1,69,36
7,-1,70,41
7,-1,71,40
7,-1,72,39
7,-1,73,38
7,-1,74,37
7,-1,75,36
7,-1,76,35
7,-1,77,49
7,-1,78,48
7,-1,79,47
7,-1,80,46
7,-1,81,45
7,-1,82,44
7,-1,83,43
7,-1,84,48
7,-1,85,47
7,-1,86,46
7,-1,87,45
7,-1,88,44
7,-1,89,43
7,-1,90,42
7,-1,91,56
7,-1,92,55
7,-1,93,54
7,-1,94,53
7,-1,95,52
7,-1,96,51
7,-1,97,50
7,-1,98,55
7,-1,99,54
7,-1,100,53
7,-1,101,52
7,-1,102,51
7,-1,103,50
7,-1,104,49
7,-1,105,63
7,-1,106,62
7,-1,107,61
7,-1,108,60
7,-1,109,59
7,-1,110,58
7,-1,111,57
7,0,0,7
7,0,1,7
7,0,2,7
7,0,3,7
7,0,4,7
7,0,5,7
7,0,6,7
7,0,7,7
7,0,8,7
7,0,9,7
7,0,10,7
7,0,11,7
7,0,12,7
7,0,13,7
7,0,14,14
7,0,15,14
7,0,16,14
7,0,17,14
7,0,18,14
7,0,19,14
7,0,20,14
7,0,21,14
7,0,22,14
7,0,23,14
7,0,24,14
7,0,25,14
7,0,26,14
7,0,27,14
7,0,28,21
7,0,29,21
7,0,30,21
7,0,31,21
7,0,32,21
7,0,33,21
7,0,34,21
7,0,35,21
7,0,36,21
7,0,37,21
7,0,38,21
7,0,39,21
7,0,40,21
7,0,41,21
7,0,42,28
7,0,43,28
7,0,44,28
7,0,45,28
7,0,46,28
7,0,47,28
7,0,48,28
7,0,49,28
7,0,50,28
7,0,51,28
7,0,52,28
7,0,53,28
7,0,54,28
7,0,55,28
7,0,56,35
7,0,57,35
7,0,58,35
7,0,59,35
7,0,60,35
7,0,61,35
7,0,62,35
7,0,63,35
7,0,64,35
7,0,65,35
7,0,66,35
7,0,67,35
7,0,68,35
7,0,69,35
7,0,70,42
7,0,71,42
7,0,72,42
7,0,73,42
7,0,74,42
7,0,75,42
7,0,76,42
7,0,77,42
7,0,78,42
7,0,79,42
7,0,80,42
7,0,81,42
7,0,82,42
7,0,83,42
7,0,84,49
7,0,85,49
7,0,86,49
7,0,87,49
7,0,88,49
7,0,89,49
7,0,90,49
7,0,91,49
7,0,92,49
7,0,93,49
7,0,94,49
7,0,95,49
7,0,96,49
7,0,97,49
7,0,98,56
7,0,99,56
7,0,100,56
7,0,101,56
7,0,102,56
7,0,103,56
7,0,104,56
7,0,105,56
7,0,106,56
7,0,107,56
7,0,108,56
7,0,109,56
7,0,110,56
7,0,111,56
7,1,0,8
7,1,1,9
7,1,2,10
7,1,3,11
7,1,4,12
7,1,5,13
7,1,6,14
7,1,7,0
7,1,8,1
7,1,9,2
7,1,10,3
7,1,11,4
7,1,12,5
7,1,13,6
7,1,14,15
7,1,15,16
7,1,16,17
7,1,17,18
7,1,18,19
7,1,19,20
7,1,20,21
7,1,21,7
7,1,22,8
7,1,23,9
7,1,24,10
7,1,25,11
7,1,26,12
7,1,27,13
7,1,28,22
7,1,29,23
7,1,30,24
7,1,31,25
7,1,32,26
7,1,33,27
7,1,34,28
7,1,35,14
7,1,36,15
7,1,37,16
7,1,38,17
7,1,39,18
7,1,40,19
7,1,41,20
7,1,42,29
7,1,43,30
7,1,44,31
7,1,45,32
7,1,46,33
7,1,47,34
7,1,48,35
7,1,49,21
7,1,50,22
7,1,51,23
7,1,52,24
7,1,53,25
7,1,54,26
7,1,55,27
7,1,56,36
7,1,57,37
7,1,58,38
7,1,59,39
7,1,60,40
7,1,61,41
7,1,62,42
7,1,63,28
7,1,64,29
7,1,65,30
7,1,66,31
7,1,67,32
7,1,68,33
7,1,69,34
7,1,70,43
7,1,71,44
7,1,72,45
7,1,73,46
7,1,74,47
7,1,75,48
7,1,76,49
7,1,77,35
7,1,78,36
7,1,79,37
7,1,80,38
7,1,81,39
7,1,82,40
7,1,83,41
7,1,84,50
7,1,85,51
7,1,86,52
7,1,87,53
7,1,88,54
7,1,89,55
7,1,90,56
7,1,91,42
7,1,92,43
7,1,93,44
7,1,94,45
7,1,95,46
7,1,96,47
7,1,97,48
7,1,98,57
7,1,99,58
7,1,100,59
7,1,101,60
7,1,102,61
7,1,103,62
7,1,104,63
7,1,105,49
7,1,106,50
7,1,107,51
7,1,108,52
7,1,109,53
7,1,110,54
7,1,111,55
7,2,0,9
7,2,1,11
7,2,2,13
7,2,3,15
7,2,4,17
7,2,5,19
7,2,6,21
7,2,7,-7
7,2,8,-5
7,2,9,-3
7,2,10,-1
7,2,11,1
7,2,12,3
7,2,13,5
7,2,14,16
7,2,15,18
7,2,16,20
7,2,17,22
7,2,18,24
7,2,19,26
7,2,20,28
7,2,21,0
7,2,22,2
7,2,23,4
7,2,24,6
7,2,25,8
7,2,26,10
7,2,27,12
7,2,28,23
7,2,29,25
7,2,30,27
7,2,31,29
7,2,32,31
7,2,33,33
7,2,34,35
7,2,35,7
7,2,36,9
7,2,37,11
7,2,38,13
7,2,39,15
7,2,40,17
7,2,41,19
7,2,42,30
7,2,43,32
7,2,44,34
7,2,45,36
7,2,46,38
7,2,47,40
7,2,48,42
7,2,49,14
7,2,50,16
7,2,51,18
7,2,52,20
7,2,53,22
7,2,54,24
7,2,55,26
7,2,56,37
7,2,57,39
7,2,58,41
7,2,59,43
7,2,60,45
7,2,61,47
7,2,62,49
7,2,63,21
7,2,64,23
7,2,65,25
7,2,66,27
7,2,67,29
7,2,68,31
7,2,69,33
7,2,70,44
7,2,71,46
7,2,72,48
7,2,73,50
7,2,74,52
7,2,75,54
7,2,76,56
7,2,77,28
7,2,78,30
7,2,79,32
7,2,80,34
7,2,81,36
7,2,82,38
7,2,83,40
7,2,84,51
7,2,85,53
7,2,86,55
7,2,87,57
7,2,88,59
7,2,89,61
7,2,90,63
7,2,91,35
7,2,92,37
7,2,93,39
7,2,94,41
7,2,95,43
7,2,96,45
7,2,97,47
7,2,98,58
7,2,99,60
7,2,100,62
7,2,101,64
7,2,102,66
7,2,103,68
7,2,104,70
7,2,105,42
7,2,106,44
7,2,107,46
7,2,108,48
7,2,109,50
7,2,110,52
7,2,111,54
7,3,0,10
7,3,1,13
7,3,2,16
7,3,3,19
7,3,4,22
7,3,5,25
7,3,6,28
7,3,7,-14
7,3,8,-11
7,3,9,-8
7,3,10,-5
7,3,11,-2
7,3,12,1
7,3,13,4
7,3,14,17
7,3,15,20
7,3,16,23
7,3,17,26
7,3,18,29
7,3,19,32
7,3,20,35
7,3,21,-7
7,3,22,-4
7,3,23,-1
7,3,24,2
7,3,25,5
7,3,26,8
7,3,27,11
7,3,28,24
7,3,29,27
7,3,30,30
7,3,31,33
7,3,32,36
7,3,33,39
7,3,34,42
7,3,35,0
7,3,36,3
7,3,37,6
7,3,38,9
7,3,39,12
7,3,40,15
7,3,41,18
7,3,42,31
7,3,43,34
7,3,44,37
7,3,45,40
7,3,46,43
7,3,47,46
7,3,48,49
7,3,49,7
7,3,50,10
7,3,51,13
7,3,52,16
7,3,53,19
7,3,54,22
7,3,55,25
7,3,56,38
7,3,57,41
7,3,58,44
7,3,59,47
7,3,60,50
7,3,61,53
7,3,62,56
7,3,63,14
7,3,64,17
7,3,65,20
7,3,66,23
7,3,67,26
7,3,68,29
7,3,69,32
7,3,70,45
7,3,71,48
7,3,72,51
7,3,73,54
7,3,74,57
7,3,75,60
7,3,76,63
7,3,77,21
7,3,78,24
7,3,79,27
7,3,80,30
7,3,81,33
7,3,82,36
7,3,83,39
7,3,84,52
7,3,85,55
7,3,86,58
7,3,87,61
7,3,88,64
7,3,89,67
7,3,90,70
7,3,91,28
7,3,92,31
7,3,93,34
7,3,94,37
7,3,95,40
7,3,96,43
7,3,97,46
7,3,98,59
7,3,99,62
7,3,100,65
7,3,101,68
7,3,102,71
7,3,103,74
7,3,104,77
7,3,105,35
7,3,106,38
7,3,107,41
7,3,108,44
7,3,109,47
7,3,110,50
7,3,111,53
7,4,0,11
7,4,1,15
7,4,2,19
7,4,3,23
7,4,4,27
7,4,5,31
7,4,6,35
7,4,7,-21
7,4,8,-17
7,4,9,-13
7,4,10,-9
7,4,11,-5
7,4,12,-1
7,4,13,3
7,4,14,18
7,4,15,22
7,4,16,26
7,4,17,30
7,4,18,34
7,4,19,38
7,4,20,42
7,4,21,-14
7,4,22,-10
7,4,23,-6
7,4,24,-2
7,4,25,2
7,4,26,6
7,4,27,10
7,4,28,25
7,4,29,29
7,4,30,33
7,4,31,37
7,4,32,41
7,4,33,45
7,4,34,49
7,4,35,-7
7,4,36,-3
7,4,37,1
7,4,38,5
7,4,39,9
7,4,40,13
7,4,41,17
7,4,42,32
7,4,43,36
7,4,44,40
7,4,45,44
7,4,46,48
7,4,47,52
7,4,48,56
7,4,49,0
7,4,50,4
7,4,51,8
7,4,52,12
7,4,53,16
7,4,54,20
7,4,55,24
7,4,56,39
7,4,57,43
7,4,58,47
7,4,59,51
7,4,60,55
7,4,61,59
7,4,62,63
7,4,63,7
7,4,64,11
7,4,65,15
7,4,66,19
7,4,67,23
7,4,68,27
7,4,69,31
7,4,70,46
7,4,71,50
7,4,72,54
7,4,73,58
7,4,74,62
7,4,75,66
7,4,76,70
7,4,77,14
7,4,78,18
7,4,79,22
7,4,80,26
7,4,81,30
7,4,82,34
7,4,83,38
7,4,84,53
7,4,85,57
7,4,86,61
7,4,87,65
7,4,88,69
7,4,89,73
7,4,90,77
7,4,91,21
7,4,92,25
7,4,93,29
7,4,94,33
7,4,95,37
7,4,96,41
7,4,97,45
7,4,98,60
7,4,99,64
7,4,100,68
7,4,101,72
7,4,102,76
7,4,103,80
7,4,104,84
7,4,105,28
7,4,106,32
7,4,107,36
7,4,108,40
7,4,109,44
7,4,110,48
7,4,111,52
7,5,0,12
7,5,1,17
7,5,2,22
7,5,3,27
7,5,4,32
7,5,5,37
7,5,6,42
7,5,7,-28
7,5,8,-23
7,5,9,-18
7,5,10,-13
7,5,11,-8
7,5,12,-3
7,5,13,2
7,5,14,19
7,5,15,24
7,5,16,29
7,5,17,34
7,5,18,39
7,5,19,44
7,5,20,49
7,5,21,-21
7,5,22,-16
7,5,23,-11
7,5,24,-6
7,5,25,-1
7,5,26,4
7,5,27,9
7,5,28,26
7,5,29,31
7,5,30,36
7,5,31,41
7,5,32,46
7,5,33,51
7,5,34,56
7,5,35,-14
7,5,36,-9
7,5,37,-4
7,5,38,1
7,5,39,6
7,5,40,11
7,5,41,16
7,5,42,33
7,5,43,38
7,5,44,43
7,5,45,48
7,5,46,53
7,5,47,58
7,5,48,63
7,5,49,-7
7,5,50,-2
7,5,51,3
7,5,52,8
7,5,53,13
7,5,54,18
7,5,55,23
7,5,56,40
7,5,57,45
7,5,58,50
7,5,59,55
7,5,60,60
7,5,61,65
7,5,62,70
7,5,63,0
7,5,64,5
7,5,65,10
7,5,66,15
7,5,67,20
7,5,68,25
7,5,69,30
7,5,70,47
7,5,71,52
7,5,72,57
7,5,73,62
7,5,74,67
7,5,75,72
7,5,76,77
7,5,77,7
7,5,78,12
7,5,79,17
7,5,80,22
7,5,81,27
7,5,82,32
7,5,83,37
7,5,84,54
7,5,85,59
7,5,86,64
7,5,87,69
7,5,88,74
7,5,89,79
7,5,90,84
7,5,91,14
7,5,92,19
7,5,93,24
7,5,94,29
7,5,95,34
7,5,96,39
7,5,97,44
7,5,98,61
7,5,99,66
7,5,100,71
7,5,101,76
7,5,102,81
7,5,103,86
7,5,104,91
7,5,105,21
7,5,106,26
7,5,107,31
7,5,108,36
7,5,109,41
7,5,110,46
7,5,111,51
7,6,0,13
7,6,1,19
7,6,2,25
7,6,3,31
7,6,4,37
7,6,5,43
7,6,6,49
7,6,7,-35
7,6,8,-29
7,6,9,-23
7,6,10,-17
7,6,11,-11
7,6,12,-5
7,6,13,1
7,6,14,20
7,6,15,26
7,6,16,32
7,6,17,38
7,6,18,44
7,6,19,50
7,6,20,56
7,6,21,-28
7,6,22,-22
7,6,23,-16
7,6,24,-10
7,6,25,-4
7,6,26,2
7,6,27,8
7,6,28,27
7,6,29,33
7,6,30,39
7,6,31,45
7,6,32,51
7,6,33,57
7,6,34,63
7,6,35,-21
7,6,36,-15
7,6,37,-9
7,6,38,-3
7,6,39,3
7,6,40,9
7,6,41,15
7,6,42,34
7,6,43,40
7,6,44,46
7,6,45,52
7,6,46,58
7,6,47,64
7,6,48,70
7,6,49,-14
7,6,50,-8
7,6,51,-2
7,6,52,4
7,6,53,10
7,6,54,16
7,6,55,22
7,6,56,41
7,6,57,47
7,6,58,53
7,6,59,59
7,6,60,65
7,6,61,71
7,6,62,77
7,6,63,-7
7,6,64,-1
7,6,65,5
7,6,66,11
7,6,67,17
7,6,68,23
7,6,69,29
7,6,70,48
7,6,71,54
7,6,72,60
7,6,73,66
7,6,74,72
7,6,75,78
7,6,76,84
7,6,77,0
7,6,78,6
7,6,79,12
7,6,80,18
7,6,81,24
7,6,82,30
7,6,83,36
7,6,84,55
7,6,85,61
7,6,86,67
7,6,87,73
7,6,88,79
7,6,89,85
7,6,90,91
7,6,91,7
7,6,92,13
7,6,93,19
7,6,94,25
7,6,95,31
7,6,96,37
7,6,97,43
7,6,98,62
7,6,99,68
7,6,100,74
7,6,101,80
7,6,102,86
7,6,103,92
7,6,104,98
7,6,105,14
7,6,106,20
7,6,107,26
7,6,108,32
7,6,109,38
7,6,110,44
7,6,111,50
7,7,0,14
7,7,1,21
7,7,2,28
7,7,3,35
7,7,4,42
7,7,5,49
7,7,6,56
7,7,7,-42
7,7,8,-35
7,7,9,-28
7,7,10,-21
7,7,11,-14
7,7,12,-7
7,7,13,0
7,7,14,21
7,7,15,28
7,7,16,35
7,7,17,42
7,7,18,49
7,7,19,56
7,7,20,63
7,7,21,-35
7,7,22,-28
7,7,23,-21
7,7,24,-14
7,7,25,-7
7,7,26,0
7,7,27,7
7,7,28,28
7,7,29,35
7,7,30,42
7,7,31,49
7,7,32,56
7,7,33,63
7,7,34,70
7,7,35,-28
7,7,36,-21
7,7,37,-14
7,7,38,-7
7,7,39,0
7,7,40,7
7,7,41,14
7,7,42,35
7,7,43,42
7,7,44,49
7,7,45,56
7,7,46,63
7,7,47,70
7,7,48,77
7,7,49,-21
7,7,50,-14
7,7,51,-7
7,7,52,0
7,7,53,7
7,7,54,14
7,7,55,21
7,7,56,42
7,7,57,49
7,7,58,56
7,7,59,63
7,7,60,70
7,7,61,77
7,7,62,84
7,7,63,-14
7,7,64,-7
7,7,65,0
7,7,66,7
7,7,67,14
7,7,68,21
7,7,69,28
7,7,70,49
7,7,71,56
7,7,72,63
7,7,73,70
7,7,74,77
7,7,75,84
7,7,76,91
7,7,77,-7
7,7,78,0
7,7,79,7
7,7,80,14
7,7,81,21
7,7,82,28
7,7,83,35
7,7,84,56
7,7,85,63
7,7,86,70
7,7,87,77
7,7,88,84
7,7,89,91
7,7,90,98
7,7,91,0
7,7,92,7
7,7,93,14
7,7,94,21
7,7,95,28
7,7,96,35
7,7,97,42
7,7,98,63
7,7,99,70
7,7,100,77
7,7,101,84
7,7,102,91
7,7,103,98
7,7,104,105
7,7,105,7
7,7,106,14
7,7,107,21
7,7,108,28
7,7,109,35
7,7,110,42
7,7,111,49
