u,x1,x2,lut_index,actual_value
0,-8,-8,0,-8
0,-8,-8,1,-16
0,-8,-8,2,-24
0,-8,-8,3,-32
0,-8,-8,4,-40
0,-8,-8,5,-48
0,-8,-8,6,-56
0,-8,-8,7,-64
0,-8,-8,8,0
0,-8,-8,9,0
0,-8,-8,10,0
0,-8,-8,11,0
0,-8,-8,12,0
0,-8,-8,13,0
0,-8,-8,14,0
0,-8,-8,15,0
0,-8,-8,16,0
0,-8,-8,17,0
0,-8,-8,18,0
0,-8,-8,19,0
0,-8,-8,20,0
0,-8,-8,21,0
0,-8,-8,22,0
0,-8,-8,23,0
0,-8,-8,24,0
0,-8,-8,25,0
0,-8,-8,26,0
0,-8,-8,27,0
0,-8,-8,28,0
0,-8,-8,29,0
0,-8,-8,30,0
0,-8,-8,31,0
0,-8,-8,32,0
0,-8,-8,33,0
0,-8,-8,34,0
0,-8,-8,35,0
0,-8,-8,36,0
0,-8,-8,37,0
0,-8,-8,38,0
0,-8,-8,39,0
0,-8,-8,40,0
0,-8,-8,41,0
0,-8,-8,42,0
0,-8,-8,43,0
0,-8,-8,44,0
0,-8,-8,45,0
0,-8,-8,46,0
0,-8,-8,47,0
0,-8,-8,48,0
0,-8,-8,49,0
0,-8,-8,50,0
0,-8,-8,51,0
0,-8,-8,52,0
0,-8,-8,53,0
0,-8,-8,54,0
0,-8,-8,55,0
0,-8,-8,56,0
0,-8,-8,57,0
0,-8,-8,58,0
0,-8,-8,59,0
0,-8,-8,60,0
0,-8,-8,61,0
0,-8,-8,62,0
0,-8,-8,63,0
0,-8,-8,64,0
0,-8,-8,65,0
0,-8,-8,66,0
0,-8,-8,67,0
0,-8,-8,68,0
0,-8,-8,69,0
0,-8,-8,70,0
0,-8,-8,71,0
0,-8,-8,72,0
0,-8,-8,73,0
0,-8,-8,74,0
0,-8,-8,75,0
0,-8,-8,76,0
0,-8,-8,77,0
0,-8,-8,78,0
0,-8,-8,79,0
0,-8,-8,80,0
0,-8,-8,81,0
0,-8,-8,82,0
0,-8,-8,83,0
0,-8,-8,84,0
0,-8,-8,85,0
0,-8,-8,86,0
0,-8,-8,87,0
0,-8,-8,88,0
0,-8,-8,89,0
0,-8,-8,90,0
0,-8,-8,91,0
0,-8,-8,92,0
0,-8,-8,93,0
0,-8,-8,94,0
0,-8,-8,95,0
0,-8,-8,96,0
0,-8,-8,97,0
0,-8,-8,98,0
0,-8,-8,99,0
0,-8,-8,100,0
0,-8,-8,101,0
0,-8,-8,102,0
0,-8,-8,103,0
0,-8,-8,104,0
0,-8,-8,105,0
0,-8,-8,106,0
0,-8,-8,107,0
0,-8,-8,108,0
0,-8,-8,109,0
0,-8,-8,110,0
0,-8,-8,111,0
0,-8,-7,0,-8
0,-8,-7,1,-16
0,-8,-7,2,-24
0,-8,-7,3,-32
0,-8,-7,4,-40
0,-8,-7,5,-48
0,-8,-7,6,-56
0,-8,-7,7,-64
0,-8,-7,8,0
0,-8,-7,9,0
0,-8,-7,10,0
0,-8,-7,11,0
0,-8,-7,12,0
0,-8,-7,13,0
0,-8,-7,14,0
0,-8,-7,15,0
0,-8,-7,16,0
0,-8,-7,17,0
0,-8,-7,18,0
0,-8,-7,19,0
0,-8,-7,20,0
0,-8,-7,21,0
0,-8,-7,22,0
0,-8,-7,23,0
0,-8,-7,24,0
0,-8,-7,25,0
0,-8,-7,26,0
0,-8,-7,27,0
0,-8,-7,28,0
0,-8,-7,29,0
0,-8,-7,30,0
0,-8,-7,31,0
0,-8,-7,32,0
0,-8,-7,33,0
0,-8,-7,34,0
0,-8,-7,35,0
0,-8,-7,36,0
0,-8,-7,37,0
0,-8,-7,38,0
0,-8,-7,39,0
0,-8,-7,40,0
0,-8,-7,41,0
0,-8,-7,42,0
0,-8,-7,43,0
0,-8,-7,44,0
0,-8,-7,45,0
0,-8,-7,46,0
0,-8,-7,47,0
0,-8,-7,48,0
0,-8,-7,49,0
0,-8,-7,50,0
0,-8,-7,51,0
0,-8,-7,52,0
0,-8,-7,53,0
0,-8,-7,54,0
0,-8,-7,55,0
0,-8,-7,56,0
0,-8,-7,57,0
0,-8,-7,58,0
0,-8,-7,59,0
0,-8,-7,60,0
0,-8,-7,61,0
0,-8,-7,62,0
0,-8,-7,63,0
0,-8,-7,64,0
0,-8,-7,65,0
0,-8,-7,66,0
0,-8,-7,67,0
0,-8,-7,68,0
0,-8,-7,69,0
0,-8,-7,70,0
0,-8,-7,71,0
0,-8,-7,72,0
0,-8,-7,73,0
0,-8,-7,74,0
0,-8,-7,75,0
0,-8,-7,76,0
0,-8,-7,77,0
0,-8,-7,78,0
0,-8,-7,79,0
0,-8,-7,80,0
0,-8,-7,81,0
0,-8,-7,82,0
0,-8,-7,83,0
0,-8,-7,84,0
0,-8,-7,85,0
0,-8,-7,86,0
0,-8,-7,87,0
0,-8,-7,88,0
0,-8,-7,89,0
0,-8,-7,90,0
0,-8,-7,91,0
0,-8,-7,92,0
0,-8,-7,93,0
0,-8,-7,94,0
0,-8,-7,95,0
0,-8,-7,96,0
0,-8,-7,97,0
0,-8,-7,98,0
0,-8,-7,99,0
0,-8,-7,100,0
0,-8,-7,101,0
0,-8,-7,102,0
0,-8,-7,103,0
0,-8,-7,104,0
0,-8,-7,105,0
0,-8,-7,106,0
0,-8,-7,107,0
0,-8,-7,108,0
0,-8,-7,109,0
0,-8,-7,110,0
0,-8,-7,111,0
0,-8,-6,0,-8
0,-8,-6,1,-16
0,-8,-6,2,-24
0,-8,-6,3,-32
0,-8,-6,4,-40
0,-8,-6,5,-48
0,-8,-6,6,-56
0,-8,-6,7,-64
0,-8,-6,8,0
0,-8,-6,9,0
0,-8,-6,10,0
0,-8,-6,11,0
0,-8,-6,12,0
0,-8,-6,13,0
0,-8,-6,14,0
0,-8,-6,15,0
0,-8,-6,16,0
0,-8,-6,17,0
0,-8,-6,18,0
0,-8,-6,19,0
0,-8,-6,20,0
0,-8,-6,21,0
0,-8,-6,22,0
0,-8,-6,23,0
0,-8,-6,24,0
0,-8,-6,25,0
0,-8,-6,26,0
0,-8,-6,27,0
0,-8,-6,28,0
0,-8,-6,29,0
0,-8,-6,30,0
0,-8,-6,31,0
0,-8,-6,32,0
0,-8,-6,33,0
0,-8,-6,34,0
0,-8,-6,35,0
0,-8,-6,36,0
0,-8,-6,37,0
0,-8,-6,38,0
0,-8,-6,39,0
0,-8,-6,40,0
0,-8,-6,41,0
0,-8,-6,42,0
0,-8,-6,43,0
0,-8,-6,44,0
0,-8,-6,45,0
0,-8,-6,46,0
0,-8,-6,47,0
0,-8,-6,48,0
0,-8,-6,49,0
0,-8,-6,50,0
0,-8,-6,51,0
0,-8,-6,52,0
0,-8,-6,53,0
0,-8,-6,54,0
0,-8,-6,55,0
0,-8,-6,56,0
0,-8,-6,57,0
0,-8,-6,58,0
0,-8,-6,59,0
0,-8,-6,60,0
0,-8,-6,61,0
0,-8,-6,62,0
0,-8,-6,63,0
0,-8,-6,64,0
0,-8,-6,65,0
0,-8,-6,66,0
0,-8,-6,67,0
0,-8,-6,68,0
0,-8,-6,69,0
0,-8,-6,70,0
0,-8,-6,71,0
0,-8,-6,72,0
0,-8,-6,73,0
0,-8,-6,74,0
0,-8,-6,75,0
0,-8,-6,76,0
0,-8,-6,77,0
0,-8,-6,78,0
0,-8,-6,79,0
0,-8,-6,80,0
0,-8,-6,81,0
0,-8,-6,82,0
0,-8,-6,83,0
0,-8,-6,84,0
0,-8,-6,85,0
0,-8,-6,86,0
0,-8,-6,87,0
0,-8,-6,88,0
0,-8,-6,89,0
0,-8,-6,90,0
0,-8,-6,91,0
0,-8,-6,92,0
0,-8,-6,93,0
0,-8,-6,94,0
0,-8,-6,95,0
0,-8,-6,96,0
0,-8,-6,97,0
0,-8,-6,98,0
0,-8,-6,99,0
0,-8,-6,100,0
0,-8,-6,101,0
0,-8,-6,102,0
0,-8,-6,103,0
0,-8,-6,104,0
0,-8,-6,105,0
0,-8,-6,106,0
0,-8,-6,107,0
0,-8,-6,108,0
0,-8,-6,109,0
0,-8,-6,110,0
0,-8,-6,111,0
0,-8,-5,0,-8
0,-8,-5,1,-16
0,-8,-5,2,-24
0,-8,-5,3,-32
0,-8,-5,4,-40
0,-8,-5,5,-48
0,-8,-5,6,-56
0,-8,-5,7,-64
0,-8,-5,8,0
0,-8,-5,9,0
0,-8,-5,10,0
0,-8,-5,11,0
0,-8,-5,12,0
0,-8,-5,13,0
0,-8,-5,14,0
0,-8,-5,15,0
0,-8,-5,16,0
0,-8,-5,17,0
0,-8,-5,18,0
0,-8,-5,19,0
0,-8,-5,20,0
0,-8,-5,21,0
0,-8,-5,22,0
0,-8,-5,23,0
0,-8,-5,24,0
0,-8,-5,25,0
0,-8,-5,26,0
0,-8,-5,27,0
0,-8,-5,28,0
0,-8,-5,29,0
0,-8,-5,30,0
0,-8,-5,31,0
0,-8,-5,32,0
0,-8,-5,33,0
0,-8,-5,34,0
0,-8,-5,35,0
0,-8,-5,36,0
0,-8,-5,37,0
0,-8,-5,38,0
0,-8,-5,39,0
0,-8,-5,40,0
0,-8,-5,41,0
0,-8,-5,42,0
0,-8,-5,43,0
0,-8,-5,44,0
0,-8,-5,45,0
0,-8,-5,46,0
0,-8,-5,47,0
0,-8,-5,48,0
0,-8,-5,49,0
0,-8,-5,50,0
0,-8,-5,51,0
0,-8,-5,52,0
0,-8,-5,53,0
0,-8,-5,54,0
0,-8,-5,55,0
0,-8,-5,56,0
0,-8,-5,57,0
0,-8,-5,58,0
0,-8,-5,59,0
0,-8,-5,60,0
0,-8,-5,61,0
0,-8,-5,62,0
0,-8,-5,63,0
0,-8,-5,64,0
0,-8,-5,65,0
0,-8,-5,66,0
0,-8,-5,67,0
0,-8,-5,68,0
0,-8,-5,69,0
0,-8,-5,70,0
0,-8,-5,71,0
0,-8,-5,72,0
0,-8,-5,73,0
0,-8,-5,74,0
0,-8,-5,75,0
0,-8,-5,76,0
0,-8,-5,77,0
0,-8,-5,78,0
0,-8,-5,79,0
0,-8,-5,80,0
0,-8,-5,81,0
0,-8,-5,82,0
0,-8,-5,83,0
0,-8,-5,84,0
0,-8,-5,85,0
0,-8,-5,86,0
0,-8,-5,87,0
0,-8,-5,88,0
0,-8,-5,89,0
0,-8,-5,90,0
0,-8,-5,91,0
0,-8,-5,92,0
0,-8,-5,93,0
0,-8,-5,94,0
0,-8,-5,95,0
0,-8,-5,96,0
0,-8,-5,97,0
0,-8,-5,98,0
0,-8,-5,99,0
0,-8,-5,100,0
0,-8,-5,101,0
0,-8,-5,102,0
0,-8,-5,103,0
0,-8,-5,104,0
0,-8,-5,105,0
0,-8,-5,106,0
0,-8,-5,107,0
0,-8,-5,108,0
0,-8,-5,109,0
0,-8,-5,110,0
0,-8,-5,111,0
0,-8,-4,0,-8
0,-8,-4,1,-16
0,-8,-4,2,-24
0,-8,-4,3,-32
0,-8,-4,4,-40
0,-8,-4,5,-48
0,-8,-4,6,-56
0,-8,-4,7,-64
0,-8,-4,8,0
0,-8,-4,9,0
0,-8,-4,10,0
0,-8,-4,11,0
0,-8,-4,12,0
0,-8,-4,13,0
0,-8,-4,14,0
0,-8,-4,15,0
0,-8,-4,16,0
0,-8,-4,17,0
0,-8,-4,18,0
0,-8,-4,19,0
0,-8,-4,20,0
0,-8,-4,21,0
0,-8,-4,22,0
0,-8,-4,23,0
0,-8,-4,24,0
0,-8,-4,25,0
0,-8,-4,26,0
0,-8,-4,27,0
0,-8,-4,28,0
0,-8,-4,29,0
0,-8,-4,30,0
0,-8,-4,31,0
0,-8,-4,32,0
0,-8,-4,33,0
0,-8,-4,34,0
0,-8,-4,35,0
0,-8,-4,36,0
0,-8,-4,37,0
0,-8,-4,38,0
0,-8,-4,39,0
0,-8,-4,40,0
0,-8,-4,41,0
0,-8,-4,42,0
0,-8,-4,43,0
0,-8,-4,44,0
0,-8,-4,45,0
0,-8,-4,46,0
0,-8,-4,47,0
0,-8,-4,48,0
0,-8,-4,49,0
0,-8,-4,50,0
0,-8,-4,51,0
0,-8,-4,52,0
0,-8,-4,53,0
0,-8,-4,54,0
0,-8,-4,55,0
0,-8,-4,56,0
0,-8,-4,57,0
0,-8,-4,58,0
0,-8,-4,59,0
0,-8,-4,60,0
0,-8,-4,61,0
0,-8,-4,62,0
0,-8,-4,63,0
0,-8,-4,64,0
0,-8,-4,65,0
0,-8,-4,66,0
0,-8,-4,67,0
0,-8,-4,68,0
0,-8,-4,69,0
0,-8,-4,70,0
0,-8,-4,71,0
0,-8,-4,72,0
0,-8,-4,73,0
0,-8,-4,74,0
0,-8,-4,75,0
0,-8,-4,76,0
0,-8,-4,77,0
0,-8,-4,78,0
0,-8,-4,79,0
0,-8,-4,80,0
0,-8,-4,81,0
0,-8,-4,82,0
0,-8,-4,83,0
0,-8,-4,84,0
0,-8,-4,85,0
0,-8,-4,86,0
0,-8,-4,87,0
0,-8,-4,88,0
0,-8,-4,89,0
0,-8,-4,90,0
0,-8,-4,91,0
0,-8,-4,92,0
0,-8,-4,93,0
0,-8,-4,94,0
0,-8,-4,95,0
0,-8,-4,96,0
0,-8,-4,97,0
0,-8,-4,98,0
0,-8,-4,99,0
0,-8,-4,100,0
0,-8,-4,101,0
0,-8,-4,102,0
0,-8,-4,103,0
0,-8,-4,104,0
0,-8,-4,105,0
0,-8,-4,106,0
0,-8,-4,107,0
0,-8,-4,108,0
0,-8,-4,109,0
0,-8,-4,110,0
0,-8,-4,111,0
0,-8,-3,0,-8
0,-8,-3,1,-16
0,-8,-3,2,-24
0,-8,-3,3,-32
0,-8,-3,4,-40
0,-8,-3,5,-48
0,-8,-3,6,-56
0,-8,-3,7,-64
0,-8,-3,8,0
0,-8,-3,9,0
0,-8,-3,10,0
0,-8,-3,11,0
0,-8,-3,12,0
0,-8,-3,13,0
0,-8,-3,14,0
0,-8,-3,15,0
0,-8,-3,16,0
0,-8,-3,17,0
0,-8,-3,18,0
0,-8,-3,19,0
0,-8,-3,20,0
0,-8,-3,21,0
0,-8,-3,22,0
0,-8,-3,23,0
0,-8,-3,24,0
0,-8,-3,25,0
0,-8,-3,26,0
0,-8,-3,27,0
0,-8,-3,28,0
0,-8,-3,29,0
0,-8,-3,30,0
0,-8,-3,31,0
0,-8,-3,32,0
0,-8,-3,33,0
0,-8,-3,34,0
0,-8,-3,35,0
0,-8,-3,36,0
0,-8,-3,37,0
0,-8,-3,38,0
0,-8,-3,39,0
0,-8,-3,40,0
0,-8,-3,41,0
0,-8,-3,42,0
0,-8,-3,43,0
0,-8,-3,44,0
0,-8,-3,45,0
0,-8,-3,46,0
0,-8,-3,47,0
0,-8,-3,48,0
0,-8,-3,49,0
0,-8,-3,50,0
0,-8,-3,51,0
0,-8,-3,52,0
0,-8,-3,53,0
0,-8,-3,54,0
0,-8,-3,55,0
0,-8,-3,56,0
0,-8,-3,57,0
0,-8,-3,58,0
0,-8,-3,59,0
0,-8,-3,60,0
0,-8,-3,61,0
0,-8,-3,62,0
0,-8,-3,63,0
0,-8,-3,64,0
0,-8,-3,65,0
0,-8,-3,66,0
0,-8,-3,67,0
0,-8,-3,68,0
0,-8,-3,69,0
0,-8,-3,70,0
0,-8,-3,71,0
0,-8,-3,72,0
0,-8,-3,73,0
0,-8,-3,74,0
0,-8,-3,75,0
0,-8,-3,76,0
0,-8,-3,77,0
0,-8,-3,78,0
0,-8,-3,79,0
0,-8,-3,80,0
0,-8,-3,81,0
0,-8,-3,82,0
0,-8,-3,83,0
0,-8,-3,84,0
0,-8,-3,85,0
0,-8,-3,86,0
0,-8,-3,87,0
0,-8,-3,88,0
0,-8,-3,89,0
0,-8,-3,90,0
0,-8,-3,91,0
0,-8,-3,92,0
0,-8,-3,93,0
0,-8,-3,94,0
0,-8,-3,95,0
0,-8,-3,96,0
0,-8,-3,97,0
0,-8,-3,98,0
0,-8,-3,99,0
0,-8,-3,100,0
0,-8,-3,101,0
0,-8,-3,102,0
0,-8,-3,103,0
0,-8,-3,104,0
0,-8,-3,105,0
0,-8,-3,106,0
0,-8,-3,107,0
0,-8,-3,108,0
0,-8,-3,109,0
0,-8,-3,110,0
0,-8,-3,111,0
0,-8,-2,0,-8
0,-8,-2,1,-16
0,-8,-2,2,-24
0,-8,-2,3,-32
0,-8,-2,4,-40
0,-8,-2,5,-48
0,-8,-2,6,-56
0,-8,-2,7,-64
0,-8,-2,8,0
0,-8,-2,9,0
0,-8,-2,10,0
0,-8,-2,11,0
0,-8,-2,12,0
0,-8,-2,13,0
0,-8,-2,14,0
0,-8,-2,15,0
0,-8,-2,16,0
0,-8,-2,17,0
0,-8,-2,18,0
0,-8,-2,19,0
0,-8,-2,20,0
0,-8,-2,21,0
0,-8,-2,22,0
0,-8,-2,23,0
0,-8,-2,24,0
0,-8,-2,25,0
0,-8,-2,26,0
0,-8,-2,27,0
0,-8,-2,28,0
0,-8,-2,29,0
0,-8,-2,30,0
0,-8,-2,31,0
0,-8,-2,32,0
0,-8,-2,33,0
0,-8,-2,34,0
0,-8,-2,35,0
0,-8,-2,36,0
0,-8,-2,37,0
0,-8,-2,38,0
0,-8,-2,39,0
0,-8,-2,40,0
0,-8,-2,41,0
0,-8,-2,42,0
0,-8,-2,43,0
0,-8,-2,44,0
0,-8,-2,45,0
0,-8,-2,46,0
0,-8,-2,47,0
0,-8,-2,48,0
0,-8,-2,49,0
0,-8,-2,50,0
0,-8,-2,51,0
0,-8,-2,52,0
0,-8,-2,53,0
0,-8,-2,54,0
0,-8,-2,55,0
0,-8,-2,56,0
0,-8,-2,57,0
0,-8,-2,58,0
0,-8,-2,59,0
0,-8,-2,60,0
0,-8,-2,61,0
0,-8,-2,62,0
0,-8,-2,63,0
0,-8,-2,64,0
0,-8,-2,65,0
0,-8,-2,66,0
0,-8,-2,67,0
0,-8,-2,68,0
0,-8,-2,69,0
0,-8,-2,70,0
0,-8,-2,71,0
0,-8,-2,72,0
0,-8,-2,73,0
0,-8,-2,74,0
0,-8,-2,75,0
0,-8,-2,76,0
0,-8,-2,77,0
0,-8,-2,78,0
0,-8,-2,79,0
0,-8,-2,80,0
0,-8,-2,81,0
0,-8,-2,82,0
0,-8,-2,83,0
0,-8,-2,84,0
0,-8,-2,85,0
0,-8,-2,86,0
0,-8,-2,87,0
0,-8,-2,88,0
0,-8,-2,89,0
0,-8,-2,90,0
0,-8,-2,91,0
0,-8,-2,92,0
0,-8,-2,93,0
0,-8,-2,94,0
0,-8,-2,95,0
0,-8,-2,96,0
0,-8,-2,97,0
0,-8,-2,98,0
0,-8,-2,99,0
0,-8,-2,100,0
0,-8,-2,101,0
0,-8,-2,102,0
0,-8,-2,103,0
0,-8,-2,104,0
0,-8,-2,105,0
0,-8,-2,106,0
0,-8,-2,107,0
0,-8,-2,108,0
0,-8,-2,109,0
0,-8,-2,110,0
0,-8,-2,111,0
0,-8,-1,0,-8
0,-8,-1,1,-16
0,-8,-1,2,-24
0,-8,-1,3,-32
0,-8,-1,4,-40
0,-8,-1,5,-48
0,-8,-1,6,-56
0,-8,-1,7,-64
0,-8,-1,8,0
0,-8,-1,9,0
0,-8,-1,10,0
0,-8,-1,11,0
0,-8,-1,12,0
0,-8,-1,13,0
0,-8,-1,14,0
0,-8,-1,15,0
0,-8,-1,16,0
0,-8,-1,17,0
0,-8,-1,18,0
0,-8,-1,19,0
0,-8,-1,20,0
0,-8,-1,21,0
0,-8,-1,22,0
0,-8,-1,23,0
0,-8,-1,24,0
0,-8,-1,25,0
0,-8,-1,26,0
0,-8,-1,27,0
0,-8,-1,28,0
0,-8,-1,29,0
0,-8,-1,30,0
0,-8,-1,31,0
0,-8,-1,32,0
0,-8,-1,33,0
0,-8,-1,34,0
0,-8,-1,35,0
0,-8,-1,36,0
0,-8,-1,37,0
0,-8,-1,38,0
0,-8,-1,39,0
0,-8,-1,40,0
0,-8,-1,41,0
0,-8,-1,42,0
0,-8,-1,43,0
0,-8,-1,44,0
0,-8,-1,45,0
0,-8,-1,46,0
0,-8,-1,47,0
0,-8,-1,48,0
0,-8,-1,49,0
0,-8,-1,50,0
0,-8,-1,51,0
0,-8,-1,52,0
0,-8,-1,53,0
0,-8,-1,54,0
0,-8,-1,55,0
0,-8,-1,56,0
0,-8,-1,57,0
0,-8,-1,58,0
0,-8,-1,59,0
0,-8,-1,60,0
0,-8,-1,61,0
0,-8,-1,62,0
0,-8,-1,63,0
0,-8,-1,64,0
0,-8,-1,65,0
0,-8,-1,66,0
0,-8,-1,67,0
0,-8,-1,68,0
0,-8,-1,69,0
0,-8,-1,70,0
0,-8,-1,71,0
0,-8,-1,72,0
0,-8,-1,73,0
0,-8,-1,74,0
0,-8,-1,75,0
0,-8,-1,76,0
0,-8,-1,77,0
0,-8,-1,78,0
0,-8,-1,79,0
0,-8,-1,80,0
0,-8,-1,81,0
0,-8,-1,82,0
0,-8,-1,83,0
0,-8,-1,84,0
0,-8,-1,85,0
0,-8,-1,86,0
0,-8,-1,87,0
0,-8,-1,88,0
0,-8,-1,89,0
0,-8,-1,90,0
0,-8,-1,91,0
0,-8,-1,92,0
0,-8,-1,93,0
0,-8,-1,94,0
0,-8,-1,95,0
0,-8,-1,96,0
0,-8,-1,97,0
0,-8,-1,98,0
0,-8,-1,99,0
0,-8,-1,100,0
0,-8,-1,101,0
0,-8,-1,102,0
0,-8,-1,103,0
0,-8,-1,104,0
0,-8,-1,105,0
0,-8,-1,106,0
0,-8,-1,107,0
0,-8,-1,108,0
0,-8,-1,109,0
0,-8,-1,110,0
0,-8,-1,111,0
0,-8,0,0,-8
0,-8,0,1,-16
0,-8,0,2,-24
0,-8,0,3,-32
0,-8,0,4,-40
0,-8,0,5,-48
0,-8,0,6,-56
0,-8,0,7,-64
0,-8,0,8,0
0,-8,0,9,0
0,-8,0,10,0
0,-8,0,11,0
0,-8,0,12,0
0,-8,0,13,0
0,-8,0,14,0
0,-8,0,15,0
0,-8,0,16,0
0,-8,0,17,0
0,-8,0,18,0
0,-8,0,19,0
0,-8,0,20,0
0,-8,0,21,0
0,-8,0,22,0
0,-8,0,23,0
0,-8,0,24,0
0,-8,0,25,0
0,-8,0,26,0
0,-8,0,27,0
0,-8,0,28,0
0,-8,0,29,0
0,-8,0,30,0
0,-8,0,31,0
0,-8,0,32,0
0,-8,0,33,0
0,-8,0,34,0
0,-8,0,35,0
0,-8,0,36,0
0,-8,0,37,0
0,-8,0,38,0
0,-8,0,39,0
0,-8,0,40,0
0,-8,0,41,0
0,-8,0,42,0
0,-8,0,43,0
0,-8,0,44,0
0,-8,0,45,0
0,-8,0,46,0
0,-8,0,47,0
0,-8,0,48,0
0,-8,0,49,0
0,-8,0,50,0
0,-8,0,51,0
0,-8,0,52,0
0,-8,0,53,0
0,-8,0,54,0
0,-8,0,55,0
0,-8,0,56,0
0,-8,0,57,0
0,-8,0,58,0
0,-8,0,59,0
0,-8,0,60,0
0,-8,0,61,0
0,-8,0,62,0
0,-8,0,63,0
0,-8,0,64,0
0,-8,0,65,0
0,-8,0,66,0
0,-8,0,67,0
0,-8,0,68,0
0,-8,0,69,0
0,-8,0,70,0
0,-8,0,71,0
0,-8,0,72,0
0,-8,0,73,0
0,-8,0,74,0
0,-8,0,75,0
0,-8,0,76,0
0,-8,0,77,0
0,-8,0,78,0
0,-8,0,79,0
0,-8,0,80,0
0,-8,0,81,0
0,-8,0,82,0
0,-8,0,83,0
0,-8,0,84,0
0,-8,0,85,0
0,-8,0,86,0
0,-8,0,87,0
0,-8,0,88,0
0,-8,0,89,0
0,-8,0,90,0
0,-8,0,91,0
0,-8,0,92,0
0,-8,0,93,0
0,-8,0,94,0
0,-8,0,95,0
0,-8,0,96,0
0,-8,0,97,0
0,-8,0,98,0
0,-8,0,99,0
0,-8,0,100,0
0,-8,0,101,0
0,-8,0,102,0
0,-8,0,103,0
0,-8,0,104,0
0,-8,0,105,0
0,-8,0,106,0
0,-8,0,107,0
0,-8,0,108,0
0,-8,0,109,0
0,-8,0,110,0
0,-8,0,111,0
0,-8,1,0,-8
0,-8,1,1,-16
0,-8,1,2,-24
0,-8,1,3,-32
0,-8,1,4,-40
0,-8,1,5,-48
0,-8,1,6,-56
0,-8,1,7,-64
0,-8,1,8,0
0,-8,1,9,0
0,-8,1,10,0
0,-8,1,11,0
0,-8,1,12,0
0,-8,1,13,0
0,-8,1,14,0
0,-8,1,15,0
0,-8,1,16,0
0,-8,1,17,0
0,-8,1,18,0
0,-8,1,19,0
0,-8,1,20,0
0,-8,1,21,0
0,-8,1,22,0
0,-8,1,23,0
0,-8,1,24,0
0,-8,1,25,0
0,-8,1,26,0
0,-8,1,27,0
0,-8,1,28,0
0,-8,1,29,0
0,-8,1,30,0
0,-8,1,31,0
0,-8,1,32,0
0,-8,1,33,0
0,-8,1,34,0
0,-8,1,35,0
0,-8,1,36,0
0,-8,1,37,0
0,-8,1,38,0
0,-8,1,39,0
0,-8,1,40,0
0,-8,1,41,0
0,-8,1,42,0
0,-8,1,43,0
0,-8,1,44,0
0,-8,1,45,0
0,-8,1,46,0
0,-8,1,47,0
0,-8,1,48,0
0,-8,1,49,0
0,-8,1,50,0
0,-8,1,51,0
0,-8,1,52,0
0,-8,1,53,0
0,-8,1,54,0
0,-8,1,55,0
0,-8,1,56,0
0,-8,1,57,0
0,-8,1,58,0
0,-8,1,59,0
0,-8,1,60,0
0,-8,1,61,0
0,-8,1,62,0
0,-8,1,63,0
0,-8,1,64,0
0,-8,1,65,0
0,-8,1,66,0
0,-8,1,67,0
0,-8,1,68,0
0,-8,1,69,0
0,-8,1,70,0
0,-8,1,71,0
0,-8,1,72,0
0,-8,1,73,0
0,-8,1,74,0
0,-8,1,75,0
0,-8,1,76,0
0,-8,1,77,0
0,-8,1,78,0
0,-8,1,79,0
0,-8,1,80,0
0,-8,1,81,0
0,-8,1,82,0
0,-8,1,83,0
0,-8,1,84,0
0,-8,1,85,0
0,-8,1,86,0
0,-8,1,87,0
0,-8,1,88,0
0,-8,1,89,0
0,-8,1,90,0
0,-8,1,91,0
0,-8,1,92,0
0,-8,1,93,0
0,-8,1,94,0
0,-8,1,95,0
0,-8,1,96,0
0,-8,1,97,0
0,-8,1,98,0
0,-8,1,99,0
0,-8,1,100,0
0,-8,1,101,0
0,-8,1,102,0
0,-8,1,103,0
0,-8,1,104,0
0,-8,1,105,0
0,-8,1,106,0
0,-8,1,107,0
0,-8,1,108,0
0,-8,1,109,0
0,-8,1,110,0
0,-8,1,111,0
0,-8,2,0,-8
0,-8,2,1,-16
0,-8,2,2,-24
0,-8,2,3,-32
0,-8,2,4,-40
0,-8,2,5,-48
0,-8,2,6,-56
0,-8,2,7,-64
0,-8,2,8,0
0,-8,2,9,0
0,-8,2,10,0
0,-8,2,11,0
0,-8,2,12,0
0,-8,2,13,0
0,-8,2,14,0
0,-8,2,15,0
0,-8,2,16,0
0,-8,2,17,0
0,-8,2,18,0
0,-8,2,19,0
0,-8,2,20,0
0,-8,2,21,0
0,-8,2,22,0
0,-8,2,23,0
0,-8,2,24,0
0,-8,2,25,0
0,-8,2,26,0
0,-8,2,27,0
0,-8,2,28,0
0,-8,2,29,0
0,-8,2,30,0
0,-8,2,31,0
0,-8,2,32,0
0,-8,2,33,0
0,-8,2,34,0
0,-8,2,35,0
0,-8,2,36,0
0,-8,2,37,0
0,-8,2,38,0
0,-8,2,39,0
0,-8,2,40,0
0,-8,2,41,0
0,-8,2,42,0
0,-8,2,43,0
0,-8,2,44,0
0,-8,2,45,0
0,-8,2,46,0
0,-8,2,47,0
0,-8,2,48,0
0,-8,2,49,0
0,-8,2,50,0
0,-8,2,51,0
0,-8,2,52,0
0,-8,2,53,0
0,-8,2,54,0
0,-8,2,55,0
0,-8,2,56,0
0,-8,2,57,0
0,-8,2,58,0
0,-8,2,59,0
0,-8,2,60,0
0,-8,2,61,0
0,-8,2,62,0
0,-8,2,63,0
0,-8,2,64,0
0,-8,2,65,0
0,-8,2,66,0
0,-8,2,67,0
0,-8,2,68,0
0,-8,2,69,0
0,-8,2,70,0
0,-8,2,71,0
0,-8,2,72,0
0,-8,2,73,0
0,-8,2,74,0
0,-8,2,75,0
0,-8,2,76,0
0,-8,2,77,0
0,-8,2,78,0
0,-8,2,79,0
0,-8,2,80,0
0,-8,2,81,0
0,-8,2,82,0
0,-8,2,83,0
0,-8,2,84,0
0,-8,2,85,0
0,-8,2,86,0
0,-8,2,87,0
0,-8,2,88,0
0,-8,2,89,0
0,-8,2,90,0
0,-8,2,91,0
0,-8,2,92,0
0,-8,2,93,0
0,-8,2,94,0
0,-8,2,95,0
0,-8,2,96,0
0,-8,2,97,0
0,-8,2,98,0
0,-8,2,99,0
0,-8,2,100,0
0,-8,2,101,0
0,-8,2,102,0
0,-8,2,103,0
0,-8,2,104,0
0,-8,2,105,0
0,-8,2,106,0
0,-8,2,107,0
0,-8,2,108,0
0,-8,2,109,0
0,-8,2,110,0
0,-8,2,111,0
0,-8,3,0,-8
0,-8,3,1,-16
0,-8,3,2,-24
0,-8,3,3,-32
0,-8,3,4,-40
0,-8,3,5,-48
0,-8,3,6,-56
0,-8,3,7,-64
0,-8,3,8,0
0,-8,3,9,0
0,-8,3,10,0
0,-8,3,11,0
0,-8,3,12,0
0,-8,3,13,0
0,-8,3,14,0
0,-8,3,15,0
0,-8,3,16,0
0,-8,3,17,0
0,-8,3,18,0
0,-8,3,19,0
0,-8,3,20,0
0,-8,3,21,0
0,-8,3,22,0
0,-8,3,23,0
0,-8,3,24,0
0,-8,3,25,0
0,-8,3,26,0
0,-8,3,27,0
0,-8,3,28,0
0,-8,3,29,0
0,-8,3,30,0
0,-8,3,31,0
0,-8,3,32,0
0,-8,3,33,0
0,-8,3,34,0
0,-8,3,35,0
0,-8,3,36,0
0,-8,3,37,0
0,-8,3,38,0
0,-8,3,39,0
0,-8,3,40,0
0,-8,3,41,0
0,-8,3,42,0
0,-8,3,43,0
0,-8,3,44,0
0,-8,3,45,0
0,-8,3,46,0
0,-8,3,47,0
0,-8,3,48,0
0,-8,3,49,0
0,-8,3,50,0
0,-8,3,51,0
0,-8,3,52,0
0,-8,3,53,0
0,-8,3,54,0
0,-8,3,55,0
0,-8,3,56,0
0,-8,3,57,0
0,-8,3,58,0
0,-8,3,59,0
0,-8,3,60,0
0,-8,3,61,0
0,-8,3,62,0
0,-8,3,63,0
0,-8,3,64,0
0,-8,3,65,0
0,-8,3,66,0
0,-8,3,67,0
0,-8,3,68,0
0,-8,3,69,0
0,-8,3,70,0
0,-8,3,71,0
0,-8,3,72,0
0,-8,3,73,0
0,-8,3,74,0
0,-8,3,75,0
0,-8,3,76,0
0,-8,3,77,0
0,-8,3,78,0
0,-8,3,79,0
0,-8,3,80,0
0,-8,3,81,0
0,-8,3,82,0
0,-8,3,83,0
0,-8,3,84,0
0,-8,3,85,0
0,-8,3,86,0
0,-8,3,87,0
0,-8,3,88,0
0,-8,3,89,0
0,-8,3,90,0
0,-8,3,91,0
0,-8,3,92,0
0,-8,3,93,0
0,-8,3,94,0
0,-8,3,95,0
0,-8,3,96,0
0,-8,3,97,0
0,-8,3,98,0
0,-8,3,99,0
0,-8,3,100,0
0,-8,3,101,0
0,-8,3,102,0
0,-8,3,103,0
0,-8,3,104,0
0,-8,3,105,0
0,-8,3,106,0
0,-8,3,107,0
0,-8,3,108,0
0,-8,3,109,0
0,-8,3,110,0
0,-8,3,111,0
0,-8,4,0,-8
0,-8,4,1,-16
0,-8,4,2,-24
0,-8,4,3,-32
0,-8,4,4,-40
0,-8,4,5,-48
0,-8,4,6,-56
0,-8,4,7,-64
0,-8,4,8,0
0,-8,4,9,0
0,-8,4,10,0
0,-8,4,11,0
0,-8,4,12,0
0,-8,4,13,0
0,-8,4,14,0
0,-8,4,15,0
0,-8,4,16,0
0,-8,4,17,0
0,-8,4,18,0
0,-8,4,19,0
0,-8,4,20,0
0,-8,4,21,0
0,-8,4,22,0
0,-8,4,23,0
0,-8,4,24,0
0,-8,4,25,0
0,-8,4,26,0
0,-8,4,27,0
0,-8,4,28,0
0,-8,4,29,0
0,-8,4,30,0
0,-8,4,31,0
0,-8,4,32,0
0,-8,4,33,0
0,-8,4,34,0
0,-8,4,35,0
0,-8,4,36,0
0,-8,4,37,0
0,-8,4,38,0
0,-8,4,39,0
0,-8,4,40,0
0,-8,4,41,0
0,-8,4,42,0
0,-8,4,43,0
0,-8,4,44,0
0,-8,4,45,0
0,-8,4,46,0
0,-8,4,47,0
0,-8,4,48,0
0,-8,4,49,0
0,-8,4,50,0
0,-8,4,51,0
0,-8,4,52,0
0,-8,4,53,0
0,-8,4,54,0
0,-8,4,55,0
0,-8,4,56,0
0,-8,4,57,0
0,-8,4,58,0
0,-8,4,59,0
0,-8,4,60,0
0,-8,4,61,0
0,-8,4,62,0
0,-8,4,63,0
0,-8,4,64,0
0,-8,4,65,0
0,-8,4,66,0
0,-8,4,67,0
0,-8,4,68,0
0,-8,4,69,0
0,-8,4,70,0
0,-8,4,71,0
0,-8,4,72,0
0,-8,4,73,0
0,-8,4,74,0
0,-8,4,75,0
0,-8,4,76,0
0,-8,4,77,0
0,-8,4,78,0
0,-8,4,79,0
0,-8,4,80,0
0,-8,4,81,0
0,-8,4,82,0
0,-8,4,83,0
0,-8,4,84,0
0,-8,4,85,0
0,-8,4,86,0
0,-8,4,87,0
0,-8,4,88,0
0,-8,4,89,0
0,-8,4,90,0
0,-8,4,91,0
0,-8,4,92,0
0,-8,4,93,0
0,-8,4,94,0
0,-8,4,95,0
0,-8,4,96,0
0,-8,4,97,0
0,-8,4,98,0
0,-8,4,99,0
0,-8,4,100,0
0,-8,4,101,0
0,-8,4,102,0
0,-8,4,103,0
0,-8,4,104,0
0,-8,4,105,0
0,-8,4,106,0
0,-8,4,107,0
0,-8,4,108,0
0,-8,4,109,0
0,-8,4,110,0
0,-8,4,111,0
0,-8,5,0,-8
0,-8,5,1,-16
0,-8,5,2,-24
0,-8,5,3,-32
0,-8,5,4,-40
0,-8,5,5,-48
0,-8,5,6,-56
0,-8,5,7,-64
0,-8,5,8,0
0,-8,5,9,0
0,-8,5,10,0
0,-8,5,11,0
0,-8,5,12,0
0,-8,5,13,0
0,-8,5,14,0
0,-8,5,15,0
0,-8,5,16,0
0,-8,5,17,0
0,-8,5,18,0
0,-8,5,19,0
0,-8,5,20,0
0,-8,5,21,0
0,-8,5,22,0
0,-8,5,23,0
0,-8,5,24,0
0,-8,5,25,0
0,-8,5,26,0
0,-8,5,27,0
0,-8,5,28,0
0,-8,5,29,0
0,-8,5,30,0
0,-8,5,31,0
0,-8,5,32,0
0,-8,5,33,0
0,-8,5,34,0
0,-8,5,35,0
0,-8,5,36,0
0,-8,5,37,0
0,-8,5,38,0
0,-8,5,39,0
0,-8,5,40,0
0,-8,5,41,0
0,-8,5,42,0
0,-8,5,43,0
0,-8,5,44,0
0,-8,5,45,0
0,-8,5,46,0
0,-8,5,47,0
0,-8,5,48,0
0,-8,5,49,0
0,-8,5,50,0
0,-8,5,51,0
0,-8,5,52,0
0,-8,5,53,0
0,-8,5,54,0
0,-8,5,55,0
0,-8,5,56,0
0,-8,5,57,0
0,-8,5,58,0
0,-8,5,59,0
0,-8,5,60,0
0,-8,5,61,0
0,-8,5,62,0
0,-8,5,63,0
0,-8,5,64,0
0,-8,5,65,0
0,-8,5,66,0
0,-8,5,67,0
0,-8,5,68,0
0,-8,5,69,0
0,-8,5,70,0
0,-8,5,71,0
0,-8,5,72,0
0,-8,5,73,0
0,-8,5,74,0
0,-8,5,75,0
0,-8,5,76,0
0,-8,5,77,0
0,-8,5,78,0
0,-8,5,79,0
0,-8,5,80,0
0,-8,5,81,0
0,-8,5,82,0
0,-8,5,83,0
0,-8,5,84,0
0,-8,5,85,0
0,-8,5,86,0
0,-8,5,87,0
0,-8,5,88,0
0,-8,5,89,0
0,-8,5,90,0
0,-8,5,91,0
0,-8,5,92,0
0,-8,5,93,0
0,-8,5,94,0
0,-8,5,95,0
0,-8,5,96,0
0,-8,5,97,0
0,-8,5,98,0
0,-8,5,99,0
0,-8,5,100,0
0,-8,5,101,0
0,-8,5,102,0
0,-8,5,103,0
0,-8,5,104,0
0,-8,5,105,0
0,-8,5,106,0
0,-8,5,107,0
0,-8,5,108,0
0,-8,5,109,0
0,-8,5,110,0
0,-8,5,111,0
0,-8,6,0,-8
0,-8,6,1,-16
0,-8,6,2,-24
0,-8,6,3,-32
0,-8,6,4,-40
0,-8,6,5,-48
0,-8,6,6,-56
0,-8,6,7,-64
0,-8,6,8,0
0,-8,6,9,0
0,-8,6,10,0
0,-8,6,11,0
0,-8,6,12,0
0,-8,6,13,0
0,-8,6,14,0
0,-8,6,15,0
0,-8,6,16,0
0,-8,6,17,0
0,-8,6,18,0
0,-8,6,19,0
0,-8,6,20,0
0,-8,6,21,0
0,-8,6,22,0
0,-8,6,23,0
0,-8,6,24,0
0,-8,6,25,0
0,-8,6,26,0
0,-8,6,27,0
0,-8,6,28,0
0,-8,6,29,0
0,-8,6,30,0
0,-8,6,31,0
0,-8,6,32,0
0,-8,6,33,0
0,-8,6,34,0
0,-8,6,35,0
0,-8,6,36,0
0,-8,6,37,0
0,-8,6,38,0
0,-8,6,39,0
0,-8,6,40,0
0,-8,6,41,0
0,-8,6,42,0
0,-8,6,43,0
0,-8,6,44,0
0,-8,6,45,0
0,-8,6,46,0
0,-8,6,47,0
0,-8,6,48,0
0,-8,6,49,0
0,-8,6,50,0
0,-8,6,51,0
0,-8,6,52,0
0,-8,6,53,0
0,-8,6,54,0
0,-8,6,55,0
0,-8,6,56,0
0,-8,6,57,0
0,-8,6,58,0
0,-8,6,59,0
0,-8,6,60,0
0,-8,6,61,0
0,-8,6,62,0
0,-8,6,63,0
0,-8,6,64,0
0,-8,6,65,0
0,-8,6,66,0
0,-8,6,67,0
0,-8,6,68,0
0,-8,6,69,0
0,-8,6,70,0
0,-8,6,71,0
0,-8,6,72,0
0,-8,6,73,0
0,-8,6,74,0
0,-8,6,75,0
0,-8,6,76,0
0,-8,6,77,0
0,-8,6,78,0
0,-8,6,79,0
0,-8,6,80,0
0,-8,6,81,0
0,-8,6,82,0
0,-8,6,83,0
0,-8,6,84,0
0,-8,6,85,0
0,-8,6,86,0
0,-8,6,87,0
0,-8,6,88,0
0,-8,6,89,0
0,-8,6,90,0
0,-8,6,91,0
0,-8,6,92,0
0,-8,6,93,0
0,-8,6,94,0
0,-8,6,95,0
0,-8,6,96,0
0,-8,6,97,0
0,-8,6,98,0
0,-8,6,99,0
0,-8,6,100,0
0,-8,6,101,0
0,-8,6,102,0
0,-8,6,103,0
0,-8,6,104,0
0,-8,6,105,0
0,-8,6,106,0
0,-8,6,107,0
0,-8,6,108,0
0,-8,6,109,0
0,-8,6,110,0
0,-8,6,111,0
0,-8,7,0,-8
0,-8,7,1,-16
0,-8,7,2,-24
0,-8,7,3,-32
0,-8,7,4,-40
0,-8,7,5,-48
0,-8,7,6,-56
0,-8,7,7,-64
0,-8,7,8,0
0,-8,7,9,0
0,-8,7,10,0
0,-8,7,11,0
0,-8,7,12,0
0,-8,7,13,0
0,-8,7,14,0
0,-8,7,15,0
0,-8,7,16,0
0,-8,7,17,0
0,-8,7,18,0
0,-8,7,19,0
0,-8,7,20,0
0,-8,7,21,0
0,-8,7,22,0
0,-8,7,23,0
0,-8,7,24,0
0,-8,7,25,0
0,-8,7,26,0
0,-8,7,27,0
0,-8,7,28,0
0,-8,7,29,0
0,-8,7,30,0
0,-8,7,31,0
0,-8,7,32,0
0,-8,7,33,0
0,-8,7,34,0
0,-8,7,35,0
0,-8,7,36,0
0,-8,7,37,0
0,-8,7,38,0
0,-8,7,39,0
0,-8,7,40,0
0,-8,7,41,0
0,-8,7,42,0
0,-8,7,43,0
0,-8,7,44,0
0,-8,7,45,0
0,-8,7,46,0
0,-8,7,47,0
0,-8,7,48,0
0,-8,7,49,0
0,-8,7,50,0
0,-8,7,51,0
0,-8,7,52,0
0,-8,7,53,0
0,-8,7,54,0
0,-8,7,55,0
0,-8,7,56,0
0,-8,7,57,0
0,-8,7,58,0
0,-8,7,59,0
0,-8,7,60,0
0,-8,7,61,0
0,-8,7,62,0
0,-8,7,63,0
0,-8,7,64,0
0,-8,7,65,0
0,-8,7,66,0
0,-8,7,67,0
0,-8,7,68,0
0,-8,7,69,0
0,-8,7,70,0
0,-8,7,71,0
0,-8,7,72,0
0,-8,7,73,0
0,-8,7,74,0
0,-8,7,75,0
0,-8,7,76,0
0,-8,7,77,0
0,-8,7,78,0
0,-8,7,79,0
0,-8,7,80,0
0,-8,7,81,0
0,-8,7,82,0
0,-8,7,83,0
0,-8,7,84,0
0,-8,7,85,0
0,-8,7,86,0
0,-8,7,87,0
0,-8,7,88,0
0,-8,7,89,0
0,-8,7,90,0
0,-8,7,91,0
0,-8,7,92,0
0,-8,7,93,0
0,-8,7,94,0
0,-8,7,95,0
0,-8,7,96,0
0,-8,7,97,0
0,-8,7,98,0
0,-8,7,99,0
0,-8,7,100,0
0,-8,7,101,0
0,-8,7,102,0
0,-8,7,103,0
0,-8,7,104,0
0,-8,7,105,0
0,-8,7,106,0
0,-8,7,107,0
0,-8,7,108,0
0,-8,7,109,0
0,-8,7,110,0
0,-8,7,111,0
0,-7,-8,0,-7
0,-7,-8,1,-14
0,-7,-8,2,-21
0,-7,-8,3,-28
0,-7,-8,4,-35
0,-7,-8,5,-42
0,-7,-8,6,-49
0,-7,-8,7,-56
0,-7,-8,8,0
0,-7,-8,9,0
0,-7,-8,10,0
0,-7,-8,11,0
0,-7,-8,12,0
0,-7,-8,13,0
0,-7,-8,14,0
0,-7,-8,15,0
0,-7,-8,16,0
0,-7,-8,17,0
0,-7,-8,18,0
0,-7,-8,19,0
0,-7,-8,20,0
0,-7,-8,21,0
0,-7,-8,22,0
0,-7,-8,23,0
0,-7,-8,24,0
0,-7,-8,25,0
0,-7,-8,26,0
0,-7,-8,27,0
0,-7,-8,28,0
0,-7,-8,29,0
0,-7,-8,30,0
0,-7,-8,31,0
0,-7,-8,32,0
0,-7,-8,33,0
0,-7,-8,34,0
0,-7,-8,35,0
0,-7,-8,36,0
0,-7,-8,37,0
0,-7,-8,38,0
0,-7,-8,39,0
0,-7,-8,40,0
0,-7,-8,41,0
0,-7,-8,42,0
0,-7,-8,43,0
0,-7,-8,44,0
0,-7,-8,45,0
0,-7,-8,46,0
0,-7,-8,47,0
0,-7,-8,48,0
0,-7,-8,49,0
0,-7,-8,50,0
0,-7,-8,51,0
0,-7,-8,52,0
0,-7,-8,53,0
0,-7,-8,54,0
0,-7,-8,55,0
0,-7,-8,56,0
0,-7,-8,57,0
0,-7,-8,58,0
0,-7,-8,59,0
0,-7,-8,60,0
0,-7,-8,61,0
0,-7,-8,62,0
0,-7,-8,63,0
0,-7,-8,64,0
0,-7,-8,65,0
0,-7,-8,66,0
0,-7,-8,67,0
0,-7,-8,68,0
0,-7,-8,69,0
0,-7,-8,70,0
0,-7,-8,71,0
0,-7,-8,72,0
0,-7,-8,73,0
0,-7,-8,74,0
0,-7,-8,75,0
0,-7,-8,76,0
0,-7,-8,77,0
0,-7,-8,78,0
0,-7,-8,79,0
0,-7,-8,80,0
0,-7,-8,81,0
0,-7,-8,82,0
0,-7,-8,83,0
0,-7,-8,84,0
0,-7,-8,85,0
0,-7,-8,86,0
0,-7,-8,87,0
0,-7,-8,88,0
0,-7,-8,89,0
0,-7,-8,90,0
0,-7,-8,91,0
0,-7,-8,92,0
0,-7,-8,93,0
0,-7,-8,94,0
0,-7,-8,95,0
0,-7,-8,96,0
0,-7,-8,97,0
0,-7,-8,98,0
0,-7,-8,99,0
0,-7,-8,100,0
0,-7,-8,101,0
0,-7,-8,102,0
0,-7,-8,103,0
0,-7,-8,104,0
0,-7,-8,105,0
0,-7,-8,106,0
0,-7,-8,107,0
0,-7,-8,108,0
0,-7,-8,109,0
0,-7,-8,110,0
0,-7,-8,111,0
0,-7,-7,0,-7
0,-7,-7,1,-14
0,-7,-7,2,-21
0,-7,-7,3,-28
0,-7,-7,4,-35
0,-7,-7,5,-42
0,-7,-7,6,-49
0,-7,-7,7,-56
0,-7,-7,8,0
0,-7,-7,9,0
0,-7,-7,10,0
0,-7,-7,11,0
0,-7,-7,12,0
0,-7,-7,13,0
0,-7,-7,14,0
0,-7,-7,15,0
0,-7,-7,16,0
0,-7,-7,17,0
0,-7,-7,18,0
0,-7,-7,19,0
0,-7,-7,20,0
0,-7,-7,21,0
0,-7,-7,22,0
0,-7,-7,23,0
0,-7,-7,24,0
0,-7,-7,25,0
0,-7,-7,26,0
0,-7,-7,27,0
0,-7,-7,28,0
0,-7,-7,29,0
0,-7,-7,30,0
0,-7,-7,31,0
0,-7,-7,32,0
0,-7,-7,33,0
0,-7,-7,34,0
0,-7,-7,35,0
0,-7,-7,36,0
0,-7,-7,37,0
0,-7,-7,38,0
0,-7,-7,39,0
0,-7,-7,40,0
0,-7,-7,41,0
0,-7,-7,42,0
0,-7,-7,43,0
0,-7,-7,44,0
0,-7,-7,45,0
0,-7,-7,46,0
0,-7,-7,47,0
0,-7,-7,48,0
0,-7,-7,49,0
0,-7,-7,50,0
0,-7,-7,51,0
0,-7,-7,52,0
0,-7,-7,53,0
0,-7,-7,54,0
0,-7,-7,55,0
0,-7,-7,56,0
0,-7,-7,57,0
0,-7,-7,58,0
0,-7,-7,59,0
0,-7,-7,60,0
0,-7,-7,61,0
0,-7,-7,62,0
0,-7,-7,63,0
0,-7,-7,64,0
0,-7,-7,65,0
0,-7,-7,66,0
0,-7,-7,67,0
0,-7,-7,68,0
0,-7,-7,69,0
0,-7,-7,70,0
0,-7,-7,71,0
0,-7,-7,72,0
0,-7,-7,73,0
0,-7,-7,74,0
0,-7,-7,75,0
0,-7,-7,76,0
0,-7,-7,77,0
0,-7,-7,78,0
0,-7,-7,79,0
0,-7,-7,80,0
0,-7,-7,81,0
0,-7,-7,82,0
0,-7,-7,83,0
0,-7,-7,84,0
0,-7,-7,85,0
0,-7,-7,86,0
0,-7,-7,87,0
0,-7,-7,88,0
0,-7,-7,89,0
0,-7,-7,90,0
0,-7,-7,91,0
0,-7,-7,92,0
0,-7,-7,93,0
0,-7,-7,94,0
0,-7,-7,95,0
0,-7,-7,96,0
0,-7,-7,97,0
0,-7,-7,98,0
0,-7,-7,99,0
0,-7,-7,100,0
0,-7,-7,101,0
0,-7,-7,102,0
0,-7,-7,103,0
0,-7,-7,104,0
0,-7,-7,105,0
0,-7,-7,106,0
0,-7,-7,107,0
0,-7,-7,108,0
0,-7,-7,109,0
0,-7,-7,110,0
0,-7,-7,111,0
0,-7,-6,0,-7
0,-7,-6,1,-14
0,-7,-6,2,-21
0,-7,-6,3,-28
0,-7,-6,4,-35
0,-7,-6,5,-42
0,-7,-6,6,-49
0,-7,-6,7,-56
0,-7,-6,8,0
0,-7,-6,9,0
0,-7,-6,10,0
0,-7,-6,11,0
0,-7,-6,12,0
0,-7,-6,13,0
0,-7,-6,14,0
0,-7,-6,15,0
0,-7,-6,16,0
0,-7,-6,17,0
0,-7,-6,18,0
0,-7,-6,19,0
0,-7,-6,20,0
0,-7,-6,21,0
0,-7,-6,22,0
0,-7,-6,23,0
0,-7,-6,24,0
0,-7,-6,25,0
0,-7,-6,26,0
0,-7,-6,27,0
0,-7,-6,28,0
0,-7,-6,29,0
0,-7,-6,30,0
0,-7,-6,31,0
0,-7,-6,32,0
0,-7,-6,33,0
0,-7,-6,34,0
0,-7,-6,35,0
0,-7,-6,36,0
0,-7,-6,37,0
0,-7,-6,38,0
0,-7,-6,39,0
0,-7,-6,40,0
0,-7,-6,41,0
0,-7,-6,42,0
0,-7,-6,43,0
0,-7,-6,44,0
0,-7,-6,45,0
0,-7,-6,46,0
0,-7,-6,47,0
0,-7,-6,48,0
0,-7,-6,49,0
0,-7,-6,50,0
0,-7,-6,51,0
0,-7,-6,52,0
0,-7,-6,53,0
0,-7,-6,54,0
0,-7,-6,55,0
0,-7,-6,56,0
0,-7,-6,57,0
0,-7,-6,58,0
0,-7,-6,59,0
0,-7,-6,60,0
0,-7,-6,61,0
0,-7,-6,62,0
0,-7,-6,63,0
0,-7,-6,64,0
0,-7,-6,65,0
0,-7,-6,66,0
0,-7,-6,67,0
0,-7,-6,68,0
0,-7,-6,69,0
0,-7,-6,70,0
0,-7,-6,71,0
0,-7,-6,72,0
0,-7,-6,73,0
0,-7,-6,74,0
0,-7,-6,75,0
0,-7,-6,76,0
0,-7,-6,77,0
0,-7,-6,78,0
0,-7,-6,79,0
0,-7,-6,80,0
0,-7,-6,81,0
0,-7,-6,82,0
0,-7,-6,83,0
0,-7,-6,84,0
0,-7,-6,85,0
0,-7,-6,86,0
0,-7,-6,87,0
0,-7,-6,88,0
0,-7,-6,89,0
0,-7,-6,90,0
0,-7,-6,91,0
0,-7,-6,92,0
0,-7,-6,93,0
0,-7,-6,94,0
0,-7,-6,95,0
0,-7,-6,96,0
0,-7,-6,97,0
0,-7,-6,98,0
0,-7,-6,99,0
0,-7,-6,100,0
0,-7,-6,101,0
0,-7,-6,102,0
0,-7,-6,103,0
0,-7,-6,104,0
0,-7,-6,105,0
0,-7,-6,106,0
0,-7,-6,107,0
0,-7,-6,108,0
0,-7,-6,109,0
0,-7,-6,110,0
0,-7,-6,111,0
0,-7,-5,0,-7
0,-7,-5,1,-14
0,-7,-5,2,-21
0,-7,-5,3,-28
0,-7,-5,4,-35
0,-7,-5,5,-42
0,-7,-5,6,-49
0,-7,-5,7,-56
0,-7,-5,8,0
0,-7,-5,9,0
0,-7,-5,10,0
0,-7,-5,11,0
0,-7,-5,12,0
0,-7,-5,13,0
0,-7,-5,14,0
0,-7,-5,15,0
0,-7,-5,16,0
0,-7,-5,17,0
0,-7,-5,18,0
0,-7,-5,19,0
0,-7,-5,20,0
0,-7,-5,21,0
0,-7,-5,22,0
0,-7,-5,23,0
0,-7,-5,24,0
0,-7,-5,25,0
0,-7,-5,26,0
0,-7,-5,27,0
0,-7,-5,28,0
0,-7,-5,29,0
0,-7,-5,30,0
0,-7,-5,31,0
0,-7,-5,32,0
0,-7,-5,33,0
0,-7,-5,34,0
0,-7,-5,35,0
0,-7,-5,36,0
0,-7,-5,37,0
0,-7,-5,38,0
0,-7,-5,39,0
0,-7,-5,40,0
0,-7,-5,41,0
0,-7,-5,42,0
0,-7,-5,43,0
0,-7,-5,44,0
0,-7,-5,45,0
0,-7,-5,46,0
0,-7,-5,47,0
0,-7,-5,48,0
0,-7,-5,49,0
0,-7,-5,50,0
0,-7,-5,51,0
0,-7,-5,52,0
0,-7,-5,53,0
0,-7,-5,54,0
0,-7,-5,55,0
0,-7,-5,56,0
0,-7,-5,57,0
0,-7,-5,58,0
0,-7,-5,59,0
0,-7,-5,60,0
0,-7,-5,61,0
0,-7,-5,62,0
0,-7,-5,63,0
0,-7,-5,64,0
0,-7,-5,65,0
0,-7,-5,66,0
0,-7,-5,67,0
0,-7,-5,68,0
0,-7,-5,69,0
0,-7,-5,70,0
0,-7,-5,71,0
0,-7,-5,72,0
0,-7,-5,73,0
0,-7,-5,74,0
0,-7,-5,75,0
0,-7,-5,76,0
0,-7,-5,77,0
0,-7,-5,78,0
0,-7,-5,79,0
0,-7,-5,80,0
0,-7,-5,81,0
0,-7,-5,82,0
0,-7,-5,83,0
0,-7,-5,84,0
0,-7,-5,85,0
0,-7,-5,86,0
0,-7,-5,87,0
0,-7,-5,88,0
0,-7,-5,89,0
0,-7,-5,90,0
0,-7,-5,91,0
0,-7,-5,92,0
0,-7,-5,93,0
0,-7,-5,94,0
0,-7,-5,95,0
0,-7,-5,96,0
0,-7,-5,97,0
0,-7,-5,98,0
0,-7,-5,99,0
0,-7,-5,100,0
0,-7,-5,101,0
0,-7,-5,102,0
0,-7,-5,103,0
0,-7,-5,104,0
0,-7,-5,105,0
0,-7,-5,106,0
0,-7,-5,107,0
0,-7,-5,108,0
0,-7,-5,109,0
0,-7,-5,110,0
0,-7,-5,111,0
0,-7,-4,0,-7
0,-7,-4,1,-14
0,-7,-4,2,-21
0,-7,-4,3,-28
0,-7,-4,4,-35
0,-7,-4,5,-42
0,-7,-4,6,-49
0,-7,-4,7,-56
0,-7,-4,8,0
0,-7,-4,9,0
0,-7,-4,10,0
0,-7,-4,11,0
0,-7,-4,12,0
0,-7,-4,13,0
0,-7,-4,14,0
0,-7,-4,15,0
0,-7,-4,16,0
0,-7,-4,17,0
0,-7,-4,18,0
0,-7,-4,19,0
0,-7,-4,20,0
0,-7,-4,21,0
0,-7,-4,22,0
0,-7,-4,23,0
0,-7,-4,24,0
0,-7,-4,25,0
0,-7,-4,26,0
0,-7,-4,27,0
0,-7,-4,28,0
0,-7,-4,29,0
0,-7,-4,30,0
0,-7,-4,31,0
0,-7,-4,32,0
0,-7,-4,33,0
0,-7,-4,34,0
0,-7,-4,35,0
0,-7,-4,36,0
0,-7,-4,37,0
0,-7,-4,38,0
0,-7,-4,39,0
0,-7,-4,40,0
0,-7,-4,41,0
0,-7,-4,42,0
0,-7,-4,43,0
0,-7,-4,44,0
0,-7,-4,45,0
0,-7,-4,46,0
0,-7,-4,47,0
0,-7,-4,48,0
0,-7,-4,49,0
0,-7,-4,50,0
0,-7,-4,51,0
0,-7,-4,52,0
0,-7,-4,53,0
0,-7,-4,54,0
0,-7,-4,55,0
0,-7,-4,56,0
0,-7,-4,57,0
0,-7,-4,58,0
0,-7,-4,59,0
0,-7,-4,60,0
0,-7,-4,61,0
0,-7,-4,62,0
0,-7,-4,63,0
0,-7,-4,64,0
0,-7,-4,65,0
0,-7,-4,66,0
0,-7,-4,67,0
0,-7,-4,68,0
0,-7,-4,69,0
0,-7,-4,70,0
0,-7,-4,71,0
0,-7,-4,72,0
0,-7,-4,73,0
0,-7,-4,74,0
0,-7,-4,75,0
0,-7,-4,76,0
0,-7,-4,77,0
0,-7,-4,78,0
0,-7,-4,79,0
0,-7,-4,80,0
0,-7,-4,81,0
0,-7,-4,82,0
0,-7,-4,83,0
0,-7,-4,84,0
0,-7,-4,85,0
0,-7,-4,86,0
0,-7,-4,87,0
0,-7,-4,88,0
0,-7,-4,89,0
0,-7,-4,90,0
0,-7,-4,91,0
0,-7,-4,92,0
0,-7,-4,93,0
0,-7,-4,94,0
0,-7,-4,95,0
0,-7,-4,96,0
0,-7,-4,97,0
0,-7,-4,98,0
0,-7,-4,99,0
0,-7,-4,100,0
0,-7,-4,101,0
0,-7,-4,102,0
0,-7,-4,103,0
0,-7,-4,104,0
0,-7,-4,105,0
0,-7,-4,106,0
0,-7,-4,107,0
0,-7,-4,108,0
0,-7,-4,109,0
0,-7,-4,110,0
0,-7,-4,111,0
0,-7,-3,0,-7
0,-7,-3,1,-14
0,-7,-3,2,-21
0,-7,-3,3,-28
0,-7,-3,4,-35
0,-7,-3,5,-42
0,-7,-3,6,-49
0,-7,-3,7,-56
0,-7,-3,8,0
0,-7,-3,9,0
0,-7,-3,10,0
0,-7,-3,11,0
0,-7,-3,12,0
0,-7,-3,13,0
0,-7,-3,14,0
0,-7,-3,15,0
0,-7,-3,16,0
0,-7,-3,17,0
0,-7,-3,18,0
0,-7,-3,19,0
0,-7,-3,20,0
0,-7,-3,21,0
0,-7,-3,22,0
0,-7,-3,23,0
0,-7,-3,24,0
0,-7,-3,25,0
0,-7,-3,26,0
0,-7,-3,27,0
0,-7,-3,28,0
0,-7,-3,29,0
0,-7,-3,30,0
0,-7,-3,31,0
0,-7,-3,32,0
0,-7,-3,33,0
0,-7,-3,34,0
0,-7,-3,35,0
0,-7,-3,36,0
0,-7,-3,37,0
0,-7,-3,38,0
0,-7,-3,39,0
0,-7,-3,40,0
0,-7,-3,41,0
0,-7,-3,42,0
0,-7,-3,43,0
0,-7,-3,44,0
0,-7,-3,45,0
0,-7,-3,46,0
0,-7,-3,47,0
0,-7,-3,48,0
0,-7,-3,49,0
0,-7,-3,50,0
0,-7,-3,51,0
0,-7,-3,52,0
0,-7,-3,53,0
0,-7,-3,54,0
0,-7,-3,55,0
0,-7,-3,56,0
0,-7,-3,57,0
0,-7,-3,58,0
0,-7,-3,59,0
0,-7,-3,60,0
0,-7,-3,61,0
0,-7,-3,62,0
0,-7,-3,63,0
0,-7,-3,64,0
0,-7,-3,65,0
0,-7,-3,66,0
0,-7,-3,67,0
0,-7,-3,68,0
0,-7,-3,69,0
0,-7,-3,70,0
0,-7,-3,71,0
0,-7,-3,72,0
0,-7,-3,73,0
0,-7,-3,74,0
0,-7,-3,75,0
0,-7,-3,76,0
0,-7,-3,77,0
0,-7,-3,78,0
0,-7,-3,79,0
0,-7,-3,80,0
0,-7,-3,81,0
0,-7,-3,82,0
0,-7,-3,83,0
0,-7,-3,84,0
0,-7,-3,85,0
0,-7,-3,86,0
0,-7,-3,87,0
0,-7,-3,88,0
0,-7,-3,89,0
0,-7,-3,90,0
0,-7,-3,91,0
0,-7,-3,92,0
0,-7,-3,93,0
0,-7,-3,94,0
0,-7,-3,95,0
0,-7,-3,96,0
0,-7,-3,97,0
0,-7,-3,98,0
0,-7,-3,99,0
0,-7,-3,100,0
0,-7,-3,101,0
0,-7,-3,102,0
0,-7,-3,103,0
0,-7,-3,104,0
0,-7,-3,105,0
0,-7,-3,106,0
0,-7,-3,107,0
0,-7,-3,108,0
0,-7,-3,109,0
0,-7,-3,110,0
0,-7,-3,111,0
0,-7,-2,0,-7
0,-7,-2,1,-14
0,-7,-2,2,-21
0,-7,-2,3,-28
0,-7,-2,4,-35
0,-7,-2,5,-42
0,-7,-2,6,-49
0,-7,-2,7,-56
0,-7,-2,8,0
0,-7,-2,9,0
0,-7,-2,10,0
0,-7,-2,11,0
0,-7,-2,12,0
0,-7,-2,13,0
0,-7,-2,14,0
0,-7,-2,15,0
0,-7,-2,16,0
0,-7,-2,17,0
0,-7,-2,18,0
0,-7,-2,19,0
0,-7,-2,20,0
0,-7,-2,21,0
0,-7,-2,22,0
0,-7,-2,23,0
0,-7,-2,24,0
0,-7,-2,25,0
0,-7,-2,26,0
0,-7,-2,27,0
0,-7,-2,28,0
0,-7,-2,29,0
0,-7,-2,30,0
0,-7,-2,31,0
0,-7,-2,32,0
0,-7,-2,33,0
0,-7,-2,34,0
0,-7,-2,35,0
0,-7,-2,36,0
0,-7,-2,37,0
0,-7,-2,38,0
0,-7,-2,39,0
0,-7,-2,40,0
0,-7,-2,41,0
0,-7,-2,42,0
0,-7,-2,43,0
0,-7,-2,44,0
0,-7,-2,45,0
0,-7,-2,46,0
0,-7,-2,47,0
0,-7,-2,48,0
0,-7,-2,49,0
0,-7,-2,50,0
0,-7,-2,51,0
0,-7,-2,52,0
0,-7,-2,53,0
0,-7,-2,54,0
0,-7,-2,55,0
0,-7,-2,56,0
0,-7,-2,57,0
0,-7,-2,58,0
0,-7,-2,59,0
0,-7,-2,60,0
0,-7,-2,61,0
0,-7,-2,62,0
0,-7,-2,63,0
0,-7,-2,64,0
0,-7,-2,65,0
0,-7,-2,66,0
0,-7,-2,67,0
0,-7,-2,68,0
0,-7,-2,69,0
0,-7,-2,70,0
0,-7,-2,71,0
0,-7,-2,72,0
0,-7,-2,73,0
0,-7,-2,74,0
0,-7,-2,75,0
0,-7,-2,76,0
0,-7,-2,77,0
0,-7,-2,78,0
0,-7,-2,79,0
0,-7,-2,80,0
0,-7,-2,81,0
0,-7,-2,82,0
0,-7,-2,83,0
0,-7,-2,84,0
0,-7,-2,85,0
0,-7,-2,86,0
0,-7,-2,87,0
0,-7,-2,88,0
0,-7,-2,89,0
0,-7,-2,90,0
0,-7,-2,91,0
0,-7,-2,92,0
0,-7,-2,93,0
0,-7,-2,94,0
0,-7,-2,95,0
0,-7,-2,96,0
0,-7,-2,97,0
0,-7,-2,98,0
0,-7,-2,99,0
0,-7,-2,100,0
0,-7,-2,101,0
0,-7,-2,102,0
0,-7,-2,103,0
0,-7,-2,104,0
0,-7,-2,105,0
0,-7,-2,106,0
0,-7,-2,107,0
0,-7,-2,108,0
0,-7,-2,109,0
0,-7,-2,110,0
0,-7,-2,111,0
0,-7,-1,0,-7
0,-7,-1,1,-14
0,-7,-1,2,-21
0,-7,-1,3,-28
0,-7,-1,4,-35
0,-7,-1,5,-42
0,-7,-1,6,-49
0,-7,-1,7,-56
0,-7,-1,8,0
0,-7,-1,9,0
0,-7,-1,10,0
0,-7,-1,11,0
0,-7,-1,12,0
0,-7,-1,13,0
0,-7,-1,14,0
0,-7,-1,15,0
0,-7,-1,16,0
0,-7,-1,17,0
0,-7,-1,18,0
0,-7,-1,19,0
0,-7,-1,20,0
0,-7,-1,21,0
0,-7,-1,22,0
0,-7,-1,23,0
0,-7,-1,24,0
0,-7,-1,25,0
0,-7,-1,26,0
0,-7,-1,27,0
0,-7,-1,28,0
0,-7,-1,29,0
0,-7,-1,30,0
0,-7,-1,31,0
0,-7,-1,32,0
0,-7,-1,33,0
0,-7,-1,34,0
0,-7,-1,35,0
0,-7,-1,36,0
0,-7,-1,37,0
0,-7,-1,38,0
0,-7,-1,39,0
0,-7,-1,40,0
0,-7,-1,41,0
0,-7,-1,42,0
0,-7,-1,43,0
0,-7,-1,44,0
0,-7,-1,45,0
0,-7,-1,46,0
0,-7,-1,47,0
0,-7,-1,48,0
0,-7,-1,49,0
0,-7,-1,50,0
0,-7,-1,51,0
0,-7,-1,52,0
0,-7,-1,53,0
0,-7,-1,54,0
0,-7,-1,55,0
0,-7,-1,56,0
0,-7,-1,57,0
0,-7,-1,58,0
0,-7,-1,59,0
0,-7,-1,60,0
0,-7,-1,61,0
0,-7,-1,62,0
0,-7,-1,63,0
0,-7,-1,64,0
0,-7,-1,65,0
0,-7,-1,66,0
0,-7,-1,67,0
0,-7,-1,68,0
0,-7,-1,69,0
0,-7,-1,70,0
0,-7,-1,71,0
0,-7,-1,72,0
0,-7,-1,73,0
0,-7,-1,74,0
0,-7,-1,75,0
0,-7,-1,76,0
0,-7,-1,77,0
0,-7,-1,78,0
0,-7,-1,79,0
0,-7,-1,80,0
0,-7,-1,81,0
0,-7,-1,82,0
0,-7,-1,83,0
0,-7,-1,84,0
0,-7,-1,85,0
0,-7,-1,86,0
0,-7,-1,87,0
0,-7,-1,88,0
0,-7,-1,89,0
0,-7,-1,90,0
0,-7,-1,91,0
0,-7,-1,92,0
0,-7,-1,93,0
0,-7,-1,94,0
0,-7,-1,95,0
0,-7,-1,96,0
0,-7,-1,97,0
0,-7,-1,98,0
0,-7,-1,99,0
0,-7,-1,100,0
0,-7,-1,101,0
0,-7,-1,102,0
0,-7,-1,103,0
0,-7,-1,104,0
0,-7,-1,105,0
0,-7,-1,106,0
0,-7,-1,107,0
0,-7,-1,108,0
0,-7,-1,109,0
0,-7,-1,110,0
0,-7,-1,111,0
0,-7,0,0,-7
0,-7,0,1,-14
0,-7,0,2,-21
0,-7,0,3,-28
0,-7,0,4,-35
0,-7,0,5,-42
0,-7,0,6,-49
0,-7,0,7,-56
0,-7,0,8,0
0,-7,0,9,0
0,-7,0,10,0
0,-7,0,11,0
0,-7,0,12,0
0,-7,0,13,0
0,-7,0,14,0
0,-7,0,15,0
0,-7,0,16,0
0,-7,0,17,0
0,-7,0,18,0
0,-7,0,19,0
0,-7,0,20,0
0,-7,0,21,0
0,-7,0,22,0
0,-7,0,23,0
0,-7,0,24,0
0,-7,0,25,0
0,-7,0,26,0
0,-7,0,27,0
0,-7,0,28,0
0,-7,0,29,0
0,-7,0,30,0
0,-7,0,31,0
0,-7,0,32,0
0,-7,0,33,0
0,-7,0,34,0
0,-7,0,35,0
0,-7,0,36,0
0,-7,0,37,0
0,-7,0,38,0
0,-7,0,39,0
0,-7,0,40,0
0,-7,0,41,0
0,-7,0,42,0
0,-7,0,43,0
0,-7,0,44,0
0,-7,0,45,0
0,-7,0,46,0
0,-7,0,47,0
0,-7,0,48,0
0,-7,0,49,0
0,-7,0,50,0
0,-7,0,51,0
0,-7,0,52,0
0,-7,0,53,0
0,-7,0,54,0
0,-7,0,55,0
0,-7,0,56,0
0,-7,0,57,0
0,-7,0,58,0
0,-7,0,59,0
0,-7,0,60,0
0,-7,0,61,0
0,-7,0,62,0
0,-7,0,63,0
0,-7,0,64,0
0,-7,0,65,0
0,-7,0,66,0
0,-7,0,67,0
0,-7,0,68,0
0,-7,0,69,0
0,-7,0,70,0
0,-7,0,71,0
0,-7,0,72,0
0,-7,0,73,0
0,-7,0,74,0
0,-7,0,75,0
0,-7,0,76,0
0,-7,0,77,0
0,-7,0,78,0
0,-7,0,79,0
0,-7,0,80,0
0,-7,0,81,0
0,-7,0,82,0
0,-7,0,83,0
0,-7,0,84,0
0,-7,0,85,0
0,-7,0,86,0
0,-7,0,87,0
0,-7,0,88,0
0,-7,0,89,0
0,-7,0,90,0
0,-7,0,91,0
0,-7,0,92,0
0,-7,0,93,0
0,-7,0,94,0
0,-7,0,95,0
0,-7,0,96,0
0,-7,0,97,0
0,-7,0,98,0
0,-7,0,99,0
0,-7,0,100,0
0,-7,0,101,0
0,-7,0,102,0
0,-7,0,103,0
0,-7,0,104,0
0,-7,0,105,0
0,-7,0,106,0
0,-7,0,107,0
0,-7,0,108,0
0,-7,0,109,0
0,-7,0,110,0
0,-7,0,111,0
0,-7,1,0,-7
0,-7,1,1,-14
0,-7,1,2,-21
0,-7,1,3,-28
0,-7,1,4,-35
0,-7,1,5,-42
0,-7,1,6,-49
0,-7,1,7,-56
0,-7,1,8,0
0,-7,1,9,0
0,-7,1,10,0
0,-7,1,11,0
0,-7,1,12,0
0,-7,1,13,0
0,-7,1,14,0
0,-7,1,15,0
0,-7,1,16,0
0,-7,1,17,0
0,-7,1,18,0
0,-7,1,19,0
0,-7,1,20,0
0,-7,1,21,0
0,-7,1,22,0
0,-7,1,23,0
0,-7,1,24,0
0,-7,1,25,0
0,-7,1,26,0
0,-7,1,27,0
0,-7,1,28,0
0,-7,1,29,0
0,-7,1,30,0
0,-7,1,31,0
0,-7,1,32,0
0,-7,1,33,0
0,-7,1,34,0
0,-7,1,35,0
0,-7,1,36,0
0,-7,1,37,0
0,-7,1,38,0
0,-7,1,39,0
0,-7,1,40,0
0,-7,1,41,0
0,-7,1,42,0
0,-7,1,43,0
0,-7,1,44,0
0,-7,1,45,0
0,-7,1,46,0
0,-7,1,47,0
0,-7,1,48,0
0,-7,1,49,0
0,-7,1,50,0
0,-7,1,51,0
0,-7,1,52,0
0,-7,1,53,0
0,-7,1,54,0
0,-7,1,55,0
0,-7,1,56,0
0,-7,1,57,0
0,-7,1,58,0
0,-7,1,59,0
0,-7,1,60,0
0,-7,1,61,0
0,-7,1,62,0
0,-7,1,63,0
0,-7,1,64,0
0,-7,1,65,0
0,-7,1,66,0
0,-7,1,67,0
0,-7,1,68,0
0,-7,1,69,0
0,-7,1,70,0
0,-7,1,71,0
0,-7,1,72,0
0,-7,1,73,0
0,-7,1,74,0
0,-7,1,75,0
0,-7,1,76,0
0,-7,1,77,0
0,-7,1,78,0
0,-7,1,79,0
0,-7,1,80,0
0,-7,1,81,0
0,-7,1,82,0
0,-7,1,83,0
0,-7,1,84,0
0,-7,1,85,0
0,-7,1,86,0
0,-7,1,87,0
0,-7,1,88,0
0,-7,1,89,0
0,-7,1,90,0
0,-7,1,91,0
0,-7,1,92,0
0,-7,1,93,0
0,-7,1,94,0
0,-7,1,95,0
0,-7,1,96,0
0,-7,1,97,0
0,-7,1,98,0
0,-7,1,99,0
0,-7,1,100,0
0,-7,1,101,0
0,-7,1,102,0
0,-7,1,103,0
0,-7,1,104,0
0,-7,1,105,0
0,-7,1,106,0
0,-7,1,107,0
0,-7,1,108,0
0,-7,1,109,0
0,-7,1,110,0
0,-7,1,111,0
0,-7,2,0,-7
0,-7,2,1,-14
0,-7,2,2,-21
0,-7,2,3,-28
0,-7,2,4,-35
0,-7,2,5,-42
0,-7,2,6,-49
0,-7,2,7,-56
0,-7,2,8,0
0,-7,2,9,0
0,-7,2,10,0
0,-7,2,11,0
0,-7,2,12,0
0,-7,2,13,0
0,-7,2,14,0
0,-7,2,15,0
0,-7,2,16,0
0,-7,2,17,0
0,-7,2,18,0
0,-7,2,19,0
0,-7,2,20,0
0,-7,2,21,0
0,-7,2,22,0
0,-7,2,23,0
0,-7,2,24,0
0,-7,2,25,0
0,-7,2,26,0
0,-7,2,27,0
0,-7,2,28,0
0,-7,2,29,0
0,-7,2,30,0
0,-7,2,31,0
0,-7,2,32,0
0,-7,2,33,0
0,-7,2,34,0
0,-7,2,35,0
0,-7,2,36,0
0,-7,2,37,0
0,-7,2,38,0
0,-7,2,39,0
0,-7,2,40,0
0,-7,2,41,0
0,-7,2,42,0
0,-7,2,43,0
0,-7,2,44,0
0,-7,2,45,0
0,-7,2,46,0
0,-7,2,47,0
0,-7,2,48,0
0,-7,2,49,0
0,-7,2,50,0
0,-7,2,51,0
0,-7,2,52,0
0,-7,2,53,0
0,-7,2,54,0
0,-7,2,55,0
0,-7,2,56,0
0,-7,2,57,0
0,-7,2,58,0
0,-7,2,59,0
0,-7,2,60,0
0,-7,2,61,0
0,-7,2,62,0
0,-7,2,63,0
0,-7,2,64,0
0,-7,2,65,0
0,-7,2,66,0
0,-7,2,67,0
0,-7,2,68,0
0,-7,2,69,0
0,-7,2,70,0
0,-7,2,71,0
0,-7,2,72,0
0,-7,2,73,0
0,-7,2,74,0
0,-7,2,75,0
0,-7,2,76,0
0,-7,2,77,0
0,-7,2,78,0
0,-7,2,79,0
0,-7,2,80,0
0,-7,2,81,0
0,-7,2,82,0
0,-7,2,83,0
0,-7,2,84,0
0,-7,2,85,0
0,-7,2,86,0
0,-7,2,87,0
0,-7,2,88,0
0,-7,2,89,0
0,-7,2,90,0
0,-7,2,91,0
0,-7,2,92,0
0,-7,2,93,0
0,-7,2,94,0
0,-7,2,95,0
0,-7,2,96,0
0,-7,2,97,0
0,-7,2,98,0
0,-7,2,99,0
0,-7,2,100,0
0,-7,2,101,0
0,-7,2,102,0
0,-7,2,103,0
0,-7,2,104,0
0,-7,2,105,0
0,-7,2,106,0
0,-7,2,107,0
0,-7,2,108,0
0,-7,2,109,0
0,-7,2,110,0
0,-7,2,111,0
0,-7,3,0,-7
0,-7,3,1,-14
0,-7,3,2,-21
0,-7,3,3,-28
0,-7,3,4,-35
0,-7,3,5,-42
0,-7,3,6,-49
0,-7,3,7,-56
0,-7,3,8,0
0,-7,3,9,0
0,-7,3,10,0
0,-7,3,11,0
0,-7,3,12,0
0,-7,3,13,0
0,-7,3,14,0
0,-7,3,15,0
0,-7,3,16,0
0,-7,3,17,0
0,-7,3,18,0
0,-7,3,19,0
0,-7,3,20,0
0,-7,3,21,0
0,-7,3,22,0
0,-7,3,23,0
0,-7,3,24,0
0,-7,3,25,0
0,-7,3,26,0
0,-7,3,27,0
0,-7,3,28,0
0,-7,3,29,0
0,-7,3,30,0
0,-7,3,31,0
0,-7,3,32,0
0,-7,3,33,0
0,-7,3,34,0
0,-7,3,35,0
0,-7,3,36,0
0,-7,3,37,0
0,-7,3,38,0
0,-7,3,39,0
0,-7,3,40,0
0,-7,3,41,0
0,-7,3,42,0
0,-7,3,43,0
0,-7,3,44,0
0,-7,3,45,0
0,-7,3,46,0
0,-7,3,47,0
0,-7,3,48,0
0,-7,3,49,0
0,-7,3,50,0
0,-7,3,51,0
0,-7,3,52,0
0,-7,3,53,0
0,-7,3,54,0
0,-7,3,55,0
0,-7,3,56,0
0,-7,3,57,0
0,-7,3,58,0
0,-7,3,59,0
0,-7,3,60,0
0,-7,3,61,0
0,-7,3,62,0
0,-7,3,63,0
0,-7,3,64,0
0,-7,3,65,0
0,-7,3,66,0
0,-7,3,67,0
0,-7,3,68,0
0,-7,3,69,0
0,-7,3,70,0
0,-7,3,71,0
0,-7,3,72,0
0,-7,3,73,0
0,-7,3,74,0
0,-7,3,75,0
0,-7,3,76,0
0,-7,3,77,0
0,-7,3,78,0
0,-7,3,79,0
0,-7,3,80,0
0,-7,3,81,0
0,-7,3,82,0
0,-7,3,83,0
0,-7,3,84,0
0,-7,3,85,0
0,-7,3,86,0
0,-7,3,87,0
0,-7,3,88,0
0,-7,3,89,0
0,-7,3,90,0
0,-7,3,91,0
0,-7,3,92,0
0,-7,3,93,0
0,-7,3,94,0
0,-7,3,95,0
0,-7,3,96,0
0,-7,3,97,0
0,-7,3,98,0
0,-7,3,99,0
0,-7,3,100,0
0,-7,3,101,0
0,-7,3,102,0
0,-7,3,103,0
0,-7,3,104,0
0,-7,3,105,0
0,-7,3,106,0
0,-7,3,107,0
0,-7,3,108,0
0,-7,3,109,0
0,-7,3,110,0
0,-7,3,111,0
0,-7,4,0,-7
0,-7,4,1,-14
0,-7,4,2,-21
0,-7,4,3,-28
0,-7,4,4,-35
0,-7,4,5,-42
0,-7,4,6,-49
0,-7,4,7,-56
0,-7,4,8,0
0,-7,4,9,0
0,-7,4,10,0
0,-7,4,11,0
0,-7,4,12,0
0,-7,4,13,0
0,-7,4,14,0
0,-7,4,15,0
0,-7,4,16,0
0,-7,4,17,0
0,-7,4,18,0
0,-7,4,19,0
0,-7,4,20,0
0,-7,4,21,0
0,-7,4,22,0
0,-7,4,23,0
0,-7,4,24,0
0,-7,4,25,0
0,-7,4,26,0
0,-7,4,27,0
0,-7,4,28,0
0,-7,4,29,0
0,-7,4,30,0
0,-7,4,31,0
0,-7,4,32,0
0,-7,4,33,0
0,-7,4,34,0
0,-7,4,35,0
0,-7,4,36,0
0,-7,4,37,0
0,-7,4,38,0
0,-7,4,39,0
0,-7,4,40,0
0,-7,4,41,0
0,-7,4,42,0
0,-7,4,43,0
0,-7,4,44,0
0,-7,4,45,0
0,-7,4,46,0
0,-7,4,47,0
0,-7,4,48,0
0,-7,4,49,0
0,-7,4,50,0
0,-7,4,51,0
0,-7,4,52,0
0,-7,4,53,0
0,-7,4,54,0
0,-7,4,55,0
0,-7,4,56,0
0,-7,4,57,0
0,-7,4,58,0
0,-7,4,59,0
0,-7,4,60,0
0,-7,4,61,0
0,-7,4,62,0
0,-7,4,63,0
0,-7,4,64,0
0,-7,4,65,0
0,-7,4,66,0
0,-7,4,67,0
0,-7,4,68,0
0,-7,4,69,0
0,-7,4,70,0
0,-7,4,71,0
0,-7,4,72,0
0,-7,4,73,0
0,-7,4,74,0
0,-7,4,75,0
0,-7,4,76,0
0,-7,4,77,0
0,-7,4,78,0
0,-7,4,79,0
0,-7,4,80,0
0,-7,4,81,0
0,-7,4,82,0
0,-7,4,83,0
0,-7,4,84,0
0,-7,4,85,0
0,-7,4,86,0
0,-7,4,87,0
0,-7,4,88,0
0,-7,4,89,0
0,-7,4,90,0
0,-7,4,91,0
0,-7,4,92,0
0,-7,4,93,0
0,-7,4,94,0
0,-7,4,95,0
0,-7,4,96,0
0,-7,4,97,0
0,-7,4,98,0
0,-7,4,99,0
0,-7,4,100,0
0,-7,4,101,0
0,-7,4,102,0
0,-7,4,103,0
0,-7,4,104,0
0,-7,4,105,0
0,-7,4,106,0
0,-7,4,107,0
0,-7,4,108,0
0,-7,4,109,0
0,-7,4,110,0
0,-7,4,111,0
0,-7,5,0,-7
0,-7,5,1,-14
0,-7,5,2,-21
0,-7,5,3,-28
0,-7,5,4,-35
0,-7,5,5,-42
0,-7,5,6,-49
0,-7,5,7,-56
0,-7,5,8,0
0,-7,5,9,0
0,-7,5,10,0
0,-7,5,11,0
0,-7,5,12,0
0,-7,5,13,0
0,-7,5,14,0
0,-7,5,15,0
0,-7,5,16,0
0,-7,5,17,0
0,-7,5,18,0
0,-7,5,19,0
0,-7,5,20,0
0,-7,5,21,0
0,-7,5,22,0
0,-7,5,23,0
0,-7,5,24,0
0,-7,5,25,0
0,-7,5,26,0
0,-7,5,27,0
0,-7,5,28,0
0,-7,5,29,0
0,-7,5,30,0
0,-7,5,31,0
0,-7,5,32,0
0,-7,5,33,0
0,-7,5,34,0
0,-7,5,35,0
0,-7,5,36,0
0,-7,5,37,0
0,-7,5,38,0
0,-7,5,39,0
0,-7,5,40,0
0,-7,5,41,0
0,-7,5,42,0
0,-7,5,43,0
0,-7,5,44,0
0,-7,5,45,0
0,-7,5,46,0
0,-7,5,47,0
0,-7,5,48,0
0,-7,5,49,0
0,-7,5,50,0
0,-7,5,51,0
0,-7,5,52,0
0,-7,5,53,0
0,-7,5,54,0
0,-7,5,55,0
0,-7,5,56,0
0,-7,5,57,0
0,-7,5,58,0
0,-7,5,59,0
0,-7,5,60,0
0,-7,5,61,0
0,-7,5,62,0
0,-7,5,63,0
0,-7,5,64,0
0,-7,5,65,0
0,-7,5,66,0
0,-7,5,67,0
0,-7,5,68,0
0,-7,5,69,0
0,-7,5,70,0
0,-7,5,71,0
0,-7,5,72,0
0,-7,5,73,0
0,-7,5,74,0
0,-7,5,75,0
0,-7,5,76,0
0,-7,5,77,0
0,-7,5,78,0
0,-7,5,79,0
0,-7,5,80,0
0,-7,5,81,0
0,-7,5,82,0
0,-7,5,83,0
0,-7,5,84,0
0,-7,5,85,0
0,-7,5,86,0
0,-7,5,87,0
0,-7,5,88,0
0,-7,5,89,0
0,-7,5,90,0
0,-7,5,91,0
0,-7,5,92,0
0,-7,5,93,0
0,-7,5,94,0
0,-7,5,95,0
0,-7,5,96,0
0,-7,5,97,0
0,-7,5,98,0
0,-7,5,99,0
0,-7,5,100,0
0,-7,5,101,0
0,-7,5,102,0
0,-7,5,103,0
0,-7,5,104,0
0,-7,5,105,0
0,-7,5,106,0
0,-7,5,107,0
0,-7,5,108,0
0,-7,5,109,0
0,-7,5,110,0
0,-7,5,111,0
0,-7,6,0,-7
0,-7,6,1,-14
0,-7,6,2,-21
0,-7,6,3,-28
0,-7,6,4,-35
0,-7,6,5,-42
0,-7,6,6,-49
0,-7,6,7,-56
0,-7,6,8,0
0,-7,6,9,0
0,-7,6,10,0
0,-7,6,11,0
0,-7,6,12,0
0,-7,6,13,0
0,-7,6,14,0
0,-7,6,15,0
0,-7,6,16,0
0,-7,6,17,0
0,-7,6,18,0
0,-7,6,19,0
0,-7,6,20,0
0,-7,6,21,0
0,-7,6,22,0
0,-7,6,23,0
0,-7,6,24,0
0,-7,6,25,0
0,-7,6,26,0
0,-7,6,27,0
0,-7,6,28,0
0,-7,6,29,0
0,-7,6,30,0
0,-7,6,31,0
0,-7,6,32,0
0,-7,6,33,0
0,-7,6,34,0
0,-7,6,35,0
0,-7,6,36,0
0,-7,6,37,0
0,-7,6,38,0
0,-7,6,39,0
0,-7,6,40,0
0,-7,6,41,0
0,-7,6,42,0
0,-7,6,43,0
0,-7,6,44,0
0,-7,6,45,0
0,-7,6,46,0
0,-7,6,47,0
0,-7,6,48,0
0,-7,6,49,0
0,-7,6,50,0
0,-7,6,51,0
0,-7,6,52,0
0,-7,6,53,0
0,-7,6,54,0
0,-7,6,55,0
0,-7,6,56,0
0,-7,6,57,0
0,-7,6,58,0
0,-7,6,59,0
0,-7,6,60,0
0,-7,6,61,0
0,-7,6,62,0
0,-7,6,63,0
0,-7,6,64,0
0,-7,6,65,0
0,-7,6,66,0
0,-7,6,67,0
0,-7,6,68,0
0,-7,6,69,0
0,-7,6,70,0
0,-7,6,71,0
0,-7,6,72,0
0,-7,6,73,0
0,-7,6,74,0
0,-7,6,75,0
0,-7,6,76,0
0,-7,6,77,0
0,-7,6,78,0
0,-7,6,79,0
0,-7,6,80,0
0,-7,6,81,0
0,-7,6,82,0
0,-7,6,83,0
0,-7,6,84,0
0,-7,6,85,0
0,-7,6,86,0
0,-7,6,87,0
0,-7,6,88,0
0,-7,6,89,0
0,-7,6,90,0
0,-7,6,91,0
0,-7,6,92,0
0,-7,6,93,0
0,-7,6,94,0
0,-7,6,95,0
0,-7,6,96,0
0,-7,6,97,0
0,-7,6,98,0
0,-7,6,99,0
0,-7,6,100,0
0,-7,6,101,0
0,-7,6,102,0
0,-7,6,103,0
0,-7,6,104,0
0,-7,6,105,0
0,-7,6,106,0
0,-7,6,107,0
0,-7,6,108,0
0,-7,6,109,0
0,-7,6,110,0
0,-7,6,111,0
0,-7,7,0,-7
0,-7,7,1,-14
0,-7,7,2,-21
0,-7,7,3,-28
0,-7,7,4,-35
0,-7,7,5,-42
0,-7,7,6,-49
0,-7,7,7,-56
0,-7,7,8,0
0,-7,7,9,0
0,-7,7,10,0
0,-7,7,11,0
0,-7,7,12,0
0,-7,7,13,0
0,-7,7,14,0
0,-7,7,15,0
0,-7,7,16,0
0,-7,7,17,0
0,-7,7,18,0
0,-7,7,19,0
0,-7,7,20,0
0,-7,7,21,0
0,-7,7,22,0
0,-7,7,23,0
0,-7,7,24,0
0,-7,7,25,0
0,-7,7,26,0
0,-7,7,27,0
0,-7,7,28,0
0,-7,7,29,0
0,-7,7,30,0
0,-7,7,31,0
0,-7,7,32,0
0,-7,7,33,0
0,-7,7,34,0
0,-7,7,35,0
0,-7,7,36,0
0,-7,7,37,0
0,-7,7,38,0
0,-7,7,39,0
0,-7,7,40,0
0,-7,7,41,0
0,-7,7,42,0
0,-7,7,43,0
0,-7,7,44,0
0,-7,7,45,0
0,-7,7,46,0
0,-7,7,47,0
0,-7,7,48,0
0,-7,7,49,0
0,-7,7,50,0
0,-7,7,51,0
0,-7,7,52,0
0,-7,7,53,0
0,-7,7,54,0
0,-7,7,55,0
0,-7,7,56,0
0,-7,7,57,0
0,-7,7,58,0
0,-7,7,59,0
0,-7,7,60,0
0,-7,7,61,0
0,-7,7,62,0
0,-7,7,63,0
0,-7,7,64,0
0,-7,7,65,0
0,-7,7,66,0
0,-7,7,67,0
0,-7,7,68,0
0,-7,7,69,0
0,-7,7,70,0
0,-7,7,71,0
0,-7,7,72,0
0,-7,7,73,0
0,-7,7,74,0
0,-7,7,75,0
0,-7,7,76,0
0,-7,7,77,0
0,-7,7,78,0
0,-7,7,79,0
0,-7,7,80,0
0,-7,7,81,0
0,-7,7,82,0
0,-7,7,83,0
0,-7,7,84,0
0,-7,7,85,0
0,-7,7,86,0
0,-7,7,87,0
0,-7,7,88,0
0,-7,7,89,0
0,-7,7,90,0
0,-7,7,91,0
0,-7,7,92,0
0,-7,7,93,0
0,-7,7,94,0
0,-7,7,95,0
0,-7,7,96,0
0,-7,7,97,0
0,-7,7,98,0
0,-7,7,99,0
0,-7,7,100,0
0,-7,7,101,0
0,-7,7,102,0
0,-7,7,103,0
0,-7,7,104,0
0,-7,7,105,0
0,-7,7,106,0
0,-7,7,107,0
0,-7,7,108,0
0,-7,7,109,0
0,-7,7,110,0
0,-7,7,111,0
0,-6,-8,0,-6
0,-6,-8,1,-12
0,-6,-8,2,-18
0,-6,-8,3,-24
0,-6,-8,4,-30
0,-6,-8,5,-36
0,-6,-8,6,-42
0,-6,-8,7,-48
0,-6,-8,8,0
0,-6,-8,9,0
0,-6,-8,10,0
0,-6,-8,11,0
0,-6,-8,12,0
0,-6,-8,13,0
0,-6,-8,14,0
0,-6,-8,15,0
0,-6,-8,16,0
0,-6,-8,17,0
0,-6,-8,18,0
0,-6,-8,19,0
0,-6,-8,20,0
0,-6,-8,21,0
0,-6,-8,22,0
0,-6,-8,23,0
0,-6,-8,24,0
0,-6,-8,25,0
0,-6,-8,26,0
0,-6,-8,27,0
0,-6,-8,28,0
0,-6,-8,29,0
0,-6,-8,30,0
0,-6,-8,31,0
0,-6,-8,32,0
0,-6,-8,33,0
0,-6,-8,34,0
0,-6,-8,35,0
0,-6,-8,36,0
0,-6,-8,37,0
0,-6,-8,38,0
0,-6,-8,39,0
0,-6,-8,40,0
0,-6,-8,41,0
0,-6,-8,42,0
0,-6,-8,43,0
0,-6,-8,44,0
0,-6,-8,45,0
0,-6,-8,46,0
0,-6,-8,47,0
0,-6,-8,48,0
0,-6,-8,49,0
0,-6,-8,50,0
0,-6,-8,51,0
0,-6,-8,52,0
0,-6,-8,53,0
0,-6,-8,54,0
0,-6,-8,55,0
0,-6,-8,56,0
0,-6,-8,57,0
0,-6,-8,58,0
0,-6,-8,59,0
0,-6,-8,60,0
0,-6,-8,61,0
0,-6,-8,62,0
0,-6,-8,63,0
0,-6,-8,64,0
0,-6,-8,65,0
0,-6,-8,66,0
0,-6,-8,67,0
0,-6,-8,68,0
0,-6,-8,69,0
0,-6,-8,70,0
0,-6,-8,71,0
0,-6,-8,72,0
0,-6,-8,73,0
0,-6,-8,74,0
0,-6,-8,75,0
0,-6,-8,76,0
0,-6,-8,77,0
0,-6,-8,78,0
0,-6,-8,79,0
0,-6,-8,80,0
0,-6,-8,81,0
0,-6,-8,82,0
0,-6,-8,83,0
0,-6,-8,84,0
0,-6,-8,85,0
0,-6,-8,86,0
0,-6,-8,87,0
0,-6,-8,88,0
0,-6,-8,89,0
0,-6,-8,90,0
0,-6,-8,91,0
0,-6,-8,92,0
0,-6,-8,93,0
0,-6,-8,94,0
0,-6,-8,95,0
0,-6,-8,96,0
0,-6,-8,97,0
0,-6,-8,98,0
0,-6,-8,99,0
0,-6,-8,100,0
0,-6,-8,101,0
0,-6,-8,102,0
0,-6,-8,103,0
0,-6,-8,104,0
0,-6,-8,105,0
0,-6,-8,106,0
0,-6,-8,107,0
0,-6,-8,108,0
0,-6,-8,109,0
0,-6,-8,110,0
0,-6,-8,111,0
0,-6,-7,0,-6
0,-6,-7,1,-12
0,-6,-7,2,-18
0,-6,-7,3,-24
0,-6,-7,4,-30
0,-6,-7,5,-36
0,-6,-7,6,-42
0,-6,-7,7,-48
0,-6,-7,8,0
0,-6,-7,9,0
0,-6,-7,10,0
0,-6,-7,11,0
0,-6,-7,12,0
0,-6,-7,13,0
0,-6,-7,14,0
0,-6,-7,15,0
0,-6,-7,16,0
0,-6,-7,17,0
0,-6,-7,18,0
0,-6,-7,19,0
0,-6,-7,20,0
0,-6,-7,21,0
0,-6,-7,22,0
0,-6,-7,23,0
0,-6,-7,24,0
0,-6,-7,25,0
0,-6,-7,26,0
0,-6,-7,27,0
0,-6,-7,28,0
0,-6,-7,29,0
0,-6,-7,30,0
0,-6,-7,31,0
0,-6,-7,32,0
0,-6,-7,33,0
0,-6,-7,34,0
0,-6,-7,35,0
0,-6,-7,36,0
0,-6,-7,37,0
0,-6,-7,38,0
0,-6,-7,39,0
0,-6,-7,40,0
0,-6,-7,41,0
0,-6,-7,42,0
0,-6,-7,43,0
0,-6,-7,44,0
0,-6,-7,45,0
0,-6,-7,46,0
0,-6,-7,47,0
0,-6,-7,48,0
0,-6,-7,49,0
0,-6,-7,50,0
0,-6,-7,51,0
0,-6,-7,52,0
0,-6,-7,53,0
0,-6,-7,54,0
0,-6,-7,55,0
0,-6,-7,56,0
0,-6,-7,57,0
0,-6,-7,58,0
0,-6,-7,59,0
0,-6,-7,60,0
0,-6,-7,61,0
0,-6,-7,62,0
0,-6,-7,63,0
0,-6,-7,64,0
0,-6,-7,65,0
0,-6,-7,66,0
0,-6,-7,67,0
0,-6,-7,68,0
0,-6,-7,69,0
0,-6,-7,70,0
0,-6,-7,71,0
0,-6,-7,72,0
0,-6,-7,73,0
0,-6,-7,74,0
0,-6,-7,75,0
0,-6,-7,76,0
0,-6,-7,77,0
0,-6,-7,78,0
0,-6,-7,79,0
0,-6,-7,80,0
0,-6,-7,81,0
0,-6,-7,82,0
0,-6,-7,83,0
0,-6,-7,84,0
0,-6,-7,85,0
0,-6,-7,86,0
0,-6,-7,87,0
0,-6,-7,88,0
0,-6,-7,89,0
0,-6,-7,90,0
0,-6,-7,91,0
0,-6,-7,92,0
0,-6,-7,93,0
0,-6,-7,94,0
0,-6,-7,95,0
0,-6,-7,96,0
0,-6,-7,97,0
0,-6,-7,98,0
0,-6,-7,99,0
0,-6,-7,100,0
0,-6,-7,101,0
0,-6,-7,102,0
0,-6,-7,103,0
0,-6,-7,104,0
0,-6,-7,105,0
0,-6,-7,106,0
0,-6,-7,107,0
0,-6,-7,108,0
0,-6,-7,109,0
0,-6,-7,110,0
0,-6,-7,111,0
0,-6,-6,0,-6
0,-6,-6,1,-12
0,-6,-6,2,-18
0,-6,-6,3,-24
0,-6,-6,4,-30
0,-6,-6,5,-36
0,-6,-6,6,-42
0,-6,-6,7,-48
0,-6,-6,8,0
0,-6,-6,9,0
0,-6,-6,10,0
0,-6,-6,11,0
0,-6,-6,12,0
0,-6,-6,13,0
0,-6,-6,14,0
0,-6,-6,15,0
0,-6,-6,16,0
0,-6,-6,17,0
0,-6,-6,18,0
0,-6,-6,19,0
0,-6,-6,20,0
0,-6,-6,21,0
0,-6,-6,22,0
0,-6,-6,23,0
0,-6,-6,24,0
0,-6,-6,25,0
0,-6,-6,26,0
0,-6,-6,27,0
0,-6,-6,28,0
0,-6,-6,29,0
0,-6,-6,30,0
0,-6,-6,31,0
0,-6,-6,32,0
0,-6,-6,33,0
0,-6,-6,34,0
0,-6,-6,35,0
0,-6,-6,36,0
0,-6,-6,37,0
0,-6,-6,38,0
0,-6,-6,39,0
0,-6,-6,40,0
0,-6,-6,41,0
0,-6,-6,42,0
0,-6,-6,43,0
0,-6,-6,44,0
0,-6,-6,45,0
0,-6,-6,46,0
0,-6,-6,47,0
0,-6,-6,48,0
0,-6,-6,49,0
0,-6,-6,50,0
0,-6,-6,51,0
0,-6,-6,52,0
0,-6,-6,53,0
0,-6,-6,54,0
0,-6,-6,55,0
0,-6,-6,56,0
0,-6,-6,57,0
0,-6,-6,58,0
0,-6,-6,59,0
0,-6,-6,60,0
0,-6,-6,61,0
0,-6,-6,62,0
0,-6,-6,63,0
0,-6,-6,64,0
0,-6,-6,65,0
0,-6,-6,66,0
0,-6,-6,67,0
0,-6,-6,68,0
0,-6,-6,69,0
0,-6,-6,70,0
0,-6,-6,71,0
0,-6,-6,72,0
0,-6,-6,73,0
0,-6,-6,74,0
0,-6,-6,75,0
0,-6,-6,76,0
0,-6,-6,77,0
0,-6,-6,78,0
0,-6,-6,79,0
0,-6,-6,80,0
0,-6,-6,81,0
0,-6,-6,82,0
0,-6,-6,83,0
0,-6,-6,84,0
0,-6,-6,85,0
0,-6,-6,86,0
0,-6,-6,87,0
0,-6,-6,88,0
0,-6,-6,89,0
0,-6,-6,90,0
0,-6,-6,91,0
0,-6,-6,92,0
0,-6,-6,93,0
0,-6,-6,94,0
0,-6,-6,95,0
0,-6,-6,96,0
0,-6,-6,97,0
0,-6,-6,98,0
0,-6,-6,99,0
0,-6,-6,100,0
0,-6,-6,101,0
0,-6,-6,102,0
0,-6,-6,103,0
0,-6,-6,104,0
0,-6,-6,105,0
0,-6,-6,106,0
0,-6,-6,107,0
0,-6,-6,108,0
0,-6,-6,109,0
0,-6,-6,110,0
0,-6,-6,111,0
0,-6,-5,0,-6
0,-6,-5,1,-12
0,-6,-5,2,-18
0,-6,-5,3,-24
0,-6,-5,4,-30
0,-6,-5,5,-36
0,-6,-5,6,-42
0,-6,-5,7,-48
0,-6,-5,8,0
0,-6,-5,9,0
0,-6,-5,10,0
0,-6,-5,11,0
0,-6,-5,12,0
0,-6,-5,13,0
0,-6,-5,14,0
0,-6,-5,15,0
0,-6,-5,16,0
0,-6,-5,17,0
0,-6,-5,18,0
0,-6,-5,19,0
0,-6,-5,20,0
0,-6,-5,21,0
0,-6,-5,22,0
0,-6,-5,23,0
0,-6,-5,24,0
0,-6,-5,25,0
0,-6,-5,26,0
0,-6,-5,27,0
0,-6,-5,28,0
0,-6,-5,29,0
0,-6,-5,30,0
0,-6,-5,31,0
0,-6,-5,32,0
0,-6,-5,33,0
0,-6,-5,34,0
0,-6,-5,35,0
0,-6,-5,36,0
0,-6,-5,37,0
0,-6,-5,38,0
0,-6,-5,39,0
0,-6,-5,40,0
0,-6,-5,41,0
0,-6,-5,42,0
0,-6,-5,43,0
0,-6,-5,44,0
0,-6,-5,45,0
0,-6,-5,46,0
0,-6,-5,47,0
0,-6,-5,48,0
0,-6,-5,49,0
0,-6,-5,50,0
0,-6,-5,51,0
0,-6,-5,52,0
0,-6,-5,53,0
0,-6,-5,54,0
0,-6,-5,55,0
0,-6,-5,56,0
0,-6,-5,57,0
0,-6,-5,58,0
0,-6,-5,59,0
0,-6,-5,60,0
0,-6,-5,61,0
0,-6,-5,62,0
0,-6,-5,63,0
0,-6,-5,64,0
0,-6,-5,65,0
0,-6,-5,66,0
0,-6,-5,67,0
0,-6,-5,68,0
0,-6,-5,69,0
0,-6,-5,70,0
0,-6,-5,71,0
0,-6,-5,72,0
0,-6,-5,73,0
0,-6,-5,74,0
0,-6,-5,75,0
0,-6,-5,76,0
0,-6,-5,77,0
0,-6,-5,78,0
0,-6,-5,79,0
0,-6,-5,80,0
0,-6,-5,81,0
0,-6,-5,82,0
0,-6,-5,83,0
0,-6,-5,84,0
0,-6,-5,85,0
0,-6,-5,86,0
0,-6,-5,87,0
0,-6,-5,88,0
0,-6,-5,89,0
0,-6,-5,90,0
0,-6,-5,91,0
0,-6,-5,92,0
0,-6,-5,93,0
0,-6,-5,94,0
0,-6,-5,95,0
0,-6,-5,96,0
0,-6,-5,97,0
0,-6,-5,98,0
0,-6,-5,99,0
0,-6,-5,100,0
0,-6,-5,101,0
0,-6,-5,102,0
0,-6,-5,103,0
0,-6,-5,104,0
0,-6,-5,105,0
0,-6,-5,106,0
0,-6,-5,107,0
0,-6,-5,108,0
0,-6,-5,109,0
0,-6,-5,110,0
0,-6,-5,111,0
0,-6,-4,0,-6
0,-6,-4,1,-12
0,-6,-4,2,-18
0,-6,-4,3,-24
0,-6,-4,4,-30
0,-6,-4,5,-36
0,-6,-4,6,-42
0,-6,-4,7,-48
0,-6,-4,8,0
0,-6,-4,9,0
0,-6,-4,10,0
0,-6,-4,11,0
0,-6,-4,12,0
0,-6,-4,13,0
0,-6,-4,14,0
0,-6,-4,15,0
0,-6,-4,16,0
0,-6,-4,17,0
0,-6,-4,18,0
0,-6,-4,19,0
0,-6,-4,20,0
0,-6,-4,21,0
0,-6,-4,22,0
0,-6,-4,23,0
0,-6,-4,24,0
0,-6,-4,25,0
0,-6,-4,26,0
0,-6,-4,27,0
0,-6,-4,28,0
0,-6,-4,29,0
0,-6,-4,30,0
0,-6,-4,31,0
0,-6,-4,32,0
0,-6,-4,33,0
0,-6,-4,34,0
0,-6,-4,35,0
0,-6,-4,36,0
0,-6,-4,37,0
0,-6,-4,38,0
0,-6,-4,39,0
0,-6,-4,40,0
0,-6,-4,41,0
0,-6,-4,42,0
0,-6,-4,43,0
0,-6,-4,44,0
0,-6,-4,45,0
0,-6,-4,46,0
0,-6,-4,47,0
0,-6,-4,48,0
0,-6,-4,49,0
0,-6,-4,50,0
0,-6,-4,51,0
0,-6,-4,52,0
0,-6,-4,53,0
0,-6,-4,54,0
0,-6,-4,55,0
0,-6,-4,56,0
0,-6,-4,57,0
0,-6,-4,58,0
0,-6,-4,59,0
0,-6,-4,60,0
0,-6,-4,61,0
0,-6,-4,62,0
0,-6,-4,63,0
0,-6,-4,64,0
0,-6,-4,65,0
0,-6,-4,66,0
0,-6,-4,67,0
0,-6,-4,68,0
0,-6,-4,69,0
0,-6,-4,70,0
0,-6,-4,71,0
0,-6,-4,72,0
0,-6,-4,73,0
0,-6,-4,74,0
0,-6,-4,75,0
0,-6,-4,76,0
0,-6,-4,77,0
0,-6,-4,78,0
0,-6,-4,79,0
0,-6,-4,80,0
0,-6,-4,81,0
0,-6,-4,82,0
0,-6,-4,83,0
0,-6,-4,84,0
0,-6,-4,85,0
0,-6,-4,86,0
0,-6,-4,87,0
0,-6,-4,88,0
0,-6,-4,89,0
0,-6,-4,90,0
0,-6,-4,91,0
0,-6,-4,92,0
0,-6,-4,93,0
0,-6,-4,94,0
0,-6,-4,95,0
0,-6,-4,96,0
0,-6,-4,97,0
0,-6,-4,98,0
0,-6,-4,99,0
0,-6,-4,100,0
0,-6,-4,101,0
0,-6,-4,102,0
0,-6,-4,103,0
0,-6,-4,104,0
0,-6,-4,105,0
0,-6,-4,106,0
0,-6,-4,107,0
0,-6,-4,108,0
0,-6,-4,109,0
0,-6,-4,110,0
0,-6,-4,111,0
0,-6,-3,0,-6
0,-6,-3,1,-12
0,-6,-3,2,-18
0,-6,-3,3,-24
0,-6,-3,4,-30
0,-6,-3,5,-36
0,-6,-3,6,-42
0,-6,-3,7,-48
0,-6,-3,8,0
0,-6,-3,9,0
0,-6,-3,10,0
0,-6,-3,11,0
0,-6,-3,12,0
0,-6,-3,13,0
0,-6,-3,14,0
0,-6,-3,15,0
0,-6,-3,16,0
0,-6,-3,17,0
0,-6,-3,18,0
0,-6,-3,19,0
0,-6,-3,20,0
0,-6,-3,21,0
0,-6,-3,22,0
0,-6,-3,23,0
0,-6,-3,24,0
0,-6,-3,25,0
0,-6,-3,26,0
0,-6,-3,27,0
0,-6,-3,28,0
0,-6,-3,29,0
0,-6,-3,30,0
0,-6,-3,31,0
0,-6,-3,32,0
0,-6,-3,33,0
0,-6,-3,34,0
0,-6,-3,35,0
0,-6,-3,36,0
0,-6,-3,37,0
0,-6,-3,38,0
0,-6,-3,39,0
0,-6,-3,40,0
0,-6,-3,41,0
0,-6,-3,42,0
0,-6,-3,43,0
0,-6,-3,44,0
0,-6,-3,45,0
0,-6,-3,46,0
0,-6,-3,47,0
0,-6,-3,48,0
0,-6,-3,49,0
0,-6,-3,50,0
0,-6,-3,51,0
0,-6,-3,52,0
0,-6,-3,53,0
0,-6,-3,54,0
0,-6,-3,55,0
0,-6,-3,56,0
0,-6,-3,57,0
0,-6,-3,58,0
0,-6,-3,59,0
0,-6,-3,60,0
0,-6,-3,61,0
0,-6,-3,62,0
0,-6,-3,63,0
0,-6,-3,64,0
0,-6,-3,65,0
0,-6,-3,66,0
0,-6,-3,67,0
0,-6,-3,68,0
0,-6,-3,69,0
0,-6,-3,70,0
0,-6,-3,71,0
0,-6,-3,72,0
0,-6,-3,73,0
0,-6,-3,74,0
0,-6,-3,75,0
0,-6,-3,76,0
0,-6,-3,77,0
0,-6,-3,78,0
0,-6,-3,79,0
0,-6,-3,80,0
0,-6,-3,81,0
0,-6,-3,82,0
0,-6,-3,83,0
0,-6,-3,84,0
0,-6,-3,85,0
0,-6,-3,86,0
0,-6,-3,87,0
0,-6,-3,88,0
0,-6,-3,89,0
0,-6,-3,90,0
0,-6,-3,91,0
0,-6,-3,92,0
0,-6,-3,93,0
0,-6,-3,94,0
0,-6,-3,95,0
0,-6,-3,96,0
0,-6,-3,97,0
0,-6,-3,98,0
0,-6,-3,99,0
0,-6,-3,100,0
0,-6,-3,101,0
0,-6,-3,102,0
0,-6,-3,103,0
0,-6,-3,104,0
0,-6,-3,105,0
0,-6,-3,106,0
0,-6,-3,107,0
0,-6,-3,108,0
0,-6,-3,109,0
0,-6,-3,110,0
0,-6,-3,111,0
0,-6,-2,0,-6
0,-6,-2,1,-12
0,-6,-2,2,-18
0,-6,-2,3,-24
0,-6,-2,4,-30
0,-6,-2,5,-36
0,-6,-2,6,-42
0,-6,-2,7,-48
0,-6,-2,8,0
0,-6,-2,9,0
0,-6,-2,10,0
0,-6,-2,11,0
0,-6,-2,12,0
0,-6,-2,13,0
0,-6,-2,14,0
0,-6,-2,15,0
0,-6,-2,16,0
0,-6,-2,17,0
0,-6,-2,18,0
0,-6,-2,19,0
0,-6,-2,20,0
0,-6,-2,21,0
0,-6,-2,22,0
0,-6,-2,23,0
0,-6,-2,24,0
0,-6,-2,25,0
0,-6,-2,26,0
0,-6,-2,27,0
0,-6,-2,28,0
0,-6,-2,29,0
0,-6,-2,30,0
0,-6,-2,31,0
0,-6,-2,32,0
0,-6,-2,33,0
0,-6,-2,34,0
0,-6,-2,35,0
0,-6,-2,36,0
0,-6,-2,37,0
0,-6,-2,38,0
0,-6,-2,39,0
0,-6,-2,40,0
0,-6,-2,41,0
0,-6,-2,42,0
0,-6,-2,43,0
0,-6,-2,44,0
0,-6,-2,45,0
0,-6,-2,46,0
0,-6,-2,47,0
0,-6,-2,48,0
0,-6,-2,49,0
0,-6,-2,50,0
0,-6,-2,51,0
0,-6,-2,52,0
0,-6,-2,53,0
0,-6,-2,54,0
0,-6,-2,55,0
0,-6,-2,56,0
0,-6,-2,57,0
0,-6,-2,58,0
0,-6,-2,59,0
0,-6,-2,60,0
0,-6,-2,61,0
0,-6,-2,62,0
0,-6,-2,63,0
0,-6,-2,64,0
0,-6,-2,65,0
0,-6,-2,66,0
0,-6,-2,67,0
0,-6,-2,68,0
0,-6,-2,69,0
0,-6,-2,70,0
0,-6,-2,71,0
0,-6,-2,72,0
0,-6,-2,73,0
0,-6,-2,74,0
0,-6,-2,75,0
0,-6,-2,76,0
0,-6,-2,77,0
0,-6,-2,78,0
0,-6,-2,79,0
0,-6,-2,80,0
0,-6,-2,81,0
0,-6,-2,82,0
0,-6,-2,83,0
0,-6,-2,84,0
0,-6,-2,85,0
0,-6,-2,86,0
0,-6,-2,87,0
0,-6,-2,88,0
0,-6,-2,89,0
0,-6,-2,90,0
0,-6,-2,91,0
0,-6,-2,92,0
0,-6,-2,93,0
0,-6,-2,94,0
0,-6,-2,95,0
0,-6,-2,96,0
0,-6,-2,97,0
0,-6,-2,98,0
0,-6,-2,99,0
0,-6,-2,100,0
0,-6,-2,101,0
0,-6,-2,102,0
0,-6,-2,103,0
0,-6,-2,104,0
0,-6,-2,105,0
0,-6,-2,106,0
0,-6,-2,107,0
0,-6,-2,108,0
0,-6,-2,109,0
0,-6,-2,110,0
0,-6,-2,111,0
0,-6,-1,0,-6
0,-6,-1,1,-12
0,-6,-1,2,-18
0,-6,-1,3,-24
0,-6,-1,4,-30
0,-6,-1,5,-36
0,-6,-1,6,-42
0,-6,-1,7,-48
0,-6,-1,8,0
0,-6,-1,9,0
0,-6,-1,10,0
0,-6,-1,11,0
0,-6,-1,12,0
0,-6,-1,13,0
0,-6,-1,14,0
0,-6,-1,15,0
0,-6,-1,16,0
0,-6,-1,17,0
0,-6,-1,18,0
0,-6,-1,19,0
0,-6,-1,20,0
0,-6,-1,21,0
0,-6,-1,22,0
0,-6,-1,23,0
0,-6,-1,24,0
0,-6,-1,25,0
0,-6,-1,26,0
0,-6,-1,27,0
0,-6,-1,28,0
0,-6,-1,29,0
0,-6,-1,30,0
0,-6,-1,31,0
0,-6,-1,32,0
0,-6,-1,33,0
0,-6,-1,34,0
0,-6,-1,35,0
0,-6,-1,36,0
0,-6,-1,37,0
0,-6,-1,38,0
0,-6,-1,39,0
0,-6,-1,40,0
0,-6,-1,41,0
0,-6,-1,42,0
0,-6,-1,43,0
0,-6,-1,44,0
0,-6,-1,45,0
0,-6,-1,46,0
0,-6,-1,47,0
0,-6,-1,48,0
0,-6,-1,49,0
0,-6,-1,50,0
0,-6,-1,51,0
0,-6,-1,52,0
0,-6,-1,53,0
0,-6,-1,54,0
0,-6,-1,55,0
0,-6,-1,56,0
0,-6,-1,57,0
0,-6,-1,58,0
0,-6,-1,59,0
0,-6,-1,60,0
0,-6,-1,61,0
0,-6,-1,62,0
0,-6,-1,63,0
0,-6,-1,64,0
0,-6,-1,65,0
0,-6,-1,66,0
0,-6,-1,67,0
0,-6,-1,68,0
0,-6,-1,69,0
0,-6,-1,70,0
0,-6,-1,71,0
0,-6,-1,72,0
0,-6,-1,73,0
0,-6,-1,74,0
0,-6,-1,75,0
0,-6,-1,76,0
0,-6,-1,77,0
0,-6,-1,78,0
0,-6,-1,79,0
0,-6,-1,80,0
0,-6,-1,81,0
0,-6,-1,82,0
0,-6,-1,83,0
0,-6,-1,84,0
0,-6,-1,85,0
0,-6,-1,86,0
0,-6,-1,87,0
0,-6,-1,88,0
0,-6,-1,89,0
0,-6,-1,90,0
0,-6,-1,91,0
0,-6,-1,92,0
0,-6,-1,93,0
0,-6,-1,94,0
0,-6,-1,95,0
0,-6,-1,96,0
0,-6,-1,97,0
0,-6,-1,98,0
0,-6,-1,99,0
0,-6,-1,100,0
0,-6,-1,101,0
0,-6,-1,102,0
0,-6,-1,103,0
0,-6,-1,104,0
0,-6,-1,105,0
0,-6,-1,106,0
0,-6,-1,107,0
0,-6,-1,108,0
0,-6,-1,109,0
0,-6,-1,110,0
0,-6,-1,111,0
0,-6,0,0,-6
0,-6,0,1,-12
0,-6,0,2,-18
0,-6,0,3,-24
0,-6,0,4,-30
0,-6,0,5,-36
0,-6,0,6,-42
0,-6,0,7,-48
0,-6,0,8,0
0,-6,0,9,0
0,-6,0,10,0
0,-6,0,11,0
0,-6,0,12,0
0,-6,0,13,0
0,-6,0,14,0
0,-6,0,15,0
0,-6,0,16,0
0,-6,0,17,0
0,-6,0,18,0
0,-6,0,19,0
0,-6,0,20,0
0,-6,0,21,0
0,-6,0,22,0
0,-6,0,23,0
0,-6,0,24,0
0,-6,0,25,0
0,-6,0,26,0
0,-6,0,27,0
0,-6,0,28,0
0,-6,0,29,0
0,-6,0,30,0
0,-6,0,31,0
0,-6,0,32,0
0,-6,0,33,0
0,-6,0,34,0
0,-6,0,35,0
0,-6,0,36,0
0,-6,0,37,0
0,-6,0,38,0
0,-6,0,39,0
0,-6,0,40,0
0,-6,0,41,0
0,-6,0,42,0
0,-6,0,43,0
0,-6,0,44,0
0,-6,0,45,0
0,-6,0,46,0
0,-6,0,47,0
0,-6,0,48,0
0,-6,0,49,0
0,-6,0,50,0
0,-6,0,51,0
0,-6,0,52,0
0,-6,0,53,0
0,-6,0,54,0
0,-6,0,55,0
0,-6,0,56,0
0,-6,0,57,0
0,-6,0,58,0
0,-6,0,59,0
0,-6,0,60,0
0,-6,0,61,0
0,-6,0,62,0
0,-6,0,63,0
0,-6,0,64,0
0,-6,0,65,0
0,-6,0,66,0
0,-6,0,67,0
0,-6,0,68,0
0,-6,0,69,0
0,-6,0,70,0
0,-6,0,71,0
0,-6,0,72,0
0,-6,0,73,0
0,-6,0,74,0
0,-6,0,75,0
0,-6,0,76,0
0,-6,0,77,0
0,-6,0,78,0
0,-6,0,79,0
0,-6,0,80,0
0,-6,0,81,0
0,-6,0,82,0
0,-6,0,83,0
0,-6,0,84,0
0,-6,0,85,0
0,-6,0,86,0
0,-6,0,87,0
0,-6,0,88,0
0,-6,0,89,0
0,-6,0,90,0
0,-6,0,91,0
0,-6,0,92,0
0,-6,0,93,0
0,-6,0,94,0
0,-6,0,95,0
0,-6,0,96,0
0,-6,0,97,0
0,-6,0,98,0
0,-6,0,99,0
0,-6,0,100,0
0,-6,0,101,0
0,-6,0,102,0
0,-6,0,103,0
0,-6,0,104,0
0,-6,0,105,0
0,-6,0,106,0
0,-6,0,107,0
0,-6,0,108,0
0,-6,0,109,0
0,-6,0,110,0
0,-6,0,111,0
0,-6,1,0,-6
0,-6,1,1,-12
0,-6,1,2,-18
0,-6,1,3,-24
0,-6,1,4,-30
0,-6,1,5,-36
0,-6,1,6,-42
0,-6,1,7,-48
0,-6,1,8,0
0,-6,1,9,0
0,-6,1,10,0
0,-6,1,11,0
0,-6,1,12,0
0,-6,1,13,0
0,-6,1,14,0
0,-6,1,15,0
0,-6,1,16,0
0,-6,1,17,0
0,-6,1,18,0
0,-6,1,19,0
0,-6,1,20,0
0,-6,1,21,0
0,-6,1,22,0
0,-6,1,23,0
0,-6,1,24,0
0,-6,1,25,0
0,-6,1,26,0
0,-6,1,27,0
0,-6,1,28,0
0,-6,1,29,0
0,-6,1,30,0
0,-6,1,31,0
0,-6,1,32,0
0,-6,1,33,0
0,-6,1,34,0
0,-6,1,35,0
0,-6,1,36,0
0,-6,1,37,0
0,-6,1,38,0
0,-6,1,39,0
0,-6,1,40,0
0,-6,1,41,0
0,-6,1,42,0
0,-6,1,43,0
0,-6,1,44,0
0,-6,1,45,0
0,-6,1,46,0
0,-6,1,47,0
0,-6,1,48,0
0,-6,1,49,0
0,-6,1,50,0
0,-6,1,51,0
0,-6,1,52,0
0,-6,1,53,0
0,-6,1,54,0
0,-6,1,55,0
0,-6,1,56,0
0,-6,1,57,0
0,-6,1,58,0
0,-6,1,59,0
0,-6,1,60,0
0,-6,1,61,0
0,-6,1,62,0
0,-6,1,63,0
0,-6,1,64,0
0,-6,1,65,0
0,-6,1,66,0
0,-6,1,67,0
0,-6,1,68,0
0,-6,1,69,0
0,-6,1,70,0
0,-6,1,71,0
0,-6,1,72,0
0,-6,1,73,0
0,-6,1,74,0
0,-6,1,75,0
0,-6,1,76,0
0,-6,1,77,0
0,-6,1,78,0
0,-6,1,79,0
0,-6,1,80,0
0,-6,1,81,0
0,-6,1,82,0
0,-6,1,83,0
0,-6,1,84,0
0,-6,1,85,0
0,-6,1,86,0
0,-6,1,87,0
0,-6,1,88,0
0,-6,1,89,0
0,-6,1,90,0
0,-6,1,91,0
0,-6,1,92,0
0,-6,1,93,0
0,-6,1,94,0
0,-6,1,95,0
0,-6,1,96,0
0,-6,1,97,0
0,-6,1,98,0
0,-6,1,99,0
0,-6,1,100,0
0,-6,1,101,0
0,-6,1,102,0
0,-6,1,103,0
0,-6,1,104,0
0,-6,1,105,0
0,-6,1,106,0
0,-6,1,107,0
0,-6,1,108,0
0,-6,1,109,0
0,-6,1,110,0
0,-6,1,111,0
0,-6,2,0,-6
0,-6,2,1,-12
0,-6,2,2,-18
0,-6,2,3,-24
0,-6,2,4,-30
0,-6,2,5,-36
0,-6,2,6,-42
0,-6,2,7,-48
0,-6,2,8,0
0,-6,2,9,0
0,-6,2,10,0
0,-6,2,11,0
0,-6,2,12,0
0,-6,2,13,0
0,-6,2,14,0
0,-6,2,15,0
0,-6,2,16,0
0,-6,2,17,0
0,-6,2,18,0
0,-6,2,19,0
0,-6,2,20,0
0,-6,2,21,0
0,-6,2,22,0
0,-6,2,23,0
0,-6,2,24,0
0,-6,2,25,0
0,-6,2,26,0
0,-6,2,27,0
0,-6,2,28,0
0,-6,2,29,0
0,-6,2,30,0
0,-6,2,31,0
0,-6,2,32,0
0,-6,2,33,0
0,-6,2,34,0
0,-6,2,35,0
0,-6,2,36,0
0,-6,2,37,0
0,-6,2,38,0
0,-6,2,39,0
0,-6,2,40,0
0,-6,2,41,0
0,-6,2,42,0
0,-6,2,43,0
0,-6,2,44,0
0,-6,2,45,0
0,-6,2,46,0
0,-6,2,47,0
0,-6,2,48,0
0,-6,2,49,0
0,-6,2,50,0
0,-6,2,51,0
0,-6,2,52,0
0,-6,2,53,0
0,-6,2,54,0
0,-6,2,55,0
0,-6,2,56,0
0,-6,2,57,0
0,-6,2,58,0
0,-6,2,59,0
0,-6,2,60,0
0,-6,2,61,0
0,-6,2,62,0
0,-6,2,63,0
0,-6,2,64,0
0,-6,2,65,0
0,-6,2,66,0
0,-6,2,67,0
0,-6,2,68,0
0,-6,2,69,0
0,-6,2,70,0
0,-6,2,71,0
0,-6,2,72,0
0,-6,2,73,0
0,-6,2,74,0
0,-6,2,75,0
0,-6,2,76,0
0,-6,2,77,0
0,-6,2,78,0
0,-6,2,79,0
0,-6,2,80,0
0,-6,2,81,0
0,-6,2,82,0
0,-6,2,83,0
0,-6,2,84,0
0,-6,2,85,0
0,-6,2,86,0
0,-6,2,87,0
0,-6,2,88,0
0,-6,2,89,0
0,-6,2,90,0
0,-6,2,91,0
0,-6,2,92,0
0,-6,2,93,0
0,-6,2,94,0
0,-6,2,95,0
0,-6,2,96,0
0,-6,2,97,0
0,-6,2,98,0
0,-6,2,99,0
0,-6,2,100,0
0,-6,2,101,0
0,-6,2,102,0
0,-6,2,103,0
0,-6,2,104,0
0,-6,2,105,0
0,-6,2,106,0
0,-6,2,107,0
0,-6,2,108,0
0,-6,2,109,0
0,-6,2,110,0
0,-6,2,111,0
0,-6,3,0,-6
0,-6,3,1,-12
0,-6,3,2,-18
0,-6,3,3,-24
0,-6,3,4,-30
0,-6,3,5,-36
0,-6,3,6,-42
0,-6,3,7,-48
0,-6,3,8,0
0,-6,3,9,0
0,-6,3,10,0
0,-6,3,11,0
0,-6,3,12,0
0,-6,3,13,0
0,-6,3,14,0
0,-6,3,15,0
0,-6,3,16,0
0,-6,3,17,0
0,-6,3,18,0
0,-6,3,19,0
0,-6,3,20,0
0,-6,3,21,0
0,-6,3,22,0
0,-6,3,23,0
0,-6,3,24,0
0,-6,3,25,0
0,-6,3,26,0
0,-6,3,27,0
0,-6,3,28,0
0,-6,3,29,0
0,-6,3,30,0
0,-6,3,31,0
0,-6,3,32,0
0,-6,3,33,0
0,-6,3,34,0
0,-6,3,35,0
0,-6,3,36,0
0,-6,3,37,0
0,-6,3,38,0
0,-6,3,39,0
0,-6,3,40,0
0,-6,3,41,0
0,-6,3,42,0
0,-6,3,43,0
0,-6,3,44,0
0,-6,3,45,0
0,-6,3,46,0
0,-6,3,47,0
0,-6,3,48,0
0,-6,3,49,0
0,-6,3,50,0
0,-6,3,51,0
0,-6,3,52,0
0,-6,3,53,0
0,-6,3,54,0
0,-6,3,55,0
0,-6,3,56,0
0,-6,3,57,0
0,-6,3,58,0
0,-6,3,59,0
0,-6,3,60,0
0,-6,3,61,0
0,-6,3,62,0
0,-6,3,63,0
0,-6,3,64,0
0,-6,3,65,0
0,-6,3,66,0
0,-6,3,67,0
0,-6,3,68,0
0,-6,3,69,0
0,-6,3,70,0
0,-6,3,71,0
0,-6,3,72,0
0,-6,3,73,0
0,-6,3,74,0
0,-6,3,75,0
0,-6,3,76,0
0,-6,3,77,0
0,-6,3,78,0
0,-6,3,79,0
0,-6,3,80,0
0,-6,3,81,0
0,-6,3,82,0
0,-6,3,83,0
0,-6,3,84,0
0,-6,3,85,0
0,-6,3,86,0
0,-6,3,87,0
0,-6,3,88,0
0,-6,3,89,0
0,-6,3,90,0
0,-6,3,91,0
0,-6,3,92,0
0,-6,3,93,0
0,-6,3,94,0
0,-6,3,95,0
0,-6,3,96,0
0,-6,3,97,0
0,-6,3,98,0
0,-6,3,99,0
0,-6,3,100,0
0,-6,3,101,0
0,-6,3,102,0
0,-6,3,103,0
0,-6,3,104,0
0,-6,3,105,0
0,-6,3,106,0
0,-6,3,107,0
0,-6,3,108,0
0,-6,3,109,0
0,-6,3,110,0
0,-6,3,111,0
0,-6,4,0,-6
0,-6,4,1,-12
0,-6,4,2,-18
0,-6,4,3,-24
0,-6,4,4,-30
0,-6,4,5,-36
0,-6,4,6,-42
0,-6,4,7,-48
0,-6,4,8,0
0,-6,4,9,0
0,-6,4,10,0
0,-6,4,11,0
0,-6,4,12,0
0,-6,4,13,0
0,-6,4,14,0
0,-6,4,15,0
0,-6,4,16,0
0,-6,4,17,0
0,-6,4,18,0
0,-6,4,19,0
0,-6,4,20,0
0,-6,4,21,0
0,-6,4,22,0
0,-6,4,23,0
0,-6,4,24,0
0,-6,4,25,0
0,-6,4,26,0
0,-6,4,27,0
0,-6,4,28,0
0,-6,4,29,0
0,-6,4,30,0
0,-6,4,31,0
0,-6,4,32,0
0,-6,4,33,0
0,-6,4,34,0
0,-6,4,35,0
0,-6,4,36,0
0,-6,4,37,0
0,-6,4,38,0
0,-6,4,39,0
0,-6,4,40,0
0,-6,4,41,0
0,-6,4,42,0
0,-6,4,43,0
0,-6,4,44,0
0,-6,4,45,0
0,-6,4,46,0
0,-6,4,47,0
0,-6,4,48,0
0,-6,4,49,0
0,-6,4,50,0
0,-6,4,51,0
0,-6,4,52,0
0,-6,4,53,0
0,-6,4,54,0
0,-6,4,55,0
0,-6,4,56,0
0,-6,4,57,0
0,-6,4,58,0
0,-6,4,59,0
0,-6,4,60,0
0,-6,4,61,0
0,-6,4,62,0
0,-6,4,63,0
0,-6,4,64,0
0,-6,4,65,0
0,-6,4,66,0
0,-6,4,67,0
0,-6,4,68,0
0,-6,4,69,0
0,-6,4,70,0
0,-6,4,71,0
0,-6,4,72,0
0,-6,4,73,0
0,-6,4,74,0
0,-6,4,75,0
0,-6,4,76,0
0,-6,4,77,0
0,-6,4,78,0
0,-6,4,79,0
0,-6,4,80,0
0,-6,4,81,0
0,-6,4,82,0
0,-6,4,83,0
0,-6,4,84,0
0,-6,4,85,0
0,-6,4,86,0
0,-6,4,87,0
0,-6,4,88,0
0,-6,4,89,0
0,-6,4,90,0
0,-6,4,91,0
0,-6,4,92,0
0,-6,4,93,0
0,-6,4,94,0
0,-6,4,95,0
0,-6,4,96,0
0,-6,4,97,0
0,-6,4,98,0
0,-6,4,99,0
0,-6,4,100,0
0,-6,4,101,0
0,-6,4,102,0
0,-6,4,103,0
0,-6,4,104,0
0,-6,4,105,0
0,-6,4,106,0
0,-6,4,107,0
0,-6,4,108,0
0,-6,4,109,0
0,-6,4,110,0
0,-6,4,111,0
0,-6,5,0,-6
0,-6,5,1,-12
0,-6,5,2,-18
0,-6,5,3,-24
0,-6,5,4,-30
0,-6,5,5,-36
0,-6,5,6,-42
0,-6,5,7,-48
0,-6,5,8,0
0,-6,5,9,0
0,-6,5,10,0
0,-6,5,11,0
0,-6,5,12,0
0,-6,5,13,0
0,-6,5,14,0
0,-6,5,15,0
0,-6,5,16,0
0,-6,5,17,0
0,-6,5,18,0
0,-6,5,19,0
0,-6,5,20,0
0,-6,5,21,0
0,-6,5,22,0
0,-6,5,23,0
0,-6,5,24,0
0,-6,5,25,0
0,-6,5,26,0
0,-6,5,27,0
0,-6,5,28,0
0,-6,5,29,0
0,-6,5,30,0
0,-6,5,31,0
0,-6,5,32,0
0,-6,5,33,0
0,-6,5,34,0
0,-6,5,35,0
0,-6,5,36,0
0,-6,5,37,0
0,-6,5,38,0
0,-6,5,39,0
0,-6,5,40,0
0,-6,5,41,0
0,-6,5,42,0
0,-6,5,43,0
0,-6,5,44,0
0,-6,5,45,0
0,-6,5,46,0
0,-6,5,47,0
0,-6,5,48,0
0,-6,5,49,0
0,-6,5,50,0
0,-6,5,51,0
0,-6,5,52,0
0,-6,5,53,0
0,-6,5,54,0
0,-6,5,55,0
0,-6,5,56,0
0,-6,5,57,0
0,-6,5,58,0
0,-6,5,59,0
0,-6,5,60,0
0,-6,5,61,0
0,-6,5,62,0
0,-6,5,63,0
0,-6,5,64,0
0,-6,5,65,0
0,-6,5,66,0
0,-6,5,67,0
0,-6,5,68,0
0,-6,5,69,0
0,-6,5,70,0
0,-6,5,71,0
0,-6,5,72,0
0,-6,5,73,0
0,-6,5,74,0
0,-6,5,75,0
0,-6,5,76,0
0,-6,5,77,0
0,-6,5,78,0
0,-6,5,79,0
0,-6,5,80,0
0,-6,5,81,0
0,-6,5,82,0
0,-6,5,83,0
0,-6,5,84,0
0,-6,5,85,0
0,-6,5,86,0
0,-6,5,87,0
0,-6,5,88,0
0,-6,5,89,0
0,-6,5,90,0
0,-6,5,91,0
0,-6,5,92,0
0,-6,5,93,0
0,-6,5,94,0
0,-6,5,95,0
0,-6,5,96,0
0,-6,5,97,0
0,-6,5,98,0
0,-6,5,99,0
0,-6,5,100,0
0,-6,5,101,0
0,-6,5,102,0
0,-6,5,103,0
0,-6,5,104,0
0,-6,5,105,0
0,-6,5,106,0
0,-6,5,107,0
0,-6,5,108,0
0,-6,5,109,0
0,-6,5,110,0
0,-6,5,111,0
0,-6,6,0,-6
0,-6,6,1,-12
0,-6,6,2,-18
0,-6,6,3,-24
0,-6,6,4,-30
0,-6,6,5,-36
0,-6,6,6,-42
0,-6,6,7,-48
0,-6,6,8,0
0,-6,6,9,0
0,-6,6,10,0
0,-6,6,11,0
0,-6,6,12,0
0,-6,6,13,0
0,-6,6,14,0
0,-6,6,15,0
0,-6,6,16,0
0,-6,6,17,0
0,-6,6,18,0
0,-6,6,19,0
0,-6,6,20,0
0,-6,6,21,0
0,-6,6,22,0
0,-6,6,23,0
0,-6,6,24,0
0,-6,6,25,0
0,-6,6,26,0
0,-6,6,27,0
0,-6,6,28,0
0,-6,6,29,0
0,-6,6,30,0
0,-6,6,31,0
0,-6,6,32,0
0,-6,6,33,0
0,-6,6,34,0
0,-6,6,35,0
0,-6,6,36,0
0,-6,6,37,0
0,-6,6,38,0
0,-6,6,39,0
0,-6,6,40,0
0,-6,6,41,0
0,-6,6,42,0
0,-6,6,43,0
0,-6,6,44,0
0,-6,6,45,0
0,-6,6,46,0
0,-6,6,47,0
0,-6,6,48,0
0,-6,6,49,0
0,-6,6,50,0
0,-6,6,51,0
0,-6,6,52,0
0,-6,6,53,0
0,-6,6,54,0
0,-6,6,55,0
0,-6,6,56,0
0,-6,6,57,0
0,-6,6,58,0
0,-6,6,59,0
0,-6,6,60,0
0,-6,6,61,0
0,-6,6,62,0
0,-6,6,63,0
0,-6,6,64,0
0,-6,6,65,0
0,-6,6,66,0
0,-6,6,67,0
0,-6,6,68,0
0,-6,6,69,0
0,-6,6,70,0
0,-6,6,71,0
0,-6,6,72,0
0,-6,6,73,0
0,-6,6,74,0
0,-6,6,75,0
0,-6,6,76,0
0,-6,6,77,0
0,-6,6,78,0
0,-6,6,79,0
0,-6,6,80,0
0,-6,6,81,0
0,-6,6,82,0
0,-6,6,83,0
0,-6,6,84,0
0,-6,6,85,0
0,-6,6,86,0
0,-6,6,87,0
0,-6,6,88,0
0,-6,6,89,0
0,-6,6,90,0
0,-6,6,91,0
0,-6,6,92,0
0,-6,6,93,0
0,-6,6,94,0
0,-6,6,95,0
0,-6,6,96,0
0,-6,6,97,0
0,-6,6,98,0
0,-6,6,99,0
0,-6,6,100,0
0,-6,6,101,0
0,-6,6,102,0
0,-6,6,103,0
0,-6,6,104,0
0,-6,6,105,0
0,-6,6,106,0
0,-6,6,107,0
0,-6,6,108,0
0,-6,6,109,0
0,-6,6,110,0
0,-6,6,111,0
0,-6,7,0,-6
0,-6,7,1,-12
0,-6,7,2,-18
0,-6,7,3,-24
0,-6,7,4,-30
0,-6,7,5,-36
0,-6,7,6,-42
0,-6,7,7,-48
0,-6,7,8,0
0,-6,7,9,0
0,-6,7,10,0
0,-6,7,11,0
0,-6,7,12,0
0,-6,7,13,0
0,-6,7,14,0
0,-6,7,15,0
0,-6,7,16,0
0,-6,7,17,0
0,-6,7,18,0
0,-6,7,19,0
0,-6,7,20,0
0,-6,7,21,0
0,-6,7,22,0
0,-6,7,23,0
0,-6,7,24,0
0,-6,7,25,0
0,-6,7,26,0
0,-6,7,27,0
0,-6,7,28,0
0,-6,7,29,0
0,-6,7,30,0
0,-6,7,31,0
0,-6,7,32,0
0,-6,7,33,0
0,-6,7,34,0
0,-6,7,35,0
0,-6,7,36,0
0,-6,7,37,0
0,-6,7,38,0
0,-6,7,39,0
0,-6,7,40,0
0,-6,7,41,0
0,-6,7,42,0
0,-6,7,43,0
0,-6,7,44,0
0,-6,7,45,0
0,-6,7,46,0
0,-6,7,47,0
0,-6,7,48,0
0,-6,7,49,0
0,-6,7,50,0
0,-6,7,51,0
0,-6,7,52,0
0,-6,7,53,0
0,-6,7,54,0
0,-6,7,55,0
0,-6,7,56,0
0,-6,7,57,0
0,-6,7,58,0
0,-6,7,59,0
0,-6,7,60,0
0,-6,7,61,0
0,-6,7,62,0
0,-6,7,63,0
0,-6,7,64,0
0,-6,7,65,0
0,-6,7,66,0
0,-6,7,67,0
0,-6,7,68,0
0,-6,7,69,0
0,-6,7,70,0
0,-6,7,71,0
0,-6,7,72,0
0,-6,7,73,0
0,-6,7,74,0
0,-6,7,75,0
0,-6,7,76,0
0,-6,7,77,0
0,-6,7,78,0
0,-6,7,79,0
0,-6,7,80,0
0,-6,7,81,0
0,-6,7,82,0
0,-6,7,83,0
0,-6,7,84,0
0,-6,7,85,0
0,-6,7,86,0
0,-6,7,87,0
0,-6,7,88,0
0,-6,7,89,0
0,-6,7,90,0
0,-6,7,91,0
0,-6,7,92,0
0,-6,7,93,0
0,-6,7,94,0
0,-6,7,95,0
0,-6,7,96,0
0,-6,7,97,0
0,-6,7,98,0
0,-6,7,99,0
0,-6,7,100,0
0,-6,7,101,0
0,-6,7,102,0
0,-6,7,103,0
0,-6,7,104,0
0,-6,7,105,0
0,-6,7,106,0
0,-6,7,107,0
0,-6,7,108,0
0,-6,7,109,0
0,-6,7,110,0
0,-6,7,111,0
0,-5,-8,0,-5
0,-5,-8,1,-10
0,-5,-8,2,-15
0,-5,-8,3,-20
0,-5,-8,4,-25
0,-5,-8,5,-30
0,-5,-8,6,-35
0,-5,-8,7,-40
0,-5,-8,8,0
0,-5,-8,9,0
0,-5,-8,10,0
0,-5,-8,11,0
0,-5,-8,12,0
0,-5,-8,13,0
0,-5,-8,14,0
0,-5,-8,15,0
0,-5,-8,16,0
0,-5,-8,17,0
0,-5,-8,18,0
0,-5,-8,19,0
0,-5,-8,20,0
0,-5,-8,21,0
0,-5,-8,22,0
0,-5,-8,23,0
0,-5,-8,24,0
0,-5,-8,25,0
0,-5,-8,26,0
0,-5,-8,27,0
0,-5,-8,28,0
0,-5,-8,29,0
0,-5,-8,30,0
0,-5,-8,31,0
0,-5,-8,32,0
0,-5,-8,33,0
0,-5,-8,34,0
0,-5,-8,35,0
0,-5,-8,36,0
0,-5,-8,37,0
0,-5,-8,38,0
0,-5,-8,39,0
0,-5,-8,40,0
0,-5,-8,41,0
0,-5,-8,42,0
0,-5,-8,43,0
0,-5,-8,44,0
0,-5,-8,45,0
0,-5,-8,46,0
0,-5,-8,47,0
0,-5,-8,48,0
0,-5,-8,49,0
0,-5,-8,50,0
0,-5,-8,51,0
0,-5,-8,52,0
0,-5,-8,53,0
0,-5,-8,54,0
0,-5,-8,55,0
0,-5,-8,56,0
0,-5,-8,57,0
0,-5,-8,58,0
0,-5,-8,59,0
0,-5,-8,60,0
0,-5,-8,61,0
0,-5,-8,62,0
0,-5,-8,63,0
0,-5,-8,64,0
0,-5,-8,65,0
0,-5,-8,66,0
0,-5,-8,67,0
0,-5,-8,68,0
0,-5,-8,69,0
0,-5,-8,70,0
0,-5,-8,71,0
0,-5,-8,72,0
0,-5,-8,73,0
0,-5,-8,74,0
0,-5,-8,75,0
0,-5,-8,76,0
0,-5,-8,77,0
0,-5,-8,78,0
0,-5,-8,79,0
0,-5,-8,80,0
0,-5,-8,81,0
0,-5,-8,82,0
0,-5,-8,83,0
0,-5,-8,84,0
0,-5,-8,85,0
0,-5,-8,86,0
0,-5,-8,87,0
0,-5,-8,88,0
0,-5,-8,89,0
0,-5,-8,90,0
0,-5,-8,91,0
0,-5,-8,92,0
0,-5,-8,93,0
0,-5,-8,94,0
0,-5,-8,95,0
0,-5,-8,96,0
0,-5,-8,97,0
0,-5,-8,98,0
0,-5,-8,99,0
0,-5,-8,100,0
0,-5,-8,101,0
0,-5,-8,102,0
0,-5,-8,103,0
0,-5,-8,104,0
0,-5,-8,105,0
0,-5,-8,106,0
0,-5,-8,107,0
0,-5,-8,108,0
0,-5,-8,109,0
0,-5,-8,110,0
0,-5,-8,111,0
0,-5,-7,0,-5
0,-5,-7,1,-10
0,-5,-7,2,-15
0,-5,-7,3,-20
0,-5,-7,4,-25
0,-5,-7,5,-30
0,-5,-7,6,-35
0,-5,-7,7,-40
0,-5,-7,8,0
0,-5,-7,9,0
0,-5,-7,10,0
0,-5,-7,11,0
0,-5,-7,12,0
0,-5,-7,13,0
0,-5,-7,14,0
0,-5,-7,15,0
0,-5,-7,16,0
0,-5,-7,17,0
0,-5,-7,18,0
0,-5,-7,19,0
0,-5,-7,20,0
0,-5,-7,21,0
0,-5,-7,22,0
0,-5,-7,23,0
0,-5,-7,24,0
0,-5,-7,25,0
0,-5,-7,26,0
0,-5,-7,27,0
0,-5,-7,28,0
0,-5,-7,29,0
0,-5,-7,30,0
0,-5,-7,31,0
0,-5,-7,32,0
0,-5,-7,33,0
0,-5,-7,34,0
0,-5,-7,35,0
0,-5,-7,36,0
0,-5,-7,37,0
0,-5,-7,38,0
0,-5,-7,39,0
0,-5,-7,40,0
0,-5,-7,41,0
0,-5,-7,42,0
0,-5,-7,43,0
0,-5,-7,44,0
0,-5,-7,45,0
0,-5,-7,46,0
0,-5,-7,47,0
0,-5,-7,48,0
0,-5,-7,49,0
0,-5,-7,50,0
0,-5,-7,51,0
0,-5,-7,52,0
0,-5,-7,53,0
0,-5,-7,54,0
0,-5,-7,55,0
0,-5,-7,56,0
0,-5,-7,57,0
0,-5,-7,58,0
0,-5,-7,59,0
0,-5,-7,60,0
0,-5,-7,61,0
0,-5,-7,62,0
0,-5,-7,63,0
0,-5,-7,64,0
0,-5,-7,65,0
0,-5,-7,66,0
0,-5,-7,67,0
0,-5,-7,68,0
0,-5,-7,69,0
0,-5,-7,70,0
0,-5,-7,71,0
0,-5,-7,72,0
0,-5,-7,73,0
0,-5,-7,74,0
0,-5,-7,75,0
0,-5,-7,76,0
0,-5,-7,77,0
0,-5,-7,78,0
0,-5,-7,79,0
0,-5,-7,80,0
0,-5,-7,81,0
0,-5,-7,82,0
0,-5,-7,83,0
0,-5,-7,84,0
0,-5,-7,85,0
0,-5,-7,86,0
0,-5,-7,87,0
0,-5,-7,88,0
0,-5,-7,89,0
0,-5,-7,90,0
0,-5,-7,91,0
0,-5,-7,92,0
0,-5,-7,93,0
0,-5,-7,94,0
0,-5,-7,95,0
0,-5,-7,96,0
0,-5,-7,97,0
0,-5,-7,98,0
0,-5,-7,99,0
0,-5,-7,100,0
0,-5,-7,101,0
0,-5,-7,102,0
0,-5,-7,103,0
0,-5,-7,104,0
0,-5,-7,105,0
0,-5,-7,106,0
0,-5,-7,107,0
0,-5,-7,108,0
0,-5,-7,109,0
0,-5,-7,110,0
0,-5,-7,111,0
0,-5,-6,0,-5
0,-5,-6,1,-10
0,-5,-6,2,-15
0,-5,-6,3,-20
0,-5,-6,4,-25
0,-5,-6,5,-30
0,-5,-6,6,-35
0,-5,-6,7,-40
0,-5,-6,8,0
0,-5,-6,9,0
0,-5,-6,10,0
0,-5,-6,11,0
0,-5,-6,12,0
0,-5,-6,13,0
0,-5,-6,14,0
0,-5,-6,15,0
0,-5,-6,16,0
0,-5,-6,17,0
0,-5,-6,18,0
0,-5,-6,19,0
0,-5,-6,20,0
0,-5,-6,21,0
0,-5,-6,22,0
0,-5,-6,23,0
0,-5,-6,24,0
0,-5,-6,25,0
0,-5,-6,26,0
0,-5,-6,27,0
0,-5,-6,28,0
0,-5,-6,29,0
0,-5,-6,30,0
0,-5,-6,31,0
0,-5,-6,32,0
0,-5,-6,33,0
0,-5,-6,34,0
0,-5,-6,35,0
0,-5,-6,36,0
0,-5,-6,37,0
0,-5,-6,38,0
0,-5,-6,39,0
0,-5,-6,40,0
0,-5,-6,41,0
0,-5,-6,42,0
0,-5,-6,43,0
0,-5,-6,44,0
0,-5,-6,45,0
0,-5,-6,46,0
0,-5,-6,47,0
0,-5,-6,48,0
0,-5,-6,49,0
0,-5,-6,50,0
0,-5,-6,51,0
0,-5,-6,52,0
0,-5,-6,53,0
0,-5,-6,54,0
0,-5,-6,55,0
0,-5,-6,56,0
0,-5,-6,57,0
0,-5,-6,58,0
0,-5,-6,59,0
0,-5,-6,60,0
0,-5,-6,61,0
0,-5,-6,62,0
0,-5,-6,63,0
0,-5,-6,64,0
0,-5,-6,65,0
0,-5,-6,66,0
0,-5,-6,67,0
0,-5,-6,68,0
0,-5,-6,69,0
0,-5,-6,70,0
0,-5,-6,71,0
0,-5,-6,72,0
0,-5,-6,73,0
0,-5,-6,74,0
0,-5,-6,75,0
0,-5,-6,76,0
0,-5,-6,77,0
0,-5,-6,78,0
0,-5,-6,79,0
0,-5,-6,80,0
0,-5,-6,81,0
0,-5,-6,82,0
0,-5,-6,83,0
0,-5,-6,84,0
0,-5,-6,85,0
0,-5,-6,86,0
0,-5,-6,87,0
0,-5,-6,88,0
0,-5,-6,89,0
0,-5,-6,90,0
0,-5,-6,91,0
0,-5,-6,92,0
0,-5,-6,93,0
0,-5,-6,94,0
0,-5,-6,95,0
0,-5,-6,96,0
0,-5,-6,97,0
0,-5,-6,98,0
0,-5,-6,99,0
0,-5,-6,100,0
0,-5,-6,101,0
0,-5,-6,102,0
0,-5,-6,103,0
0,-5,-6,104,0
0,-5,-6,105,0
0,-5,-6,106,0
0,-5,-6,107,0
0,-5,-6,108,0
0,-5,-6,109,0
0,-5,-6,110,0
0,-5,-6,111,0
0,-5,-5,0,-5
0,-5,-5,1,-10
0,-5,-5,2,-15
0,-5,-5,3,-20
0,-5,-5,4,-25
0,-5,-5,5,-30
0,-5,-5,6,-35
0,-5,-5,7,-40
0,-5,-5,8,0
0,-5,-5,9,0
0,-5,-5,10,0
0,-5,-5,11,0
0,-5,-5,12,0
0,-5,-5,13,0
0,-5,-5,14,0
0,-5,-5,15,0
0,-5,-5,16,0
0,-5,-5,17,0
0,-5,-5,18,0
0,-5,-5,19,0
0,-5,-5,20,0
0,-5,-5,21,0
0,-5,-5,22,0
0,-5,-5,23,0
0,-5,-5,24,0
0,-5,-5,25,0
0,-5,-5,26,0
0,-5,-5,27,0
0,-5,-5,28,0
0,-5,-5,29,0
0,-5,-5,30,0
0,-5,-5,31,0
0,-5,-5,32,0
0,-5,-5,33,0
0,-5,-5,34,0
0,-5,-5,35,0
0,-5,-5,36,0
0,-5,-5,37,0
0,-5,-5,38,0
0,-5,-5,39,0
0,-5,-5,40,0
0,-5,-5,41,0
0,-5,-5,42,0
0,-5,-5,43,0
0,-5,-5,44,0
0,-5,-5,45,0
0,-5,-5,46,0
0,-5,-5,47,0
0,-5,-5,48,0
0,-5,-5,49,0
0,-5,-5,50,0
0,-5,-5,51,0
0,-5,-5,52,0
0,-5,-5,53,0
0,-5,-5,54,0
0,-5,-5,55,0
0,-5,-5,56,0
0,-5,-5,57,0
0,-5,-5,58,0
0,-5,-5,59,0
0,-5,-5,60,0
0,-5,-5,61,0
0,-5,-5,62,0
0,-5,-5,63,0
0,-5,-5,64,0
0,-5,-5,65,0
0,-5,-5,66,0
0,-5,-5,67,0
0,-5,-5,68,0
0,-5,-5,69,0
0,-5,-5,70,0
0,-5,-5,71,0
0,-5,-5,72,0
0,-5,-5,73,0
0,-5,-5,74,0
0,-5,-5,75,0
0,-5,-5,76,0
0,-5,-5,77,0
0,-5,-5,78,0
0,-5,-5,79,0
0,-5,-5,80,0
0,-5,-5,81,0
0,-5,-5,82,0
0,-5,-5,83,0
0,-5,-5,84,0
0,-5,-5,85,0
0,-5,-5,86,0
0,-5,-5,87,0
0,-5,-5,88,0
0,-5,-5,89,0
0,-5,-5,90,0
0,-5,-5,91,0
0,-5,-5,92,0
0,-5,-5,93,0
0,-5,-5,94,0
0,-5,-5,95,0
0,-5,-5,96,0
0,-5,-5,97,0
0,-5,-5,98,0
0,-5,-5,99,0
0,-5,-5,100,0
0,-5,-5,101,0
0,-5,-5,102,0
0,-5,-5,103,0
0,-5,-5,104,0
0,-5,-5,105,0
0,-5,-5,106,0
0,-5,-5,107,0
0,-5,-5,108,0
0,-5,-5,109,0
0,-5,-5,110,0
0,-5,-5,111,0
0,-5,-4,0,-5
0,-5,-4,1,-10
0,-5,-4,2,-15
0,-5,-4,3,-20
0,-5,-4,4,-25
0,-5,-4,5,-30
0,-5,-4,6,-35
0,-5,-4,7,-40
0,-5,-4,8,0
0,-5,-4,9,0
0,-5,-4,10,0
0,-5,-4,11,0
0,-5,-4,12,0
0,-5,-4,13,0
0,-5,-4,14,0
0,-5,-4,15,0
0,-5,-4,16,0
0,-5,-4,17,0
0,-5,-4,18,0
0,-5,-4,19,0
0,-5,-4,20,0
0,-5,-4,21,0
0,-5,-4,22,0
0,-5,-4,23,0
0,-5,-4,24,0
0,-5,-4,25,0
0,-5,-4,26,0
0,-5,-4,27,0
0,-5,-4,28,0
0,-5,-4,29,0
0,-5,-4,30,0
0,-5,-4,31,0
0,-5,-4,32,0
0,-5,-4,33,0
0,-5,-4,34,0
0,-5,-4,35,0
0,-5,-4,36,0
0,-5,-4,37,0
0,-5,-4,38,0
0,-5,-4,39,0
0,-5,-4,40,0
0,-5,-4,41,0
0,-5,-4,42,0
0,-5,-4,43,0
0,-5,-4,44,0
0,-5,-4,45,0
0,-5,-4,46,0
0,-5,-4,47,0
0,-5,-4,48,0
0,-5,-4,49,0
0,-5,-4,50,0
0,-5,-4,51,0
0,-5,-4,52,0
0,-5,-4,53,0
0,-5,-4,54,0
0,-5,-4,55,0
0,-5,-4,56,0
0,-5,-4,57,0
0,-5,-4,58,0
0,-5,-4,59,0
0,-5,-4,60,0
0,-5,-4,61,0
0,-5,-4,62,0
0,-5,-4,63,0
0,-5,-4,64,0
0,-5,-4,65,0
0,-5,-4,66,0
0,-5,-4,67,0
0,-5,-4,68,0
0,-5,-4,69,0
0,-5,-4,70,0
0,-5,-4,71,0
0,-5,-4,72,0
0,-5,-4,73,0
0,-5,-4,74,0
0,-5,-4,75,0
0,-5,-4,76,0
0,-5,-4,77,0
0,-5,-4,78,0
0,-5,-4,79,0
0,-5,-4,80,0
0,-5,-4,81,0
0,-5,-4,82,0
0,-5,-4,83,0
0,-5,-4,84,0
0,-5,-4,85,0
0,-5,-4,86,0
0,-5,-4,87,0
0,-5,-4,88,0
0,-5,-4,89,0
0,-5,-4,90,0
0,-5,-4,91,0
0,-5,-4,92,0
0,-5,-4,93,0
0,-5,-4,94,0
0,-5,-4,95,0
0,-5,-4,96,0
0,-5,-4,97,0
0,-5,-4,98,0
0,-5,-4,99,0
0,-5,-4,100,0
0,-5,-4,101,0
0,-5,-4,102,0
0,-5,-4,103,0
0,-5,-4,104,0
0,-5,-4,105,0
0,-5,-4,106,0
0,-5,-4,107,0
0,-5,-4,108,0
0,-5,-4,109,0
0,-5,-4,110,0
0,-5,-4,111,0
0,-5,-3,0,-5
0,-5,-3,1,-10
0,-5,-3,2,-15
0,-5,-3,3,-20
0,-5,-3,4,-25
0,-5,-3,5,-30
0,-5,-3,6,-35
0,-5,-3,7,-40
0,-5,-3,8,0
0,-5,-3,9,0
0,-5,-3,10,0
0,-5,-3,11,0
0,-5,-3,12,0
0,-5,-3,13,0
0,-5,-3,14,0
0,-5,-3,15,0
0,-5,-3,16,0
0,-5,-3,17,0
0,-5,-3,18,0
0,-5,-3,19,0
0,-5,-3,20,0
0,-5,-3,21,0
0,-5,-3,22,0
0,-5,-3,23,0
0,-5,-3,24,0
0,-5,-3,25,0
0,-5,-3,26,0
0,-5,-3,27,0
0,-5,-3,28,0
0,-5,-3,29,0
0,-5,-3,30,0
0,-5,-3,31,0
0,-5,-3,32,0
0,-5,-3,33,0
0,-5,-3,34,0
0,-5,-3,35,0
0,-5,-3,36,0
0,-5,-3,37,0
0,-5,-3,38,0
0,-5,-3,39,0
0,-5,-3,40,0
0,-5,-3,41,0
0,-5,-3,42,0
0,-5,-3,43,0
0,-5,-3,44,0
0,-5,-3,45,0
0,-5,-3,46,0
0,-5,-3,47,0
0,-5,-3,48,0
0,-5,-3,49,0
0,-5,-3,50,0
0,-5,-3,51,0
0,-5,-3,52,0
0,-5,-3,53,0
0,-5,-3,54,0
0,-5,-3,55,0
0,-5,-3,56,0
0,-5,-3,57,0
0,-5,-3,58,0
0,-5,-3,59,0
0,-5,-3,60,0
0,-5,-3,61,0
0,-5,-3,62,0
0,-5,-3,63,0
0,-5,-3,64,0
0,-5,-3,65,0
0,-5,-3,66,0
0,-5,-3,67,0
0,-5,-3,68,0
0,-5,-3,69,0
0,-5,-3,70,0
0,-5,-3,71,0
0,-5,-3,72,0
0,-5,-3,73,0
0,-5,-3,74,0
0,-5,-3,75,0
0,-5,-3,76,0
0,-5,-3,77,0
0,-5,-3,78,0
0,-5,-3,79,0
0,-5,-3,80,0
0,-5,-3,81,0
0,-5,-3,82,0
0,-5,-3,83,0
0,-5,-3,84,0
0,-5,-3,85,0
0,-5,-3,86,0
0,-5,-3,87,0
0,-5,-3,88,0
0,-5,-3,89,0
0,-5,-3,90,0
0,-5,-3,91,0
0,-5,-3,92,0
0,-5,-3,93,0
0,-5,-3,94,0
0,-5,-3,95,0
0,-5,-3,96,0
0,-5,-3,97,0
0,-5,-3,98,0
0,-5,-3,99,0
0,-5,-3,100,0
0,-5,-3,101,0
0,-5,-3,102,0
0,-5,-3,103,0
0,-5,-3,104,0
0,-5,-3,105,0
0,-5,-3,106,0
0,-5,-3,107,0
0,-5,-3,108,0
0,-5,-3,109,0
0,-5,-3,110,0
0,-5,-3,111,0
0,-5,-2,0,-5
0,-5,-2,1,-10
0,-5,-2,2,-15
0,-5,-2,3,-20
0,-5,-2,4,-25
0,-5,-2,5,-30
0,-5,-2,6,-35
0,-5,-2,7,-40
0,-5,-2,8,0
0,-5,-2,9,0
0,-5,-2,10,0
0,-5,-2,11,0
0,-5,-2,12,0
0,-5,-2,13,0
0,-5,-2,14,0
0,-5,-2,15,0
0,-5,-2,16,0
0,-5,-2,17,0
0,-5,-2,18,0
0,-5,-2,19,0
0,-5,-2,20,0
0,-5,-2,21,0
0,-5,-2,22,0
0,-5,-2,23,0
0,-5,-2,24,0
0,-5,-2,25,0
0,-5,-2,26,0
0,-5,-2,27,0
0,-5,-2,28,0
0,-5,-2,29,0
0,-5,-2,30,0
0,-5,-2,31,0
0,-5,-2,32,0
0,-5,-2,33,0
0,-5,-2,34,0
0,-5,-2,35,0
0,-5,-2,36,0
0,-5,-2,37,0
0,-5,-2,38,0
0,-5,-2,39,0
0,-5,-2,40,0
0,-5,-2,41,0
0,-5,-2,42,0
0,-5,-2,43,0
0,-5,-2,44,0
0,-5,-2,45,0
0,-5,-2,46,0
0,-5,-2,47,0
0,-5,-2,48,0
0,-5,-2,49,0
0,-5,-2,50,0
0,-5,-2,51,0
0,-5,-2,52,0
0,-5,-2,53,0
0,-5,-2,54,0
0,-5,-2,55,0
0,-5,-2,56,0
0,-5,-2,57,0
0,-5,-2,58,0
0,-5,-2,59,0
0,-5,-2,60,0
0,-5,-2,61,0
0,-5,-2,62,0
0,-5,-2,63,0
0,-5,-2,64,0
0,-5,-2,65,0
0,-5,-2,66,0
0,-5,-2,67,0
0,-5,-2,68,0
0,-5,-2,69,0
0,-5,-2,70,0
0,-5,-2,71,0
0,-5,-2,72,0
0,-5,-2,73,0
0,-5,-2,74,0
0,-5,-2,75,0
0,-5,-2,76,0
0,-5,-2,77,0
0,-5,-2,78,0
0,-5,-2,79,0
0,-5,-2,80,0
0,-5,-2,81,0
0,-5,-2,82,0
0,-5,-2,83,0
0,-5,-2,84,0
0,-5,-2,85,0
0,-5,-2,86,0
0,-5,-2,87,0
0,-5,-2,88,0
0,-5,-2,89,0
0,-5,-2,90,0
0,-5,-2,91,0
0,-5,-2,92,0
0,-5,-2,93,0
0,-5,-2,94,0
0,-5,-2,95,0
0,-5,-2,96,0
0,-5,-2,97,0
0,-5,-2,98,0
0,-5,-2,99,0
0,-5,-2,100,0
0,-5,-2,101,0
0,-5,-2,102,0
0,-5,-2,103,0
0,-5,-2,104,0
0,-5,-2,105,0
0,-5,-2,106,0
0,-5,-2,107,0
0,-5,-2,108,0
0,-5,-2,109,0
0,-5,-2,110,0
0,-5,-2,111,0
0,-5,-1,0,-5
0,-5,-1,1,-10
0,-5,-1,2,-15
0,-5,-1,3,-20
0,-5,-1,4,-25
0,-5,-1,5,-30
0,-5,-1,6,-35
0,-5,-1,7,-40
0,-5,-1,8,0
0,-5,-1,9,0
0,-5,-1,10,0
0,-5,-1,11,0
0,-5,-1,12,0
0,-5,-1,13,0
0,-5,-1,14,0
0,-5,-1,15,0
0,-5,-1,16,0
0,-5,-1,17,0
0,-5,-1,18,0
0,-5,-1,19,0
0,-5,-1,20,0
0,-5,-1,21,0
0,-5,-1,22,0
0,-5,-1,23,0
0,-5,-1,24,0
0,-5,-1,25,0
0,-5,-1,26,0
0,-5,-1,27,0
0,-5,-1,28,0
0,-5,-1,29,0
0,-5,-1,30,0
0,-5,-1,31,0
0,-5,-1,32,0
0,-5,-1,33,0
0,-5,-1,34,0
0,-5,-1,35,0
0,-5,-1,36,0
0,-5,-1,37,0
0,-5,-1,38,0
0,-5,-1,39,0
0,-5,-1,40,0
0,-5,-1,41,0
0,-5,-1,42,0
0,-5,-1,43,0
0,-5,-1,44,0
0,-5,-1,45,0
0,-5,-1,46,0
0,-5,-1,47,0
0,-5,-1,48,0
0,-5,-1,49,0
0,-5,-1,50,0
0,-5,-1,51,0
0,-5,-1,52,0
0,-5,-1,53,0
0,-5,-1,54,0
0,-5,-1,55,0
0,-5,-1,56,0
0,-5,-1,57,0
0,-5,-1,58,0
0,-5,-1,59,0
0,-5,-1,60,0
0,-5,-1,61,0
0,-5,-1,62,0
0,-5,-1,63,0
0,-5,-1,64,0
0,-5,-1,65,0
0,-5,-1,66,0
0,-5,-1,67,0
0,-5,-1,68,0
0,-5,-1,69,0
0,-5,-1,70,0
0,-5,-1,71,0
0,-5,-1,72,0
0,-5,-1,73,0
0,-5,-1,74,0
0,-5,-1,75,0
0,-5,-1,76,0
0,-5,-1,77,0
0,-5,-1,78,0
0,-5,-1,79,0
0,-5,-1,80,0
0,-5,-1,81,0
0,-5,-1,82,0
0,-5,-1,83,0
0,-5,-1,84,0
0,-5,-1,85,0
0,-5,-1,86,0
0,-5,-1,87,0
0,-5,-1,88,0
0,-5,-1,89,0
0,-5,-1,90,0
0,-5,-1,91,0
0,-5,-1,92,0
0,-5,-1,93,0
0,-5,-1,94,0
0,-5,-1,95,0
0,-5,-1,96,0
0,-5,-1,97,0
0,-5,-1,98,0
0,-5,-1,99,0
0,-5,-1,100,0
0,-5,-1,101,0
0,-5,-1,102,0
0,-5,-1,103,0
0,-5,-1,104,0
0,-5,-1,105,0
0,-5,-1,106,0
0,-5,-1,107,0
0,-5,-1,108,0
0,-5,-1,109,0
0,-5,-1,110,0
0,-5,-1,111,0
0,-5,0,0,-5
0,-5,0,1,-10
0,-5,0,2,-15
0,-5,0,3,-20
0,-5,0,4,-25
0,-5,0,5,-30
0,-5,0,6,-35
0,-5,0,7,-40
0,-5,0,8,0
0,-5,0,9,0
0,-5,0,10,0
0,-5,0,11,0
0,-5,0,12,0
0,-5,0,13,0
0,-5,0,14,0
0,-5,0,15,0
0,-5,0,16,0
0,-5,0,17,0
0,-5,0,18,0
0,-5,0,19,0
0,-5,0,20,0
0,-5,0,21,0
0,-5,0,22,0
0,-5,0,23,0
0,-5,0,24,0
0,-5,0,25,0
0,-5,0,26,0
0,-5,0,27,0
0,-5,0,28,0
0,-5,0,29,0
0,-5,0,30,0
0,-5,0,31,0
0,-5,0,32,0
0,-5,0,33,0
0,-5,0,34,0
0,-5,0,35,0
0,-5,0,36,0
0,-5,0,37,0
0,-5,0,38,0
0,-5,0,39,0
0,-5,0,40,0
0,-5,0,41,0
0,-5,0,42,0
0,-5,0,43,0
0,-5,0,44,0
0,-5,0,45,0
0,-5,0,46,0
0,-5,0,47,0
0,-5,0,48,0
0,-5,0,49,0
0,-5,0,50,0
0,-5,0,51,0
0,-5,0,52,0
0,-5,0,53,0
0,-5,0,54,0
0,-5,0,55,0
0,-5,0,56,0
0,-5,0,57,0
0,-5,0,58,0
0,-5,0,59,0
0,-5,0,60,0
0,-5,0,61,0
0,-5,0,62,0
0,-5,0,63,0
0,-5,0,64,0
0,-5,0,65,0
0,-5,0,66,0
0,-5,0,67,0
0,-5,0,68,0
0,-5,0,69,0
0,-5,0,70,0
0,-5,0,71,0
0,-5,0,72,0
0,-5,0,73,0
0,-5,0,74,0
0,-5,0,75,0
0,-5,0,76,0
0,-5,0,77,0
0,-5,0,78,0
0,-5,0,79,0
0,-5,0,80,0
0,-5,0,81,0
0,-5,0,82,0
0,-5,0,83,0
0,-5,0,84,0
0,-5,0,85,0
0,-5,0,86,0
0,-5,0,87,0
0,-5,0,88,0
0,-5,0,89,0
0,-5,0,90,0
0,-5,0,91,0
0,-5,0,92,0
0,-5,0,93,0
0,-5,0,94,0
0,-5,0,95,0
0,-5,0,96,0
0,-5,0,97,0
0,-5,0,98,0
0,-5,0,99,0
0,-5,0,100,0
0,-5,0,101,0
0,-5,0,102,0
0,-5,0,103,0
0,-5,0,104,0
0,-5,0,105,0
0,-5,0,106,0
0,-5,0,107,0
0,-5,0,108,0
0,-5,0,109,0
0,-5,0,110,0
0,-5,0,111,0
0,-5,1,0,-5
0,-5,1,1,-10
0,-5,1,2,-15
0,-5,1,3,-20
0,-5,1,4,-25
0,-5,1,5,-30
0,-5,1,6,-35
0,-5,1,7,-40
0,-5,1,8,0
0,-5,1,9,0
0,-5,1,10,0
0,-5,1,11,0
0,-5,1,12,0
0,-5,1,13,0
0,-5,1,14,0
0,-5,1,15,0
0,-5,1,16,0
0,-5,1,17,0
0,-5,1,18,0
0,-5,1,19,0
0,-5,1,20,0
0,-5,1,21,0
0,-5,1,22,0
0,-5,1,23,0
0,-5,1,24,0
0,-5,1,25,0
0,-5,1,26,0
0,-5,1,27,0
0,-5,1,28,0
0,-5,1,29,0
0,-5,1,30,0
0,-5,1,31,0
0,-5,1,32,0
0,-5,1,33,0
0,-5,1,34,0
0,-5,1,35,0
0,-5,1,36,0
0,-5,1,37,0
0,-5,1,38,0
0,-5,1,39,0
0,-5,1,40,0
0,-5,1,41,0
0,-5,1,42,0
0,-5,1,43,0
0,-5,1,44,0
0,-5,1,45,0
0,-5,1,46,0
0,-5,1,47,0
0,-5,1,48,0
0,-5,1,49,0
0,-5,1,50,0
0,-5,1,51,0
0,-5,1,52,0
0,-5,1,53,0
0,-5,1,54,0
0,-5,1,55,0
0,-5,1,56,0
0,-5,1,57,0
0,-5,1,58,0
0,-5,1,59,0
0,-5,1,60,0
0,-5,1,61,0
0,-5,1,62,0
0,-5,1,63,0
0,-5,1,64,0
0,-5,1,65,0
0,-5,1,66,0
0,-5,1,67,0
0,-5,1,68,0
0,-5,1,69,0
0,-5,1,70,0
0,-5,1,71,0
0,-5,1,72,0
0,-5,1,73,0
0,-5,1,74,0
0,-5,1,75,0
0,-5,1,76,0
0,-5,1,77,0
0,-5,1,78,0
0,-5,1,79,0
0,-5,1,80,0
0,-5,1,81,0
0,-5,1,82,0
0,-5,1,83,0
0,-5,1,84,0
0,-5,1,85,0
0,-5,1,86,0
0,-5,1,87,0
0,-5,1,88,0
0,-5,1,89,0
0,-5,1,90,0
0,-5,1,91,0
0,-5,1,92,0
0,-5,1,93,0
0,-5,1,94,0
0,-5,1,95,0
0,-5,1,96,0
0,-5,1,97,0
0,-5,1,98,0
0,-5,1,99,0
0,-5,1,100,0
0,-5,1,101,0
0,-5,1,102,0
0,-5,1,103,0
0,-5,1,104,0
0,-5,1,105,0
0,-5,1,106,0
0,-5,1,107,0
0,-5,1,108,0
0,-5,1,109,0
0,-5,1,110,0
0,-5,1,111,0
0,-5,2,0,-5
0,-5,2,1,-10
0,-5,2,2,-15
0,-5,2,3,-20
0,-5,2,4,-25
0,-5,2,5,-30
0,-5,2,6,-35
0,-5,2,7,-40
0,-5,2,8,0
0,-5,2,9,0
0,-5,2,10,0
0,-5,2,11,0
0,-5,2,12,0
0,-5,2,13,0
0,-5,2,14,0
0,-5,2,15,0
0,-5,2,16,0
0,-5,2,17,0
0,-5,2,18,0
0,-5,2,19,0
0,-5,2,20,0
0,-5,2,21,0
0,-5,2,22,0
0,-5,2,23,0
0,-5,2,24,0
0,-5,2,25,0
0,-5,2,26,0
0,-5,2,27,0
0,-5,2,28,0
0,-5,2,29,0
0,-5,2,30,0
0,-5,2,31,0
0,-5,2,32,0
0,-5,2,33,0
0,-5,2,34,0
0,-5,2,35,0
0,-5,2,36,0
0,-5,2,37,0
0,-5,2,38,0
0,-5,2,39,0
0,-5,2,40,0
0,-5,2,41,0
0,-5,2,42,0
0,-5,2,43,0
0,-5,2,44,0
0,-5,2,45,0
0,-5,2,46,0
0,-5,2,47,0
0,-5,2,48,0
0,-5,2,49,0
0,-5,2,50,0
0,-5,2,51,0
0,-5,2,52,0
0,-5,2,53,0
0,-5,2,54,0
0,-5,2,55,0
0,-5,2,56,0
0,-5,2,57,0
0,-5,2,58,0
0,-5,2,59,0
0,-5,2,60,0
0,-5,2,61,0
0,-5,2,62,0
0,-5,2,63,0
0,-5,2,64,0
0,-5,2,65,0
0,-5,2,66,0
0,-5,2,67,0
0,-5,2,68,0
0,-5,2,69,0
0,-5,2,70,0
0,-5,2,71,0
0,-5,2,72,0
0,-5,2,73,0
0,-5,2,74,0
0,-5,2,75,0
0,-5,2,76,0
0,-5,2,77,0
0,-5,2,78,0
0,-5,2,79,0
0,-5,2,80,0
0,-5,2,81,0
0,-5,2,82,0
0,-5,2,83,0
0,-5,2,84,0
0,-5,2,85,0
0,-5,2,86,0
0,-5,2,87,0
0,-5,2,88,0
0,-5,2,89,0
0,-5,2,90,0
0,-5,2,91,0
0,-5,2,92,0
0,-5,2,93,0
0,-5,2,94,0
0,-5,2,95,0
0,-5,2,96,0
0,-5,2,97,0
0,-5,2,98,0
0,-5,2,99,0
0,-5,2,100,0
0,-5,2,101,0
0,-5,2,102,0
0,-5,2,103,0
0,-5,2,104,0
0,-5,2,105,0
0,-5,2,106,0
0,-5,2,107,0
0,-5,2,108,0
0,-5,2,109,0
0,-5,2,110,0
0,-5,2,111,0
0,-5,3,0,-5
0,-5,3,1,-10
0,-5,3,2,-15
0,-5,3,3,-20
0,-5,3,4,-25
0,-5,3,5,-30
0,-5,3,6,-35
0,-5,3,7,-40
0,-5,3,8,0
0,-5,3,9,0
0,-5,3,10,0
0,-5,3,11,0
0,-5,3,12,0
0,-5,3,13,0
0,-5,3,14,0
0,-5,3,15,0
0,-5,3,16,0
0,-5,3,17,0
0,-5,3,18,0
0,-5,3,19,0
0,-5,3,20,0
0,-5,3,21,0
0,-5,3,22,0
0,-5,3,23,0
0,-5,3,24,0
0,-5,3,25,0
0,-5,3,26,0
0,-5,3,27,0
0,-5,3,28,0
0,-5,3,29,0
0,-5,3,30,0
0,-5,3,31,0
0,-5,3,32,0
0,-5,3,33,0
0,-5,3,34,0
0,-5,3,35,0
0,-5,3,36,0
0,-5,3,37,0
0,-5,3,38,0
0,-5,3,39,0
0,-5,3,40,0
0,-5,3,41,0
0,-5,3,42,0
0,-5,3,43,0
0,-5,3,44,0
0,-5,3,45,0
0,-5,3,46,0
0,-5,3,47,0
0,-5,3,48,0
0,-5,3,49,0
0,-5,3,50,0
0,-5,3,51,0
0,-5,3,52,0
0,-5,3,53,0
0,-5,3,54,0
0,-5,3,55,0
0,-5,3,56,0
0,-5,3,57,0
0,-5,3,58,0
0,-5,3,59,0
0,-5,3,60,0
0,-5,3,61,0
0,-5,3,62,0
0,-5,3,63,0
0,-5,3,64,0
0,-5,3,65,0
0,-5,3,66,0
0,-5,3,67,0
0,-5,3,68,0
0,-5,3,69,0
0,-5,3,70,0
0,-5,3,71,0
0,-5,3,72,0
0,-5,3,73,0
0,-5,3,74,0
0,-5,3,75,0
0,-5,3,76,0
0,-5,3,77,0
0,-5,3,78,0
0,-5,3,79,0
0,-5,3,80,0
0,-5,3,81,0
0,-5,3,82,0
0,-5,3,83,0
0,-5,3,84,0
0,-5,3,85,0
0,-5,3,86,0
0,-5,3,87,0
0,-5,3,88,0
0,-5,3,89,0
0,-5,3,90,0
0,-5,3,91,0
0,-5,3,92,0
0,-5,3,93,0
0,-5,3,94,0
0,-5,3,95,0
0,-5,3,96,0
0,-5,3,97,0
0,-5,3,98,0
0,-5,3,99,0
0,-5,3,100,0
0,-5,3,101,0
0,-5,3,102,0
0,-5,3,103,0
0,-5,3,104,0
0,-5,3,105,0
0,-5,3,106,0
0,-5,3,107,0
0,-5,3,108,0
0,-5,3,109,0
0,-5,3,110,0
0,-5,3,111,0
0,-5,4,0,-5
0,-5,4,1,-10
0,-5,4,2,-15
0,-5,4,3,-20
0,-5,4,4,-25
0,-5,4,5,-30
0,-5,4,6,-35
0,-5,4,7,-40
0,-5,4,8,0
0,-5,4,9,0
0,-5,4,10,0
0,-5,4,11,0
0,-5,4,12,0
0,-5,4,13,0
0,-5,4,14,0
0,-5,4,15,0
0,-5,4,16,0
0,-5,4,17,0
0,-5,4,18,0
0,-5,4,19,0
0,-5,4,20,0
0,-5,4,21,0
0,-5,4,22,0
0,-5,4,23,0
0,-5,4,24,0
0,-5,4,25,0
0,-5,4,26,0
0,-5,4,27,0
0,-5,4,28,0
0,-5,4,29,0
0,-5,4,30,0
0,-5,4,31,0
0,-5,4,32,0
0,-5,4,33,0
0,-5,4,34,0
0,-5,4,35,0
0,-5,4,36,0
0,-5,4,37,0
0,-5,4,38,0
0,-5,4,39,0
0,-5,4,40,0
0,-5,4,41,0
0,-5,4,42,0
0,-5,4,43,0
0,-5,4,44,0
0,-5,4,45,0
0,-5,4,46,0
0,-5,4,47,0
0,-5,4,48,0
0,-5,4,49,0
0,-5,4,50,0
0,-5,4,51,0
0,-5,4,52,0
0,-5,4,53,0
0,-5,4,54,0
0,-5,4,55,0
0,-5,4,56,0
0,-5,4,57,0
0,-5,4,58,0
0,-5,4,59,0
0,-5,4,60,0
0,-5,4,61,0
0,-5,4,62,0
0,-5,4,63,0
0,-5,4,64,0
0,-5,4,65,0
0,-5,4,66,0
0,-5,4,67,0
0,-5,4,68,0
0,-5,4,69,0
0,-5,4,70,0
0,-5,4,71,0
0,-5,4,72,0
0,-5,4,73,0
0,-5,4,74,0
0,-5,4,75,0
0,-5,4,76,0
0,-5,4,77,0
0,-5,4,78,0
0,-5,4,79,0
0,-5,4,80,0
0,-5,4,81,0
0,-5,4,82,0
0,-5,4,83,0
0,-5,4,84,0
0,-5,4,85,0
0,-5,4,86,0
0,-5,4,87,0
0,-5,4,88,0
0,-5,4,89,0
0,-5,4,90,0
0,-5,4,91,0
0,-5,4,92,0
0,-5,4,93,0
0,-5,4,94,0
0,-5,4,95,0
0,-5,4,96,0
0,-5,4,97,0
0,-5,4,98,0
0,-5,4,99,0
0,-5,4,100,0
0,-5,4,101,0
0,-5,4,102,0
0,-5,4,103,0
0,-5,4,104,0
0,-5,4,105,0
0,-5,4,106,0
0,-5,4,107,0
0,-5,4,108,0
0,-5,4,109,0
0,-5,4,110,0
0,-5,4,111,0
0,-5,5,0,-5
0,-5,5,1,-10
0,-5,5,2,-15
0,-5,5,3,-20
0,-5,5,4,-25
0,-5,5,5,-30
0,-5,5,6,-35
0,-5,5,7,-40
0,-5,5,8,0
0,-5,5,9,0
0,-5,5,10,0
0,-5,5,11,0
0,-5,5,12,0
0,-5,5,13,0
0,-5,5,14,0
0,-5,5,15,0
0,-5,5,16,0
0,-5,5,17,0
0,-5,5,18,0
0,-5,5,19,0
0,-5,5,20,0
0,-5,5,21,0
0,-5,5,22,0
0,-5,5,23,0
0,-5,5,24,0
0,-5,5,25,0
0,-5,5,26,0
0,-5,5,27,0
0,-5,5,28,0
0,-5,5,29,0
0,-5,5,30,0
0,-5,5,31,0
0,-5,5,32,0
0,-5,5,33,0
0,-5,5,34,0
0,-5,5,35,0
0,-5,5,36,0
0,-5,5,37,0
0,-5,5,38,0
0,-5,5,39,0
0,-5,5,40,0
0,-5,5,41,0
0,-5,5,42,0
0,-5,5,43,0
0,-5,5,44,0
0,-5,5,45,0
0,-5,5,46,0
0,-5,5,47,0
0,-5,5,48,0
0,-5,5,49,0
0,-5,5,50,0
0,-5,5,51,0
0,-5,5,52,0
0,-5,5,53,0
0,-5,5,54,0
0,-5,5,55,0
0,-5,5,56,0
0,-5,5,57,0
0,-5,5,58,0
0,-5,5,59,0
0,-5,5,60,0
0,-5,5,61,0
0,-5,5,62,0
0,-5,5,63,0
0,-5,5,64,0
0,-5,5,65,0
0,-5,5,66,0
0,-5,5,67,0
0,-5,5,68,0
0,-5,5,69,0
0,-5,5,70,0
0,-5,5,71,0
0,-5,5,72,0
0,-5,5,73,0
0,-5,5,74,0
0,-5,5,75,0
0,-5,5,76,0
0,-5,5,77,0
0,-5,5,78,0
0,-5,5,79,0
0,-5,5,80,0
0,-5,5,81,0
0,-5,5,82,0
0,-5,5,83,0
0,-5,5,84,0
0,-5,5,85,0
0,-5,5,86,0
0,-5,5,87,0
0,-5,5,88,0
0,-5,5,89,0
0,-5,5,90,0
0,-5,5,91,0
0,-5,5,92,0
0,-5,5,93,0
0,-5,5,94,0
0,-5,5,95,0
0,-5,5,96,0
0,-5,5,97,0
0,-5,5,98,0
0,-5,5,99,0
0,-5,5,100,0
0,-5,5,101,0
0,-5,5,102,0
0,-5,5,103,0
0,-5,5,104,0
0,-5,5,105,0
0,-5,5,106,0
0,-5,5,107,0
0,-5,5,108,0
0,-5,5,109,0
0,-5,5,110,0
0,-5,5,111,0
0,-5,6,0,-5
0,-5,6,1,-10
0,-5,6,2,-15
0,-5,6,3,-20
0,-5,6,4,-25
0,-5,6,5,-30
0,-5,6,6,-35
0,-5,6,7,-40
0,-5,6,8,0
0,-5,6,9,0
0,-5,6,10,0
0,-5,6,11,0
0,-5,6,12,0
0,-5,6,13,0
0,-5,6,14,0
0,-5,6,15,0
0,-5,6,16,0
0,-5,6,17,0
0,-5,6,18,0
0,-5,6,19,0
0,-5,6,20,0
0,-5,6,21,0
0,-5,6,22,0
0,-5,6,23,0
0,-5,6,24,0
0,-5,6,25,0
0,-5,6,26,0
0,-5,6,27,0
0,-5,6,28,0
0,-5,6,29,0
0,-5,6,30,0
0,-5,6,31,0
0,-5,6,32,0
0,-5,6,33,0
0,-5,6,34,0
0,-5,6,35,0
0,-5,6,36,0
0,-5,6,37,0
0,-5,6,38,0
0,-5,6,39,0
0,-5,6,40,0
0,-5,6,41,0
0,-5,6,42,0
0,-5,6,43,0
0,-5,6,44,0
0,-5,6,45,0
0,-5,6,46,0
0,-5,6,47,0
0,-5,6,48,0
0,-5,6,49,0
0,-5,6,50,0
0,-5,6,51,0
0,-5,6,52,0
0,-5,6,53,0
0,-5,6,54,0
0,-5,6,55,0
0,-5,6,56,0
0,-5,6,57,0
0,-5,6,58,0
0,-5,6,59,0
0,-5,6,60,0
0,-5,6,61,0
0,-5,6,62,0
0,-5,6,63,0
0,-5,6,64,0
0,-5,6,65,0
0,-5,6,66,0
0,-5,6,67,0
0,-5,6,68,0
0,-5,6,69,0
0,-5,6,70,0
0,-5,6,71,0
0,-5,6,72,0
0,-5,6,73,0
0,-5,6,74,0
0,-5,6,75,0
0,-5,6,76,0
0,-5,6,77,0
0,-5,6,78,0
0,-5,6,79,0
0,-5,6,80,0
0,-5,6,81,0
0,-5,6,82,0
0,-5,6,83,0
0,-5,6,84,0
0,-5,6,85,0
0,-5,6,86,0
0,-5,6,87,0
0,-5,6,88,0
0,-5,6,89,0
0,-5,6,90,0
0,-5,6,91,0
0,-5,6,92,0
0,-5,6,93,0
0,-5,6,94,0
0,-5,6,95,0
0,-5,6,96,0
0,-5,6,97,0
0,-5,6,98,0
0,-5,6,99,0
0,-5,6,100,0
0,-5,6,101,0
0,-5,6,102,0
0,-5,6,103,0
0,-5,6,104,0
0,-5,6,105,0
0,-5,6,106,0
0,-5,6,107,0
0,-5,6,108,0
0,-5,6,109,0
0,-5,6,110,0
0,-5,6,111,0
0,-5,7,0,-5
0,-5,7,1,-10
0,-5,7,2,-15
0,-5,7,3,-20
0,-5,7,4,-25
0,-5,7,5,-30
0,-5,7,6,-35
0,-5,7,7,-40
0,-5,7,8,0
0,-5,7,9,0
0,-5,7,10,0
0,-5,7,11,0
0,-5,7,12,0
0,-5,7,13,0
0,-5,7,14,0
0,-5,7,15,0
0,-5,7,16,0
0,-5,7,17,0
0,-5,7,18,0
0,-5,7,19,0
0,-5,7,20,0
0,-5,7,21,0
0,-5,7,22,0
0,-5,7,23,0
0,-5,7,24,0
0,-5,7,25,0
0,-5,7,26,0
0,-5,7,27,0
0,-5,7,28,0
0,-5,7,29,0
0,-5,7,30,0
0,-5,7,31,0
0,-5,7,32,0
0,-5,7,33,0
0,-5,7,34,0
0,-5,7,35,0
0,-5,7,36,0
0,-5,7,37,0
0,-5,7,38,0
0,-5,7,39,0
0,-5,7,40,0
0,-5,7,41,0
0,-5,7,42,0
0,-5,7,43,0
0,-5,7,44,0
0,-5,7,45,0
0,-5,7,46,0
0,-5,7,47,0
0,-5,7,48,0
0,-5,7,49,0
0,-5,7,50,0
0,-5,7,51,0
0,-5,7,52,0
0,-5,7,53,0
0,-5,7,54,0
0,-5,7,55,0
0,-5,7,56,0
0,-5,7,57,0
0,-5,7,58,0
0,-5,7,59,0
0,-5,7,60,0
0,-5,7,61,0
0,-5,7,62,0
0,-5,7,63,0
0,-5,7,64,0
0,-5,7,65,0
0,-5,7,66,0
0,-5,7,67,0
0,-5,7,68,0
0,-5,7,69,0
0,-5,7,70,0
0,-5,7,71,0
0,-5,7,72,0
0,-5,7,73,0
0,-5,7,74,0
0,-5,7,75,0
0,-5,7,76,0
0,-5,7,77,0
0,-5,7,78,0
0,-5,7,79,0
0,-5,7,80,0
0,-5,7,81,0
0,-5,7,82,0
0,-5,7,83,0
0,-5,7,84,0
0,-5,7,85,0
0,-5,7,86,0
0,-5,7,87,0
0,-5,7,88,0
0,-5,7,89,0
0,-5,7,90,0
0,-5,7,91,0
0,-5,7,92,0
0,-5,7,93,0
0,-5,7,94,0
0,-5,7,95,0
0,-5,7,96,0
0,-5,7,97,0
0,-5,7,98,0
0,-5,7,99,0
0,-5,7,100,0
0,-5,7,101,0
0,-5,7,102,0
0,-5,7,103,0
0,-5,7,104,0
0,-5,7,105,0
0,-5,7,106,0
0,-5,7,107,0
0,-5,7,108,0
0,-5,7,109,0
0,-5,7,110,0
0,-5,7,111,0
0,-4,-8,0,-4
0,-4,-8,1,-8
0,-4,-8,2,-12
0,-4,-8,3,-16
0,-4,-8,4,-20
0,-4,-8,5,-24
0,-4,-8,6,-28
0,-4,-8,7,-32
0,-4,-8,8,0
0,-4,-8,9,0
0,-4,-8,10,0
0,-4,-8,11,0
0,-4,-8,12,0
0,-4,-8,13,0
0,-4,-8,14,0
0,-4,-8,15,0
0,-4,-8,16,0
0,-4,-8,17,0
0,-4,-8,18,0
0,-4,-8,19,0
0,-4,-8,20,0
0,-4,-8,21,0
0,-4,-8,22,0
0,-4,-8,23,0
0,-4,-8,24,0
0,-4,-8,25,0
0,-4,-8,26,0
0,-4,-8,27,0
0,-4,-8,28,0
0,-4,-8,29,0
0,-4,-8,30,0
0,-4,-8,31,0
0,-4,-8,32,0
0,-4,-8,33,0
0,-4,-8,34,0
0,-4,-8,35,0
0,-4,-8,36,0
0,-4,-8,37,0
0,-4,-8,38,0
0,-4,-8,39,0
0,-4,-8,40,0
0,-4,-8,41,0
0,-4,-8,42,0
0,-4,-8,43,0
0,-4,-8,44,0
0,-4,-8,45,0
0,-4,-8,46,0
0,-4,-8,47,0
0,-4,-8,48,0
0,-4,-8,49,0
0,-4,-8,50,0
0,-4,-8,51,0
0,-4,-8,52,0
0,-4,-8,53,0
0,-4,-8,54,0
0,-4,-8,55,0
0,-4,-8,56,0
0,-4,-8,57,0
0,-4,-8,58,0
0,-4,-8,59,0
0,-4,-8,60,0
0,-4,-8,61,0
0,-4,-8,62,0
0,-4,-8,63,0
0,-4,-8,64,0
0,-4,-8,65,0
0,-4,-8,66,0
0,-4,-8,67,0
0,-4,-8,68,0
0,-4,-8,69,0
0,-4,-8,70,0
0,-4,-8,71,0
0,-4,-8,72,0
0,-4,-8,73,0
0,-4,-8,74,0
0,-4,-8,75,0
0,-4,-8,76,0
0,-4,-8,77,0
0,-4,-8,78,0
0,-4,-8,79,0
0,-4,-8,80,0
0,-4,-8,81,0
0,-4,-8,82,0
0,-4,-8,83,0
0,-4,-8,84,0
0,-4,-8,85,0
0,-4,-8,86,0
0,-4,-8,87,0
0,-4,-8,88,0
0,-4,-8,89,0
0,-4,-8,90,0
0,-4,-8,91,0
0,-4,-8,92,0
0,-4,-8,93,0
0,-4,-8,94,0
0,-4,-8,95,0
0,-4,-8,96,0
0,-4,-8,97,0
0,-4,-8,98,0
0,-4,-8,99,0
0,-4,-8,100,0
0,-4,-8,101,0
0,-4,-8,102,0
0,-4,-8,103,0
0,-4,-8,104,0
0,-4,-8,105,0
0,-4,-8,106,0
0,-4,-8,107,0
0,-4,-8,108,0
0,-4,-8,109,0
0,-4,-8,110,0
0,-4,-8,111,0
0,-4,-7,0,-4
0,-4,-7,1,-8
0,-4,-7,2,-12
0,-4,-7,3,-16
0,-4,-7,4,-20
0,-4,-7,5,-24
0,-4,-7,6,-28
0,-4,-7,7,-32
0,-4,-7,8,0
0,-4,-7,9,0
0,-4,-7,10,0
0,-4,-7,11,0
0,-4,-7,12,0
0,-4,-7,13,0
0,-4,-7,14,0
0,-4,-7,15,0
0,-4,-7,16,0
0,-4,-7,17,0
0,-4,-7,18,0
0,-4,-7,19,0
0,-4,-7,20,0
0,-4,-7,21,0
0,-4,-7,22,0
0,-4,-7,23,0
0,-4,-7,24,0
0,-4,-7,25,0
0,-4,-7,26,0
0,-4,-7,27,0
0,-4,-7,28,0
0,-4,-7,29,0
0,-4,-7,30,0
0,-4,-7,31,0
0,-4,-7,32,0
0,-4,-7,33,0
0,-4,-7,34,0
0,-4,-7,35,0
0,-4,-7,36,0
0,-4,-7,37,0
0,-4,-7,38,0
0,-4,-7,39,0
0,-4,-7,40,0
0,-4,-7,41,0
0,-4,-7,42,0
0,-4,-7,43,0
0,-4,-7,44,0
0,-4,-7,45,0
0,-4,-7,46,0
0,-4,-7,47,0
0,-4,-7,48,0
0,-4,-7,49,0
0,-4,-7,50,0
0,-4,-7,51,0
0,-4,-7,52,0
0,-4,-7,53,0
0,-4,-7,54,0
0,-4,-7,55,0
0,-4,-7,56,0
0,-4,-7,57,0
0,-4,-7,58,0
0,-4,-7,59,0
0,-4,-7,60,0
0,-4,-7,61,0
0,-4,-7,62,0
0,-4,-7,63,0
0,-4,-7,64,0
0,-4,-7,65,0
0,-4,-7,66,0
0,-4,-7,67,0
0,-4,-7,68,0
0,-4,-7,69,0
0,-4,-7,70,0
0,-4,-7,71,0
0,-4,-7,72,0
0,-4,-7,73,0
0,-4,-7,74,0
0,-4,-7,75,0
0,-4,-7,76,0
0,-4,-7,77,0
0,-4,-7,78,0
0,-4,-7,79,0
0,-4,-7,80,0
0,-4,-7,81,0
0,-4,-7,82,0
0,-4,-7,83,0
0,-4,-7,84,0
0,-4,-7,85,0
0,-4,-7,86,0
0,-4,-7,87,0
0,-4,-7,88,0
0,-4,-7,89,0
0,-4,-7,90,0
0,-4,-7,91,0
0,-4,-7,92,0
0,-4,-7,93,0
0,-4,-7,94,0
0,-4,-7,95,0
0,-4,-7,96,0
0,-4,-7,97,0
0,-4,-7,98,0
0,-4,-7,99,0
0,-4,-7,100,0
0,-4,-7,101,0
0,-4,-7,102,0
0,-4,-7,103,0
0,-4,-7,104,0
0,-4,-7,105,0
0,-4,-7,106,0
0,-4,-7,107,0
0,-4,-7,108,0
0,-4,-7,109,0
0,-4,-7,110,0
0,-4,-7,111,0
0,-4,-6,0,-4
0,-4,-6,1,-8
0,-4,-6,2,-12
0,-4,-6,3,-16
0,-4,-6,4,-20
0,-4,-6,5,-24
0,-4,-6,6,-28
0,-4,-6,7,-32
0,-4,-6,8,0
0,-4,-6,9,0
0,-4,-6,10,0
0,-4,-6,11,0
0,-4,-6,12,0
0,-4,-6,13,0
0,-4,-6,14,0
0,-4,-6,15,0
0,-4,-6,16,0
0,-4,-6,17,0
0,-4,-6,18,0
0,-4,-6,19,0
0,-4,-6,20,0
0,-4,-6,21,0
0,-4,-6,22,0
0,-4,-6,23,0
0,-4,-6,24,0
0,-4,-6,25,0
0,-4,-6,26,0
0,-4,-6,27,0
0,-4,-6,28,0
0,-4,-6,29,0
0,-4,-6,30,0
0,-4,-6,31,0
0,-4,-6,32,0
0,-4,-6,33,0
0,-4,-6,34,0
0,-4,-6,35,0
0,-4,-6,36,0
0,-4,-6,37,0
0,-4,-6,38,0
0,-4,-6,39,0
0,-4,-6,40,0
0,-4,-6,41,0
0,-4,-6,42,0
0,-4,-6,43,0
0,-4,-6,44,0
0,-4,-6,45,0
0,-4,-6,46,0
0,-4,-6,47,0
0,-4,-6,48,0
0,-4,-6,49,0
0,-4,-6,50,0
0,-4,-6,51,0
0,-4,-6,52,0
0,-4,-6,53,0
0,-4,-6,54,0
0,-4,-6,55,0
0,-4,-6,56,0
0,-4,-6,57,0
0,-4,-6,58,0
0,-4,-6,59,0
0,-4,-6,60,0
0,-4,-6,61,0
0,-4,-6,62,0
0,-4,-6,63,0
0,-4,-6,64,0
0,-4,-6,65,0
0,-4,-6,66,0
0,-4,-6,67,0
0,-4,-6,68,0
0,-4,-6,69,0
0,-4,-6,70,0
0,-4,-6,71,0
0,-4,-6,72,0
0,-4,-6,73,0
0,-4,-6,74,0
0,-4,-6,75,0
0,-4,-6,76,0
0,-4,-6,77,0
0,-4,-6,78,0
0,-4,-6,79,0
0,-4,-6,80,0
0,-4,-6,81,0
0,-4,-6,82,0
0,-4,-6,83,0
0,-4,-6,84,0
0,-4,-6,85,0
0,-4,-6,86,0
0,-4,-6,87,0
0,-4,-6,88,0
0,-4,-6,89,0
0,-4,-6,90,0
0,-4,-6,91,0
0,-4,-6,92,0
0,-4,-6,93,0
0,-4,-6,94,0
0,-4,-6,95,0
0,-4,-6,96,0
0,-4,-6,97,0
0,-4,-6,98,0
0,-4,-6,99,0
0,-4,-6,100,0
0,-4,-6,101,0
0,-4,-6,102,0
0,-4,-6,103,0
0,-4,-6,104,0
0,-4,-6,105,0
0,-4,-6,106,0
0,-4,-6,107,0
0,-4,-6,108,0
0,-4,-6,109,0
0,-4,-6,110,0
0,-4,-6,111,0
0,-4,-5,0,-4
0,-4,-5,1,-8
0,-4,-5,2,-12
0,-4,-5,3,-16
0,-4,-5,4,-20
0,-4,-5,5,-24
0,-4,-5,6,-28
0,-4,-5,7,-32
0,-4,-5,8,0
0,-4,-5,9,0
0,-4,-5,10,0
0,-4,-5,11,0
0,-4,-5,12,0
0,-4,-5,13,0
0,-4,-5,14,0
0,-4,-5,15,0
0,-4,-5,16,0
0,-4,-5,17,0
0,-4,-5,18,0
0,-4,-5,19,0
0,-4,-5,20,0
0,-4,-5,21,0
0,-4,-5,22,0
0,-4,-5,23,0
0,-4,-5,24,0
0,-4,-5,25,0
0,-4,-5,26,0
0,-4,-5,27,0
0,-4,-5,28,0
0,-4,-5,29,0
0,-4,-5,30,0
0,-4,-5,31,0
0,-4,-5,32,0
0,-4,-5,33,0
0,-4,-5,34,0
0,-4,-5,35,0
0,-4,-5,36,0
0,-4,-5,37,0
0,-4,-5,38,0
0,-4,-5,39,0
0,-4,-5,40,0
0,-4,-5,41,0
0,-4,-5,42,0
0,-4,-5,43,0
0,-4,-5,44,0
0,-4,-5,45,0
0,-4,-5,46,0
0,-4,-5,47,0
0,-4,-5,48,0
0,-4,-5,49,0
0,-4,-5,50,0
0,-4,-5,51,0
0,-4,-5,52,0
0,-4,-5,53,0
0,-4,-5,54,0
0,-4,-5,55,0
0,-4,-5,56,0
0,-4,-5,57,0
0,-4,-5,58,0
0,-4,-5,59,0
0,-4,-5,60,0
0,-4,-5,61,0
0,-4,-5,62,0
0,-4,-5,63,0
0,-4,-5,64,0
0,-4,-5,65,0
0,-4,-5,66,0
0,-4,-5,67,0
0,-4,-5,68,0
0,-4,-5,69,0
0,-4,-5,70,0
0,-4,-5,71,0
0,-4,-5,72,0
0,-4,-5,73,0
0,-4,-5,74,0
0,-4,-5,75,0
0,-4,-5,76,0
0,-4,-5,77,0
0,-4,-5,78,0
0,-4,-5,79,0
0,-4,-5,80,0
0,-4,-5,81,0
0,-4,-5,82,0
0,-4,-5,83,0
0,-4,-5,84,0
0,-4,-5,85,0
0,-4,-5,86,0
0,-4,-5,87,0
0,-4,-5,88,0
0,-4,-5,89,0
0,-4,-5,90,0
0,-4,-5,91,0
0,-4,-5,92,0
0,-4,-5,93,0
0,-4,-5,94,0
0,-4,-5,95,0
0,-4,-5,96,0
0,-4,-5,97,0
0,-4,-5,98,0
0,-4,-5,99,0
0,-4,-5,100,0
0,-4,-5,101,0
0,-4,-5,102,0
0,-4,-5,103,0
0,-4,-5,104,0
0,-4,-5,105,0
0,-4,-5,106,0
0,-4,-5,107,0
0,-4,-5,108,0
0,-4,-5,109,0
0,-4,-5,110,0
0,-4,-5,111,0
0,-4,-4,0,-4
0,-4,-4,1,-8
0,-4,-4,2,-12
0,-4,-4,3,-16
0,-4,-4,4,-20
0,-4,-4,5,-24
0,-4,-4,6,-28
0,-4,-4,7,-32
0,-4,-4,8,0
0,-4,-4,9,0
0,-4,-4,10,0
0,-4,-4,11,0
0,-4,-4,12,0
0,-4,-4,13,0
0,-4,-4,14,0
0,-4,-4,15,0
0,-4,-4,16,0
0,-4,-4,17,0
0,-4,-4,18,0
0,-4,-4,19,0
0,-4,-4,20,0
0,-4,-4,21,0
0,-4,-4,22,0
0,-4,-4,23,0
0,-4,-4,24,0
0,-4,-4,25,0
0,-4,-4,26,0
0,-4,-4,27,0
0,-4,-4,28,0
0,-4,-4,29,0
0,-4,-4,30,0
0,-4,-4,31,0
0,-4,-4,32,0
0,-4,-4,33,0
0,-4,-4,34,0
0,-4,-4,35,0
0,-4,-4,36,0
0,-4,-4,37,0
0,-4,-4,38,0
0,-4,-4,39,0
0,-4,-4,40,0
0,-4,-4,41,0
0,-4,-4,42,0
0,-4,-4,43,0
0,-4,-4,44,0
0,-4,-4,45,0
0,-4,-4,46,0
0,-4,-4,47,0
0,-4,-4,48,0
0,-4,-4,49,0
0,-4,-4,50,0
0,-4,-4,51,0
0,-4,-4,52,0
0,-4,-4,53,0
0,-4,-4,54,0
0,-4,-4,55,0
0,-4,-4,56,0
0,-4,-4,57,0
0,-4,-4,58,0
0,-4,-4,59,0
0,-4,-4,60,0
0,-4,-4,61,0
0,-4,-4,62,0
0,-4,-4,63,0
0,-4,-4,64,0
0,-4,-4,65,0
0,-4,-4,66,0
0,-4,-4,67,0
0,-4,-4,68,0
0,-4,-4,69,0
0,-4,-4,70,0
0,-4,-4,71,0
0,-4,-4,72,0
0,-4,-4,73,0
0,-4,-4,74,0
0,-4,-4,75,0
0,-4,-4,76,0
0,-4,-4,77,0
0,-4,-4,78,0
0,-4,-4,79,0
0,-4,-4,80,0
0,-4,-4,81,0
0,-4,-4,82,0
0,-4,-4,83,0
0,-4,-4,84,0
0,-4,-4,85,0
0,-4,-4,86,0
0,-4,-4,87,0
0,-4,-4,88,0
0,-4,-4,89,0
0,-4,-4,90,0
0,-4,-4,91,0
0,-4,-4,92,0
0,-4,-4,93,0
0,-4,-4,94,0
0,-4,-4,95,0
0,-4,-4,96,0
0,-4,-4,97,0
0,-4,-4,98,0
0,-4,-4,99,0
0,-4,-4,100,0
0,-4,-4,101,0
0,-4,-4,102,0
0,-4,-4,103,0
0,-4,-4,104,0
0,-4,-4,105,0
0,-4,-4,106,0
0,-4,-4,107,0
0,-4,-4,108,0
0,-4,-4,109,0
0,-4,-4,110,0
0,-4,-4,111,0
0,-4,-3,0,-4
0,-4,-3,1,-8
0,-4,-3,2,-12
0,-4,-3,3,-16
0,-4,-3,4,-20
0,-4,-3,5,-24
0,-4,-3,6,-28
0,-4,-3,7,-32
0,-4,-3,8,0
0,-4,-3,9,0
0,-4,-3,10,0
0,-4,-3,11,0
0,-4,-3,12,0
0,-4,-3,13,0
0,-4,-3,14,0
0,-4,-3,15,0
0,-4,-3,16,0
0,-4,-3,17,0
0,-4,-3,18,0
0,-4,-3,19,0
0,-4,-3,20,0
0,-4,-3,21,0
0,-4,-3,22,0
0,-4,-3,23,0
0,-4,-3,24,0
0,-4,-3,25,0
0,-4,-3,26,0
0,-4,-3,27,0
0,-4,-3,28,0
0,-4,-3,29,0
0,-4,-3,30,0
0,-4,-3,31,0
0,-4,-3,32,0
0,-4,-3,33,0
0,-4,-3,34,0
0,-4,-3,35,0
0,-4,-3,36,0
0,-4,-3,37,0
0,-4,-3,38,0
0,-4,-3,39,0
0,-4,-3,40,0
0,-4,-3,41,0
0,-4,-3,42,0
0,-4,-3,43,0
0,-4,-3,44,0
0,-4,-3,45,0
0,-4,-3,46,0
0,-4,-3,47,0
0,-4,-3,48,0
0,-4,-3,49,0
0,-4,-3,50,0
0,-4,-3,51,0
0,-4,-3,52,0
0,-4,-3,53,0
0,-4,-3,54,0
0,-4,-3,55,0
0,-4,-3,56,0
0,-4,-3,57,0
0,-4,-3,58,0
0,-4,-3,59,0
0,-4,-3,60,0
0,-4,-3,61,0
0,-4,-3,62,0
0,-4,-3,63,0
0,-4,-3,64,0
0,-4,-3,65,0
0,-4,-3,66,0
0,-4,-3,67,0
0,-4,-3,68,0
0,-4,-3,69,0
0,-4,-3,70,0
0,-4,-3,71,0
0,-4,-3,72,0
0,-4,-3,73,0
0,-4,-3,74,0
0,-4,-3,75,0
0,-4,-3,76,0
0,-4,-3,77,0
0,-4,-3,78,0
0,-4,-3,79,0
0,-4,-3,80,0
0,-4,-3,81,0
0,-4,-3,82,0
0,-4,-3,83,0
0,-4,-3,84,0
0,-4,-3,85,0
0,-4,-3,86,0
0,-4,-3,87,0
0,-4,-3,88,0
0,-4,-3,89,0
0,-4,-3,90,0
0,-4,-3,91,0
0,-4,-3,92,0
0,-4,-3,93,0
0,-4,-3,94,0
0,-4,-3,95,0
0,-4,-3,96,0
0,-4,-3,97,0
0,-4,-3,98,0
0,-4,-3,99,0
0,-4,-3,100,0
0,-4,-3,101,0
0,-4,-3,102,0
0,-4,-3,103,0
0,-4,-3,104,0
0,-4,-3,105,0
0,-4,-3,106,0
0,-4,-3,107,0
0,-4,-3,108,0
0,-4,-3,109,0
0,-4,-3,110,0
0,-4,-3,111,0
0,-4,-2,0,-4
0,-4,-2,1,-8
0,-4,-2,2,-12
0,-4,-2,3,-16
0,-4,-2,4,-20
0,-4,-2,5,-24
0,-4,-2,6,-28
0,-4,-2,7,-32
0,-4,-2,8,0
0,-4,-2,9,0
0,-4,-2,10,0
0,-4,-2,11,0
0,-4,-2,12,0
0,-4,-2,13,0
0,-4,-2,14,0
0,-4,-2,15,0
0,-4,-2,16,0
0,-4,-2,17,0
0,-4,-2,18,0
0,-4,-2,19,0
0,-4,-2,20,0
0,-4,-2,21,0
0,-4,-2,22,0
0,-4,-2,23,0
0,-4,-2,24,0
0,-4,-2,25,0
0,-4,-2,26,0
0,-4,-2,27,0
0,-4,-2,28,0
0,-4,-2,29,0
0,-4,-2,30,0
0,-4,-2,31,0
0,-4,-2,32,0
0,-4,-2,33,0
0,-4,-2,34,0
0,-4,-2,35,0
0,-4,-2,36,0
0,-4,-2,37,0
0,-4,-2,38,0
0,-4,-2,39,0
0,-4,-2,40,0
0,-4,-2,41,0
0,-4,-2,42,0
0,-4,-2,43,0
0,-4,-2,44,0
0,-4,-2,45,0
0,-4,-2,46,0
0,-4,-2,47,0
0,-4,-2,48,0
0,-4,-2,49,0
0,-4,-2,50,0
0,-4,-2,51,0
0,-4,-2,52,0
0,-4,-2,53,0
0,-4,-2,54,0
0,-4,-2,55,0
0,-4,-2,56,0
0,-4,-2,57,0
0,-4,-2,58,0
0,-4,-2,59,0
0,-4,-2,60,0
0,-4,-2,61,0
0,-4,-2,62,0
0,-4,-2,63,0
0,-4,-2,64,0
0,-4,-2,65,0
0,-4,-2,66,0
0,-4,-2,67,0
0,-4,-2,68,0
0,-4,-2,69,0
0,-4,-2,70,0
0,-4,-2,71,0
0,-4,-2,72,0
0,-4,-2,73,0
0,-4,-2,74,0
0,-4,-2,75,0
0,-4,-2,76,0
0,-4,-2,77,0
0,-4,-2,78,0
0,-4,-2,79,0
0,-4,-2,80,0
0,-4,-2,81,0
0,-4,-2,82,0
0,-4,-2,83,0
0,-4,-2,84,0
0,-4,-2,85,0
0,-4,-2,86,0
0,-4,-2,87,0
0,-4,-2,88,0
0,-4,-2,89,0
0,-4,-2,90,0
0,-4,-2,91,0
0,-4,-2,92,0
0,-4,-2,93,0
0,-4,-2,94,0
0,-4,-2,95,0
0,-4,-2,96,0
0,-4,-2,97,0
0,-4,-2,98,0
0,-4,-2,99,0
0,-4,-2,100,0
0,-4,-2,101,0
0,-4,-2,102,0
0,-4,-2,103,0
0,-4,-2,104,0
0,-4,-2,105,0
0,-4,-2,106,0
0,-4,-2,107,0
0,-4,-2,108,0
0,-4,-2,109,0
0,-4,-2,110,0
0,-4,-2,111,0
0,-4,-1,0,-4
0,-4,-1,1,-8
0,-4,-1,2,-12
0,-4,-1,3,-16
0,-4,-1,4,-20
0,-4,-1,5,-24
0,-4,-1,6,-28
0,-4,-1,7,-32
0,-4,-1,8,0
0,-4,-1,9,0
0,-4,-1,10,0
0,-4,-1,11,0
0,-4,-1,12,0
0,-4,-1,13,0
0,-4,-1,14,0
0,-4,-1,15,0
0,-4,-1,16,0
0,-4,-1,17,0
0,-4,-1,18,0
0,-4,-1,19,0
0,-4,-1,20,0
0,-4,-1,21,0
0,-4,-1,22,0
0,-4,-1,23,0
0,-4,-1,24,0
0,-4,-1,25,0
0,-4,-1,26,0
0,-4,-1,27,0
0,-4,-1,28,0
0,-4,-1,29,0
0,-4,-1,30,0
0,-4,-1,31,0
0,-4,-1,32,0
0,-4,-1,33,0
0,-4,-1,34,0
0,-4,-1,35,0
0,-4,-1,36,0
0,-4,-1,37,0
0,-4,-1,38,0
0,-4,-1,39,0
0,-4,-1,40,0
0,-4,-1,41,0
0,-4,-1,42,0
0,-4,-1,43,0
0,-4,-1,44,0
0,-4,-1,45,0
0,-4,-1,46,0
0,-4,-1,47,0
0,-4,-1,48,0
0,-4,-1,49,0
0,-4,-1,50,0
0,-4,-1,51,0
0,-4,-1,52,0
0,-4,-1,53,0
0,-4,-1,54,0
0,-4,-1,55,0
0,-4,-1,56,0
0,-4,-1,57,0
0,-4,-1,58,0
0,-4,-1,59,0
0,-4,-1,60,0
0,-4,-1,61,0
0,-4,-1,62,0
0,-4,-1,63,0
0,-4,-1,64,0
0,-4,-1,65,0
0,-4,-1,66,0
0,-4,-1,67,0
0,-4,-1,68,0
0,-4,-1,69,0
0,-4,-1,70,0
0,-4,-1,71,0
0,-4,-1,72,0
0,-4,-1,73,0
0,-4,-1,74,0
0,-4,-1,75,0
0,-4,-1,76,0
0,-4,-1,77,0
0,-4,-1,78,0
0,-4,-1,79,0
0,-4,-1,80,0
0,-4,-1,81,0
0,-4,-1,82,0
0,-4,-1,83,0
0,-4,-1,84,0
0,-4,-1,85,0
0,-4,-1,86,0
0,-4,-1,87,0
0,-4,-1,88,0
0,-4,-1,89,0
0,-4,-1,90,0
0,-4,-1,91,0
0,-4,-1,92,0
0,-4,-1,93,0
0,-4,-1,94,0
0,-4,-1,95,0
0,-4,-1,96,0
0,-4,-1,97,0
0,-4,-1,98,0
0,-4,-1,99,0
0,-4,-1,100,0
0,-4,-1,101,0
0,-4,-1,102,0
0,-4,-1,103,0
0,-4,-1,104,0
0,-4,-1,105,0
0,-4,-1,106,0
0,-4,-1,107,0
0,-4,-1,108,0
0,-4,-1,109,0
0,-4,-1,110,0
0,-4,-1,111,0
0,-4,0,0,-4
0,-4,0,1,-8
0,-4,0,2,-12
0,-4,0,3,-16
0,-4,0,4,-20
0,-4,0,5,-24
0,-4,0,6,-28
0,-4,0,7,-32
0,-4,0,8,0
0,-4,0,9,0
0,-4,0,10,0
0,-4,0,11,0
0,-4,0,12,0
0,-4,0,13,0
0,-4,0,14,0
0,-4,0,15,0
0,-4,0,16,0
0,-4,0,17,0
0,-4,0,18,0
0,-4,0,19,0
0,-4,0,20,0
0,-4,0,21,0
0,-4,0,22,0
0,-4,0,23,0
0,-4,0,24,0
0,-4,0,25,0
0,-4,0,26,0
0,-4,0,27,0
0,-4,0,28,0
0,-4,0,29,0
0,-4,0,30,0
0,-4,0,31,0
0,-4,0,32,0
0,-4,0,33,0
0,-4,0,34,0
0,-4,0,35,0
0,-4,0,36,0
0,-4,0,37,0
0,-4,0,38,0
0,-4,0,39,0
0,-4,0,40,0
0,-4,0,41,0
0,-4,0,42,0
0,-4,0,43,0
0,-4,0,44,0
0,-4,0,45,0
0,-4,0,46,0
0,-4,0,47,0
0,-4,0,48,0
0,-4,0,49,0
0,-4,0,50,0
0,-4,0,51,0
0,-4,0,52,0
0,-4,0,53,0
0,-4,0,54,0
0,-4,0,55,0
0,-4,0,56,0
0,-4,0,57,0
0,-4,0,58,0
0,-4,0,59,0
0,-4,0,60,0
0,-4,0,61,0
0,-4,0,62,0
0,-4,0,63,0
0,-4,0,64,0
0,-4,0,65,0
0,-4,0,66,0
0,-4,0,67,0
0,-4,0,68,0
0,-4,0,69,0
0,-4,0,70,0
0,-4,0,71,0
0,-4,0,72,0
0,-4,0,73,0
0,-4,0,74,0
0,-4,0,75,0
0,-4,0,76,0
0,-4,0,77,0
0,-4,0,78,0
0,-4,0,79,0
0,-4,0,80,0
0,-4,0,81,0
0,-4,0,82,0
0,-4,0,83,0
0,-4,0,84,0
0,-4,0,85,0
0,-4,0,86,0
0,-4,0,87,0
0,-4,0,88,0
0,-4,0,89,0
0,-4,0,90,0
0,-4,0,91,0
0,-4,0,92,0
0,-4,0,93,0
0,-4,0,94,0
0,-4,0,95,0
0,-4,0,96,0
0,-4,0,97,0
0,-4,0,98,0
0,-4,0,99,0
0,-4,0,100,0
0,-4,0,101,0
0,-4,0,102,0
0,-4,0,103,0
0,-4,0,104,0
0,-4,0,105,0
0,-4,0,106,0
0,-4,0,107,0
0,-4,0,108,0
0,-4,0,109,0
0,-4,0,110,0
0,-4,0,111,0
0,-4,1,0,-4
0,-4,1,1,-8
0,-4,1,2,-12
0,-4,1,3,-16
0,-4,1,4,-20
0,-4,1,5,-24
0,-4,1,6,-28
0,-4,1,7,-32
0,-4,1,8,0
0,-4,1,9,0
0,-4,1,10,0
0,-4,1,11,0
0,-4,1,12,0
0,-4,1,13,0
0,-4,1,14,0
0,-4,1,15,0
0,-4,1,16,0
0,-4,1,17,0
0,-4,1,18,0
0,-4,1,19,0
0,-4,1,20,0
0,-4,1,21,0
0,-4,1,22,0
0,-4,1,23,0
0,-4,1,24,0
0,-4,1,25,0
0,-4,1,26,0
0,-4,1,27,0
0,-4,1,28,0
0,-4,1,29,0
0,-4,1,30,0
0,-4,1,31,0
0,-4,1,32,0
0,-4,1,33,0
0,-4,1,34,0
0,-4,1,35,0
0,-4,1,36,0
0,-4,1,37,0
0,-4,1,38,0
0,-4,1,39,0
0,-4,1,40,0
0,-4,1,41,0
0,-4,1,42,0
0,-4,1,43,0
0,-4,1,44,0
0,-4,1,45,0
0,-4,1,46,0
0,-4,1,47,0
0,-4,1,48,0
0,-4,1,49,0
0,-4,1,50,0
0,-4,1,51,0
0,-4,1,52,0
0,-4,1,53,0
0,-4,1,54,0
0,-4,1,55,0
0,-4,1,56,0
0,-4,1,57,0
0,-4,1,58,0
0,-4,1,59,0
0,-4,1,60,0
0,-4,1,61,0
0,-4,1,62,0
0,-4,1,63,0
0,-4,1,64,0
0,-4,1,65,0
0,-4,1,66,0
0,-4,1,67,0
0,-4,1,68,0
0,-4,1,69,0
0,-4,1,70,0
0,-4,1,71,0
0,-4,1,72,0
0,-4,1,73,0
0,-4,1,74,0
0,-4,1,75,0
0,-4,1,76,0
0,-4,1,77,0
0,-4,1,78,0
0,-4,1,79,0
0,-4,1,80,0
0,-4,1,81,0
0,-4,1,82,0
0,-4,1,83,0
0,-4,1,84,0
0,-4,1,85,0
0,-4,1,86,0
0,-4,1,87,0
0,-4,1,88,0
0,-4,1,89,0
0,-4,1,90,0
0,-4,1,91,0
0,-4,1,92,0
0,-4,1,93,0
0,-4,1,94,0
0,-4,1,95,0
0,-4,1,96,0
0,-4,1,97,0
0,-4,1,98,0
0,-4,1,99,0
0,-4,1,100,0
0,-4,1,101,0
0,-4,1,102,0
0,-4,1,103,0
0,-4,1,104,0
0,-4,1,105,0
0,-4,1,106,0
0,-4,1,107,0
0,-4,1,108,0
0,-4,1,109,0
0,-4,1,110,0
0,-4,1,111,0
0,-4,2,0,-4
0,-4,2,1,-8
0,-4,2,2,-12
0,-4,2,3,-16
0,-4,2,4,-20
0,-4,2,5,-24
0,-4,2,6,-28
0,-4,2,7,-32
0,-4,2,8,0
0,-4,2,9,0
0,-4,2,10,0
0,-4,2,11,0
0,-4,2,12,0
0,-4,2,13,0
0,-4,2,14,0
0,-4,2,15,0
0,-4,2,16,0
0,-4,2,17,0
0,-4,2,18,0
0,-4,2,19,0
0,-4,2,20,0
0,-4,2,21,0
0,-4,2,22,0
0,-4,2,23,0
0,-4,2,24,0
0,-4,2,25,0
0,-4,2,26,0
0,-4,2,27,0
0,-4,2,28,0
0,-4,2,29,0
0,-4,2,30,0
0,-4,2,31,0
0,-4,2,32,0
0,-4,2,33,0
0,-4,2,34,0
0,-4,2,35,0
0,-4,2,36,0
0,-4,2,37,0
0,-4,2,38,0
0,-4,2,39,0
0,-4,2,40,0
0,-4,2,41,0
0,-4,2,42,0
0,-4,2,43,0
0,-4,2,44,0
0,-4,2,45,0
0,-4,2,46,0
0,-4,2,47,0
0,-4,2,48,0
0,-4,2,49,0
0,-4,2,50,0
0,-4,2,51,0
0,-4,2,52,0
0,-4,2,53,0
0,-4,2,54,0
0,-4,2,55,0
0,-4,2,56,0
0,-4,2,57,0
0,-4,2,58,0
0,-4,2,59,0
0,-4,2,60,0
0,-4,2,61,0
0,-4,2,62,0
0,-4,2,63,0
0,-4,2,64,0
0,-4,2,65,0
0,-4,2,66,0
0,-4,2,67,0
0,-4,2,68,0
0,-4,2,69,0
0,-4,2,70,0
0,-4,2,71,0
0,-4,2,72,0
0,-4,2,73,0
0,-4,2,74,0
0,-4,2,75,0
0,-4,2,76,0
0,-4,2,77,0
0,-4,2,78,0
0,-4,2,79,0
0,-4,2,80,0
0,-4,2,81,0
0,-4,2,82,0
0,-4,2,83,0
0,-4,2,84,0
0,-4,2,85,0
0,-4,2,86,0
0,-4,2,87,0
0,-4,2,88,0
0,-4,2,89,0
0,-4,2,90,0
0,-4,2,91,0
0,-4,2,92,0
0,-4,2,93,0
0,-4,2,94,0
0,-4,2,95,0
0,-4,2,96,0
0,-4,2,97,0
0,-4,2,98,0
0,-4,2,99,0
0,-4,2,100,0
0,-4,2,101,0
0,-4,2,102,0
0,-4,2,103,0
0,-4,2,104,0
0,-4,2,105,0
0,-4,2,106,0
0,-4,2,107,0
0,-4,2,108,0
0,-4,2,109,0
0,-4,2,110,0
0,-4,2,111,0
0,-4,3,0,-4
0,-4,3,1,-8
0,-4,3,2,-12
0,-4,3,3,-16
0,-4,3,4,-20
0,-4,3,5,-24
0,-4,3,6,-28
0,-4,3,7,-32
0,-4,3,8,0
0,-4,3,9,0
0,-4,3,10,0
0,-4,3,11,0
0,-4,3,12,0
0,-4,3,13,0
0,-4,3,14,0
0,-4,3,15,0
0,-4,3,16,0
0,-4,3,17,0
0,-4,3,18,0
0,-4,3,19,0
0,-4,3,20,0
0,-4,3,21,0
0,-4,3,22,0
0,-4,3,23,0
0,-4,3,24,0
0,-4,3,25,0
0,-4,3,26,0
0,-4,3,27,0
0,-4,3,28,0
0,-4,3,29,0
0,-4,3,30,0
0,-4,3,31,0
0,-4,3,32,0
0,-4,3,33,0
0,-4,3,34,0
0,-4,3,35,0
0,-4,3,36,0
0,-4,3,37,0
0,-4,3,38,0
0,-4,3,39,0
0,-4,3,40,0
0,-4,3,41,0
0,-4,3,42,0
0,-4,3,43,0
0,-4,3,44,0
0,-4,3,45,0
0,-4,3,46,0
0,-4,3,47,0
0,-4,3,48,0
0,-4,3,49,0
0,-4,3,50,0
0,-4,3,51,0
0,-4,3,52,0
0,-4,3,53,0
0,-4,3,54,0
0,-4,3,55,0
0,-4,3,56,0
0,-4,3,57,0
0,-4,3,58,0
0,-4,3,59,0
0,-4,3,60,0
0,-4,3,61,0
0,-4,3,62,0
0,-4,3,63,0
0,-4,3,64,0
0,-4,3,65,0
0,-4,3,66,0
0,-4,3,67,0
0,-4,3,68,0
0,-4,3,69,0
0,-4,3,70,0
0,-4,3,71,0
0,-4,3,72,0
0,-4,3,73,0
0,-4,3,74,0
0,-4,3,75,0
0,-4,3,76,0
0,-4,3,77,0
0,-4,3,78,0
0,-4,3,79,0
0,-4,3,80,0
0,-4,3,81,0
0,-4,3,82,0
0,-4,3,83,0
0,-4,3,84,0
0,-4,3,85,0
0,-4,3,86,0
0,-4,3,87,0
0,-4,3,88,0
0,-4,3,89,0
0,-4,3,90,0
0,-4,3,91,0
0,-4,3,92,0
0,-4,3,93,0
0,-4,3,94,0
0,-4,3,95,0
0,-4,3,96,0
0,-4,3,97,0
0,-4,3,98,0
0,-4,3,99,0
0,-4,3,100,0
0,-4,3,101,0
0,-4,3,102,0
0,-4,3,103,0
0,-4,3,104,0
0,-4,3,105,0
0,-4,3,106,0
0,-4,3,107,0
0,-4,3,108,0
0,-4,3,109,0
0,-4,3,110,0
0,-4,3,111,0
0,-4,4,0,-4
0,-4,4,1,-8
0,-4,4,2,-12
0,-4,4,3,-16
0,-4,4,4,-20
0,-4,4,5,-24
0,-4,4,6,-28
0,-4,4,7,-32
0,-4,4,8,0
0,-4,4,9,0
0,-4,4,10,0
0,-4,4,11,0
0,-4,4,12,0
0,-4,4,13,0
0,-4,4,14,0
0,-4,4,15,0
0,-4,4,16,0
0,-4,4,17,0
0,-4,4,18,0
0,-4,4,19,0
0,-4,4,20,0
0,-4,4,21,0
0,-4,4,22,0
0,-4,4,23,0
0,-4,4,24,0
0,-4,4,25,0
0,-4,4,26,0
0,-4,4,27,0
0,-4,4,28,0
0,-4,4,29,0
0,-4,4,30,0
0,-4,4,31,0
0,-4,4,32,0
0,-4,4,33,0
0,-4,4,34,0
0,-4,4,35,0
0,-4,4,36,0
0,-4,4,37,0
0,-4,4,38,0
0,-4,4,39,0
0,-4,4,40,0
0,-4,4,41,0
0,-4,4,42,0
0,-4,4,43,0
0,-4,4,44,0
0,-4,4,45,0
0,-4,4,46,0
0,-4,4,47,0
0,-4,4,48,0
0,-4,4,49,0
0,-4,4,50,0
0,-4,4,51,0
0,-4,4,52,0
0,-4,4,53,0
0,-4,4,54,0
0,-4,4,55,0
0,-4,4,56,0
0,-4,4,57,0
0,-4,4,58,0
0,-4,4,59,0
0,-4,4,60,0
0,-4,4,61,0
0,-4,4,62,0
0,-4,4,63,0
0,-4,4,64,0
0,-4,4,65,0
0,-4,4,66,0
0,-4,4,67,0
0,-4,4,68,0
0,-4,4,69,0
0,-4,4,70,0
0,-4,4,71,0
0,-4,4,72,0
0,-4,4,73,0
0,-4,4,74,0
0,-4,4,75,0
0,-4,4,76,0
0,-4,4,77,0
0,-4,4,78,0
0,-4,4,79,0
0,-4,4,80,0
0,-4,4,81,0
0,-4,4,82,0
0,-4,4,83,0
0,-4,4,84,0
0,-4,4,85,0
0,-4,4,86,0
0,-4,4,87,0
0,-4,4,88,0
0,-4,4,89,0
0,-4,4,90,0
0,-4,4,91,0
0,-4,4,92,0
0,-4,4,93,0
0,-4,4,94,0
0,-4,4,95,0
0,-4,4,96,0
0,-4,4,97,0
0,-4,4,98,0
0,-4,4,99,0
0,-4,4,100,0
0,-4,4,101,0
0,-4,4,102,0
0,-4,4,103,0
0,-4,4,104,0
0,-4,4,105,0
0,-4,4,106,0
0,-4,4,107,0
0,-4,4,108,0
0,-4,4,109,0
0,-4,4,110,0
0,-4,4,111,0
0,-4,5,0,-4
0,-4,5,1,-8
0,-4,5,2,-12
0,-4,5,3,-16
0,-4,5,4,-20
0,-4,5,5,-24
0,-4,5,6,-28
0,-4,5,7,-32
0,-4,5,8,0
0,-4,5,9,0
0,-4,5,10,0
0,-4,5,11,0
0,-4,5,12,0
0,-4,5,13,0
0,-4,5,14,0
0,-4,5,15,0
0,-4,5,16,0
0,-4,5,17,0
0,-4,5,18,0
0,-4,5,19,0
0,-4,5,20,0
0,-4,5,21,0
0,-4,5,22,0
0,-4,5,23,0
0,-4,5,24,0
0,-4,5,25,0
0,-4,5,26,0
0,-4,5,27,0
0,-4,5,28,0
0,-4,5,29,0
0,-4,5,30,0
0,-4,5,31,0
0,-4,5,32,0
0,-4,5,33,0
0,-4,5,34,0
0,-4,5,35,0
0,-4,5,36,0
0,-4,5,37,0
0,-4,5,38,0
0,-4,5,39,0
0,-4,5,40,0
0,-4,5,41,0
0,-4,5,42,0
0,-4,5,43,0
0,-4,5,44,0
0,-4,5,45,0
0,-4,5,46,0
0,-4,5,47,0
0,-4,5,48,0
0,-4,5,49,0
0,-4,5,50,0
0,-4,5,51,0
0,-4,5,52,0
0,-4,5,53,0
0,-4,5,54,0
0,-4,5,55,0
0,-4,5,56,0
0,-4,5,57,0
0,-4,5,58,0
0,-4,5,59,0
0,-4,5,60,0
0,-4,5,61,0
0,-4,5,62,0
0,-4,5,63,0
0,-4,5,64,0
0,-4,5,65,0
0,-4,5,66,0
0,-4,5,67,0
0,-4,5,68,0
0,-4,5,69,0
0,-4,5,70,0
0,-4,5,71,0
0,-4,5,72,0
0,-4,5,73,0
0,-4,5,74,0
0,-4,5,75,0
0,-4,5,76,0
0,-4,5,77,0
0,-4,5,78,0
0,-4,5,79,0
0,-4,5,80,0
0,-4,5,81,0
0,-4,5,82,0
0,-4,5,83,0
0,-4,5,84,0
0,-4,5,85,0
0,-4,5,86,0
0,-4,5,87,0
0,-4,5,88,0
0,-4,5,89,0
0,-4,5,90,0
0,-4,5,91,0
0,-4,5,92,0
0,-4,5,93,0
0,-4,5,94,0
0,-4,5,95,0
0,-4,5,96,0
0,-4,5,97,0
0,-4,5,98,0
0,-4,5,99,0
0,-4,5,100,0
0,-4,5,101,0
0,-4,5,102,0
0,-4,5,103,0
0,-4,5,104,0
0,-4,5,105,0
0,-4,5,106,0
0,-4,5,107,0
0,-4,5,108,0
0,-4,5,109,0
0,-4,5,110,0
0,-4,5,111,0
0,-4,6,0,-4
0,-4,6,1,-8
0,-4,6,2,-12
0,-4,6,3,-16
0,-4,6,4,-20
0,-4,6,5,-24
0,-4,6,6,-28
0,-4,6,7,-32
0,-4,6,8,0
0,-4,6,9,0
0,-4,6,10,0
0,-4,6,11,0
0,-4,6,12,0
0,-4,6,13,0
0,-4,6,14,0
0,-4,6,15,0
0,-4,6,16,0
0,-4,6,17,0
0,-4,6,18,0
0,-4,6,19,0
0,-4,6,20,0
0,-4,6,21,0
0,-4,6,22,0
0,-4,6,23,0
0,-4,6,24,0
0,-4,6,25,0
0,-4,6,26,0
0,-4,6,27,0
0,-4,6,28,0
0,-4,6,29,0
0,-4,6,30,0
0,-4,6,31,0
0,-4,6,32,0
0,-4,6,33,0
0,-4,6,34,0
0,-4,6,35,0
0,-4,6,36,0
0,-4,6,37,0
0,-4,6,38,0
0,-4,6,39,0
0,-4,6,40,0
0,-4,6,41,0
0,-4,6,42,0
0,-4,6,43,0
0,-4,6,44,0
0,-4,6,45,0
0,-4,6,46,0
0,-4,6,47,0
0,-4,6,48,0
0,-4,6,49,0
0,-4,6,50,0
0,-4,6,51,0
0,-4,6,52,0
0,-4,6,53,0
0,-4,6,54,0
0,-4,6,55,0
0,-4,6,56,0
0,-4,6,57,0
0,-4,6,58,0
0,-4,6,59,0
0,-4,6,60,0
0,-4,6,61,0
0,-4,6,62,0
0,-4,6,63,0
0,-4,6,64,0
0,-4,6,65,0
0,-4,6,66,0
0,-4,6,67,0
0,-4,6,68,0
0,-4,6,69,0
0,-4,6,70,0
0,-4,6,71,0
0,-4,6,72,0
0,-4,6,73,0
0,-4,6,74,0
0,-4,6,75,0
0,-4,6,76,0
0,-4,6,77,0
0,-4,6,78,0
0,-4,6,79,0
0,-4,6,80,0
0,-4,6,81,0
0,-4,6,82,0
0,-4,6,83,0
0,-4,6,84,0
0,-4,6,85,0
0,-4,6,86,0
0,-4,6,87,0
0,-4,6,88,0
0,-4,6,89,0
0,-4,6,90,0
0,-4,6,91,0
0,-4,6,92,0
0,-4,6,93,0
0,-4,6,94,0
0,-4,6,95,0
0,-4,6,96,0
0,-4,6,97,0
0,-4,6,98,0
0,-4,6,99,0
0,-4,6,100,0
0,-4,6,101,0
0,-4,6,102,0
0,-4,6,103,0
0,-4,6,104,0
0,-4,6,105,0
0,-4,6,106,0
0,-4,6,107,0
0,-4,6,108,0
0,-4,6,109,0
0,-4,6,110,0
0,-4,6,111,0
0,-4,7,0,-4
0,-4,7,1,-8
0,-4,7,2,-12
0,-4,7,3,-16
0,-4,7,4,-20
0,-4,7,5,-24
0,-4,7,6,-28
0,-4,7,7,-32
0,-4,7,8,0
0,-4,7,9,0
0,-4,7,10,0
0,-4,7,11,0
0,-4,7,12,0
0,-4,7,13,0
0,-4,7,14,0
0,-4,7,15,0
0,-4,7,16,0
0,-4,7,17,0
0,-4,7,18,0
0,-4,7,19,0
0,-4,7,20,0
0,-4,7,21,0
0,-4,7,22,0
0,-4,7,23,0
0,-4,7,24,0
0,-4,7,25,0
0,-4,7,26,0
0,-4,7,27,0
0,-4,7,28,0
0,-4,7,29,0
0,-4,7,30,0
0,-4,7,31,0
0,-4,7,32,0
0,-4,7,33,0
0,-4,7,34,0
0,-4,7,35,0
0,-4,7,36,0
0,-4,7,37,0
0,-4,7,38,0
0,-4,7,39,0
0,-4,7,40,0
0,-4,7,41,0
0,-4,7,42,0
0,-4,7,43,0
0,-4,7,44,0
0,-4,7,45,0
0,-4,7,46,0
0,-4,7,47,0
0,-4,7,48,0
0,-4,7,49,0
0,-4,7,50,0
0,-4,7,51,0
0,-4,7,52,0
0,-4,7,53,0
0,-4,7,54,0
0,-4,7,55,0
0,-4,7,56,0
0,-4,7,57,0
0,-4,7,58,0
0,-4,7,59,0
0,-4,7,60,0
0,-4,7,61,0
0,-4,7,62,0
0,-4,7,63,0
0,-4,7,64,0
0,-4,7,65,0
0,-4,7,66,0
0,-4,7,67,0
0,-4,7,68,0
0,-4,7,69,0
0,-4,7,70,0
0,-4,7,71,0
0,-4,7,72,0
0,-4,7,73,0
0,-4,7,74,0
0,-4,7,75,0
0,-4,7,76,0
0,-4,7,77,0
0,-4,7,78,0
0,-4,7,79,0
0,-4,7,80,0
0,-4,7,81,0
0,-4,7,82,0
0,-4,7,83,0
0,-4,7,84,0
0,-4,7,85,0
0,-4,7,86,0
0,-4,7,87,0
0,-4,7,88,0
0,-4,7,89,0
0,-4,7,90,0
0,-4,7,91,0
0,-4,7,92,0
0,-4,7,93,0
0,-4,7,94,0
0,-4,7,95,0
0,-4,7,96,0
0,-4,7,97,0
0,-4,7,98,0
0,-4,7,99,0
0,-4,7,100,0
0,-4,7,101,0
0,-4,7,102,0
0,-4,7,103,0
0,-4,7,104,0
0,-4,7,105,0
0,-4,7,106,0
0,-4,7,107,0
0,-4,7,108,0
0,-4,7,109,0
0,-4,7,110,0
0,-4,7,111,0
0,-3,-8,0,-3
0,-3,-8,1,-6
0,-3,-8,2,-9
0,-3,-8,3,-12
0,-3,-8,4,-15
0,-3,-8,5,-18
0,-3,-8,6,-21
0,-3,-8,7,-24
0,-3,-8,8,0
0,-3,-8,9,0
0,-3,-8,10,0
0,-3,-8,11,0
0,-3,-8,12,0
0,-3,-8,13,0
0,-3,-8,14,0
0,-3,-8,15,0
0,-3,-8,16,0
0,-3,-8,17,0
0,-3,-8,18,0
0,-3,-8,19,0
0,-3,-8,20,0
0,-3,-8,21,0
0,-3,-8,22,0
0,-3,-8,23,0
0,-3,-8,24,0
0,-3,-8,25,0
0,-3,-8,26,0
0,-3,-8,27,0
0,-3,-8,28,0
0,-3,-8,29,0
0,-3,-8,30,0
0,-3,-8,31,0
0,-3,-8,32,0
0,-3,-8,33,0
0,-3,-8,34,0
0,-3,-8,35,0
0,-3,-8,36,0
0,-3,-8,37,0
0,-3,-8,38,0
0,-3,-8,39,0
0,-3,-8,40,0
0,-3,-8,41,0
0,-3,-8,42,0
0,-3,-8,43,0
0,-3,-8,44,0
0,-3,-8,45,0
0,-3,-8,46,0
0,-3,-8,47,0
0,-3,-8,48,0
0,-3,-8,49,0
0,-3,-8,50,0
0,-3,-8,51,0
0,-3,-8,52,0
0,-3,-8,53,0
0,-3,-8,54,0
0,-3,-8,55,0
0,-3,-8,56,0
0,-3,-8,57,0
0,-3,-8,58,0
0,-3,-8,59,0
0,-3,-8,60,0
0,-3,-8,61,0
0,-3,-8,62,0
0,-3,-8,63,0
0,-3,-8,64,0
0,-3,-8,65,0
0,-3,-8,66,0
0,-3,-8,67,0
0,-3,-8,68,0
0,-3,-8,69,0
0,-3,-8,70,0
0,-3,-8,71,0
0,-3,-8,72,0
0,-3,-8,73,0
0,-3,-8,74,0
0,-3,-8,75,0
0,-3,-8,76,0
0,-3,-8,77,0
0,-3,-8,78,0
0,-3,-8,79,0
0,-3,-8,80,0
0,-3,-8,81,0
0,-3,-8,82,0
0,-3,-8,83,0
0,-3,-8,84,0
0,-3,-8,85,0
0,-3,-8,86,0
0,-3,-8,87,0
0,-3,-8,88,0
0,-3,-8,89,0
0,-3,-8,90,0
0,-3,-8,91,0
0,-3,-8,92,0
0,-3,-8,93,0
0,-3,-8,94,0
0,-3,-8,95,0
0,-3,-8,96,0
0,-3,-8,97,0
0,-3,-8,98,0
0,-3,-8,99,0
0,-3,-8,100,0
0,-3,-8,101,0
0,-3,-8,102,0
0,-3,-8,103,0
0,-3,-8,104,0
0,-3,-8,105,0
0,-3,-8,106,0
0,-3,-8,107,0
0,-3,-8,108,0
0,-3,-8,109,0
0,-3,-8,110,0
0,-3,-8,111,0
0,-3,-7,0,-3
0,-3,-7,1,-6
0,-3,-7,2,-9
0,-3,-7,3,-12
0,-3,-7,4,-15
0,-3,-7,5,-18
0,-3,-7,6,-21
0,-3,-7,7,-24
0,-3,-7,8,0
0,-3,-7,9,0
0,-3,-7,10,0
0,-3,-7,11,0
0,-3,-7,12,0
0,-3,-7,13,0
0,-3,-7,14,0
0,-3,-7,15,0
0,-3,-7,16,0
0,-3,-7,17,0
0,-3,-7,18,0
0,-3,-7,19,0
0,-3,-7,20,0
0,-3,-7,21,0
0,-3,-7,22,0
0,-3,-7,23,0
0,-3,-7,24,0
0,-3,-7,25,0
0,-3,-7,26,0
0,-3,-7,27,0
0,-3,-7,28,0
0,-3,-7,29,0
0,-3,-7,30,0
0,-3,-7,31,0
0,-3,-7,32,0
0,-3,-7,33,0
0,-3,-7,34,0
0,-3,-7,35,0
0,-3,-7,36,0
0,-3,-7,37,0
0,-3,-7,38,0
0,-3,-7,39,0
0,-3,-7,40,0
0,-3,-7,41,0
0,-3,-7,42,0
0,-3,-7,43,0
0,-3,-7,44,0
0,-3,-7,45,0
0,-3,-7,46,0
0,-3,-7,47,0
0,-3,-7,48,0
0,-3,-7,49,0
0,-3,-7,50,0
0,-3,-7,51,0
0,-3,-7,52,0
0,-3,-7,53,0
0,-3,-7,54,0
0,-3,-7,55,0
0,-3,-7,56,0
0,-3,-7,57,0
0,-3,-7,58,0
0,-3,-7,59,0
0,-3,-7,60,0
0,-3,-7,61,0
0,-3,-7,62,0
0,-3,-7,63,0
0,-3,-7,64,0
0,-3,-7,65,0
0,-3,-7,66,0
0,-3,-7,67,0
0,-3,-7,68,0
0,-3,-7,69,0
0,-3,-7,70,0
0,-3,-7,71,0
0,-3,-7,72,0
0,-3,-7,73,0
0,-3,-7,74,0
0,-3,-7,75,0
0,-3,-7,76,0
0,-3,-7,77,0
0,-3,-7,78,0
0,-3,-7,79,0
0,-3,-7,80,0
0,-3,-7,81,0
0,-3,-7,82,0
0,-3,-7,83,0
0,-3,-7,84,0
0,-3,-7,85,0
0,-3,-7,86,0
0,-3,-7,87,0
0,-3,-7,88,0
0,-3,-7,89,0
0,-3,-7,90,0
0,-3,-7,91,0
0,-3,-7,92,0
0,-3,-7,93,0
0,-3,-7,94,0
0,-3,-7,95,0
0,-3,-7,96,0
0,-3,-7,97,0
0,-3,-7,98,0
0,-3,-7,99,0
0,-3,-7,100,0
0,-3,-7,101,0
0,-3,-7,102,0
0,-3,-7,103,0
0,-3,-7,104,0
0,-3,-7,105,0
0,-3,-7,106,0
0,-3,-7,107,0
0,-3,-7,108,0
0,-3,-7,109,0
0,-3,-7,110,0
0,-3,-7,111,0
0,-3,-6,0,-3
0,-3,-6,1,-6
0,-3,-6,2,-9
0,-3,-6,3,-12
0,-3,-6,4,-15
0,-3,-6,5,-18
0,-3,-6,6,-21
0,-3,-6,7,-24
0,-3,-6,8,0
0,-3,-6,9,0
0,-3,-6,10,0
0,-3,-6,11,0
0,-3,-6,12,0
0,-3,-6,13,0
0,-3,-6,14,0
0,-3,-6,15,0
0,-3,-6,16,0
0,-3,-6,17,0
0,-3,-6,18,0
0,-3,-6,19,0
0,-3,-6,20,0
0,-3,-6,21,0
0,-3,-6,22,0
0,-3,-6,23,0
0,-3,-6,24,0
0,-3,-6,25,0
0,-3,-6,26,0
0,-3,-6,27,0
0,-3,-6,28,0
0,-3,-6,29,0
0,-3,-6,30,0
0,-3,-6,31,0
0,-3,-6,32,0
0,-3,-6,33,0
0,-3,-6,34,0
0,-3,-6,35,0
0,-3,-6,36,0
0,-3,-6,37,0
0,-3,-6,38,0
0,-3,-6,39,0
0,-3,-6,40,0
0,-3,-6,41,0
0,-3,-6,42,0
0,-3,-6,43,0
0,-3,-6,44,0
0,-3,-6,45,0
0,-3,-6,46,0
0,-3,-6,47,0
0,-3,-6,48,0
0,-3,-6,49,0
0,-3,-6,50,0
0,-3,-6,51,0
0,-3,-6,52,0
0,-3,-6,53,0
0,-3,-6,54,0
0,-3,-6,55,0
0,-3,-6,56,0
0,-3,-6,57,0
0,-3,-6,58,0
0,-3,-6,59,0
0,-3,-6,60,0
0,-3,-6,61,0
0,-3,-6,62,0
0,-3,-6,63,0
0,-3,-6,64,0
0,-3,-6,65,0
0,-3,-6,66,0
0,-3,-6,67,0
0,-3,-6,68,0
0,-3,-6,69,0
0,-3,-6,70,0
0,-3,-6,71,0
0,-3,-6,72,0
0,-3,-6,73,0
0,-3,-6,74,0
0,-3,-6,75,0
0,-3,-6,76,0
0,-3,-6,77,0
0,-3,-6,78,0
0,-3,-6,79,0
0,-3,-6,80,0
0,-3,-6,81,0
0,-3,-6,82,0
0,-3,-6,83,0
0,-3,-6,84,0
0,-3,-6,85,0
0,-3,-6,86,0
0,-3,-6,87,0
0,-3,-6,88,0
0,-3,-6,89,0
0,-3,-6,90,0
0,-3,-6,91,0
0,-3,-6,92,0
0,-3,-6,93,0
0,-3,-6,94,0
0,-3,-6,95,0
0,-3,-6,96,0
0,-3,-6,97,0
0,-3,-6,98,0
0,-3,-6,99,0
0,-3,-6,100,0
0,-3,-6,101,0
0,-3,-6,102,0
0,-3,-6,103,0
0,-3,-6,104,0
0,-3,-6,105,0
0,-3,-6,106,0
0,-3,-6,107,0
0,-3,-6,108,0
0,-3,-6,109,0
0,-3,-6,110,0
0,-3,-6,111,0
0,-3,-5,0,-3
0,-3,-5,1,-6
0,-3,-5,2,-9
0,-3,-5,3,-12
0,-3,-5,4,-15
0,-3,-5,5,-18
0,-3,-5,6,-21
0,-3,-5,7,-24
0,-3,-5,8,0
0,-3,-5,9,0
0,-3,-5,10,0
0,-3,-5,11,0
0,-3,-5,12,0
0,-3,-5,13,0
0,-3,-5,14,0
0,-3,-5,15,0
0,-3,-5,16,0
0,-3,-5,17,0
0,-3,-5,18,0
0,-3,-5,19,0
0,-3,-5,20,0
0,-3,-5,21,0
0,-3,-5,22,0
0,-3,-5,23,0
0,-3,-5,24,0
0,-3,-5,25,0
0,-3,-5,26,0
0,-3,-5,27,0
0,-3,-5,28,0
0,-3,-5,29,0
0,-3,-5,30,0
0,-3,-5,31,0
0,-3,-5,32,0
0,-3,-5,33,0
0,-3,-5,34,0
0,-3,-5,35,0
0,-3,-5,36,0
0,-3,-5,37,0
0,-3,-5,38,0
0,-3,-5,39,0
0,-3,-5,40,0
0,-3,-5,41,0
0,-3,-5,42,0
0,-3,-5,43,0
0,-3,-5,44,0
0,-3,-5,45,0
0,-3,-5,46,0
0,-3,-5,47,0
0,-3,-5,48,0
0,-3,-5,49,0
0,-3,-5,50,0
0,-3,-5,51,0
0,-3,-5,52,0
0,-3,-5,53,0
0,-3,-5,54,0
0,-3,-5,55,0
0,-3,-5,56,0
0,-3,-5,57,0
0,-3,-5,58,0
0,-3,-5,59,0
0,-3,-5,60,0
0,-3,-5,61,0
0,-3,-5,62,0
0,-3,-5,63,0
0,-3,-5,64,0
0,-3,-5,65,0
0,-3,-5,66,0
0,-3,-5,67,0
0,-3,-5,68,0
0,-3,-5,69,0
0,-3,-5,70,0
0,-3,-5,71,0
0,-3,-5,72,0
0,-3,-5,73,0
0,-3,-5,74,0
0,-3,-5,75,0
0,-3,-5,76,0
0,-3,-5,77,0
0,-3,-5,78,0
0,-3,-5,79,0
0,-3,-5,80,0
0,-3,-5,81,0
0,-3,-5,82,0
0,-3,-5,83,0
0,-3,-5,84,0
0,-3,-5,85,0
0,-3,-5,86,0
0,-3,-5,87,0
0,-3,-5,88,0
0,-3,-5,89,0
0,-3,-5,90,0
0,-3,-5,91,0
0,-3,-5,92,0
0,-3,-5,93,0
0,-3,-5,94,0
0,-3,-5,95,0
0,-3,-5,96,0
0,-3,-5,97,0
0,-3,-5,98,0
0,-3,-5,99,0
0,-3,-5,100,0
0,-3,-5,101,0
0,-3,-5,102,0
0,-3,-5,103,0
0,-3,-5,104,0
0,-3,-5,105,0
0,-3,-5,106,0
0,-3,-5,107,0
0,-3,-5,108,0
0,-3,-5,109,0
0,-3,-5,110,0
0,-3,-5,111,0
0,-3,-4,0,-3
0,-3,-4,1,-6
0,-3,-4,2,-9
0,-3,-4,3,-12
0,-3,-4,4,-15
0,-3,-4,5,-18
0,-3,-4,6,-21
0,-3,-4,7,-24
0,-3,-4,8,0
0,-3,-4,9,0
0,-3,-4,10,0
0,-3,-4,11,0
0,-3,-4,12,0
0,-3,-4,13,0
0,-3,-4,14,0
0,-3,-4,15,0
0,-3,-4,16,0
0,-3,-4,17,0
0,-3,-4,18,0
0,-3,-4,19,0
0,-3,-4,20,0
0,-3,-4,21,0
0,-3,-4,22,0
0,-3,-4,23,0
0,-3,-4,24,0
0,-3,-4,25,0
0,-3,-4,26,0
0,-3,-4,27,0
0,-3,-4,28,0
0,-3,-4,29,0
0,-3,-4,30,0
0,-3,-4,31,0
0,-3,-4,32,0
0,-3,-4,33,0
0,-3,-4,34,0
0,-3,-4,35,0
0,-3,-4,36,0
0,-3,-4,37,0
0,-3,-4,38,0
0,-3,-4,39,0
0,-3,-4,40,0
0,-3,-4,41,0
0,-3,-4,42,0
0,-3,-4,43,0
0,-3,-4,44,0
0,-3,-4,45,0
0,-3,-4,46,0
0,-3,-4,47,0
0,-3,-4,48,0
0,-3,-4,49,0
0,-3,-4,50,0
0,-3,-4,51,0
0,-3,-4,52,0
0,-3,-4,53,0
0,-3,-4,54,0
0,-3,-4,55,0
0,-3,-4,56,0
0,-3,-4,57,0
0,-3,-4,58,0
0,-3,-4,59,0
0,-3,-4,60,0
0,-3,-4,61,0
0,-3,-4,62,0
0,-3,-4,63,0
0,-3,-4,64,0
0,-3,-4,65,0
0,-3,-4,66,0
0,-3,-4,67,0
0,-3,-4,68,0
0,-3,-4,69,0
0,-3,-4,70,0
0,-3,-4,71,0
0,-3,-4,72,0
0,-3,-4,73,0
0,-3,-4,74,0
0,-3,-4,75,0
0,-3,-4,76,0
0,-3,-4,77,0
0,-3,-4,78,0
0,-3,-4,79,0
0,-3,-4,80,0
0,-3,-4,81,0
0,-3,-4,82,0
0,-3,-4,83,0
0,-3,-4,84,0
0,-3,-4,85,0
0,-3,-4,86,0
0,-3,-4,87,0
0,-3,-4,88,0
0,-3,-4,89,0
0,-3,-4,90,0
0,-3,-4,91,0
0,-3,-4,92,0
0,-3,-4,93,0
0,-3,-4,94,0
0,-3,-4,95,0
0,-3,-4,96,0
0,-3,-4,97,0
0,-3,-4,98,0
0,-3,-4,99,0
0,-3,-4,100,0
0,-3,-4,101,0
0,-3,-4,102,0
0,-3,-4,103,0
0,-3,-4,104,0
0,-3,-4,105,0
0,-3,-4,106,0
0,-3,-4,107,0
0,-3,-4,108,0
0,-3,-4,109,0
0,-3,-4,110,0
0,-3,-4,111,0
0,-3,-3,0,-3
0,-3,-3,1,-6
0,-3,-3,2,-9
0,-3,-3,3,-12
0,-3,-3,4,-15
0,-3,-3,5,-18
0,-3,-3,6,-21
0,-3,-3,7,-24
0,-3,-3,8,0
0,-3,-3,9,0
0,-3,-3,10,0
0,-3,-3,11,0
0,-3,-3,12,0
0,-3,-3,13,0
0,-3,-3,14,0
0,-3,-3,15,0
0,-3,-3,16,0
0,-3,-3,17,0
0,-3,-3,18,0
0,-3,-3,19,0
0,-3,-3,20,0
0,-3,-3,21,0
0,-3,-3,22,0
0,-3,-3,23,0
0,-3,-3,24,0
0,-3,-3,25,0
0,-3,-3,26,0
0,-3,-3,27,0
0,-3,-3,28,0
0,-3,-3,29,0
0,-3,-3,30,0
0,-3,-3,31,0
0,-3,-3,32,0
0,-3,-3,33,0
0,-3,-3,34,0
0,-3,-3,35,0
0,-3,-3,36,0
0,-3,-3,37,0
0,-3,-3,38,0
0,-3,-3,39,0
0,-3,-3,40,0
0,-3,-3,41,0
0,-3,-3,42,0
0,-3,-3,43,0
0,-3,-3,44,0
0,-3,-3,45,0
0,-3,-3,46,0
0,-3,-3,47,0
0,-3,-3,48,0
0,-3,-3,49,0
0,-3,-3,50,0
0,-3,-3,51,0
0,-3,-3,52,0
0,-3,-3,53,0
0,-3,-3,54,0
0,-3,-3,55,0
0,-3,-3,56,0
0,-3,-3,57,0
0,-3,-3,58,0
0,-3,-3,59,0
0,-3,-3,60,0
0,-3,-3,61,0
0,-3,-3,62,0
0,-3,-3,63,0
0,-3,-3,64,0
0,-3,-3,65,0
0,-3,-3,66,0
0,-3,-3,67,0
0,-3,-3,68,0
0,-3,-3,69,0
0,-3,-3,70,0
0,-3,-3,71,0
0,-3,-3,72,0
0,-3,-3,73,0
0,-3,-3,74,0
0,-3,-3,75,0
0,-3,-3,76,0
0,-3,-3,77,0
0,-3,-3,78,0
0,-3,-3,79,0
0,-3,-3,80,0
0,-3,-3,81,0
0,-3,-3,82,0
0,-3,-3,83,0
0,-3,-3,84,0
0,-3,-3,85,0
0,-3,-3,86,0
0,-3,-3,87,0
0,-3,-3,88,0
0,-3,-3,89,0
0,-3,-3,90,0
0,-3,-3,91,0
0,-3,-3,92,0
0,-3,-3,93,0
0,-3,-3,94,0
0,-3,-3,95,0
0,-3,-3,96,0
0,-3,-3,97,0
0,-3,-3,98,0
0,-3,-3,99,0
0,-3,-3,100,0
0,-3,-3,101,0
0,-3,-3,102,0
0,-3,-3,103,0
0,-3,-3,104,0
0,-3,-3,105,0
0,-3,-3,106,0
0,-3,-3,107,0
0,-3,-3,108,0
0,-3,-3,109,0
0,-3,-3,110,0
0,-3,-3,111,0
0,-3,-2,0,-3
0,-3,-2,1,-6
0,-3,-2,2,-9
0,-3,-2,3,-12
0,-3,-2,4,-15
0,-3,-2,5,-18
0,-3,-2,6,-21
0,-3,-2,7,-24
0,-3,-2,8,0
0,-3,-2,9,0
0,-3,-2,10,0
0,-3,-2,11,0
0,-3,-2,12,0
0,-3,-2,13,0
0,-3,-2,14,0
0,-3,-2,15,0
0,-3,-2,16,0
0,-3,-2,17,0
0,-3,-2,18,0
0,-3,-2,19,0
0,-3,-2,20,0
0,-3,-2,21,0
0,-3,-2,22,0
0,-3,-2,23,0
0,-3,-2,24,0
0,-3,-2,25,0
0,-3,-2,26,0
0,-3,-2,27,0
0,-3,-2,28,0
0,-3,-2,29,0
0,-3,-2,30,0
0,-3,-2,31,0
0,-3,-2,32,0
0,-3,-2,33,0
0,-3,-2,34,0
0,-3,-2,35,0
0,-3,-2,36,0
0,-3,-2,37,0
0,-3,-2,38,0
0,-3,-2,39,0
0,-3,-2,40,0
0,-3,-2,41,0
0,-3,-2,42,0
0,-3,-2,43,0
0,-3,-2,44,0
0,-3,-2,45,0
0,-3,-2,46,0
0,-3,-2,47,0
0,-3,-2,48,0
0,-3,-2,49,0
0,-3,-2,50,0
0,-3,-2,51,0
0,-3,-2,52,0
0,-3,-2,53,0
0,-3,-2,54,0
0,-3,-2,55,0
0,-3,-2,56,0
0,-3,-2,57,0
0,-3,-2,58,0
0,-3,-2,59,0
0,-3,-2,60,0
0,-3,-2,61,0
0,-3,-2,62,0
0,-3,-2,63,0
0,-3,-2,64,0
0,-3,-2,65,0
0,-3,-2,66,0
0,-3,-2,67,0
0,-3,-2,68,0
0,-3,-2,69,0
0,-3,-2,70,0
0,-3,-2,71,0
0,-3,-2,72,0
0,-3,-2,73,0
0,-3,-2,74,0
0,-3,-2,75,0
0,-3,-2,76,0
0,-3,-2,77,0
0,-3,-2,78,0
0,-3,-2,79,0
0,-3,-2,80,0
0,-3,-2,81,0
0,-3,-2,82,0
0,-3,-2,83,0
0,-3,-2,84,0
0,-3,-2,85,0
0,-3,-2,86,0
0,-3,-2,87,0
0,-3,-2,88,0
0,-3,-2,89,0
0,-3,-2,90,0
0,-3,-2,91,0
0,-3,-2,92,0
0,-3,-2,93,0
0,-3,-2,94,0
0,-3,-2,95,0
0,-3,-2,96,0
0,-3,-2,97,0
0,-3,-2,98,0
0,-3,-2,99,0
0,-3,-2,100,0
0,-3,-2,101,0
0,-3,-2,102,0
0,-3,-2,103,0
0,-3,-2,104,0
0,-3,-2,105,0
0,-3,-2,106,0
0,-3,-2,107,0
0,-3,-2,108,0
0,-3,-2,109,0
0,-3,-2,110,0
0,-3,-2,111,0
0,-3,-1,0,-3
0,-3,-1,1,-6
0,-3,-1,2,-9
0,-3,-1,3,-12
0,-3,-1,4,-15
0,-3,-1,5,-18
0,-3,-1,6,-21
0,-3,-1,7,-24
0,-3,-1,8,0
0,-3,-1,9,0
0,-3,-1,10,0
0,-3,-1,11,0
0,-3,-1,12,0
0,-3,-1,13,0
0,-3,-1,14,0
0,-3,-1,15,0
0,-3,-1,16,0
0,-3,-1,17,0
0,-3,-1,18,0
0,-3,-1,19,0
0,-3,-1,20,0
0,-3,-1,21,0
0,-3,-1,22,0
0,-3,-1,23,0
0,-3,-1,24,0
0,-3,-1,25,0
0,-3,-1,26,0
0,-3,-1,27,0
0,-3,-1,28,0
0,-3,-1,29,0
0,-3,-1,30,0
0,-3,-1,31,0
0,-3,-1,32,0
0,-3,-1,33,0
0,-3,-1,34,0
0,-3,-1,35,0
0,-3,-1,36,0
0,-3,-1,37,0
0,-3,-1,38,0
0,-3,-1,39,0
0,-3,-1,40,0
0,-3,-1,41,0
0,-3,-1,42,0
0,-3,-1,43,0
0,-3,-1,44,0
0,-3,-1,45,0
0,-3,-1,46,0
0,-3,-1,47,0
0,-3,-1,48,0
0,-3,-1,49,0
0,-3,-1,50,0
0,-3,-1,51,0
0,-3,-1,52,0
0,-3,-1,53,0
0,-3,-1,54,0
0,-3,-1,55,0
0,-3,-1,56,0
0,-3,-1,57,0
0,-3,-1,58,0
0,-3,-1,59,0
0,-3,-1,60,0
0,-3,-1,61,0
0,-3,-1,62,0
0,-3,-1,63,0
0,-3,-1,64,0
0,-3,-1,65,0
0,-3,-1,66,0
0,-3,-1,67,0
0,-3,-1,68,0
0,-3,-1,69,0
0,-3,-1,70,0
0,-3,-1,71,0
0,-3,-1,72,0
0,-3,-1,73,0
0,-3,-1,74,0
0,-3,-1,75,0
0,-3,-1,76,0
0,-3,-1,77,0
0,-3,-1,78,0
0,-3,-1,79,0
0,-3,-1,80,0
0,-3,-1,81,0
0,-3,-1,82,0
0,-3,-1,83,0
0,-3,-1,84,0
0,-3,-1,85,0
0,-3,-1,86,0
0,-3,-1,87,0
0,-3,-1,88,0
0,-3,-1,89,0
0,-3,-1,90,0
0,-3,-1,91,0
0,-3,-1,92,0
0,-3,-1,93,0
0,-3,-1,94,0
0,-3,-1,95,0
0,-3,-1,96,0
0,-3,-1,97,0
0,-3,-1,98,0
0,-3,-1,99,0
0,-3,-1,100,0
0,-3,-1,101,0
0,-3,-1,102,0
0,-3,-1,103,0
0,-3,-1,104,0
0,-3,-1,105,0
0,-3,-1,106,0
0,-3,-1,107,0
0,-3,-1,108,0
0,-3,-1,109,0
0,-3,-1,110,0
0,-3,-1,111,0
0,-3,0,0,-3
0,-3,0,1,-6
0,-3,0,2,-9
0,-3,0,3,-12
0,-3,0,4,-15
0,-3,0,5,-18
0,-3,0,6,-21
0,-3,0,7,-24
0,-3,0,8,0
0,-3,0,9,0
0,-3,0,10,0
0,-3,0,11,0
0,-3,0,12,0
0,-3,0,13,0
0,-3,0,14,0
0,-3,0,15,0
0,-3,0,16,0
0,-3,0,17,0
0,-3,0,18,0
0,-3,0,19,0
0,-3,0,20,0
0,-3,0,21,0
0,-3,0,22,0
0,-3,0,23,0
0,-3,0,24,0
0,-3,0,25,0
0,-3,0,26,0
0,-3,0,27,0
0,-3,0,28,0
0,-3,0,29,0
0,-3,0,30,0
0,-3,0,31,0
0,-3,0,32,0
0,-3,0,33,0
0,-3,0,34,0
0,-3,0,35,0
0,-3,0,36,0
0,-3,0,37,0
0,-3,0,38,0
0,-3,0,39,0
0,-3,0,40,0
0,-3,0,41,0
0,-3,0,42,0
0,-3,0,43,0
0,-3,0,44,0
0,-3,0,45,0
0,-3,0,46,0
0,-3,0,47,0
0,-3,0,48,0
0,-3,0,49,0
0,-3,0,50,0
0,-3,0,51,0
0,-3,0,52,0
0,-3,0,53,0
0,-3,0,54,0
0,-3,0,55,0
0,-3,0,56,0
0,-3,0,57,0
0,-3,0,58,0
0,-3,0,59,0
0,-3,0,60,0
0,-3,0,61,0
0,-3,0,62,0
0,-3,0,63,0
0,-3,0,64,0
0,-3,0,65,0
0,-3,0,66,0
0,-3,0,67,0
0,-3,0,68,0
0,-3,0,69,0
0,-3,0,70,0
0,-3,0,71,0
0,-3,0,72,0
0,-3,0,73,0
0,-3,0,74,0
0,-3,0,75,0
0,-3,0,76,0
0,-3,0,77,0
0,-3,0,78,0
0,-3,0,79,0
0,-3,0,80,0
0,-3,0,81,0
0,-3,0,82,0
0,-3,0,83,0
0,-3,0,84,0
0,-3,0,85,0
0,-3,0,86,0
0,-3,0,87,0
0,-3,0,88,0
0,-3,0,89,0
0,-3,0,90,0
0,-3,0,91,0
0,-3,0,92,0
0,-3,0,93,0
0,-3,0,94,0
0,-3,0,95,0
0,-3,0,96,0
0,-3,0,97,0
0,-3,0,98,0
0,-3,0,99,0
0,-3,0,100,0
0,-3,0,101,0
0,-3,0,102,0
0,-3,0,103,0
0,-3,0,104,0
0,-3,0,105,0
0,-3,0,106,0
0,-3,0,107,0
0,-3,0,108,0
0,-3,0,109,0
0,-3,0,110,0
0,-3,0,111,0
0,-3,1,0,-3
0,-3,1,1,-6
0,-3,1,2,-9
0,-3,1,3,-12
0,-3,1,4,-15
0,-3,1,5,-18
0,-3,1,6,-21
0,-3,1,7,-24
0,-3,1,8,0
0,-3,1,9,0
0,-3,1,10,0
0,-3,1,11,0
0,-3,1,12,0
0,-3,1,13,0
0,-3,1,14,0
0,-3,1,15,0
0,-3,1,16,0
0,-3,1,17,0
0,-3,1,18,0
0,-3,1,19,0
0,-3,1,20,0
0,-3,1,21,0
0,-3,1,22,0
0,-3,1,23,0
0,-3,1,24,0
0,-3,1,25,0
0,-3,1,26,0
0,-3,1,27,0
0,-3,1,28,0
0,-3,1,29,0
0,-3,1,30,0
0,-3,1,31,0
0,-3,1,32,0
0,-3,1,33,0
0,-3,1,34,0
0,-3,1,35,0
0,-3,1,36,0
0,-3,1,37,0
0,-3,1,38,0
0,-3,1,39,0
0,-3,1,40,0
0,-3,1,41,0
0,-3,1,42,0
0,-3,1,43,0
0,-3,1,44,0
0,-3,1,45,0
0,-3,1,46,0
0,-3,1,47,0
0,-3,1,48,0
0,-3,1,49,0
0,-3,1,50,0
0,-3,1,51,0
0,-3,1,52,0
0,-3,1,53,0
0,-3,1,54,0
0,-3,1,55,0
0,-3,1,56,0
0,-3,1,57,0
0,-3,1,58,0
0,-3,1,59,0
0,-3,1,60,0
0,-3,1,61,0
0,-3,1,62,0
0,-3,1,63,0
0,-3,1,64,0
0,-3,1,65,0
0,-3,1,66,0
0,-3,1,67,0
0,-3,1,68,0
0,-3,1,69,0
0,-3,1,70,0
0,-3,1,71,0
0,-3,1,72,0
0,-3,1,73,0
0,-3,1,74,0
0,-3,1,75,0
0,-3,1,76,0
0,-3,1,77,0
0,-3,1,78,0
0,-3,1,79,0
0,-3,1,80,0
0,-3,1,81,0
0,-3,1,82,0
0,-3,1,83,0
0,-3,1,84,0
0,-3,1,85,0
0,-3,1,86,0
0,-3,1,87,0
0,-3,1,88,0
0,-3,1,89,0
0,-3,1,90,0
0,-3,1,91,0
0,-3,1,92,0
0,-3,1,93,0
0,-3,1,94,0
0,-3,1,95,0
0,-3,1,96,0
0,-3,1,97,0
0,-3,1,98,0
0,-3,1,99,0
0,-3,1,100,0
0,-3,1,101,0
0,-3,1,102,0
0,-3,1,103,0
0,-3,1,104,0
0,-3,1,105,0
0,-3,1,106,0
0,-3,1,107,0
0,-3,1,108,0
0,-3,1,109,0
0,-3,1,110,0
0,-3,1,111,0
0,-3,2,0,-3
0,-3,2,1,-6
0,-3,2,2,-9
0,-3,2,3,-12
0,-3,2,4,-15
0,-3,2,5,-18
0,-3,2,6,-21
0,-3,2,7,-24
0,-3,2,8,0
0,-3,2,9,0
0,-3,2,10,0
0,-3,2,11,0
0,-3,2,12,0
0,-3,2,13,0
0,-3,2,14,0
0,-3,2,15,0
0,-3,2,16,0
0,-3,2,17,0
0,-3,2,18,0
0,-3,2,19,0
0,-3,2,20,0
0,-3,2,21,0
0,-3,2,22,0
0,-3,2,23,0
0,-3,2,24,0
0,-3,2,25,0
0,-3,2,26,0
0,-3,2,27,0
0,-3,2,28,0
0,-3,2,29,0
0,-3,2,30,0
0,-3,2,31,0
0,-3,2,32,0
0,-3,2,33,0
0,-3,2,34,0
0,-3,2,35,0
0,-3,2,36,0
0,-3,2,37,0
0,-3,2,38,0
0,-3,2,39,0
0,-3,2,40,0
0,-3,2,41,0
0,-3,2,42,0
0,-3,2,43,0
0,-3,2,44,0
0,-3,2,45,0
0,-3,2,46,0
0,-3,2,47,0
0,-3,2,48,0
0,-3,2,49,0
0,-3,2,50,0
0,-3,2,51,0
0,-3,2,52,0
0,-3,2,53,0
0,-3,2,54,0
0,-3,2,55,0
0,-3,2,56,0
0,-3,2,57,0
0,-3,2,58,0
0,-3,2,59,0
0,-3,2,60,0
0,-3,2,61,0
0,-3,2,62,0
0,-3,2,63,0
0,-3,2,64,0
0,-3,2,65,0
0,-3,2,66,0
0,-3,2,67,0
0,-3,2,68,0
0,-3,2,69,0
0,-3,2,70,0
0,-3,2,71,0
0,-3,2,72,0
0,-3,2,73,0
0,-3,2,74,0
0,-3,2,75,0
0,-3,2,76,0
0,-3,2,77,0
0,-3,2,78,0
0,-3,2,79,0
0,-3,2,80,0
0,-3,2,81,0
0,-3,2,82,0
0,-3,2,83,0
0,-3,2,84,0
0,-3,2,85,0
0,-3,2,86,0
0,-3,2,87,0
0,-3,2,88,0
0,-3,2,89,0
0,-3,2,90,0
0,-3,2,91,0
0,-3,2,92,0
0,-3,2,93,0
0,-3,2,94,0
0,-3,2,95,0
0,-3,2,96,0
0,-3,2,97,0
0,-3,2,98,0
0,-3,2,99,0
0,-3,2,100,0
0,-3,2,101,0
0,-3,2,102,0
0,-3,2,103,0
0,-3,2,104,0
0,-3,2,105,0
0,-3,2,106,0
0,-3,2,107,0
0,-3,2,108,0
0,-3,2,109,0
0,-3,2,110,0
0,-3,2,111,0
0,-3,3,0,-3
0,-3,3,1,-6
0,-3,3,2,-9
0,-3,3,3,-12
0,-3,3,4,-15
0,-3,3,5,-18
0,-3,3,6,-21
0,-3,3,7,-24
0,-3,3,8,0
0,-3,3,9,0
0,-3,3,10,0
0,-3,3,11,0
0,-3,3,12,0
0,-3,3,13,0
0,-3,3,14,0
0,-3,3,15,0
0,-3,3,16,0
0,-3,3,17,0
0,-3,3,18,0
0,-3,3,19,0
0,-3,3,20,0
0,-3,3,21,0
0,-3,3,22,0
0,-3,3,23,0
0,-3,3,24,0
0,-3,3,25,0
0,-3,3,26,0
0,-3,3,27,0
0,-3,3,28,0
0,-3,3,29,0
0,-3,3,30,0
0,-3,3,31,0
0,-3,3,32,0
0,-3,3,33,0
0,-3,3,34,0
0,-3,3,35,0
0,-3,3,36,0
0,-3,3,37,0
0,-3,3,38,0
0,-3,3,39,0
0,-3,3,40,0
0,-3,3,41,0
0,-3,3,42,0
0,-3,3,43,0
0,-3,3,44,0
0,-3,3,45,0
0,-3,3,46,0
0,-3,3,47,0
0,-3,3,48,0
0,-3,3,49,0
0,-3,3,50,0
0,-3,3,51,0
0,-3,3,52,0
0,-3,3,53,0
0,-3,3,54,0
0,-3,3,55,0
0,-3,3,56,0
0,-3,3,57,0
0,-3,3,58,0
0,-3,3,59,0
0,-3,3,60,0
0,-3,3,61,0
0,-3,3,62,0
0,-3,3,63,0
0,-3,3,64,0
0,-3,3,65,0
0,-3,3,66,0
0,-3,3,67,0
0,-3,3,68,0
0,-3,3,69,0
0,-3,3,70,0
0,-3,3,71,0
0,-3,3,72,0
0,-3,3,73,0
0,-3,3,74,0
0,-3,3,75,0
0,-3,3,76,0
0,-3,3,77,0
0,-3,3,78,0
0,-3,3,79,0
0,-3,3,80,0
0,-3,3,81,0
0,-3,3,82,0
0,-3,3,83,0
0,-3,3,84,0
0,-3,3,85,0
0,-3,3,86,0
0,-3,3,87,0
0,-3,3,88,0
0,-3,3,89,0
0,-3,3,90,0
0,-3,3,91,0
0,-3,3,92,0
0,-3,3,93,0
0,-3,3,94,0
0,-3,3,95,0
0,-3,3,96,0
0,-3,3,97,0
0,-3,3,98,0
0,-3,3,99,0
0,-3,3,100,0
0,-3,3,101,0
0,-3,3,102,0
0,-3,3,103,0
0,-3,3,104,0
0,-3,3,105,0
0,-3,3,106,0
0,-3,3,107,0
0,-3,3,108,0
0,-3,3,109,0
0,-3,3,110,0
0,-3,3,111,0
0,-3,4,0,-3
0,-3,4,1,-6
0,-3,4,2,-9
0,-3,4,3,-12
0,-3,4,4,-15
0,-3,4,5,-18
0,-3,4,6,-21
0,-3,4,7,-24
0,-3,4,8,0
0,-3,4,9,0
0,-3,4,10,0
0,-3,4,11,0
0,-3,4,12,0
0,-3,4,13,0
0,-3,4,14,0
0,-3,4,15,0
0,-3,4,16,0
0,-3,4,17,0
0,-3,4,18,0
0,-3,4,19,0
0,-3,4,20,0
0,-3,4,21,0
0,-3,4,22,0
0,-3,4,23,0
0,-3,4,24,0
0,-3,4,25,0
0,-3,4,26,0
0,-3,4,27,0
0,-3,4,28,0
0,-3,4,29,0
0,-3,4,30,0
0,-3,4,31,0
0,-3,4,32,0
0,-3,4,33,0
0,-3,4,34,0
0,-3,4,35,0
0,-3,4,36,0
0,-3,4,37,0
0,-3,4,38,0
0,-3,4,39,0
0,-3,4,40,0
0,-3,4,41,0
0,-3,4,42,0
0,-3,4,43,0
0,-3,4,44,0
0,-3,4,45,0
0,-3,4,46,0
0,-3,4,47,0
0,-3,4,48,0
0,-3,4,49,0
0,-3,4,50,0
0,-3,4,51,0
0,-3,4,52,0
0,-3,4,53,0
0,-3,4,54,0
0,-3,4,55,0
0,-3,4,56,0
0,-3,4,57,0
0,-3,4,58,0
0,-3,4,59,0
0,-3,4,60,0
0,-3,4,61,0
0,-3,4,62,0
0,-3,4,63,0
0,-3,4,64,0
0,-3,4,65,0
0,-3,4,66,0
0,-3,4,67,0
0,-3,4,68,0
0,-3,4,69,0
0,-3,4,70,0
0,-3,4,71,0
0,-3,4,72,0
0,-3,4,73,0
0,-3,4,74,0
0,-3,4,75,0
0,-3,4,76,0
0,-3,4,77,0
0,-3,4,78,0
0,-3,4,79,0
0,-3,4,80,0
0,-3,4,81,0
0,-3,4,82,0
0,-3,4,83,0
0,-3,4,84,0
0,-3,4,85,0
0,-3,4,86,0
0,-3,4,87,0
0,-3,4,88,0
0,-3,4,89,0
0,-3,4,90,0
0,-3,4,91,0
0,-3,4,92,0
0,-3,4,93,0
0,-3,4,94,0
0,-3,4,95,0
0,-3,4,96,0
0,-3,4,97,0
0,-3,4,98,0
0,-3,4,99,0
0,-3,4,100,0
0,-3,4,101,0
0,-3,4,102,0
0,-3,4,103,0
0,-3,4,104,0
0,-3,4,105,0
0,-3,4,106,0
0,-3,4,107,0
0,-3,4,108,0
0,-3,4,109,0
0,-3,4,110,0
0,-3,4,111,0
0,-3,5,0,-3
0,-3,5,1,-6
0,-3,5,2,-9
0,-3,5,3,-12
0,-3,5,4,-15
0,-3,5,5,-18
0,-3,5,6,-21
0,-3,5,7,-24
0,-3,5,8,0
0,-3,5,9,0
0,-3,5,10,0
0,-3,5,11,0
0,-3,5,12,0
0,-3,5,13,0
0,-3,5,14,0
0,-3,5,15,0
0,-3,5,16,0
0,-3,5,17,0
0,-3,5,18,0
0,-3,5,19,0
0,-3,5,20,0
0,-3,5,21,0
0,-3,5,22,0
0,-3,5,23,0
0,-3,5,24,0
0,-3,5,25,0
0,-3,5,26,0
0,-3,5,27,0
0,-3,5,28,0
0,-3,5,29,0
0,-3,5,30,0
0,-3,5,31,0
0,-3,5,32,0
0,-3,5,33,0
0,-3,5,34,0
0,-3,5,35,0
0,-3,5,36,0
0,-3,5,37,0
0,-3,5,38,0
0,-3,5,39,0
0,-3,5,40,0
0,-3,5,41,0
0,-3,5,42,0
0,-3,5,43,0
0,-3,5,44,0
0,-3,5,45,0
0,-3,5,46,0
0,-3,5,47,0
0,-3,5,48,0
0,-3,5,49,0
0,-3,5,50,0
0,-3,5,51,0
0,-3,5,52,0
0,-3,5,53,0
0,-3,5,54,0
0,-3,5,55,0
0,-3,5,56,0
0,-3,5,57,0
0,-3,5,58,0
0,-3,5,59,0
0,-3,5,60,0
0,-3,5,61,0
0,-3,5,62,0
0,-3,5,63,0
0,-3,5,64,0
0,-3,5,65,0
0,-3,5,66,0
0,-3,5,67,0
0,-3,5,68,0
0,-3,5,69,0
0,-3,5,70,0
0,-3,5,71,0
0,-3,5,72,0
0,-3,5,73,0
0,-3,5,74,0
0,-3,5,75,0
0,-3,5,76,0
0,-3,5,77,0
0,-3,5,78,0
0,-3,5,79,0
0,-3,5,80,0
0,-3,5,81,0
0,-3,5,82,0
0,-3,5,83,0
0,-3,5,84,0
0,-3,5,85,0
0,-3,5,86,0
0,-3,5,87,0
0,-3,5,88,0
0,-3,5,89,0
0,-3,5,90,0
0,-3,5,91,0
0,-3,5,92,0
0,-3,5,93,0
0,-3,5,94,0
0,-3,5,95,0
0,-3,5,96,0
0,-3,5,97,0
0,-3,5,98,0
0,-3,5,99,0
0,-3,5,100,0
0,-3,5,101,0
0,-3,5,102,0
0,-3,5,103,0
0,-3,5,104,0
0,-3,5,105,0
0,-3,5,106,0
0,-3,5,107,0
0,-3,5,108,0
0,-3,5,109,0
0,-3,5,110,0
0,-3,5,111,0
0,-3,6,0,-3
0,-3,6,1,-6
0,-3,6,2,-9
0,-3,6,3,-12
0,-3,6,4,-15
0,-3,6,5,-18
0,-3,6,6,-21
0,-3,6,7,-24
0,-3,6,8,0
0,-3,6,9,0
0,-3,6,10,0
0,-3,6,11,0
0,-3,6,12,0
0,-3,6,13,0
0,-3,6,14,0
0,-3,6,15,0
0,-3,6,16,0
0,-3,6,17,0
0,-3,6,18,0
0,-3,6,19,0
0,-3,6,20,0
0,-3,6,21,0
0,-3,6,22,0
0,-3,6,23,0
0,-3,6,24,0
0,-3,6,25,0
0,-3,6,26,0
0,-3,6,27,0
0,-3,6,28,0
0,-3,6,29,0
0,-3,6,30,0
0,-3,6,31,0
0,-3,6,32,0
0,-3,6,33,0
0,-3,6,34,0
0,-3,6,35,0
0,-3,6,36,0
0,-3,6,37,0
0,-3,6,38,0
0,-3,6,39,0
0,-3,6,40,0
0,-3,6,41,0
0,-3,6,42,0
0,-3,6,43,0
0,-3,6,44,0
0,-3,6,45,0
0,-3,6,46,0
0,-3,6,47,0
0,-3,6,48,0
0,-3,6,49,0
0,-3,6,50,0
0,-3,6,51,0
0,-3,6,52,0
0,-3,6,53,0
0,-3,6,54,0
0,-3,6,55,0
0,-3,6,56,0
0,-3,6,57,0
0,-3,6,58,0
0,-3,6,59,0
0,-3,6,60,0
0,-3,6,61,0
0,-3,6,62,0
0,-3,6,63,0
0,-3,6,64,0
0,-3,6,65,0
0,-3,6,66,0
0,-3,6,67,0
0,-3,6,68,0
0,-3,6,69,0
0,-3,6,70,0
0,-3,6,71,0
0,-3,6,72,0
0,-3,6,73,0
0,-3,6,74,0
0,-3,6,75,0
0,-3,6,76,0
0,-3,6,77,0
0,-3,6,78,0
0,-3,6,79,0
0,-3,6,80,0
0,-3,6,81,0
0,-3,6,82,0
0,-3,6,83,0
0,-3,6,84,0
0,-3,6,85,0
0,-3,6,86,0
0,-3,6,87,0
0,-3,6,88,0
0,-3,6,89,0
0,-3,6,90,0
0,-3,6,91,0
0,-3,6,92,0
0,-3,6,93,0
0,-3,6,94,0
0,-3,6,95,0
0,-3,6,96,0
0,-3,6,97,0
0,-3,6,98,0
0,-3,6,99,0
0,-3,6,100,0
0,-3,6,101,0
0,-3,6,102,0
0,-3,6,103,0
0,-3,6,104,0
0,-3,6,105,0
0,-3,6,106,0
0,-3,6,107,0
0,-3,6,108,0
0,-3,6,109,0
0,-3,6,110,0
0,-3,6,111,0
0,-3,7,0,-3
0,-3,7,1,-6
0,-3,7,2,-9
0,-3,7,3,-12
0,-3,7,4,-15
0,-3,7,5,-18
0,-3,7,6,-21
0,-3,7,7,-24
0,-3,7,8,0
0,-3,7,9,0
0,-3,7,10,0
0,-3,7,11,0
0,-3,7,12,0
0,-3,7,13,0
0,-3,7,14,0
0,-3,7,15,0
0,-3,7,16,0
0,-3,7,17,0
0,-3,7,18,0
0,-3,7,19,0
0,-3,7,20,0
0,-3,7,21,0
0,-3,7,22,0
0,-3,7,23,0
0,-3,7,24,0
0,-3,7,25,0
0,-3,7,26,0
0,-3,7,27,0
0,-3,7,28,0
0,-3,7,29,0
0,-3,7,30,0
0,-3,7,31,0
0,-3,7,32,0
0,-3,7,33,0
0,-3,7,34,0
0,-3,7,35,0
0,-3,7,36,0
0,-3,7,37,0
0,-3,7,38,0
0,-3,7,39,0
0,-3,7,40,0
0,-3,7,41,0
0,-3,7,42,0
0,-3,7,43,0
0,-3,7,44,0
0,-3,7,45,0
0,-3,7,46,0
0,-3,7,47,0
0,-3,7,48,0
0,-3,7,49,0
0,-3,7,50,0
0,-3,7,51,0
0,-3,7,52,0
0,-3,7,53,0
0,-3,7,54,0
0,-3,7,55,0
0,-3,7,56,0
0,-3,7,57,0
0,-3,7,58,0
0,-3,7,59,0
0,-3,7,60,0
0,-3,7,61,0
0,-3,7,62,0
0,-3,7,63,0
0,-3,7,64,0
0,-3,7,65,0
0,-3,7,66,0
0,-3,7,67,0
0,-3,7,68,0
0,-3,7,69,0
0,-3,7,70,0
0,-3,7,71,0
0,-3,7,72,0
0,-3,7,73,0
0,-3,7,74,0
0,-3,7,75,0
0,-3,7,76,0
0,-3,7,77,0
0,-3,7,78,0
0,-3,7,79,0
0,-3,7,80,0
0,-3,7,81,0
0,-3,7,82,0
0,-3,7,83,0
0,-3,7,84,0
0,-3,7,85,0
0,-3,7,86,0
0,-3,7,87,0
0,-3,7,88,0
0,-3,7,89,0
0,-3,7,90,0
0,-3,7,91,0
0,-3,7,92,0
0,-3,7,93,0
0,-3,7,94,0
0,-3,7,95,0
0,-3,7,96,0
0,-3,7,97,0
0,-3,7,98,0
0,-3,7,99,0
0,-3,7,100,0
0,-3,7,101,0
0,-3,7,102,0
0,-3,7,103,0
0,-3,7,104,0
0,-3,7,105,0
0,-3,7,106,0
0,-3,7,107,0
0,-3,7,108,0
0,-3,7,109,0
0,-3,7,110,0
0,-3,7,111,0
0,-2,-8,0,-2
0,-2,-8,1,-4
0,-2,-8,2,-6
0,-2,-8,3,-8
0,-2,-8,4,-10
0,-2,-8,5,-12
0,-2,-8,6,-14
0,-2,-8,7,-16
0,-2,-8,8,0
0,-2,-8,9,0
0,-2,-8,10,0
0,-2,-8,11,0
0,-2,-8,12,0
0,-2,-8,13,0
0,-2,-8,14,0
0,-2,-8,15,0
0,-2,-8,16,0
0,-2,-8,17,0
0,-2,-8,18,0
0,-2,-8,19,0
0,-2,-8,20,0
0,-2,-8,21,0
0,-2,-8,22,0
0,-2,-8,23,0
0,-2,-8,24,0
0,-2,-8,25,0
0,-2,-8,26,0
0,-2,-8,27,0
0,-2,-8,28,0
0,-2,-8,29,0
0,-2,-8,30,0
0,-2,-8,31,0
0,-2,-8,32,0
0,-2,-8,33,0
0,-2,-8,34,0
0,-2,-8,35,0
0,-2,-8,36,0
0,-2,-8,37,0
0,-2,-8,38,0
0,-2,-8,39,0
0,-2,-8,40,0
0,-2,-8,41,0
0,-2,-8,42,0
0,-2,-8,43,0
0,-2,-8,44,0
0,-2,-8,45,0
0,-2,-8,46,0
0,-2,-8,47,0
0,-2,-8,48,0
0,-2,-8,49,0
0,-2,-8,50,0
0,-2,-8,51,0
0,-2,-8,52,0
0,-2,-8,53,0
0,-2,-8,54,0
0,-2,-8,55,0
0,-2,-8,56,0
0,-2,-8,57,0
0,-2,-8,58,0
0,-2,-8,59,0
0,-2,-8,60,0
0,-2,-8,61,0
0,-2,-8,62,0
0,-2,-8,63,0
0,-2,-8,64,0
0,-2,-8,65,0
0,-2,-8,66,0
0,-2,-8,67,0
0,-2,-8,68,0
0,-2,-8,69,0
0,-2,-8,70,0
0,-2,-8,71,0
0,-2,-8,72,0
0,-2,-8,73,0
0,-2,-8,74,0
0,-2,-8,75,0
0,-2,-8,76,0
0,-2,-8,77,0
0,-2,-8,78,0
0,-2,-8,79,0
0,-2,-8,80,0
0,-2,-8,81,0
0,-2,-8,82,0
0,-2,-8,83,0
0,-2,-8,84,0
0,-2,-8,85,0
0,-2,-8,86,0
0,-2,-8,87,0
0,-2,-8,88,0
0,-2,-8,89,0
0,-2,-8,90,0
0,-2,-8,91,0
0,-2,-8,92,0
0,-2,-8,93,0
0,-2,-8,94,0
0,-2,-8,95,0
0,-2,-8,96,0
0,-2,-8,97,0
0,-2,-8,98,0
0,-2,-8,99,0
0,-2,-8,100,0
0,-2,-8,101,0
0,-2,-8,102,0
0,-2,-8,103,0
0,-2,-8,104,0
0,-2,-8,105,0
0,-2,-8,106,0
0,-2,-8,107,0
0,-2,-8,108,0
0,-2,-8,109,0
0,-2,-8,110,0
0,-2,-8,111,0
0,-2,-7,0,-2
0,-2,-7,1,-4
0,-2,-7,2,-6
0,-2,-7,3,-8
0,-2,-7,4,-10
0,-2,-7,5,-12
0,-2,-7,6,-14
0,-2,-7,7,-16
0,-2,-7,8,0
0,-2,-7,9,0
0,-2,-7,10,0
0,-2,-7,11,0
0,-2,-7,12,0
0,-2,-7,13,0
0,-2,-7,14,0
0,-2,-7,15,0
0,-2,-7,16,0
0,-2,-7,17,0
0,-2,-7,18,0
0,-2,-7,19,0
0,-2,-7,20,0
0,-2,-7,21,0
0,-2,-7,22,0
0,-2,-7,23,0
0,-2,-7,24,0
0,-2,-7,25,0
0,-2,-7,26,0
0,-2,-7,27,0
0,-2,-7,28,0
0,-2,-7,29,0
0,-2,-7,30,0
0,-2,-7,31,0
0,-2,-7,32,0
0,-2,-7,33,0
0,-2,-7,34,0
0,-2,-7,35,0
0,-2,-7,36,0
0,-2,-7,37,0
0,-2,-7,38,0
0,-2,-7,39,0
0,-2,-7,40,0
0,-2,-7,41,0
0,-2,-7,42,0
0,-2,-7,43,0
0,-2,-7,44,0
0,-2,-7,45,0
0,-2,-7,46,0
0,-2,-7,47,0
0,-2,-7,48,0
0,-2,-7,49,0
0,-2,-7,50,0
0,-2,-7,51,0
0,-2,-7,52,0
0,-2,-7,53,0
0,-2,-7,54,0
0,-2,-7,55,0
0,-2,-7,56,0
0,-2,-7,57,0
0,-2,-7,58,0
0,-2,-7,59,0
0,-2,-7,60,0
0,-2,-7,61,0
0,-2,-7,62,0
0,-2,-7,63,0
0,-2,-7,64,0
0,-2,-7,65,0
0,-2,-7,66,0
0,-2,-7,67,0
0,-2,-7,68,0
0,-2,-7,69,0
0,-2,-7,70,0
0,-2,-7,71,0
0,-2,-7,72,0
0,-2,-7,73,0
0,-2,-7,74,0
0,-2,-7,75,0
0,-2,-7,76,0
0,-2,-7,77,0
0,-2,-7,78,0
0,-2,-7,79,0
0,-2,-7,80,0
0,-2,-7,81,0
0,-2,-7,82,0
0,-2,-7,83,0
0,-2,-7,84,0
0,-2,-7,85,0
0,-2,-7,86,0
0,-2,-7,87,0
0,-2,-7,88,0
0,-2,-7,89,0
0,-2,-7,90,0
0,-2,-7,91,0
0,-2,-7,92,0
0,-2,-7,93,0
0,-2,-7,94,0
0,-2,-7,95,0
0,-2,-7,96,0
0,-2,-7,97,0
0,-2,-7,98,0
0,-2,-7,99,0
0,-2,-7,100,0
0,-2,-7,101,0
0,-2,-7,102,0
0,-2,-7,103,0
0,-2,-7,104,0
0,-2,-7,105,0
0,-2,-7,106,0
0,-2,-7,107,0
0,-2,-7,108,0
0,-2,-7,109,0
0,-2,-7,110,0
0,-2,-7,111,0
0,-2,-6,0,-2
0,-2,-6,1,-4
0,-2,-6,2,-6
0,-2,-6,3,-8
0,-2,-6,4,-10
0,-2,-6,5,-12
0,-2,-6,6,-14
0,-2,-6,7,-16
0,-2,-6,8,0
0,-2,-6,9,0
0,-2,-6,10,0
0,-2,-6,11,0
0,-2,-6,12,0
0,-2,-6,13,0
0,-2,-6,14,0
0,-2,-6,15,0
0,-2,-6,16,0
0,-2,-6,17,0
0,-2,-6,18,0
0,-2,-6,19,0
0,-2,-6,20,0
0,-2,-6,21,0
0,-2,-6,22,0
0,-2,-6,23,0
0,-2,-6,24,0
0,-2,-6,25,0
0,-2,-6,26,0
0,-2,-6,27,0
0,-2,-6,28,0
0,-2,-6,29,0
0,-2,-6,30,0
0,-2,-6,31,0
0,-2,-6,32,0
0,-2,-6,33,0
0,-2,-6,34,0
0,-2,-6,35,0
0,-2,-6,36,0
0,-2,-6,37,0
0,-2,-6,38,0
0,-2,-6,39,0
0,-2,-6,40,0
0,-2,-6,41,0
0,-2,-6,42,0
0,-2,-6,43,0
0,-2,-6,44,0
0,-2,-6,45,0
0,-2,-6,46,0
0,-2,-6,47,0
0,-2,-6,48,0
0,-2,-6,49,0
0,-2,-6,50,0
0,-2,-6,51,0
0,-2,-6,52,0
0,-2,-6,53,0
0,-2,-6,54,0
0,-2,-6,55,0
0,-2,-6,56,0
0,-2,-6,57,0
0,-2,-6,58,0
0,-2,-6,59,0
0,-2,-6,60,0
0,-2,-6,61,0
0,-2,-6,62,0
0,-2,-6,63,0
0,-2,-6,64,0
0,-2,-6,65,0
0,-2,-6,66,0
0,-2,-6,67,0
0,-2,-6,68,0
0,-2,-6,69,0
0,-2,-6,70,0
0,-2,-6,71,0
0,-2,-6,72,0
0,-2,-6,73,0
0,-2,-6,74,0
0,-2,-6,75,0
0,-2,-6,76,0
0,-2,-6,77,0
0,-2,-6,78,0
0,-2,-6,79,0
0,-2,-6,80,0
0,-2,-6,81,0
0,-2,-6,82,0
0,-2,-6,83,0
0,-2,-6,84,0
0,-2,-6,85,0
0,-2,-6,86,0
0,-2,-6,87,0
0,-2,-6,88,0
0,-2,-6,89,0
0,-2,-6,90,0
0,-2,-6,91,0
0,-2,-6,92,0
0,-2,-6,93,0
0,-2,-6,94,0
0,-2,-6,95,0
0,-2,-6,96,0
0,-2,-6,97,0
0,-2,-6,98,0
0,-2,-6,99,0
0,-2,-6,100,0
0,-2,-6,101,0
0,-2,-6,102,0
0,-2,-6,103,0
0,-2,-6,104,0
0,-2,-6,105,0
0,-2,-6,106,0
0,-2,-6,107,0
0,-2,-6,108,0
0,-2,-6,109,0
0,-2,-6,110,0
0,-2,-6,111,0
0,-2,-5,0,-2
0,-2,-5,1,-4
0,-2,-5,2,-6
0,-2,-5,3,-8
0,-2,-5,4,-10
0,-2,-5,5,-12
0,-2,-5,6,-14
0,-2,-5,7,-16
0,-2,-5,8,0
0,-2,-5,9,0
0,-2,-5,10,0
0,-2,-5,11,0
0,-2,-5,12,0
0,-2,-5,13,0
0,-2,-5,14,0
0,-2,-5,15,0
0,-2,-5,16,0
0,-2,-5,17,0
0,-2,-5,18,0
0,-2,-5,19,0
0,-2,-5,20,0
0,-2,-5,21,0
0,-2,-5,22,0
0,-2,-5,23,0
0,-2,-5,24,0
0,-2,-5,25,0
0,-2,-5,26,0
0,-2,-5,27,0
0,-2,-5,28,0
0,-2,-5,29,0
0,-2,-5,30,0
0,-2,-5,31,0
0,-2,-5,32,0
0,-2,-5,33,0
0,-2,-5,34,0
0,-2,-5,35,0
0,-2,-5,36,0
0,-2,-5,37,0
0,-2,-5,38,0
0,-2,-5,39,0
0,-2,-5,40,0
0,-2,-5,41,0
0,-2,-5,42,0
0,-2,-5,43,0
0,-2,-5,44,0
0,-2,-5,45,0
0,-2,-5,46,0
0,-2,-5,47,0
0,-2,-5,48,0
0,-2,-5,49,0
0,-2,-5,50,0
0,-2,-5,51,0
0,-2,-5,52,0
0,-2,-5,53,0
0,-2,-5,54,0
0,-2,-5,55,0
0,-2,-5,56,0
0,-2,-5,57,0
0,-2,-5,58,0
0,-2,-5,59,0
0,-2,-5,60,0
0,-2,-5,61,0
0,-2,-5,62,0
0,-2,-5,63,0
0,-2,-5,64,0
0,-2,-5,65,0
0,-2,-5,66,0
0,-2,-5,67,0
0,-2,-5,68,0
0,-2,-5,69,0
0,-2,-5,70,0
0,-2,-5,71,0
0,-2,-5,72,0
0,-2,-5,73,0
0,-2,-5,74,0
0,-2,-5,75,0
0,-2,-5,76,0
0,-2,-5,77,0
0,-2,-5,78,0
0,-2,-5,79,0
0,-2,-5,80,0
0,-2,-5,81,0
0,-2,-5,82,0
0,-2,-5,83,0
0,-2,-5,84,0
0,-2,-5,85,0
0,-2,-5,86,0
0,-2,-5,87,0
0,-2,-5,88,0
0,-2,-5,89,0
0,-2,-5,90,0
0,-2,-5,91,0
0,-2,-5,92,0
0,-2,-5,93,0
0,-2,-5,94,0
0,-2,-5,95,0
0,-2,-5,96,0
0,-2,-5,97,0
0,-2,-5,98,0
0,-2,-5,99,0
0,-2,-5,100,0
0,-2,-5,101,0
0,-2,-5,102,0
0,-2,-5,103,0
0,-2,-5,104,0
0,-2,-5,105,0
0,-2,-5,106,0
0,-2,-5,107,0
0,-2,-5,108,0
0,-2,-5,109,0
0,-2,-5,110,0
0,-2,-5,111,0
0,-2,-4,0,-2
0,-2,-4,1,-4
0,-2,-4,2,-6
0,-2,-4,3,-8
0,-2,-4,4,-10
0,-2,-4,5,-12
0,-2,-4,6,-14
0,-2,-4,7,-16
0,-2,-4,8,0
0,-2,-4,9,0
0,-2,-4,10,0
0,-2,-4,11,0
0,-2,-4,12,0
0,-2,-4,13,0
0,-2,-4,14,0
0,-2,-4,15,0
0,-2,-4,16,0
0,-2,-4,17,0
0,-2,-4,18,0
0,-2,-4,19,0
0,-2,-4,20,0
0,-2,-4,21,0
0,-2,-4,22,0
0,-2,-4,23,0
0,-2,-4,24,0
0,-2,-4,25,0
0,-2,-4,26,0
0,-2,-4,27,0
0,-2,-4,28,0
0,-2,-4,29,0
0,-2,-4,30,0
0,-2,-4,31,0
0,-2,-4,32,0
0,-2,-4,33,0
0,-2,-4,34,0
0,-2,-4,35,0
0,-2,-4,36,0
0,-2,-4,37,0
0,-2,-4,38,0
0,-2,-4,39,0
0,-2,-4,40,0
0,-2,-4,41,0
0,-2,-4,42,0
0,-2,-4,43,0
0,-2,-4,44,0
0,-2,-4,45,0
0,-2,-4,46,0
0,-2,-4,47,0
0,-2,-4,48,0
0,-2,-4,49,0
0,-2,-4,50,0
0,-2,-4,51,0
0,-2,-4,52,0
0,-2,-4,53,0
0,-2,-4,54,0
0,-2,-4,55,0
0,-2,-4,56,0
0,-2,-4,57,0
0,-2,-4,58,0
0,-2,-4,59,0
0,-2,-4,60,0
0,-2,-4,61,0
0,-2,-4,62,0
0,-2,-4,63,0
0,-2,-4,64,0
0,-2,-4,65,0
0,-2,-4,66,0
0,-2,-4,67,0
0,-2,-4,68,0
0,-2,-4,69,0
0,-2,-4,70,0
0,-2,-4,71,0
0,-2,-4,72,0
0,-2,-4,73,0
0,-2,-4,74,0
0,-2,-4,75,0
0,-2,-4,76,0
0,-2,-4,77,0
0,-2,-4,78,0
0,-2,-4,79,0
0,-2,-4,80,0
0,-2,-4,81,0
0,-2,-4,82,0
0,-2,-4,83,0
0,-2,-4,84,0
0,-2,-4,85,0
0,-2,-4,86,0
0,-2,-4,87,0
0,-2,-4,88,0
0,-2,-4,89,0
0,-2,-4,90,0
0,-2,-4,91,0
0,-2,-4,92,0
0,-2,-4,93,0
0,-2,-4,94,0
0,-2,-4,95,0
0,-2,-4,96,0
0,-2,-4,97,0
0,-2,-4,98,0
0,-2,-4,99,0
0,-2,-4,100,0
0,-2,-4,101,0
0,-2,-4,102,0
0,-2,-4,103,0
0,-2,-4,104,0
0,-2,-4,105,0
0,-2,-4,106,0
0,-2,-4,107,0
0,-2,-4,108,0
0,-2,-4,109,0
0,-2,-4,110,0
0,-2,-4,111,0
0,-2,-3,0,-2
0,-2,-3,1,-4
0,-2,-3,2,-6
0,-2,-3,3,-8
0,-2,-3,4,-10
0,-2,-3,5,-12
0,-2,-3,6,-14
0,-2,-3,7,-16
0,-2,-3,8,0
0,-2,-3,9,0
0,-2,-3,10,0
0,-2,-3,11,0
0,-2,-3,12,0
0,-2,-3,13,0
0,-2,-3,14,0
0,-2,-3,15,0
0,-2,-3,16,0
0,-2,-3,17,0
0,-2,-3,18,0
0,-2,-3,19,0
0,-2,-3,20,0
0,-2,-3,21,0
0,-2,-3,22,0
0,-2,-3,23,0
0,-2,-3,24,0
0,-2,-3,25,0
0,-2,-3,26,0
0,-2,-3,27,0
0,-2,-3,28,0
0,-2,-3,29,0
0,-2,-3,30,0
0,-2,-3,31,0
0,-2,-3,32,0
0,-2,-3,33,0
0,-2,-3,34,0
0,-2,-3,35,0
0,-2,-3,36,0
0,-2,-3,37,0
0,-2,-3,38,0
0,-2,-3,39,0
0,-2,-3,40,0
0,-2,-3,41,0
0,-2,-3,42,0
0,-2,-3,43,0
0,-2,-3,44,0
0,-2,-3,45,0
0,-2,-3,46,0
0,-2,-3,47,0
0,-2,-3,48,0
0,-2,-3,49,0
0,-2,-3,50,0
0,-2,-3,51,0
0,-2,-3,52,0
0,-2,-3,53,0
0,-2,-3,54,0
0,-2,-3,55,0
0,-2,-3,56,0
0,-2,-3,57,0
0,-2,-3,58,0
0,-2,-3,59,0
0,-2,-3,60,0
0,-2,-3,61,0
0,-2,-3,62,0
0,-2,-3,63,0
0,-2,-3,64,0
0,-2,-3,65,0
0,-2,-3,66,0
0,-2,-3,67,0
0,-2,-3,68,0
0,-2,-3,69,0
0,-2,-3,70,0
0,-2,-3,71,0
0,-2,-3,72,0
0,-2,-3,73,0
0,-2,-3,74,0
0,-2,-3,75,0
0,-2,-3,76,0
0,-2,-3,77,0
0,-2,-3,78,0
0,-2,-3,79,0
0,-2,-3,80,0
0,-2,-3,81,0
0,-2,-3,82,0
0,-2,-3,83,0
0,-2,-3,84,0
0,-2,-3,85,0
0,-2,-3,86,0
0,-2,-3,87,0
0,-2,-3,88,0
0,-2,-3,89,0
0,-2,-3,90,0
0,-2,-3,91,0
0,-2,-3,92,0
0,-2,-3,93,0
0,-2,-3,94,0
0,-2,-3,95,0
0,-2,-3,96,0
0,-2,-3,97,0
0,-2,-3,98,0
0,-2,-3,99,0
0,-2,-3,100,0
0,-2,-3,101,0
0,-2,-3,102,0
0,-2,-3,103,0
0,-2,-3,104,0
0,-2,-3,105,0
0,-2,-3,106,0
0,-2,-3,107,0
0,-2,-3,108,0
0,-2,-3,109,0
0,-2,-3,110,0
0,-2,-3,111,0
0,-2,-2,0,-2
0,-2,-2,1,-4
0,-2,-2,2,-6
0,-2,-2,3,-8
0,-2,-2,4,-10
0,-2,-2,5,-12
0,-2,-2,6,-14
0,-2,-2,7,-16
0,-2,-2,8,0
0,-2,-2,9,0
0,-2,-2,10,0
0,-2,-2,11,0
0,-2,-2,12,0
0,-2,-2,13,0
0,-2,-2,14,0
0,-2,-2,15,0
0,-2,-2,16,0
0,-2,-2,17,0
0,-2,-2,18,0
0,-2,-2,19,0
0,-2,-2,20,0
0,-2,-2,21,0
0,-2,-2,22,0
0,-2,-2,23,0
0,-2,-2,24,0
0,-2,-2,25,0
0,-2,-2,26,0
0,-2,-2,27,0
0,-2,-2,28,0
0,-2,-2,29,0
0,-2,-2,30,0
0,-2,-2,31,0
0,-2,-2,32,0
0,-2,-2,33,0
0,-2,-2,34,0
0,-2,-2,35,0
0,-2,-2,36,0
0,-2,-2,37,0
0,-2,-2,38,0
0,-2,-2,39,0
0,-2,-2,40,0
0,-2,-2,41,0
0,-2,-2,42,0
0,-2,-2,43,0
0,-2,-2,44,0
0,-2,-2,45,0
0,-2,-2,46,0
0,-2,-2,47,0
0,-2,-2,48,0
0,-2,-2,49,0
0,-2,-2,50,0
0,-2,-2,51,0
0,-2,-2,52,0
0,-2,-2,53,0
0,-2,-2,54,0
0,-2,-2,55,0
0,-2,-2,56,0
0,-2,-2,57,0
0,-2,-2,58,0
0,-2,-2,59,0
0,-2,-2,60,0
0,-2,-2,61,0
0,-2,-2,62,0
0,-2,-2,63,0
0,-2,-2,64,0
0,-2,-2,65,0
0,-2,-2,66,0
0,-2,-2,67,0
0,-2,-2,68,0
0,-2,-2,69,0
0,-2,-2,70,0
0,-2,-2,71,0
0,-2,-2,72,0
0,-2,-2,73,0
0,-2,-2,74,0
0,-2,-2,75,0
0,-2,-2,76,0
0,-2,-2,77,0
0,-2,-2,78,0
0,-2,-2,79,0
0,-2,-2,80,0
0,-2,-2,81,0
0,-2,-2,82,0
0,-2,-2,83,0
0,-2,-2,84,0
0,-2,-2,85,0
0,-2,-2,86,0
0,-2,-2,87,0
0,-2,-2,88,0
0,-2,-2,89,0
0,-2,-2,90,0
0,-2,-2,91,0
0,-2,-2,92,0
0,-2,-2,93,0
0,-2,-2,94,0
0,-2,-2,95,0
0,-2,-2,96,0
0,-2,-2,97,0
0,-2,-2,98,0
0,-2,-2,99,0
0,-2,-2,100,0
0,-2,-2,101,0
0,-2,-2,102,0
0,-2,-2,103,0
0,-2,-2,104,0
0,-2,-2,105,0
0,-2,-2,106,0
0,-2,-2,107,0
0,-2,-2,108,0
0,-2,-2,109,0
0,-2,-2,110,0
0,-2,-2,111,0
0,-2,-1,0,-2
0,-2,-1,1,-4
0,-2,-1,2,-6
0,-2,-1,3,-8
0,-2,-1,4,-10
0,-2,-1,5,-12
0,-2,-1,6,-14
0,-2,-1,7,-16
0,-2,-1,8,0
0,-2,-1,9,0
0,-2,-1,10,0
0,-2,-1,11,0
0,-2,-1,12,0
0,-2,-1,13,0
0,-2,-1,14,0
0,-2,-1,15,0
0,-2,-1,16,0
0,-2,-1,17,0
0,-2,-1,18,0
0,-2,-1,19,0
0,-2,-1,20,0
0,-2,-1,21,0
0,-2,-1,22,0
0,-2,-1,23,0
0,-2,-1,24,0
0,-2,-1,25,0
0,-2,-1,26,0
0,-2,-1,27,0
0,-2,-1,28,0
0,-2,-1,29,0
0,-2,-1,30,0
0,-2,-1,31,0
0,-2,-1,32,0
0,-2,-1,33,0
0,-2,-1,34,0
0,-2,-1,35,0
0,-2,-1,36,0
0,-2,-1,37,0
0,-2,-1,38,0
0,-2,-1,39,0
0,-2,-1,40,0
0,-2,-1,41,0
0,-2,-1,42,0
0,-2,-1,43,0
0,-2,-1,44,0
0,-2,-1,45,0
0,-2,-1,46,0
0,-2,-1,47,0
0,-2,-1,48,0
0,-2,-1,49,0
0,-2,-1,50,0
0,-2,-1,51,0
0,-2,-1,52,0
0,-2,-1,53,0
0,-2,-1,54,0
0,-2,-1,55,0
0,-2,-1,56,0
0,-2,-1,57,0
0,-2,-1,58,0
0,-2,-1,59,0
0,-2,-1,60,0
0,-2,-1,61,0
0,-2,-1,62,0
0,-2,-1,63,0
0,-2,-1,64,0
0,-2,-1,65,0
0,-2,-1,66,0
0,-2,-1,67,0
0,-2,-1,68,0
0,-2,-1,69,0
0,-2,-1,70,0
0,-2,-1,71,0
0,-2,-1,72,0
0,-2,-1,73,0
0,-2,-1,74,0
0,-2,-1,75,0
0,-2,-1,76,0
0,-2,-1,77,0
0,-2,-1,78,0
0,-2,-1,79,0
0,-2,-1,80,0
0,-2,-1,81,0
0,-2,-1,82,0
0,-2,-1,83,0
0,-2,-1,84,0
0,-2,-1,85,0
0,-2,-1,86,0
0,-2,-1,87,0
0,-2,-1,88,0
0,-2,-1,89,0
0,-2,-1,90,0
0,-2,-1,91,0
0,-2,-1,92,0
0,-2,-1,93,0
0,-2,-1,94,0
0,-2,-1,95,0
0,-2,-1,96,0
0,-2,-1,97,0
0,-2,-1,98,0
0,-2,-1,99,0
0,-2,-1,100,0
0,-2,-1,101,0
0,-2,-1,102,0
0,-2,-1,103,0
0,-2,-1,104,0
0,-2,-1,105,0
0,-2,-1,106,0
0,-2,-1,107,0
0,-2,-1,108,0
0,-2,-1,109,0
0,-2,-1,110,0
0,-2,-1,111,0
0,-2,0,0,-2
0,-2,0,1,-4
0,-2,0,2,-6
0,-2,0,3,-8
0,-2,0,4,-10
0,-2,0,5,-12
0,-2,0,6,-14
0,-2,0,7,-16
0,-2,0,8,0
0,-2,0,9,0
0,-2,0,10,0
0,-2,0,11,0
0,-2,0,12,0
0,-2,0,13,0
0,-2,0,14,0
0,-2,0,15,0
0,-2,0,16,0
0,-2,0,17,0
0,-2,0,18,0
0,-2,0,19,0
0,-2,0,20,0
0,-2,0,21,0
0,-2,0,22,0
0,-2,0,23,0
0,-2,0,24,0
0,-2,0,25,0
0,-2,0,26,0
0,-2,0,27,0
0,-2,0,28,0
0,-2,0,29,0
0,-2,0,30,0
0,-2,0,31,0
0,-2,0,32,0
0,-2,0,33,0
0,-2,0,34,0
0,-2,0,35,0
0,-2,0,36,0
0,-2,0,37,0
0,-2,0,38,0
0,-2,0,39,0
0,-2,0,40,0
0,-2,0,41,0
0,-2,0,42,0
0,-2,0,43,0
0,-2,0,44,0
0,-2,0,45,0
0,-2,0,46,0
0,-2,0,47,0
0,-2,0,48,0
0,-2,0,49,0
0,-2,0,50,0
0,-2,0,51,0
0,-2,0,52,0
0,-2,0,53,0
0,-2,0,54,0
0,-2,0,55,0
0,-2,0,56,0
0,-2,0,57,0
0,-2,0,58,0
0,-2,0,59,0
0,-2,0,60,0
0,-2,0,61,0
0,-2,0,62,0
0,-2,0,63,0
0,-2,0,64,0
0,-2,0,65,0
0,-2,0,66,0
0,-2,0,67,0
0,-2,0,68,0
0,-2,0,69,0
0,-2,0,70,0
0,-2,0,71,0
0,-2,0,72,0
0,-2,0,73,0
0,-2,0,74,0
0,-2,0,75,0
0,-2,0,76,0
0,-2,0,77,0
0,-2,0,78,0
0,-2,0,79,0
0,-2,0,80,0
0,-2,0,81,0
0,-2,0,82,0
0,-2,0,83,0
0,-2,0,84,0
0,-2,0,85,0
0,-2,0,86,0
0,-2,0,87,0
0,-2,0,88,0
0,-2,0,89,0
0,-2,0,90,0
0,-2,0,91,0
0,-2,0,92,0
0,-2,0,93,0
0,-2,0,94,0
0,-2,0,95,0
0,-2,0,96,0
0,-2,0,97,0
0,-2,0,98,0
0,-2,0,99,0
0,-2,0,100,0
0,-2,0,101,0
0,-2,0,102,0
0,-2,0,103,0
0,-2,0,104,0
0,-2,0,105,0
0,-2,0,106,0
0,-2,0,107,0
0,-2,0,108,0
0,-2,0,109,0
0,-2,0,110,0
0,-2,0,111,0
0,-2,1,0,-2
0,-2,1,1,-4
0,-2,1,2,-6
0,-2,1,3,-8
0,-2,1,4,-10
0,-2,1,5,-12
0,-2,1,6,-14
0,-2,1,7,-16
0,-2,1,8,0
0,-2,1,9,0
0,-2,1,10,0
0,-2,1,11,0
0,-2,1,12,0
0,-2,1,13,0
0,-2,1,14,0
0,-2,1,15,0
0,-2,1,16,0
0,-2,1,17,0
0,-2,1,18,0
0,-2,1,19,0
0,-2,1,20,0
0,-2,1,21,0
0,-2,1,22,0
0,-2,1,23,0
0,-2,1,24,0
0,-2,1,25,0
0,-2,1,26,0
0,-2,1,27,0
0,-2,1,28,0
0,-2,1,29,0
0,-2,1,30,0
0,-2,1,31,0
0,-2,1,32,0
0,-2,1,33,0
0,-2,1,34,0
0,-2,1,35,0
0,-2,1,36,0
0,-2,1,37,0
0,-2,1,38,0
0,-2,1,39,0
0,-2,1,40,0
0,-2,1,41,0
0,-2,1,42,0
0,-2,1,43,0
0,-2,1,44,0
0,-2,1,45,0
0,-2,1,46,0
0,-2,1,47,0
0,-2,1,48,0
0,-2,1,49,0
0,-2,1,50,0
0,-2,1,51,0
0,-2,1,52,0
0,-2,1,53,0
0,-2,1,54,0
0,-2,1,55,0
0,-2,1,56,0
0,-2,1,57,0
0,-2,1,58,0
0,-2,1,59,0
0,-2,1,60,0
0,-2,1,61,0
0,-2,1,62,0
0,-2,1,63,0
0,-2,1,64,0
0,-2,1,65,0
0,-2,1,66,0
0,-2,1,67,0
0,-2,1,68,0
0,-2,1,69,0
0,-2,1,70,0
0,-2,1,71,0
0,-2,1,72,0
0,-2,1,73,0
0,-2,1,74,0
0,-2,1,75,0
0,-2,1,76,0
0,-2,1,77,0
0,-2,1,78,0
0,-2,1,79,0
0,-2,1,80,0
0,-2,1,81,0
0,-2,1,82,0
0,-2,1,83,0
0,-2,1,84,0
0,-2,1,85,0
0,-2,1,86,0
0,-2,1,87,0
0,-2,1,88,0
0,-2,1,89,0
0,-2,1,90,0
0,-2,1,91,0
0,-2,1,92,0
0,-2,1,93,0
0,-2,1,94,0
0,-2,1,95,0
0,-2,1,96,0
0,-2,1,97,0
0,-2,1,98,0
0,-2,1,99,0
0,-2,1,100,0
0,-2,1,101,0
0,-2,1,102,0
0,-2,1,103,0
0,-2,1,104,0
0,-2,1,105,0
0,-2,1,106,0
0,-2,1,107,0
0,-2,1,108,0
0,-2,1,109,0
0,-2,1,110,0
0,-2,1,111,0
0,-2,2,0,-2
0,-2,2,1,-4
0,-2,2,2,-6
0,-2,2,3,-8
0,-2,2,4,-10
0,-2,2,5,-12
0,-2,2,6,-14
0,-2,2,7,-16
0,-2,2,8,0
0,-2,2,9,0
0,-2,2,10,0
0,-2,2,11,0
0,-2,2,12,0
0,-2,2,13,0
0,-2,2,14,0
0,-2,2,15,0
0,-2,2,16,0
0,-2,2,17,0
0,-2,2,18,0
0,-2,2,19,0
0,-2,2,20,0
0,-2,2,21,0
0,-2,2,22,0
0,-2,2,23,0
0,-2,2,24,0
0,-2,2,25,0
0,-2,2,26,0
0,-2,2,27,0
0,-2,2,28,0
0,-2,2,29,0
0,-2,2,30,0
0,-2,2,31,0
0,-2,2,32,0
0,-2,2,33,0
0,-2,2,34,0
0,-2,2,35,0
0,-2,2,36,0
0,-2,2,37,0
0,-2,2,38,0
0,-2,2,39,0
0,-2,2,40,0
0,-2,2,41,0
0,-2,2,42,0
0,-2,2,43,0
0,-2,2,44,0
0,-2,2,45,0
0,-2,2,46,0
0,-2,2,47,0
0,-2,2,48,0
0,-2,2,49,0
0,-2,2,50,0
0,-2,2,51,0
0,-2,2,52,0
0,-2,2,53,0
0,-2,2,54,0
0,-2,2,55,0
0,-2,2,56,0
0,-2,2,57,0
0,-2,2,58,0
0,-2,2,59,0
0,-2,2,60,0
0,-2,2,61,0
0,-2,2,62,0
0,-2,2,63,0
0,-2,2,64,0
0,-2,2,65,0
0,-2,2,66,0
0,-2,2,67,0
0,-2,2,68,0
0,-2,2,69,0
0,-2,2,70,0
0,-2,2,71,0
0,-2,2,72,0
0,-2,2,73,0
0,-2,2,74,0
0,-2,2,75,0
0,-2,2,76,0
0,-2,2,77,0
0,-2,2,78,0
0,-2,2,79,0
0,-2,2,80,0
0,-2,2,81,0
0,-2,2,82,0
0,-2,2,83,0
0,-2,2,84,0
0,-2,2,85,0
0,-2,2,86,0
0,-2,2,87,0
0,-2,2,88,0
0,-2,2,89,0
0,-2,2,90,0
0,-2,2,91,0
0,-2,2,92,0
0,-2,2,93,0
0,-2,2,94,0
0,-2,2,95,0
0,-2,2,96,0
0,-2,2,97,0
0,-2,2,98,0
0,-2,2,99,0
0,-2,2,100,0
0,-2,2,101,0
0,-2,2,102,0
0,-2,2,103,0
0,-2,2,104,0
0,-2,2,105,0
0,-2,2,106,0
0,-2,2,107,0
0,-2,2,108,0
0,-2,2,109,0
0,-2,2,110,0
0,-2,2,111,0
0,-2,3,0,-2
0,-2,3,1,-4
0,-2,3,2,-6
0,-2,3,3,-8
0,-2,3,4,-10
0,-2,3,5,-12
0,-2,3,6,-14
0,-2,3,7,-16
0,-2,3,8,0
0,-2,3,9,0
0,-2,3,10,0
0,-2,3,11,0
0,-2,3,12,0
0,-2,3,13,0
0,-2,3,14,0
0,-2,3,15,0
0,-2,3,16,0
0,-2,3,17,0
0,-2,3,18,0
0,-2,3,19,0
0,-2,3,20,0
0,-2,3,21,0
0,-2,3,22,0
0,-2,3,23,0
0,-2,3,24,0
0,-2,3,25,0
0,-2,3,26,0
0,-2,3,27,0
0,-2,3,28,0
0,-2,3,29,0
0,-2,3,30,0
0,-2,3,31,0
0,-2,3,32,0
0,-2,3,33,0
0,-2,3,34,0
0,-2,3,35,0
0,-2,3,36,0
0,-2,3,37,0
0,-2,3,38,0
0,-2,3,39,0
0,-2,3,40,0
0,-2,3,41,0
0,-2,3,42,0
0,-2,3,43,0
0,-2,3,44,0
0,-2,3,45,0
0,-2,3,46,0
0,-2,3,47,0
0,-2,3,48,0
0,-2,3,49,0
0,-2,3,50,0
0,-2,3,51,0
0,-2,3,52,0
0,-2,3,53,0
0,-2,3,54,0
0,-2,3,55,0
0,-2,3,56,0
0,-2,3,57,0
0,-2,3,58,0
0,-2,3,59,0
0,-2,3,60,0
0,-2,3,61,0
0,-2,3,62,0
0,-2,3,63,0
0,-2,3,64,0
0,-2,3,65,0
0,-2,3,66,0
0,-2,3,67,0
0,-2,3,68,0
0,-2,3,69,0
0,-2,3,70,0
0,-2,3,71,0
0,-2,3,72,0
0,-2,3,73,0
0,-2,3,74,0
0,-2,3,75,0
0,-2,3,76,0
0,-2,3,77,0
0,-2,3,78,0
0,-2,3,79,0
0,-2,3,80,0
0,-2,3,81,0
0,-2,3,82,0
0,-2,3,83,0
0,-2,3,84,0
0,-2,3,85,0
0,-2,3,86,0
0,-2,3,87,0
0,-2,3,88,0
0,-2,3,89,0
0,-2,3,90,0
0,-2,3,91,0
0,-2,3,92,0
0,-2,3,93,0
0,-2,3,94,0
0,-2,3,95,0
0,-2,3,96,0
0,-2,3,97,0
0,-2,3,98,0
0,-2,3,99,0
0,-2,3,100,0
0,-2,3,101,0
0,-2,3,102,0
0,-2,3,103,0
0,-2,3,104,0
0,-2,3,105,0
0,-2,3,106,0
0,-2,3,107,0
0,-2,3,108,0
0,-2,3,109,0
0,-2,3,110,0
0,-2,3,111,0
0,-2,4,0,-2
0,-2,4,1,-4
0,-2,4,2,-6
0,-2,4,3,-8
0,-2,4,4,-10
0,-2,4,5,-12
0,-2,4,6,-14
0,-2,4,7,-16
0,-2,4,8,0
0,-2,4,9,0
0,-2,4,10,0
0,-2,4,11,0
0,-2,4,12,0
0,-2,4,13,0
0,-2,4,14,0
0,-2,4,15,0
0,-2,4,16,0
0,-2,4,17,0
0,-2,4,18,0
0,-2,4,19,0
0,-2,4,20,0
0,-2,4,21,0
0,-2,4,22,0
0,-2,4,23,0
0,-2,4,24,0
0,-2,4,25,0
0,-2,4,26,0
0,-2,4,27,0
0,-2,4,28,0
0,-2,4,29,0
0,-2,4,30,0
0,-2,4,31,0
0,-2,4,32,0
0,-2,4,33,0
0,-2,4,34,0
0,-2,4,35,0
0,-2,4,36,0
0,-2,4,37,0
0,-2,4,38,0
0,-2,4,39,0
0,-2,4,40,0
0,-2,4,41,0
0,-2,4,42,0
0,-2,4,43,0
0,-2,4,44,0
0,-2,4,45,0
0,-2,4,46,0
0,-2,4,47,0
0,-2,4,48,0
0,-2,4,49,0
0,-2,4,50,0
0,-2,4,51,0
0,-2,4,52,0
0,-2,4,53,0
0,-2,4,54,0
0,-2,4,55,0
0,-2,4,56,0
0,-2,4,57,0
0,-2,4,58,0
0,-2,4,59,0
0,-2,4,60,0
0,-2,4,61,0
0,-2,4,62,0
0,-2,4,63,0
0,-2,4,64,0
0,-2,4,65,0
0,-2,4,66,0
0,-2,4,67,0
0,-2,4,68,0
0,-2,4,69,0
0,-2,4,70,0
0,-2,4,71,0
0,-2,4,72,0
0,-2,4,73,0
0,-2,4,74,0
0,-2,4,75,0
0,-2,4,76,0
0,-2,4,77,0
0,-2,4,78,0
0,-2,4,79,0
0,-2,4,80,0
0,-2,4,81,0
0,-2,4,82,0
0,-2,4,83,0
0,-2,4,84,0
0,-2,4,85,0
0,-2,4,86,0
0,-2,4,87,0
0,-2,4,88,0
0,-2,4,89,0
0,-2,4,90,0
0,-2,4,91,0
0,-2,4,92,0
0,-2,4,93,0
0,-2,4,94,0
0,-2,4,95,0
0,-2,4,96,0
0,-2,4,97,0
0,-2,4,98,0
0,-2,4,99,0
0,-2,4,100,0
0,-2,4,101,0
0,-2,4,102,0
0,-2,4,103,0
0,-2,4,104,0
0,-2,4,105,0
0,-2,4,106,0
0,-2,4,107,0
0,-2,4,108,0
0,-2,4,109,0
0,-2,4,110,0
0,-2,4,111,0
0,-2,5,0,-2
0,-2,5,1,-4
0,-2,5,2,-6
0,-2,5,3,-8
0,-2,5,4,-10
0,-2,5,5,-12
0,-2,5,6,-14
0,-2,5,7,-16
0,-2,5,8,0
0,-2,5,9,0
0,-2,5,10,0
0,-2,5,11,0
0,-2,5,12,0
0,-2,5,13,0
0,-2,5,14,0
0,-2,5,15,0
0,-2,5,16,0
0,-2,5,17,0
0,-2,5,18,0
0,-2,5,19,0
0,-2,5,20,0
0,-2,5,21,0
0,-2,5,22,0
0,-2,5,23,0
0,-2,5,24,0
0,-2,5,25,0
0,-2,5,26,0
0,-2,5,27,0
0,-2,5,28,0
0,-2,5,29,0
0,-2,5,30,0
0,-2,5,31,0
0,-2,5,32,0
0,-2,5,33,0
0,-2,5,34,0
0,-2,5,35,0
0,-2,5,36,0
0,-2,5,37,0
0,-2,5,38,0
0,-2,5,39,0
0,-2,5,40,0
0,-2,5,41,0
0,-2,5,42,0
0,-2,5,43,0
0,-2,5,44,0
0,-2,5,45,0
0,-2,5,46,0
0,-2,5,47,0
0,-2,5,48,0
0,-2,5,49,0
0,-2,5,50,0
0,-2,5,51,0
0,-2,5,52,0
0,-2,5,53,0
0,-2,5,54,0
0,-2,5,55,0
0,-2,5,56,0
0,-2,5,57,0
0,-2,5,58,0
0,-2,5,59,0
0,-2,5,60,0
0,-2,5,61,0
0,-2,5,62,0
0,-2,5,63,0
0,-2,5,64,0
0,-2,5,65,0
0,-2,5,66,0
0,-2,5,67,0
0,-2,5,68,0
0,-2,5,69,0
0,-2,5,70,0
0,-2,5,71,0
0,-2,5,72,0
0,-2,5,73,0
0,-2,5,74,0
0,-2,5,75,0
0,-2,5,76,0
0,-2,5,77,0
0,-2,5,78,0
0,-2,5,79,0
0,-2,5,80,0
0,-2,5,81,0
0,-2,5,82,0
0,-2,5,83,0
0,-2,5,84,0
0,-2,5,85,0
0,-2,5,86,0
0,-2,5,87,0
0,-2,5,88,0
0,-2,5,89,0
0,-2,5,90,0
0,-2,5,91,0
0,-2,5,92,0
0,-2,5,93,0
0,-2,5,94,0
0,-2,5,95,0
0,-2,5,96,0
0,-2,5,97,0
0,-2,5,98,0
0,-2,5,99,0
0,-2,5,100,0
0,-2,5,101,0
0,-2,5,102,0
0,-2,5,103,0
0,-2,5,104,0
0,-2,5,105,0
0,-2,5,106,0
0,-2,5,107,0
0,-2,5,108,0
0,-2,5,109,0
0,-2,5,110,0
0,-2,5,111,0
0,-2,6,0,-2
0,-2,6,1,-4
0,-2,6,2,-6
0,-2,6,3,-8
0,-2,6,4,-10
0,-2,6,5,-12
0,-2,6,6,-14
0,-2,6,7,-16
0,-2,6,8,0
0,-2,6,9,0
0,-2,6,10,0
0,-2,6,11,0
0,-2,6,12,0
0,-2,6,13,0
0,-2,6,14,0
0,-2,6,15,0
0,-2,6,16,0
0,-2,6,17,0
0,-2,6,18,0
0,-2,6,19,0
0,-2,6,20,0
0,-2,6,21,0
0,-2,6,22,0
0,-2,6,23,0
0,-2,6,24,0
0,-2,6,25,0
0,-2,6,26,0
0,-2,6,27,0
0,-2,6,28,0
0,-2,6,29,0
0,-2,6,30,0
0,-2,6,31,0
0,-2,6,32,0
0,-2,6,33,0
0,-2,6,34,0
0,-2,6,35,0
0,-2,6,36,0
0,-2,6,37,0
0,-2,6,38,0
0,-2,6,39,0
0,-2,6,40,0
0,-2,6,41,0
0,-2,6,42,0
0,-2,6,43,0
0,-2,6,44,0
0,-2,6,45,0
0,-2,6,46,0
0,-2,6,47,0
0,-2,6,48,0
0,-2,6,49,0
0,-2,6,50,0
0,-2,6,51,0
0,-2,6,52,0
0,-2,6,53,0
0,-2,6,54,0
0,-2,6,55,0
0,-2,6,56,0
0,-2,6,57,0
0,-2,6,58,0
0,-2,6,59,0
0,-2,6,60,0
0,-2,6,61,0
0,-2,6,62,0
0,-2,6,63,0
0,-2,6,64,0
0,-2,6,65,0
0,-2,6,66,0
0,-2,6,67,0
0,-2,6,68,0
0,-2,6,69,0
0,-2,6,70,0
0,-2,6,71,0
0,-2,6,72,0
0,-2,6,73,0
0,-2,6,74,0
0,-2,6,75,0
0,-2,6,76,0
0,-2,6,77,0
0,-2,6,78,0
0,-2,6,79,0
0,-2,6,80,0
0,-2,6,81,0
0,-2,6,82,0
0,-2,6,83,0
0,-2,6,84,0
0,-2,6,85,0
0,-2,6,86,0
0,-2,6,87,0
0,-2,6,88,0
0,-2,6,89,0
0,-2,6,90,0
0,-2,6,91,0
0,-2,6,92,0
0,-2,6,93,0
0,-2,6,94,0
0,-2,6,95,0
0,-2,6,96,0
0,-2,6,97,0
0,-2,6,98,0
0,-2,6,99,0
0,-2,6,100,0
0,-2,6,101,0
0,-2,6,102,0
0,-2,6,103,0
0,-2,6,104,0
0,-2,6,105,0
0,-2,6,106,0
0,-2,6,107,0
0,-2,6,108,0
0,-2,6,109,0
0,-2,6,110,0
0,-2,6,111,0
0,-2,7,0,-2
0,-2,7,1,-4
0,-2,7,2,-6
0,-2,7,3,-8
0,-2,7,4,-10
0,-2,7,5,-12
0,-2,7,6,-14
0,-2,7,7,-16
0,-2,7,8,0
0,-2,7,9,0
0,-2,7,10,0
0,-2,7,11,0
0,-2,7,12,0
0,-2,7,13,0
0,-2,7,14,0
0,-2,7,15,0
0,-2,7,16,0
0,-2,7,17,0
0,-2,7,18,0
0,-2,7,19,0
0,-2,7,20,0
0,-2,7,21,0
0,-2,7,22,0
0,-2,7,23,0
0,-2,7,24,0
0,-2,7,25,0
0,-2,7,26,0
0,-2,7,27,0
0,-2,7,28,0
0,-2,7,29,0
0,-2,7,30,0
0,-2,7,31,0
0,-2,7,32,0
0,-2,7,33,0
0,-2,7,34,0
0,-2,7,35,0
0,-2,7,36,0
0,-2,7,37,0
0,-2,7,38,0
0,-2,7,39,0
0,-2,7,40,0
0,-2,7,41,0
0,-2,7,42,0
0,-2,7,43,0
0,-2,7,44,0
0,-2,7,45,0
0,-2,7,46,0
0,-2,7,47,0
0,-2,7,48,0
0,-2,7,49,0
0,-2,7,50,0
0,-2,7,51,0
0,-2,7,52,0
0,-2,7,53,0
0,-2,7,54,0
0,-2,7,55,0
0,-2,7,56,0
0,-2,7,57,0
0,-2,7,58,0
0,-2,7,59,0
0,-2,7,60,0
0,-2,7,61,0
0,-2,7,62,0
0,-2,7,63,0
0,-2,7,64,0
0,-2,7,65,0
0,-2,7,66,0
0,-2,7,67,0
0,-2,7,68,0
0,-2,7,69,0
0,-2,7,70,0
0,-2,7,71,0
0,-2,7,72,0
0,-2,7,73,0
0,-2,7,74,0
0,-2,7,75,0
0,-2,7,76,0
0,-2,7,77,0
0,-2,7,78,0
0,-2,7,79,0
0,-2,7,80,0
0,-2,7,81,0
0,-2,7,82,0
0,-2,7,83,0
0,-2,7,84,0
0,-2,7,85,0
0,-2,7,86,0
0,-2,7,87,0
0,-2,7,88,0
0,-2,7,89,0
0,-2,7,90,0
0,-2,7,91,0
0,-2,7,92,0
0,-2,7,93,0
0,-2,7,94,0
0,-2,7,95,0
0,-2,7,96,0
0,-2,7,97,0
0,-2,7,98,0
0,-2,7,99,0
0,-2,7,100,0
0,-2,7,101,0
0,-2,7,102,0
0,-2,7,103,0
0,-2,7,104,0
0,-2,7,105,0
0,-2,7,106,0
0,-2,7,107,0
0,-2,7,108,0
0,-2,7,109,0
0,-2,7,110,0
0,-2,7,111,0
0,-1,-8,0,-1
0,-1,-8,1,-2
0,-1,-8,2,-3
0,-1,-8,3,-4
0,-1,-8,4,-5
0,-1,-8,5,-6
0,-1,-8,6,-7
0,-1,-8,7,-8
0,-1,-8,8,0
0,-1,-8,9,0
0,-1,-8,10,0
0,-1,-8,11,0
0,-1,-8,12,0
0,-1,-8,13,0
0,-1,-8,14,0
0,-1,-8,15,0
0,-1,-8,16,0
0,-1,-8,17,0
0,-1,-8,18,0
0,-1,-8,19,0
0,-1,-8,20,0
0,-1,-8,21,0
0,-1,-8,22,0
0,-1,-8,23,0
0,-1,-8,24,0
0,-1,-8,25,0
0,-1,-8,26,0
0,-1,-8,27,0
0,-1,-8,28,0
0,-1,-8,29,0
0,-1,-8,30,0
0,-1,-8,31,0
0,-1,-8,32,0
0,-1,-8,33,0
0,-1,-8,34,0
0,-1,-8,35,0
0,-1,-8,36,0
0,-1,-8,37,0
0,-1,-8,38,0
0,-1,-8,39,0
0,-1,-8,40,0
0,-1,-8,41,0
0,-1,-8,42,0
0,-1,-8,43,0
0,-1,-8,44,0
0,-1,-8,45,0
0,-1,-8,46,0
0,-1,-8,47,0
0,-1,-8,48,0
0,-1,-8,49,0
0,-1,-8,50,0
0,-1,-8,51,0
0,-1,-8,52,0
0,-1,-8,53,0
0,-1,-8,54,0
0,-1,-8,55,0
0,-1,-8,56,0
0,-1,-8,57,0
0,-1,-8,58,0
0,-1,-8,59,0
0,-1,-8,60,0
0,-1,-8,61,0
0,-1,-8,62,0
0,-1,-8,63,0
0,-1,-8,64,0
0,-1,-8,65,0
0,-1,-8,66,0
0,-1,-8,67,0
0,-1,-8,68,0
0,-1,-8,69,0
0,-1,-8,70,0
0,-1,-8,71,0
0,-1,-8,72,0
0,-1,-8,73,0
0,-1,-8,74,0
0,-1,-8,75,0
0,-1,-8,76,0
0,-1,-8,77,0
0,-1,-8,78,0
0,-1,-8,79,0
0,-1,-8,80,0
0,-1,-8,81,0
0,-1,-8,82,0
0,-1,-8,83,0
0,-1,-8,84,0
0,-1,-8,85,0
0,-1,-8,86,0
0,-1,-8,87,0
0,-1,-8,88,0
0,-1,-8,89,0
0,-1,-8,90,0
0,-1,-8,91,0
0,-1,-8,92,0
0,-1,-8,93,0
0,-1,-8,94,0
0,-1,-8,95,0
0,-1,-8,96,0
0,-1,-8,97,0
0,-1,-8,98,0
0,-1,-8,99,0
0,-1,-8,100,0
0,-1,-8,101,0
0,-1,-8,102,0
0,-1,-8,103,0
0,-1,-8,104,0
0,-1,-8,105,0
0,-1,-8,106,0
0,-1,-8,107,0
0,-1,-8,108,0
0,-1,-8,109,0
0,-1,-8,110,0
0,-1,-8,111,0
0,-1,-7,0,-1
0,-1,-7,1,-2
0,-1,-7,2,-3
0,-1,-7,3,-4
0,-1,-7,4,-5
0,-1,-7,5,-6
0,-1,-7,6,-7
0,-1,-7,7,-8
0,-1,-7,8,0
0,-1,-7,9,0
0,-1,-7,10,0
0,-1,-7,11,0
0,-1,-7,12,0
0,-1,-7,13,0
0,-1,-7,14,0
0,-1,-7,15,0
0,-1,-7,16,0
0,-1,-7,17,0
0,-1,-7,18,0
0,-1,-7,19,0
0,-1,-7,20,0
0,-1,-7,21,0
0,-1,-7,22,0
0,-1,-7,23,0
0,-1,-7,24,0
0,-1,-7,25,0
0,-1,-7,26,0
0,-1,-7,27,0
0,-1,-7,28,0
0,-1,-7,29,0
0,-1,-7,30,0
0,-1,-7,31,0
0,-1,-7,32,0
0,-1,-7,33,0
0,-1,-7,34,0
0,-1,-7,35,0
0,-1,-7,36,0
0,-1,-7,37,0
0,-1,-7,38,0
0,-1,-7,39,0
0,-1,-7,40,0
0,-1,-7,41,0
0,-1,-7,42,0
0,-1,-7,43,0
0,-1,-7,44,0
0,-1,-7,45,0
0,-1,-7,46,0
0,-1,-7,47,0
0,-1,-7,48,0
0,-1,-7,49,0
0,-1,-7,50,0
0,-1,-7,51,0
0,-1,-7,52,0
0,-1,-7,53,0
0,-1,-7,54,0
0,-1,-7,55,0
0,-1,-7,56,0
0,-1,-7,57,0
0,-1,-7,58,0
0,-1,-7,59,0
0,-1,-7,60,0
0,-1,-7,61,0
0,-1,-7,62,0
0,-1,-7,63,0
0,-1,-7,64,0
0,-1,-7,65,0
0,-1,-7,66,0
0,-1,-7,67,0
0,-1,-7,68,0
0,-1,-7,69,0
0,-1,-7,70,0
0,-1,-7,71,0
0,-1,-7,72,0
0,-1,-7,73,0
0,-1,-7,74,0
0,-1,-7,75,0
0,-1,-7,76,0
0,-1,-7,77,0
0,-1,-7,78,0
0,-1,-7,79,0
0,-1,-7,80,0
0,-1,-7,81,0
0,-1,-7,82,0
0,-1,-7,83,0
0,-1,-7,84,0
0,-1,-7,85,0
0,-1,-7,86,0
0,-1,-7,87,0
0,-1,-7,88,0
0,-1,-7,89,0
0,-1,-7,90,0
0,-1,-7,91,0
0,-1,-7,92,0
0,-1,-7,93,0
0,-1,-7,94,0
0,-1,-7,95,0
0,-1,-7,96,0
0,-1,-7,97,0
0,-1,-7,98,0
0,-1,-7,99,0
0,-1,-7,100,0
0,-1,-7,101,0
0,-1,-7,102,0
0,-1,-7,103,0
0,-1,-7,104,0
0,-1,-7,105,0
0,-1,-7,106,0
0,-1,-7,107,0
0,-1,-7,108,0
0,-1,-7,109,0
0,-1,-7,110,0
0,-1,-7,111,0
0,-1,-6,0,-1
0,-1,-6,1,-2
0,-1,-6,2,-3
0,-1,-6,3,-4
0,-1,-6,4,-5
0,-1,-6,5,-6
0,-1,-6,6,-7
0,-1,-6,7,-8
0,-1,-6,8,0
0,-1,-6,9,0
0,-1,-6,10,0
0,-1,-6,11,0
0,-1,-6,12,0
0,-1,-6,13,0
0,-1,-6,14,0
0,-1,-6,15,0
0,-1,-6,16,0
0,-1,-6,17,0
0,-1,-6,18,0
0,-1,-6,19,0
0,-1,-6,20,0
0,-1,-6,21,0
0,-1,-6,22,0
0,-1,-6,23,0
0,-1,-6,24,0
0,-1,-6,25,0
0,-1,-6,26,0
0,-1,-6,27,0
0,-1,-6,28,0
0,-1,-6,29,0
0,-1,-6,30,0
0,-1,-6,31,0
0,-1,-6,32,0
0,-1,-6,33,0
0,-1,-6,34,0
0,-1,-6,35,0
0,-1,-6,36,0
0,-1,-6,37,0
0,-1,-6,38,0
0,-1,-6,39,0
0,-1,-6,40,0
0,-1,-6,41,0
0,-1,-6,42,0
0,-1,-6,43,0
0,-1,-6,44,0
0,-1,-6,45,0
0,-1,-6,46,0
0,-1,-6,47,0
0,-1,-6,48,0
0,-1,-6,49,0
0,-1,-6,50,0
0,-1,-6,51,0
0,-1,-6,52,0
0,-1,-6,53,0
0,-1,-6,54,0
0,-1,-6,55,0
0,-1,-6,56,0
0,-1,-6,57,0
0,-1,-6,58,0
0,-1,-6,59,0
0,-1,-6,60,0
0,-1,-6,61,0
0,-1,-6,62,0
0,-1,-6,63,0
0,-1,-6,64,0
0,-1,-6,65,0
0,-1,-6,66,0
0,-1,-6,67,0
0,-1,-6,68,0
0,-1,-6,69,0
0,-1,-6,70,0
0,-1,-6,71,0
0,-1,-6,72,0
0,-1,-6,73,0
0,-1,-6,74,0
0,-1,-6,75,0
0,-1,-6,76,0
0,-1,-6,77,0
0,-1,-6,78,0
0,-1,-6,79,0
0,-1,-6,80,0
0,-1,-6,81,0
0,-1,-6,82,0
0,-1,-6,83,0
0,-1,-6,84,0
0,-1,-6,85,0
0,-1,-6,86,0
0,-1,-6,87,0
0,-1,-6,88,0
0,-1,-6,89,0
0,-1,-6,90,0
0,-1,-6,91,0
0,-1,-6,92,0
0,-1,-6,93,0
0,-1,-6,94,0
0,-1,-6,95,0
0,-1,-6,96,0
0,-1,-6,97,0
0,-1,-6,98,0
0,-1,-6,99,0
0,-1,-6,100,0
0,-1,-6,101,0
0,-1,-6,102,0
0,-1,-6,103,0
0,-1,-6,104,0
0,-1,-6,105,0
0,-1,-6,106,0
0,-1,-6,107,0
0,-1,-6,108,0
0,-1,-6,109,0
0,-1,-6,110,0
0,-1,-6,111,0
0,-1,-5,0,-1
0,-1,-5,1,-2
0,-1,-5,2,-3
0,-1,-5,3,-4
0,-1,-5,4,-5
0,-1,-5,5,-6
0,-1,-5,6,-7
0,-1,-5,7,-8
0,-1,-5,8,0
0,-1,-5,9,0
0,-1,-5,10,0
0,-1,-5,11,0
0,-1,-5,12,0
0,-1,-5,13,0
0,-1,-5,14,0
0,-1,-5,15,0
0,-1,-5,16,0
0,-1,-5,17,0
0,-1,-5,18,0
0,-1,-5,19,0
0,-1,-5,20,0
0,-1,-5,21,0
0,-1,-5,22,0
0,-1,-5,23,0
0,-1,-5,24,0
0,-1,-5,25,0
0,-1,-5,26,0
0,-1,-5,27,0
0,-1,-5,28,0
0,-1,-5,29,0
0,-1,-5,30,0
0,-1,-5,31,0
0,-1,-5,32,0
0,-1,-5,33,0
0,-1,-5,34,0
0,-1,-5,35,0
0,-1,-5,36,0
0,-1,-5,37,0
0,-1,-5,38,0
0,-1,-5,39,0
0,-1,-5,40,0
0,-1,-5,41,0
0,-1,-5,42,0
0,-1,-5,43,0
0,-1,-5,44,0
0,-1,-5,45,0
0,-1,-5,46,0
0,-1,-5,47,0
0,-1,-5,48,0
0,-1,-5,49,0
0,-1,-5,50,0
0,-1,-5,51,0
0,-1,-5,52,0
0,-1,-5,53,0
0,-1,-5,54,0
0,-1,-5,55,0
0,-1,-5,56,0
0,-1,-5,57,0
0,-1,-5,58,0
0,-1,-5,59,0
0,-1,-5,60,0
0,-1,-5,61,0
0,-1,-5,62,0
0,-1,-5,63,0
0,-1,-5,64,0
0,-1,-5,65,0
0,-1,-5,66,0
0,-1,-5,67,0
0,-1,-5,68,0
0,-1,-5,69,0
0,-1,-5,70,0
0,-1,-5,71,0
0,-1,-5,72,0
0,-1,-5,73,0
0,-1,-5,74,0
0,-1,-5,75,0
0,-1,-5,76,0
0,-1,-5,77,0
0,-1,-5,78,0
0,-1,-5,79,0
0,-1,-5,80,0
0,-1,-5,81,0
0,-1,-5,82,0
0,-1,-5,83,0
0,-1,-5,84,0
0,-1,-5,85,0
0,-1,-5,86,0
0,-1,-5,87,0
0,-1,-5,88,0
0,-1,-5,89,0
0,-1,-5,90,0
0,-1,-5,91,0
0,-1,-5,92,0
0,-1,-5,93,0
0,-1,-5,94,0
0,-1,-5,95,0
0,-1,-5,96,0
0,-1,-5,97,0
0,-1,-5,98,0
0,-1,-5,99,0
0,-1,-5,100,0
0,-1,-5,101,0
0,-1,-5,102,0
0,-1,-5,103,0
0,-1,-5,104,0
0,-1,-5,105,0
0,-1,-5,106,0
0,-1,-5,107,0
0,-1,-5,108,0
0,-1,-5,109,0
0,-1,-5,110,0
0,-1,-5,111,0
0,-1,-4,0,-1
0,-1,-4,1,-2
0,-1,-4,2,-3
0,-1,-4,3,-4
0,-1,-4,4,-5
0,-1,-4,5,-6
0,-1,-4,6,-7
0,-1,-4,7,-8
0,-1,-4,8,0
0,-1,-4,9,0
0,-1,-4,10,0
0,-1,-4,11,0
0,-1,-4,12,0
0,-1,-4,13,0
0,-1,-4,14,0
0,-1,-4,15,0
0,-1,-4,16,0
0,-1,-4,17,0
0,-1,-4,18,0
0,-1,-4,19,0
0,-1,-4,20,0
0,-1,-4,21,0
0,-1,-4,22,0
0,-1,-4,23,0
0,-1,-4,24,0
0,-1,-4,25,0
0,-1,-4,26,0
0,-1,-4,27,0
0,-1,-4,28,0
0,-1,-4,29,0
0,-1,-4,30,0
0,-1,-4,31,0
0,-1,-4,32,0
0,-1,-4,33,0
0,-1,-4,34,0
0,-1,-4,35,0
0,-1,-4,36,0
0,-1,-4,37,0
0,-1,-4,38,0
0,-1,-4,39,0
0,-1,-4,40,0
0,-1,-4,41,0
0,-1,-4,42,0
0,-1,-4,43,0
0,-1,-4,44,0
0,-1,-4,45,0
0,-1,-4,46,0
0,-1,-4,47,0
0,-1,-4,48,0
0,-1,-4,49,0
0,-1,-4,50,0
0,-1,-4,51,0
0,-1,-4,52,0
0,-1,-4,53,0
0,-1,-4,54,0
0,-1,-4,55,0
0,-1,-4,56,0
0,-1,-4,57,0
0,-1,-4,58,0
0,-1,-4,59,0
0,-1,-4,60,0
0,-1,-4,61,0
0,-1,-4,62,0
0,-1,-4,63,0
0,-1,-4,64,0
0,-1,-4,65,0
0,-1,-4,66,0
0,-1,-4,67,0
0,-1,-4,68,0
0,-1,-4,69,0
0,-1,-4,70,0
0,-1,-4,71,0
0,-1,-4,72,0
0,-1,-4,73,0
0,-1,-4,74,0
0,-1,-4,75,0
0,-1,-4,76,0
0,-1,-4,77,0
0,-1,-4,78,0
0,-1,-4,79,0
0,-1,-4,80,0
0,-1,-4,81,0
0,-1,-4,82,0
0,-1,-4,83,0
0,-1,-4,84,0
0,-1,-4,85,0
0,-1,-4,86,0
0,-1,-4,87,0
0,-1,-4,88,0
0,-1,-4,89,0
0,-1,-4,90,0
0,-1,-4,91,0
0,-1,-4,92,0
0,-1,-4,93,0
0,-1,-4,94,0
0,-1,-4,95,0
0,-1,-4,96,0
0,-1,-4,97,0
0,-1,-4,98,0
0,-1,-4,99,0
0,-1,-4,100,0
0,-1,-4,101,0
0,-1,-4,102,0
0,-1,-4,103,0
0,-1,-4,104,0
0,-1,-4,105,0
0,-1,-4,106,0
0,-1,-4,107,0
0,-1,-4,108,0
0,-1,-4,109,0
0,-1,-4,110,0
0,-1,-4,111,0
0,-1,-3,0,-1
0,-1,-3,1,-2
0,-1,-3,2,-3
0,-1,-3,3,-4
0,-1,-3,4,-5
0,-1,-3,5,-6
0,-1,-3,6,-7
0,-1,-3,7,-8
0,-1,-3,8,0
0,-1,-3,9,0
0,-1,-3,10,0
0,-1,-3,11,0
0,-1,-3,12,0
0,-1,-3,13,0
0,-1,-3,14,0
0,-1,-3,15,0
0,-1,-3,16,0
0,-1,-3,17,0
0,-1,-3,18,0
0,-1,-3,19,0
0,-1,-3,20,0
0,-1,-3,21,0
0,-1,-3,22,0
0,-1,-3,23,0
0,-1,-3,24,0
0,-1,-3,25,0
0,-1,-3,26,0
0,-1,-3,27,0
0,-1,-3,28,0
0,-1,-3,29,0
0,-1,-3,30,0
0,-1,-3,31,0
0,-1,-3,32,0
0,-1,-3,33,0
0,-1,-3,34,0
0,-1,-3,35,0
0,-1,-3,36,0
0,-1,-3,37,0
0,-1,-3,38,0
0,-1,-3,39,0
0,-1,-3,40,0
0,-1,-3,41,0
0,-1,-3,42,0
0,-1,-3,43,0
0,-1,-3,44,0
0,-1,-3,45,0
0,-1,-3,46,0
0,-1,-3,47,0
0,-1,-3,48,0
0,-1,-3,49,0
0,-1,-3,50,0
0,-1,-3,51,0
0,-1,-3,52,0
0,-1,-3,53,0
0,-1,-3,54,0
0,-1,-3,55,0
0,-1,-3,56,0
0,-1,-3,57,0
0,-1,-3,58,0
0,-1,-3,59,0
0,-1,-3,60,0
0,-1,-3,61,0
0,-1,-3,62,0
0,-1,-3,63,0
0,-1,-3,64,0
0,-1,-3,65,0
0,-1,-3,66,0
0,-1,-3,67,0
0,-1,-3,68,0
0,-1,-3,69,0
0,-1,-3,70,0
0,-1,-3,71,0
0,-1,-3,72,0
0,-1,-3,73,0
0,-1,-3,74,0
0,-1,-3,75,0
0,-1,-3,76,0
0,-1,-3,77,0
0,-1,-3,78,0
0,-1,-3,79,0
0,-1,-3,80,0
0,-1,-3,81,0
0,-1,-3,82,0
0,-1,-3,83,0
0,-1,-3,84,0
0,-1,-3,85,0
0,-1,-3,86,0
0,-1,-3,87,0
0,-1,-3,88,0
0,-1,-3,89,0
0,-1,-3,90,0
0,-1,-3,91,0
0,-1,-3,92,0
0,-1,-3,93,0
0,-1,-3,94,0
0,-1,-3,95,0
0,-1,-3,96,0
0,-1,-3,97,0
0,-1,-3,98,0
0,-1,-3,99,0
0,-1,-3,100,0
0,-1,-3,101,0
0,-1,-3,102,0
0,-1,-3,103,0
0,-1,-3,104,0
0,-1,-3,105,0
0,-1,-3,106,0
0,-1,-3,107,0
0,-1,-3,108,0
0,-1,-3,109,0
0,-1,-3,110,0
0,-1,-3,111,0
0,-1,-2,0,-1
0,-1,-2,1,-2
0,-1,-2,2,-3
0,-1,-2,3,-4
0,-1,-2,4,-5
0,-1,-2,5,-6
0,-1,-2,6,-7
0,-1,-2,7,-8
0,-1,-2,8,0
0,-1,-2,9,0
0,-1,-2,10,0
0,-1,-2,11,0
0,-1,-2,12,0
0,-1,-2,13,0
0,-1,-2,14,0
0,-1,-2,15,0
0,-1,-2,16,0
0,-1,-2,17,0
0,-1,-2,18,0
0,-1,-2,19,0
0,-1,-2,20,0
0,-1,-2,21,0
0,-1,-2,22,0
0,-1,-2,23,0
0,-1,-2,24,0
0,-1,-2,25,0
0,-1,-2,26,0
0,-1,-2,27,0
0,-1,-2,28,0
0,-1,-2,29,0
0,-1,-2,30,0
0,-1,-2,31,0
0,-1,-2,32,0
0,-1,-2,33,0
0,-1,-2,34,0
0,-1,-2,35,0
0,-1,-2,36,0
0,-1,-2,37,0
0,-1,-2,38,0
0,-1,-2,39,0
0,-1,-2,40,0
0,-1,-2,41,0
0,-1,-2,42,0
0,-1,-2,43,0
0,-1,-2,44,0
0,-1,-2,45,0
0,-1,-2,46,0
0,-1,-2,47,0
0,-1,-2,48,0
0,-1,-2,49,0
0,-1,-2,50,0
0,-1,-2,51,0
0,-1,-2,52,0
0,-1,-2,53,0
0,-1,-2,54,0
0,-1,-2,55,0
0,-1,-2,56,0
0,-1,-2,57,0
0,-1,-2,58,0
0,-1,-2,59,0
0,-1,-2,60,0
0,-1,-2,61,0
0,-1,-2,62,0
0,-1,-2,63,0
0,-1,-2,64,0
0,-1,-2,65,0
0,-1,-2,66,0
0,-1,-2,67,0
0,-1,-2,68,0
0,-1,-2,69,0
0,-1,-2,70,0
0,-1,-2,71,0
0,-1,-2,72,0
0,-1,-2,73,0
0,-1,-2,74,0
0,-1,-2,75,0
0,-1,-2,76,0
0,-1,-2,77,0
0,-1,-2,78,0
0,-1,-2,79,0
0,-1,-2,80,0
0,-1,-2,81,0
0,-1,-2,82,0
0,-1,-2,83,0
0,-1,-2,84,0
0,-1,-2,85,0
0,-1,-2,86,0
0,-1,-2,87,0
0,-1,-2,88,0
0,-1,-2,89,0
0,-1,-2,90,0
0,-1,-2,91,0
0,-1,-2,92,0
0,-1,-2,93,0
0,-1,-2,94,0
0,-1,-2,95,0
0,-1,-2,96,0
0,-1,-2,97,0
0,-1,-2,98,0
0,-1,-2,99,0
0,-1,-2,100,0
0,-1,-2,101,0
0,-1,-2,102,0
0,-1,-2,103,0
0,-1,-2,104,0
0,-1,-2,105,0
0,-1,-2,106,0
0,-1,-2,107,0
0,-1,-2,108,0
0,-1,-2,109,0
0,-1,-2,110,0
0,-1,-2,111,0
0,-1,-1,0,-1
0,-1,-1,1,-2
0,-1,-1,2,-3
0,-1,-1,3,-4
0,-1,-1,4,-5
0,-1,-1,5,-6
0,-1,-1,6,-7
0,-1,-1,7,-8
0,-1,-1,8,0
0,-1,-1,9,0
0,-1,-1,10,0
0,-1,-1,11,0
0,-1,-1,12,0
0,-1,-1,13,0
0,-1,-1,14,0
0,-1,-1,15,0
0,-1,-1,16,0
0,-1,-1,17,0
0,-1,-1,18,0
0,-1,-1,19,0
0,-1,-1,20,0
0,-1,-1,21,0
0,-1,-1,22,0
0,-1,-1,23,0
0,-1,-1,24,0
0,-1,-1,25,0
0,-1,-1,26,0
0,-1,-1,27,0
0,-1,-1,28,0
0,-1,-1,29,0
0,-1,-1,30,0
0,-1,-1,31,0
0,-1,-1,32,0
0,-1,-1,33,0
0,-1,-1,34,0
0,-1,-1,35,0
0,-1,-1,36,0
0,-1,-1,37,0
0,-1,-1,38,0
0,-1,-1,39,0
0,-1,-1,40,0
0,-1,-1,41,0
0,-1,-1,42,0
0,-1,-1,43,0
0,-1,-1,44,0
0,-1,-1,45,0
0,-1,-1,46,0
0,-1,-1,47,0
0,-1,-1,48,0
0,-1,-1,49,0
0,-1,-1,50,0
0,-1,-1,51,0
0,-1,-1,52,0
0,-1,-1,53,0
0,-1,-1,54,0
0,-1,-1,55,0
0,-1,-1,56,0
0,-1,-1,57,0
0,-1,-1,58,0
0,-1,-1,59,0
0,-1,-1,60,0
0,-1,-1,61,0
0,-1,-1,62,0
0,-1,-1,63,0
0,-1,-1,64,0
0,-1,-1,65,0
0,-1,-1,66,0
0,-1,-1,67,0
0,-1,-1,68,0
0,-1,-1,69,0
0,-1,-1,70,0
0,-1,-1,71,0
0,-1,-1,72,0
0,-1,-1,73,0
0,-1,-1,74,0
0,-1,-1,75,0
0,-1,-1,76,0
0,-1,-1,77,0
0,-1,-1,78,0
0,-1,-1,79,0
0,-1,-1,80,0
0,-1,-1,81,0
0,-1,-1,82,0
0,-1,-1,83,0
0,-1,-1,84,0
0,-1,-1,85,0
0,-1,-1,86,0
0,-1,-1,87,0
0,-1,-1,88,0
0,-1,-1,89,0
0,-1,-1,90,0
0,-1,-1,91,0
0,-1,-1,92,0
0,-1,-1,93,0
0,-1,-1,94,0
0,-1,-1,95,0
0,-1,-1,96,0
0,-1,-1,97,0
0,-1,-1,98,0
0,-1,-1,99,0
0,-1,-1,100,0
0,-1,-1,101,0
0,-1,-1,102,0
0,-1,-1,103,0
0,-1,-1,104,0
0,-1,-1,105,0
0,-1,-1,106,0
0,-1,-1,107,0
0,-1,-1,108,0
0,-1,-1,109,0
0,-1,-1,110,0
0,-1,-1,111,0
0,-1,0,0,-1
0,-1,0,1,-2
0,-1,0,2,-3
0,-1,0,3,-4
0,-1,0,4,-5
0,-1,0,5,-6
0,-1,0,6,-7
0,-1,0,7,-8
0,-1,0,8,0
0,-1,0,9,0
0,-1,0,10,0
0,-1,0,11,0
0,-1,0,12,0
0,-1,0,13,0
0,-1,0,14,0
0,-1,0,15,0
0,-1,0,16,0
0,-1,0,17,0
0,-1,0,18,0
0,-1,0,19,0
0,-1,0,20,0
0,-1,0,21,0
0,-1,0,22,0
0,-1,0,23,0
0,-1,0,24,0
0,-1,0,25,0
0,-1,0,26,0
0,-1,0,27,0
0,-1,0,28,0
0,-1,0,29,0
0,-1,0,30,0
0,-1,0,31,0
0,-1,0,32,0
0,-1,0,33,0
0,-1,0,34,0
0,-1,0,35,0
0,-1,0,36,0
0,-1,0,37,0
0,-1,0,38,0
0,-1,0,39,0
0,-1,0,40,0
0,-1,0,41,0
0,-1,0,42,0
0,-1,0,43,0
0,-1,0,44,0
0,-1,0,45,0
0,-1,0,46,0
0,-1,0,47,0
0,-1,0,48,0
0,-1,0,49,0
0,-1,0,50,0
0,-1,0,51,0
0,-1,0,52,0
0,-1,0,53,0
0,-1,0,54,0
0,-1,0,55,0
0,-1,0,56,0
0,-1,0,57,0
0,-1,0,58,0
0,-1,0,59,0
0,-1,0,60,0
0,-1,0,61,0
0,-1,0,62,0
0,-1,0,63,0
0,-1,0,64,0
0,-1,0,65,0
0,-1,0,66,0
0,-1,0,67,0
0,-1,0,68,0
0,-1,0,69,0
0,-1,0,70,0
0,-1,0,71,0
0,-1,0,72,0
0,-1,0,73,0
0,-1,0,74,0
0,-1,0,75,0
0,-1,0,76,0
0,-1,0,77,0
0,-1,0,78,0
0,-1,0,79,0
0,-1,0,80,0
0,-1,0,81,0
0,-1,0,82,0
0,-1,0,83,0
0,-1,0,84,0
0,-1,0,85,0
0,-1,0,86,0
0,-1,0,87,0
0,-1,0,88,0
0,-1,0,89,0
0,-1,0,90,0
0,-1,0,91,0
0,-1,0,92,0
0,-1,0,93,0
0,-1,0,94,0
0,-1,0,95,0
0,-1,0,96,0
0,-1,0,97,0
0,-1,0,98,0
0,-1,0,99,0
0,-1,0,100,0
0,-1,0,101,0
0,-1,0,102,0
0,-1,0,103,0
0,-1,0,104,0
0,-1,0,105,0
0,-1,0,106,0
0,-1,0,107,0
0,-1,0,108,0
0,-1,0,109,0
0,-1,0,110,0
0,-1,0,111,0
0,-1,1,0,-1
0,-1,1,1,-2
0,-1,1,2,-3
0,-1,1,3,-4
0,-1,1,4,-5
0,-1,1,5,-6
0,-1,1,6,-7
0,-1,1,7,-8
0,-1,1,8,0
0,-1,1,9,0
0,-1,1,10,0
0,-1,1,11,0
0,-1,1,12,0
0,-1,1,13,0
0,-1,1,14,0
0,-1,1,15,0
0,-1,1,16,0
0,-1,1,17,0
0,-1,1,18,0
0,-1,1,19,0
0,-1,1,20,0
0,-1,1,21,0
0,-1,1,22,0
0,-1,1,23,0
0,-1,1,24,0
0,-1,1,25,0
0,-1,1,26,0
0,-1,1,27,0
0,-1,1,28,0
0,-1,1,29,0
0,-1,1,30,0
0,-1,1,31,0
0,-1,1,32,0
0,-1,1,33,0
0,-1,1,34,0
0,-1,1,35,0
0,-1,1,36,0
0,-1,1,37,0
0,-1,1,38,0
0,-1,1,39,0
0,-1,1,40,0
0,-1,1,41,0
0,-1,1,42,0
0,-1,1,43,0
0,-1,1,44,0
0,-1,1,45,0
0,-1,1,46,0
0,-1,1,47,0
0,-1,1,48,0
0,-1,1,49,0
0,-1,1,50,0
0,-1,1,51,0
0,-1,1,52,0
0,-1,1,53,0
0,-1,1,54,0
0,-1,1,55,0
0,-1,1,56,0
0,-1,1,57,0
0,-1,1,58,0
0,-1,1,59,0
0,-1,1,60,0
0,-1,1,61,0
0,-1,1,62,0
0,-1,1,63,0
0,-1,1,64,0
0,-1,1,65,0
0,-1,1,66,0
0,-1,1,67,0
0,-1,1,68,0
0,-1,1,69,0
0,-1,1,70,0
0,-1,1,71,0
0,-1,1,72,0
0,-1,1,73,0
0,-1,1,74,0
0,-1,1,75,0
0,-1,1,76,0
0,-1,1,77,0
0,-1,1,78,0
0,-1,1,79,0
0,-1,1,80,0
0,-1,1,81,0
0,-1,1,82,0
0,-1,1,83,0
0,-1,1,84,0
0,-1,1,85,0
0,-1,1,86,0
0,-1,1,87,0
0,-1,1,88,0
0,-1,1,89,0
0,-1,1,90,0
0,-1,1,91,0
0,-1,1,92,0
0,-1,1,93,0
0,-1,1,94,0
0,-1,1,95,0
0,-1,1,96,0
0,-1,1,97,0
0,-1,1,98,0
0,-1,1,99,0
0,-1,1,100,0
0,-1,1,101,0
0,-1,1,102,0
0,-1,1,103,0
0,-1,1,104,0
0,-1,1,105,0
0,-1,1,106,0
0,-1,1,107,0
0,-1,1,108,0
0,-1,1,109,0
0,-1,1,110,0
0,-1,1,111,0
0,-1,2,0,-1
0,-1,2,1,-2
0,-1,2,2,-3
0,-1,2,3,-4
0,-1,2,4,-5
0,-1,2,5,-6
0,-1,2,6,-7
0,-1,2,7,-8
0,-1,2,8,0
0,-1,2,9,0
0,-1,2,10,0
0,-1,2,11,0
0,-1,2,12,0
0,-1,2,13,0
0,-1,2,14,0
0,-1,2,15,0
0,-1,2,16,0
0,-1,2,17,0
0,-1,2,18,0
0,-1,2,19,0
0,-1,2,20,0
0,-1,2,21,0
0,-1,2,22,0
0,-1,2,23,0
0,-1,2,24,0
0,-1,2,25,0
0,-1,2,26,0
0,-1,2,27,0
0,-1,2,28,0
0,-1,2,29,0
0,-1,2,30,0
0,-1,2,31,0
0,-1,2,32,0
0,-1,2,33,0
0,-1,2,34,0
0,-1,2,35,0
0,-1,2,36,0
0,-1,2,37,0
0,-1,2,38,0
0,-1,2,39,0
0,-1,2,40,0
0,-1,2,41,0
0,-1,2,42,0
0,-1,2,43,0
0,-1,2,44,0
0,-1,2,45,0
0,-1,2,46,0
0,-1,2,47,0
0,-1,2,48,0
0,-1,2,49,0
0,-1,2,50,0
0,-1,2,51,0
0,-1,2,52,0
0,-1,2,53,0
0,-1,2,54,0
0,-1,2,55,0
0,-1,2,56,0
0,-1,2,57,0
0,-1,2,58,0
0,-1,2,59,0
0,-1,2,60,0
0,-1,2,61,0
0,-1,2,62,0
0,-1,2,63,0
0,-1,2,64,0
0,-1,2,65,0
0,-1,2,66,0
0,-1,2,67,0
0,-1,2,68,0
0,-1,2,69,0
0,-1,2,70,0
0,-1,2,71,0
0,-1,2,72,0
0,-1,2,73,0
0,-1,2,74,0
0,-1,2,75,0
0,-1,2,76,0
0,-1,2,77,0
0,-1,2,78,0
0,-1,2,79,0
0,-1,2,80,0
0,-1,2,81,0
0,-1,2,82,0
0,-1,2,83,0
0,-1,2,84,0
0,-1,2,85,0
0,-1,2,86,0
0,-1,2,87,0
0,-1,2,88,0
0,-1,2,89,0
0,-1,2,90,0
0,-1,2,91,0
0,-1,2,92,0
0,-1,2,93,0
0,-1,2,94,0
0,-1,2,95,0
0,-1,2,96,0
0,-1,2,97,0
0,-1,2,98,0
0,-1,2,99,0
0,-1,2,100,0
0,-1,2,101,0
0,-1,2,102,0
0,-1,2,103,0
0,-1,2,104,0
0,-1,2,105,0
0,-1,2,106,0
0,-1,2,107,0
0,-1,2,108,0
0,-1,2,109,0
0,-1,2,110,0
0,-1,2,111,0
0,-1,3,0,-1
0,-1,3,1,-2
0,-1,3,2,-3
0,-1,3,3,-4
0,-1,3,4,-5
0,-1,3,5,-6
0,-1,3,6,-7
0,-1,3,7,-8
0,-1,3,8,0
0,-1,3,9,0
0,-1,3,10,0
0,-1,3,11,0
0,-1,3,12,0
0,-1,3,13,0
0,-1,3,14,0
0,-1,3,15,0
0,-1,3,16,0
0,-1,3,17,0
0,-1,3,18,0
0,-1,3,19,0
0,-1,3,20,0
0,-1,3,21,0
0,-1,3,22,0
0,-1,3,23,0
0,-1,3,24,0
0,-1,3,25,0
0,-1,3,26,0
0,-1,3,27,0
0,-1,3,28,0
0,-1,3,29,0
0,-1,3,30,0
0,-1,3,31,0
0,-1,3,32,0
0,-1,3,33,0
0,-1,3,34,0
0,-1,3,35,0
0,-1,3,36,0
0,-1,3,37,0
0,-1,3,38,0
0,-1,3,39,0
0,-1,3,40,0
0,-1,3,41,0
0,-1,3,42,0
0,-1,3,43,0
0,-1,3,44,0
0,-1,3,45,0
0,-1,3,46,0
0,-1,3,47,0
0,-1,3,48,0
0,-1,3,49,0
0,-1,3,50,0
0,-1,3,51,0
0,-1,3,52,0
0,-1,3,53,0
0,-1,3,54,0
0,-1,3,55,0
0,-1,3,56,0
0,-1,3,57,0
0,-1,3,58,0
0,-1,3,59,0
0,-1,3,60,0
0,-1,3,61,0
0,-1,3,62,0
0,-1,3,63,0
0,-1,3,64,0
0,-1,3,65,0
0,-1,3,66,0
0,-1,3,67,0
0,-1,3,68,0
0,-1,3,69,0
0,-1,3,70,0
0,-1,3,71,0
0,-1,3,72,0
0,-1,3,73,0
0,-1,3,74,0
0,-1,3,75,0
0,-1,3,76,0
0,-1,3,77,0
0,-1,3,78,0
0,-1,3,79,0
0,-1,3,80,0
0,-1,3,81,0
0,-1,3,82,0
0,-1,3,83,0
0,-1,3,84,0
0,-1,3,85,0
0,-1,3,86,0
0,-1,3,87,0
0,-1,3,88,0
0,-1,3,89,0
0,-1,3,90,0
0,-1,3,91,0
0,-1,3,92,0
0,-1,3,93,0
0,-1,3,94,0
0,-1,3,95,0
0,-1,3,96,0
0,-1,3,97,0
0,-1,3,98,0
0,-1,3,99,0
0,-1,3,100,0
0,-1,3,101,0
0,-1,3,102,0
0,-1,3,103,0
0,-1,3,104,0
0,-1,3,105,0
0,-1,3,106,0
0,-1,3,107,0
0,-1,3,108,0
0,-1,3,109,0
0,-1,3,110,0
0,-1,3,111,0
0,-1,4,0,-1
0,-1,4,1,-2
0,-1,4,2,-3
0,-1,4,3,-4
0,-1,4,4,-5
0,-1,4,5,-6
0,-1,4,6,-7
0,-1,4,7,-8
0,-1,4,8,0
0,-1,4,9,0
0,-1,4,10,0
0,-1,4,11,0
0,-1,4,12,0
0,-1,4,13,0
0,-1,4,14,0
0,-1,4,15,0
0,-1,4,16,0
0,-1,4,17,0
0,-1,4,18,0
0,-1,4,19,0
0,-1,4,20,0
0,-1,4,21,0
0,-1,4,22,0
0,-1,4,23,0
0,-1,4,24,0
0,-1,4,25,0
0,-1,4,26,0
0,-1,4,27,0
0,-1,4,28,0
0,-1,4,29,0
0,-1,4,30,0
0,-1,4,31,0
0,-1,4,32,0
0,-1,4,33,0
0,-1,4,34,0
0,-1,4,35,0
0,-1,4,36,0
0,-1,4,37,0
0,-1,4,38,0
0,-1,4,39,0
0,-1,4,40,0
0,-1,4,41,0
0,-1,4,42,0
0,-1,4,43,0
0,-1,4,44,0
0,-1,4,45,0
0,-1,4,46,0
0,-1,4,47,0
0,-1,4,48,0
0,-1,4,49,0
0,-1,4,50,0
0,-1,4,51,0
0,-1,4,52,0
0,-1,4,53,0
0,-1,4,54,0
0,-1,4,55,0
0,-1,4,56,0
0,-1,4,57,0
0,-1,4,58,0
0,-1,4,59,0
0,-1,4,60,0
0,-1,4,61,0
0,-1,4,62,0
0,-1,4,63,0
0,-1,4,64,0
0,-1,4,65,0
0,-1,4,66,0
0,-1,4,67,0
0,-1,4,68,0
0,-1,4,69,0
0,-1,4,70,0
0,-1,4,71,0
0,-1,4,72,0
0,-1,4,73,0
0,-1,4,74,0
0,-1,4,75,0
0,-1,4,76,0
0,-1,4,77,0
0,-1,4,78,0
0,-1,4,79,0
0,-1,4,80,0
0,-1,4,81,0
0,-1,4,82,0
0,-1,4,83,0
0,-1,4,84,0
0,-1,4,85,0
0,-1,4,86,0
0,-1,4,87,0
0,-1,4,88,0
0,-1,4,89,0
0,-1,4,90,0
0,-1,4,91,0
0,-1,4,92,0
0,-1,4,93,0
0,-1,4,94,0
0,-1,4,95,0
0,-1,4,96,0
0,-1,4,97,0
0,-1,4,98,0
0,-1,4,99,0
0,-1,4,100,0
0,-1,4,101,0
0,-1,4,102,0
0,-1,4,103,0
0,-1,4,104,0
0,-1,4,105,0
0,-1,4,106,0
0,-1,4,107,0
0,-1,4,108,0
0,-1,4,109,0
0,-1,4,110,0
0,-1,4,111,0
0,-1,5,0,-1
0,-1,5,1,-2
0,-1,5,2,-3
0,-1,5,3,-4
0,-1,5,4,-5
0,-1,5,5,-6
0,-1,5,6,-7
0,-1,5,7,-8
0,-1,5,8,0
0,-1,5,9,0
0,-1,5,10,0
0,-1,5,11,0
0,-1,5,12,0
0,-1,5,13,0
0,-1,5,14,0
0,-1,5,15,0
0,-1,5,16,0
0,-1,5,17,0
0,-1,5,18,0
0,-1,5,19,0
0,-1,5,20,0
0,-1,5,21,0
0,-1,5,22,0
0,-1,5,23,0
0,-1,5,24,0
0,-1,5,25,0
0,-1,5,26,0
0,-1,5,27,0
0,-1,5,28,0
0,-1,5,29,0
0,-1,5,30,0
0,-1,5,31,0
0,-1,5,32,0
0,-1,5,33,0
0,-1,5,34,0
0,-1,5,35,0
0,-1,5,36,0
0,-1,5,37,0
0,-1,5,38,0
0,-1,5,39,0
0,-1,5,40,0
0,-1,5,41,0
0,-1,5,42,0
0,-1,5,43,0
0,-1,5,44,0
0,-1,5,45,0
0,-1,5,46,0
0,-1,5,47,0
0,-1,5,48,0
0,-1,5,49,0
0,-1,5,50,0
0,-1,5,51,0
0,-1,5,52,0
0,-1,5,53,0
0,-1,5,54,0
0,-1,5,55,0
0,-1,5,56,0
0,-1,5,57,0
0,-1,5,58,0
0,-1,5,59,0
0,-1,5,60,0
0,-1,5,61,0
0,-1,5,62,0
0,-1,5,63,0
0,-1,5,64,0
0,-1,5,65,0
0,-1,5,66,0
0,-1,5,67,0
0,-1,5,68,0
0,-1,5,69,0
0,-1,5,70,0
0,-1,5,71,0
0,-1,5,72,0
0,-1,5,73,0
0,-1,5,74,0
0,-1,5,75,0
0,-1,5,76,0
0,-1,5,77,0
0,-1,5,78,0
0,-1,5,79,0
0,-1,5,80,0
0,-1,5,81,0
0,-1,5,82,0
0,-1,5,83,0
0,-1,5,84,0
0,-1,5,85,0
0,-1,5,86,0
0,-1,5,87,0
0,-1,5,88,0
0,-1,5,89,0
0,-1,5,90,0
0,-1,5,91,0
0,-1,5,92,0
0,-1,5,93,0
0,-1,5,94,0
0,-1,5,95,0
0,-1,5,96,0
0,-1,5,97,0
0,-1,5,98,0
0,-1,5,99,0
0,-1,5,100,0
0,-1,5,101,0
0,-1,5,102,0
0,-1,5,103,0
0,-1,5,104,0
0,-1,5,105,0
0,-1,5,106,0
0,-1,5,107,0
0,-1,5,108,0
0,-1,5,109,0
0,-1,5,110,0
0,-1,5,111,0
0,-1,6,0,-1
0,-1,6,1,-2
0,-1,6,2,-3
0,-1,6,3,-4
0,-1,6,4,-5
0,-1,6,5,-6
0,-1,6,6,-7
0,-1,6,7,-8
0,-1,6,8,0
0,-1,6,9,0
0,-1,6,10,0
0,-1,6,11,0
0,-1,6,12,0
0,-1,6,13,0
0,-1,6,14,0
0,-1,6,15,0
0,-1,6,16,0
0,-1,6,17,0
0,-1,6,18,0
0,-1,6,19,0
0,-1,6,20,0
0,-1,6,21,0
0,-1,6,22,0
0,-1,6,23,0
0,-1,6,24,0
0,-1,6,25,0
0,-1,6,26,0
0,-1,6,27,0
0,-1,6,28,0
0,-1,6,29,0
0,-1,6,30,0
0,-1,6,31,0
0,-1,6,32,0
0,-1,6,33,0
0,-1,6,34,0
0,-1,6,35,0
0,-1,6,36,0
0,-1,6,37,0
0,-1,6,38,0
0,-1,6,39,0
0,-1,6,40,0
0,-1,6,41,0
0,-1,6,42,0
0,-1,6,43,0
0,-1,6,44,0
0,-1,6,45,0
0,-1,6,46,0
0,-1,6,47,0
0,-1,6,48,0
0,-1,6,49,0
0,-1,6,50,0
0,-1,6,51,0
0,-1,6,52,0
0,-1,6,53,0
0,-1,6,54,0
0,-1,6,55,0
0,-1,6,56,0
0,-1,6,57,0
0,-1,6,58,0
0,-1,6,59,0
0,-1,6,60,0
0,-1,6,61,0
0,-1,6,62,0
0,-1,6,63,0
0,-1,6,64,0
0,-1,6,65,0
0,-1,6,66,0
0,-1,6,67,0
0,-1,6,68,0
0,-1,6,69,0
0,-1,6,70,0
0,-1,6,71,0
0,-1,6,72,0
0,-1,6,73,0
0,-1,6,74,0
0,-1,6,75,0
0,-1,6,76,0
0,-1,6,77,0
0,-1,6,78,0
0,-1,6,79,0
0,-1,6,80,0
0,-1,6,81,0
0,-1,6,82,0
0,-1,6,83,0
0,-1,6,84,0
0,-1,6,85,0
0,-1,6,86,0
0,-1,6,87,0
0,-1,6,88,0
0,-1,6,89,0
0,-1,6,90,0
0,-1,6,91,0
0,-1,6,92,0
0,-1,6,93,0
0,-1,6,94,0
0,-1,6,95,0
0,-1,6,96,0
0,-1,6,97,0
0,-1,6,98,0
0,-1,6,99,0
0,-1,6,100,0
0,-1,6,101,0
0,-1,6,102,0
0,-1,6,103,0
0,-1,6,104,0
0,-1,6,105,0
0,-1,6,106,0
0,-1,6,107,0
0,-1,6,108,0
0,-1,6,109,0
0,-1,6,110,0
0,-1,6,111,0
0,-1,7,0,-1
0,-1,7,1,-2
0,-1,7,2,-3
0,-1,7,3,-4
0,-1,7,4,-5
0,-1,7,5,-6
0,-1,7,6,-7
0,-1,7,7,-8
0,-1,7,8,0
0,-1,7,9,0
0,-1,7,10,0
0,-1,7,11,0
0,-1,7,12,0
0,-1,7,13,0
0,-1,7,14,0
0,-1,7,15,0
0,-1,7,16,0
0,-1,7,17,0
0,-1,7,18,0
0,-1,7,19,0
0,-1,7,20,0
0,-1,7,21,0
0,-1,7,22,0
0,-1,7,23,0
0,-1,7,24,0
0,-1,7,25,0
0,-1,7,26,0
0,-1,7,27,0
0,-1,7,28,0
0,-1,7,29,0
0,-1,7,30,0
0,-1,7,31,0
0,-1,7,32,0
0,-1,7,33,0
0,-1,7,34,0
0,-1,7,35,0
0,-1,7,36,0
0,-1,7,37,0
0,-1,7,38,0
0,-1,7,39,0
0,-1,7,40,0
0,-1,7,41,0
0,-1,7,42,0
0,-1,7,43,0
0,-1,7,44,0
0,-1,7,45,0
0,-1,7,46,0
0,-1,7,47,0
0,-1,7,48,0
0,-1,7,49,0
0,-1,7,50,0
0,-1,7,51,0
0,-1,7,52,0
0,-1,7,53,0
0,-1,7,54,0
0,-1,7,55,0
0,-1,7,56,0
0,-1,7,57,0
0,-1,7,58,0
0,-1,7,59,0
0,-1,7,60,0
0,-1,7,61,0
0,-1,7,62,0
0,-1,7,63,0
0,-1,7,64,0
0,-1,7,65,0
0,-1,7,66,0
0,-1,7,67,0
0,-1,7,68,0
0,-1,7,69,0
0,-1,7,70,0
0,-1,7,71,0
0,-1,7,72,0
0,-1,7,73,0
0,-1,7,74,0
0,-1,7,75,0
0,-1,7,76,0
0,-1,7,77,0
0,-1,7,78,0
0,-1,7,79,0
0,-1,7,80,0
0,-1,7,81,0
0,-1,7,82,0
0,-1,7,83,0
0,-1,7,84,0
0,-1,7,85,0
0,-1,7,86,0
0,-1,7,87,0
0,-1,7,88,0
0,-1,7,89,0
0,-1,7,90,0
0,-1,7,91,0
0,-1,7,92,0
0,-1,7,93,0
0,-1,7,94,0
0,-1,7,95,0
0,-1,7,96,0
0,-1,7,97,0
0,-1,7,98,0
0,-1,7,99,0
0,-1,7,100,0
0,-1,7,101,0
0,-1,7,102,0
0,-1,7,103,0
0,-1,7,104,0
0,-1,7,105,0
0,-1,7,106,0
0,-1,7,107,0
0,-1,7,108,0
0,-1,7,109,0
0,-1,7,110,0
0,-1,7,111,0
0,0,-8,0,0
0,0,-8,1,0
0,0,-8,2,0
0,0,-8,3,0
0,0,-8,4,0
0,0,-8,5,0
0,0,-8,6,0
0,0,-8,7,0
0,0,-8,8,0
0,0,-8,9,0
0,0,-8,10,0
0,0,-8,11,0
0,0,-8,12,0
0,0,-8,13,0
0,0,-8,14,0
0,0,-8,15,0
0,0,-8,16,0
0,0,-8,17,0
0,0,-8,18,0
0,0,-8,19,0
0,0,-8,20,0
0,0,-8,21,0
0,0,-8,22,0
0,0,-8,23,0
0,0,-8,24,0
0,0,-8,25,0
0,0,-8,26,0
0,0,-8,27,0
0,0,-8,28,0
0,0,-8,29,0
0,0,-8,30,0
0,0,-8,31,0
0,0,-8,32,0
0,0,-8,33,0
0,0,-8,34,0
0,0,-8,35,0
0,0,-8,36,0
0,0,-8,37,0
0,0,-8,38,0
0,0,-8,39,0
0,0,-8,40,0
0,0,-8,41,0
0,0,-8,42,0
0,0,-8,43,0
0,0,-8,44,0
0,0,-8,45,0
0,0,-8,46,0
0,0,-8,47,0
0,0,-8,48,0
0,0,-8,49,0
0,0,-8,50,0
0,0,-8,51,0
0,0,-8,52,0
0,0,-8,53,0
0,0,-8,54,0
0,0,-8,55,0
0,0,-8,56,0
0,0,-8,57,0
0,0,-8,58,0
0,0,-8,59,0
0,0,-8,60,0
0,0,-8,61,0
0,0,-8,62,0
0,0,-8,63,0
0,0,-8,64,0
0,0,-8,65,0
0,0,-8,66,0
0,0,-8,67,0
0,0,-8,68,0
0,0,-8,69,0
0,0,-8,70,0
0,0,-8,71,0
0,0,-8,72,0
0,0,-8,73,0
0,0,-8,74,0
0,0,-8,75,0
0,0,-8,76,0
0,0,-8,77,0
0,0,-8,78,0
0,0,-8,79,0
0,0,-8,80,0
0,0,-8,81,0
0,0,-8,82,0
0,0,-8,83,0
0,0,-8,84,0
0,0,-8,85,0
0,0,-8,86,0
0,0,-8,87,0
0,0,-8,88,0
0,0,-8,89,0
0,0,-8,90,0
0,0,-8,91,0
0,0,-8,92,0
0,0,-8,93,0
0,0,-8,94,0
0,0,-8,95,0
0,0,-8,96,0
0,0,-8,97,0
0,0,-8,98,0
0,0,-8,99,0
0,0,-8,100,0
0,0,-8,101,0
0,0,-8,102,0
0,0,-8,103,0
0,0,-8,104,0
0,0,-8,105,0
0,0,-8,106,0
0,0,-8,107,0
0,0,-8,108,0
0,0,-8,109,0
0,0,-8,110,0
0,0,-8,111,0
0,0,-7,0,0
0,0,-7,1,0
0,0,-7,2,0
0,0,-7,3,0
0,0,-7,4,0
0,0,-7,5,0
0,0,-7,6,0
0,0,-7,7,0
0,0,-7,8,0
0,0,-7,9,0
0,0,-7,10,0
0,0,-7,11,0
0,0,-7,12,0
0,0,-7,13,0
0,0,-7,14,0
0,0,-7,15,0
0,0,-7,16,0
0,0,-7,17,0
0,0,-7,18,0
0,0,-7,19,0
0,0,-7,20,0
0,0,-7,21,0
0,0,-7,22,0
0,0,-7,23,0
0,0,-7,24,0
0,0,-7,25,0
0,0,-7,26,0
0,0,-7,27,0
0,0,-7,28,0
0,0,-7,29,0
0,0,-7,30,0
0,0,-7,31,0
0,0,-7,32,0
0,0,-7,33,0
0,0,-7,34,0
0,0,-7,35,0
0,0,-7,36,0
0,0,-7,37,0
0,0,-7,38,0
0,0,-7,39,0
0,0,-7,40,0
0,0,-7,41,0
0,0,-7,42,0
0,0,-7,43,0
0,0,-7,44,0
0,0,-7,45,0
0,0,-7,46,0
0,0,-7,47,0
0,0,-7,48,0
0,0,-7,49,0
0,0,-7,50,0
0,0,-7,51,0
0,0,-7,52,0
0,0,-7,53,0
0,0,-7,54,0
0,0,-7,55,0
0,0,-7,56,0
0,0,-7,57,0
0,0,-7,58,0
0,0,-7,59,0
0,0,-7,60,0
0,0,-7,61,0
0,0,-7,62,0
0,0,-7,63,0
0,0,-7,64,0
0,0,-7,65,0
0,0,-7,66,0
0,0,-7,67,0
0,0,-7,68,0
0,0,-7,69,0
0,0,-7,70,0
0,0,-7,71,0
0,0,-7,72,0
0,0,-7,73,0
0,0,-7,74,0
0,0,-7,75,0
0,0,-7,76,0
0,0,-7,77,0
0,0,-7,78,0
0,0,-7,79,0
0,0,-7,80,0
0,0,-7,81,0
0,0,-7,82,0
0,0,-7,83,0
0,0,-7,84,0
0,0,-7,85,0
0,0,-7,86,0
0,0,-7,87,0
0,0,-7,88,0
0,0,-7,89,0
0,0,-7,90,0
0,0,-7,91,0
0,0,-7,92,0
0,0,-7,93,0
0,0,-7,94,0
0,0,-7,95,0
0,0,-7,96,0
0,0,-7,97,0
0,0,-7,98,0
0,0,-7,99,0
0,0,-7,100,0
0,0,-7,101,0
0,0,-7,102,0
0,0,-7,103,0
0,0,-7,104,0
0,0,-7,105,0
0,0,-7,106,0
0,0,-7,107,0
0,0,-7,108,0
0,0,-7,109,0
0,0,-7,110,0
0,0,-7,111,0
0,0,-6,0,0
0,0,-6,1,0
0,0,-6,2,0
0,0,-6,3,0
0,0,-6,4,0
0,0,-6,5,0
0,0,-6,6,0
0,0,-6,7,0
0,0,-6,8,0
0,0,-6,9,0
0,0,-6,10,0
0,0,-6,11,0
0,0,-6,12,0
0,0,-6,13,0
0,0,-6,14,0
0,0,-6,15,0
0,0,-6,16,0
0,0,-6,17,0
0,0,-6,18,0
0,0,-6,19,0
0,0,-6,20,0
0,0,-6,21,0
0,0,-6,22,0
0,0,-6,23,0
0,0,-6,24,0
0,0,-6,25,0
0,0,-6,26,0
0,0,-6,27,0
0,0,-6,28,0
0,0,-6,29,0
0,0,-6,30,0
0,0,-6,31,0
0,0,-6,32,0
0,0,-6,33,0
0,0,-6,34,0
0,0,-6,35,0
0,0,-6,36,0
0,0,-6,37,0
0,0,-6,38,0
0,0,-6,39,0
0,0,-6,40,0
0,0,-6,41,0
0,0,-6,42,0
0,0,-6,43,0
0,0,-6,44,0
0,0,-6,45,0
0,0,-6,46,0
0,0,-6,47,0
0,0,-6,48,0
0,0,-6,49,0
0,0,-6,50,0
0,0,-6,51,0
0,0,-6,52,0
0,0,-6,53,0
0,0,-6,54,0
0,0,-6,55,0
0,0,-6,56,0
0,0,-6,57,0
0,0,-6,58,0
0,0,-6,59,0
0,0,-6,60,0
0,0,-6,61,0
0,0,-6,62,0
0,0,-6,63,0
0,0,-6,64,0
0,0,-6,65,0
0,0,-6,66,0
0,0,-6,67,0
0,0,-6,68,0
0,0,-6,69,0
0,0,-6,70,0
0,0,-6,71,0
0,0,-6,72,0
0,0,-6,73,0
0,0,-6,74,0
0,0,-6,75,0
0,0,-6,76,0
0,0,-6,77,0
0,0,-6,78,0
0,0,-6,79,0
0,0,-6,80,0
0,0,-6,81,0
0,0,-6,82,0
0,0,-6,83,0
0,0,-6,84,0
0,0,-6,85,0
0,0,-6,86,0
0,0,-6,87,0
0,0,-6,88,0
0,0,-6,89,0
0,0,-6,90,0
0,0,-6,91,0
0,0,-6,92,0
0,0,-6,93,0
0,0,-6,94,0
0,0,-6,95,0
0,0,-6,96,0
0,0,-6,97,0
0,0,-6,98,0
0,0,-6,99,0
0,0,-6,100,0
0,0,-6,101,0
0,0,-6,102,0
0,0,-6,103,0
0,0,-6,104,0
0,0,-6,105,0
0,0,-6,106,0
0,0,-6,107,0
0,0,-6,108,0
0,0,-6,109,0
0,0,-6,110,0
0,0,-6,111,0
0,0,-5,0,0
0,0,-5,1,0
0,0,-5,2,0
0,0,-5,3,0
0,0,-5,4,0
0,0,-5,5,0
0,0,-5,6,0
0,0,-5,7,0
0,0,-5,8,0
0,0,-5,9,0
0,0,-5,10,0
0,0,-5,11,0
0,0,-5,12,0
0,0,-5,13,0
0,0,-5,14,0
0,0,-5,15,0
0,0,-5,16,0
0,0,-5,17,0
0,0,-5,18,0
0,0,-5,19,0
0,0,-5,20,0
0,0,-5,21,0
0,0,-5,22,0
0,0,-5,23,0
0,0,-5,24,0
0,0,-5,25,0
0,0,-5,26,0
0,0,-5,27,0
0,0,-5,28,0
0,0,-5,29,0
0,0,-5,30,0
0,0,-5,31,0
0,0,-5,32,0
0,0,-5,33,0
0,0,-5,34,0
0,0,-5,35,0
0,0,-5,36,0
0,0,-5,37,0
0,0,-5,38,0
0,0,-5,39,0
0,0,-5,40,0
0,0,-5,41,0
0,0,-5,42,0
0,0,-5,43,0
0,0,-5,44,0
0,0,-5,45,0
0,0,-5,46,0
0,0,-5,47,0
0,0,-5,48,0
0,0,-5,49,0
0,0,-5,50,0
0,0,-5,51,0
0,0,-5,52,0
0,0,-5,53,0
0,0,-5,54,0
0,0,-5,55,0
0,0,-5,56,0
0,0,-5,57,0
0,0,-5,58,0
0,0,-5,59,0
0,0,-5,60,0
0,0,-5,61,0
0,0,-5,62,0
0,0,-5,63,0
0,0,-5,64,0
0,0,-5,65,0
0,0,-5,66,0
0,0,-5,67,0
0,0,-5,68,0
0,0,-5,69,0
0,0,-5,70,0
0,0,-5,71,0
0,0,-5,72,0
0,0,-5,73,0
0,0,-5,74,0
0,0,-5,75,0
0,0,-5,76,0
0,0,-5,77,0
0,0,-5,78,0
0,0,-5,79,0
0,0,-5,80,0
0,0,-5,81,0
0,0,-5,82,0
0,0,-5,83,0
0,0,-5,84,0
0,0,-5,85,0
0,0,-5,86,0
0,0,-5,87,0
0,0,-5,88,0
0,0,-5,89,0
0,0,-5,90,0
0,0,-5,91,0
0,0,-5,92,0
0,0,-5,93,0
0,0,-5,94,0
0,0,-5,95,0
0,0,-5,96,0
0,0,-5,97,0
0,0,-5,98,0
0,0,-5,99,0
0,0,-5,100,0
0,0,-5,101,0
0,0,-5,102,0
0,0,-5,103,0
0,0,-5,104,0
0,0,-5,105,0
0,0,-5,106,0
0,0,-5,107,0
0,0,-5,108,0
0,0,-5,109,0
0,0,-5,110,0
0,0,-5,111,0
0,0,-4,0,0
0,0,-4,1,0
0,0,-4,2,0
0,0,-4,3,0
0,0,-4,4,0
0,0,-4,5,0
0,0,-4,6,0
0,0,-4,7,0
0,0,-4,8,0
0,0,-4,9,0
0,0,-4,10,0
0,0,-4,11,0
0,0,-4,12,0
0,0,-4,13,0
0,0,-4,14,0
0,0,-4,15,0
0,0,-4,16,0
0,0,-4,17,0
0,0,-4,18,0
0,0,-4,19,0
0,0,-4,20,0
0,0,-4,21,0
0,0,-4,22,0
0,0,-4,23,0
0,0,-4,24,0
0,0,-4,25,0
0,0,-4,26,0
0,0,-4,27,0
0,0,-4,28,0
0,0,-4,29,0
0,0,-4,30,0
0,0,-4,31,0
0,0,-4,32,0
0,0,-4,33,0
0,0,-4,34,0
0,0,-4,35,0
0,0,-4,36,0
0,0,-4,37,0
0,0,-4,38,0
0,0,-4,39,0
0,0,-4,40,0
0,0,-4,41,0
0,0,-4,42,0
0,0,-4,43,0
0,0,-4,44,0
0,0,-4,45,0
0,0,-4,46,0
0,0,-4,47,0
0,0,-4,48,0
0,0,-4,49,0
0,0,-4,50,0
0,0,-4,51,0
0,0,-4,52,0
0,0,-4,53,0
0,0,-4,54,0
0,0,-4,55,0
0,0,-4,56,0
0,0,-4,57,0
0,0,-4,58,0
0,0,-4,59,0
0,0,-4,60,0
0,0,-4,61,0
0,0,-4,62,0
0,0,-4,63,0
0,0,-4,64,0
0,0,-4,65,0
0,0,-4,66,0
0,0,-4,67,0
0,0,-4,68,0
0,0,-4,69,0
0,0,-4,70,0
0,0,-4,71,0
0,0,-4,72,0
0,0,-4,73,0
0,0,-4,74,0
0,0,-4,75,0
0,0,-4,76,0
0,0,-4,77,0
0,0,-4,78,0
0,0,-4,79,0
0,0,-4,80,0
0,0,-4,81,0
0,0,-4,82,0
0,0,-4,83,0
0,0,-4,84,0
0,0,-4,85,0
0,0,-4,86,0
0,0,-4,87,0
0,0,-4,88,0
0,0,-4,89,0
0,0,-4,90,0
0,0,-4,91,0
0,0,-4,92,0
0,0,-4,93,0
0,0,-4,94,0
0,0,-4,95,0
0,0,-4,96,0
0,0,-4,97,0
0,0,-4,98,0
0,0,-4,99,0
0,0,-4,100,0
0,0,-4,101,0
0,0,-4,102,0
0,0,-4,103,0
0,0,-4,104,0
0,0,-4,105,0
0,0,-4,106,0
0,0,-4,107,0
0,0,-4,108,0
0,0,-4,109,0
0,0,-4,110,0
0,0,-4,111,0
0,0,-3,0,0
0,0,-3,1,0
0,0,-3,2,0
0,0,-3,3,0
0,0,-3,4,0
0,0,-3,5,0
0,0,-3,6,0
0,0,-3,7,0
0,0,-3,8,0
0,0,-3,9,0
0,0,-3,10,0
0,0,-3,11,0
0,0,-3,12,0
0,0,-3,13,0
0,0,-3,14,0
0,0,-3,15,0
0,0,-3,16,0
0,0,-3,17,0
0,0,-3,18,0
0,0,-3,19,0
0,0,-3,20,0
0,0,-3,21,0
0,0,-3,22,0
0,0,-3,23,0
0,0,-3,24,0
0,0,-3,25,0
0,0,-3,26,0
0,0,-3,27,0
0,0,-3,28,0
0,0,-3,29,0
0,0,-3,30,0
0,0,-3,31,0
0,0,-3,32,0
0,0,-3,33,0
0,0,-3,34,0
0,0,-3,35,0
0,0,-3,36,0
0,0,-3,37,0
0,0,-3,38,0
0,0,-3,39,0
0,0,-3,40,0
0,0,-3,41,0
0,0,-3,42,0
0,0,-3,43,0
0,0,-3,44,0
0,0,-3,45,0
0,0,-3,46,0
0,0,-3,47,0
0,0,-3,48,0
0,0,-3,49,0
0,0,-3,50,0
0,0,-3,51,0
0,0,-3,52,0
0,0,-3,53,0
0,0,-3,54,0
0,0,-3,55,0
0,0,-3,56,0
0,0,-3,57,0
0,0,-3,58,0
0,0,-3,59,0
0,0,-3,60,0
0,0,-3,61,0
0,0,-3,62,0
0,0,-3,63,0
0,0,-3,64,0
0,0,-3,65,0
0,0,-3,66,0
0,0,-3,67,0
0,0,-3,68,0
0,0,-3,69,0
0,0,-3,70,0
0,0,-3,71,0
0,0,-3,72,0
0,0,-3,73,0
0,0,-3,74,0
0,0,-3,75,0
0,0,-3,76,0
0,0,-3,77,0
0,0,-3,78,0
0,0,-3,79,0
0,0,-3,80,0
0,0,-3,81,0
0,0,-3,82,0
0,0,-3,83,0
0,0,-3,84,0
0,0,-3,85,0
0,0,-3,86,0
0,0,-3,87,0
0,0,-3,88,0
0,0,-3,89,0
0,0,-3,90,0
0,0,-3,91,0
0,0,-3,92,0
0,0,-3,93,0
0,0,-3,94,0
0,0,-3,95,0
0,0,-3,96,0
0,0,-3,97,0
0,0,-3,98,0
0,0,-3,99,0
0,0,-3,100,0
0,0,-3,101,0
0,0,-3,102,0
0,0,-3,103,0
0,0,-3,104,0
0,0,-3,105,0
0,0,-3,106,0
0,0,-3,107,0
0,0,-3,108,0
0,0,-3,109,0
0,0,-3,110,0
0,0,-3,111,0
0,0,-2,0,0
0,0,-2,1,0
0,0,-2,2,0
0,0,-2,3,0
0,0,-2,4,0
0,0,-2,5,0
0,0,-2,6,0
0,0,-2,7,0
0,0,-2,8,0
0,0,-2,9,0
0,0,-2,10,0
0,0,-2,11,0
0,0,-2,12,0
0,0,-2,13,0
0,0,-2,14,0
0,0,-2,15,0
0,0,-2,16,0
0,0,-2,17,0
0,0,-2,18,0
0,0,-2,19,0
0,0,-2,20,0
0,0,-2,21,0
0,0,-2,22,0
0,0,-2,23,0
0,0,-2,24,0
0,0,-2,25,0
0,0,-2,26,0
0,0,-2,27,0
0,0,-2,28,0
0,0,-2,29,0
0,0,-2,30,0
0,0,-2,31,0
0,0,-2,32,0
0,0,-2,33,0
0,0,-2,34,0
0,0,-2,35,0
0,0,-2,36,0
0,0,-2,37,0
0,0,-2,38,0
0,0,-2,39,0
0,0,-2,40,0
0,0,-2,41,0
0,0,-2,42,0
0,0,-2,43,0
0,0,-2,44,0
0,0,-2,45,0
0,0,-2,46,0
0,0,-2,47,0
0,0,-2,48,0
0,0,-2,49,0
0,0,-2,50,0
0,0,-2,51,0
0,0,-2,52,0
0,0,-2,53,0
0,0,-2,54,0
0,0,-2,55,0
0,0,-2,56,0
0,0,-2,57,0
0,0,-2,58,0
0,0,-2,59,0
0,0,-2,60,0
0,0,-2,61,0
0,0,-2,62,0
0,0,-2,63,0
0,0,-2,64,0
0,0,-2,65,0
0,0,-2,66,0
0,0,-2,67,0
0,0,-2,68,0
0,0,-2,69,0
0,0,-2,70,0
0,0,-2,71,0
0,0,-2,72,0
0,0,-2,73,0
0,0,-2,74,0
0,0,-2,75,0
0,0,-2,76,0
0,0,-2,77,0
0,0,-2,78,0
0,0,-2,79,0
0,0,-2,80,0
0,0,-2,81,0
0,0,-2,82,0
0,0,-2,83,0
0,0,-2,84,0
0,0,-2,85,0
0,0,-2,86,0
0,0,-2,87,0
0,0,-2,88,0
0,0,-2,89,0
0,0,-2,90,0
0,0,-2,91,0
0,0,-2,92,0
0,0,-2,93,0
0,0,-2,94,0
0,0,-2,95,0
0,0,-2,96,0
0,0,-2,97,0
0,0,-2,98,0
0,0,-2,99,0
0,0,-2,100,0
0,0,-2,101,0
0,0,-2,102,0
0,0,-2,103,0
0,0,-2,104,0
0,0,-2,105,0
0,0,-2,106,0
0,0,-2,107,0
0,0,-2,108,0
0,0,-2,109,0
0,0,-2,110,0
0,0,-2,111,0
0,0,-1,0,0
0,0,-1,1,0
0,0,-1,2,0
0,0,-1,3,0
0,0,-1,4,0
0,0,-1,5,0
0,0,-1,6,0
0,0,-1,7,0
0,0,-1,8,0
0,0,-1,9,0
0,0,-1,10,0
0,0,-1,11,0
0,0,-1,12,0
0,0,-1,13,0
0,0,-1,14,0
0,0,-1,15,0
0,0,-1,16,0
0,0,-1,17,0
0,0,-1,18,0
0,0,-1,19,0
0,0,-1,20,0
0,0,-1,21,0
0,0,-1,22,0
0,0,-1,23,0
0,0,-1,24,0
0,0,-1,25,0
0,0,-1,26,0
0,0,-1,27,0
0,0,-1,28,0
0,0,-1,29,0
0,0,-1,30,0
0,0,-1,31,0
0,0,-1,32,0
0,0,-1,33,0
0,0,-1,34,0
0,0,-1,35,0
0,0,-1,36,0
0,0,-1,37,0
0,0,-1,38,0
0,0,-1,39,0
0,0,-1,40,0
0,0,-1,41,0
0,0,-1,42,0
0,0,-1,43,0
0,0,-1,44,0
0,0,-1,45,0
0,0,-1,46,0
0,0,-1,47,0
0,0,-1,48,0
0,0,-1,49,0
0,0,-1,50,0
0,0,-1,51,0
0,0,-1,52,0
0,0,-1,53,0
0,0,-1,54,0
0,0,-1,55,0
0,0,-1,56,0
0,0,-1,57,0
0,0,-1,58,0
0,0,-1,59,0
0,0,-1,60,0
0,0,-1,61,0
0,0,-1,62,0
0,0,-1,63,0
0,0,-1,64,0
0,0,-1,65,0
0,0,-1,66,0
0,0,-1,67,0
0,0,-1,68,0
0,0,-1,69,0
0,0,-1,70,0
0,0,-1,71,0
0,0,-1,72,0
0,0,-1,73,0
0,0,-1,74,0
0,0,-1,75,0
0,0,-1,76,0
0,0,-1,77,0
0,0,-1,78,0
0,0,-1,79,0
0,0,-1,80,0
0,0,-1,81,0
0,0,-1,82,0
0,0,-1,83,0
0,0,-1,84,0
0,0,-1,85,0
0,0,-1,86,0
0,0,-1,87,0
0,0,-1,88,0
0,0,-1,89,0
0,0,-1,90,0
0,0,-1,91,0
0,0,-1,92,0
0,0,-1,93,0
0,0,-1,94,0
0,0,-1,95,0
0,0,-1,96,0
0,0,-1,97,0
0,0,-1,98,0
0,0,-1,99,0
0,0,-1,100,0
0,0,-1,101,0
0,0,-1,102,0
0,0,-1,103,0
0,0,-1,104,0
0,0,-1,105,0
0,0,-1,106,0
0,0,-1,107,0
0,0,-1,108,0
0,0,-1,109,0
0,0,-1,110,0
0,0,-1,111,0
0,0,0,0,0
0,0,0,1,0
0,0,0,2,0
0,0,0,3,0
0,0,0,4,0
0,0,0,5,0
0,0,0,6,0
0,0,0,7,0
0,0,0,8,0
0,0,0,9,0
0,0,0,10,0
0,0,0,11,0
0,0,0,12,0
0,0,0,13,0
0,0,0,14,0
0,0,0,15,0
0,0,0,16,0
0,0,0,17,0
0,0,0,18,0
0,0,0,19,0
0,0,0,20,0
0,0,0,21,0
0,0,0,22,0
0,0,0,23,0
0,0,0,24,0
0,0,0,25,0
0,0,0,26,0
0,0,0,27,0
0,0,0,28,0
0,0,0,29,0
0,0,0,30,0
0,0,0,31,0
0,0,0,32,0
0,0,0,33,0
0,0,0,34,0
0,0,0,35,0
0,0,0,36,0
0,0,0,37,0
0,0,0,38,0
0,0,0,39,0
0,0,0,40,0
0,0,0,41,0
0,0,0,42,0
0,0,0,43,0
0,0,0,44,0
0,0,0,45,0
0,0,0,46,0
0,0,0,47,0
0,0,0,48,0
0,0,0,49,0
0,0,0,50,0
0,0,0,51,0
0,0,0,52,0
0,0,0,53,0
0,0,0,54,0
0,0,0,55,0
0,0,0,56,0
0,0,0,57,0
0,0,0,58,0
0,0,0,59,0
0,0,0,60,0
0,0,0,61,0
0,0,0,62,0
0,0,0,63,0
0,0,0,64,0
0,0,0,65,0
0,0,0,66,0
0,0,0,67,0
0,0,0,68,0
0,0,0,69,0
0,0,0,70,0
0,0,0,71,0
0,0,0,72,0
0,0,0,73,0
0,0,0,74,0
0,0,0,75,0
0,0,0,76,0
0,0,0,77,0
0,0,0,78,0
0,0,0,79,0
0,0,0,80,0
0,0,0,81,0
0,0,0,82,0
0,0,0,83,0
0,0,0,84,0
0,0,0,85,0
0,0,0,86,0
0,0,0,87,0
0,0,0,88,0
0,0,0,89,0
0,0,0,90,0
0,0,0,91,0
0,0,0,92,0
0,0,0,93,0
0,0,0,94,0
0,0,0,95,0
0,0,0,96,0
0,0,0,97,0
0,0,0,98,0
0,0,0,99,0
0,0,0,100,0
0,0,0,101,0
0,0,0,102,0
0,0,0,103,0
0,0,0,104,0
0,0,0,105,0
0,0,0,106,0
0,0,0,107,0
0,0,0,108,0
0,0,0,109,0
0,0,0,110,0
0,0,0,111,0
0,0,1,0,0
0,0,1,1,0
0,0,1,2,0
0,0,1,3,0
0,0,1,4,0
0,0,1,5,0
0,0,1,6,0
0,0,1,7,0
0,0,1,8,0
0,0,1,9,0
0,0,1,10,0
0,0,1,11,0
0,0,1,12,0
0,0,1,13,0
0,0,1,14,0
0,0,1,15,0
0,0,1,16,0
0,0,1,17,0
0,0,1,18,0
0,0,1,19,0
0,0,1,20,0
0,0,1,21,0
0,0,1,22,0
0,0,1,23,0
0,0,1,24,0
0,0,1,25,0
0,0,1,26,0
0,0,1,27,0
0,0,1,28,0
0,0,1,29,0
0,0,1,30,0
0,0,1,31,0
0,0,1,32,0
0,0,1,33,0
0,0,1,34,0
0,0,1,35,0
0,0,1,36,0
0,0,1,37,0
0,0,1,38,0
0,0,1,39,0
0,0,1,40,0
0,0,1,41,0
0,0,1,42,0
0,0,1,43,0
0,0,1,44,0
0,0,1,45,0
0,0,1,46,0
0,0,1,47,0
0,0,1,48,0
0,0,1,49,0
0,0,1,50,0
0,0,1,51,0
0,0,1,52,0
0,0,1,53,0
0,0,1,54,0
0,0,1,55,0
0,0,1,56,0
0,0,1,57,0
0,0,1,58,0
0,0,1,59,0
0,0,1,60,0
0,0,1,61,0
0,0,1,62,0
0,0,1,63,0
0,0,1,64,0
0,0,1,65,0
0,0,1,66,0
0,0,1,67,0
0,0,1,68,0
0,0,1,69,0
0,0,1,70,0
0,0,1,71,0
0,0,1,72,0
0,0,1,73,0
0,0,1,74,0
0,0,1,75,0
0,0,1,76,0
0,0,1,77,0
0,0,1,78,0
0,0,1,79,0
0,0,1,80,0
0,0,1,81,0
0,0,1,82,0
0,0,1,83,0
0,0,1,84,0
0,0,1,85,0
0,0,1,86,0
0,0,1,87,0
0,0,1,88,0
0,0,1,89,0
0,0,1,90,0
0,0,1,91,0
0,0,1,92,0
0,0,1,93,0
0,0,1,94,0
0,0,1,95,0
0,0,1,96,0
0,0,1,97,0
0,0,1,98,0
0,0,1,99,0
0,0,1,100,0
0,0,1,101,0
0,0,1,102,0
0,0,1,103,0
0,0,1,104,0
0,0,1,105,0
0,0,1,106,0
0,0,1,107,0
0,0,1,108,0
0,0,1,109,0
0,0,1,110,0
0,0,1,111,0
0,0,2,0,0
0,0,2,1,0
0,0,2,2,0
0,0,2,3,0
0,0,2,4,0
0,0,2,5,0
0,0,2,6,0
0,0,2,7,0
0,0,2,8,0
0,0,2,9,0
0,0,2,10,0
0,0,2,11,0
0,0,2,12,0
0,0,2,13,0
0,0,2,14,0
0,0,2,15,0
0,0,2,16,0
0,0,2,17,0
0,0,2,18,0
0,0,2,19,0
0,0,2,20,0
0,0,2,21,0
0,0,2,22,0
0,0,2,23,0
0,0,2,24,0
0,0,2,25,0
0,0,2,26,0
0,0,2,27,0
0,0,2,28,0
0,0,2,29,0
0,0,2,30,0
0,0,2,31,0
0,0,2,32,0
0,0,2,33,0
0,0,2,34,0
0,0,2,35,0
0,0,2,36,0
0,0,2,37,0
0,0,2,38,0
0,0,2,39,0
0,0,2,40,0
0,0,2,41,0
0,0,2,42,0
0,0,2,43,0
0,0,2,44,0
0,0,2,45,0
0,0,2,46,0
0,0,2,47,0
0,0,2,48,0
0,0,2,49,0
0,0,2,50,0
0,0,2,51,0
0,0,2,52,0
0,0,2,53,0
0,0,2,54,0
0,0,2,55,0
0,0,2,56,0
0,0,2,57,0
0,0,2,58,0
0,0,2,59,0
0,0,2,60,0
0,0,2,61,0
0,0,2,62,0
0,0,2,63,0
0,0,2,64,0
0,0,2,65,0
0,0,2,66,0
0,0,2,67,0
0,0,2,68,0
0,0,2,69,0
0,0,2,70,0
0,0,2,71,0
0,0,2,72,0
0,0,2,73,0
0,0,2,74,0
0,0,2,75,0
0,0,2,76,0
0,0,2,77,0
0,0,2,78,0
0,0,2,79,0
0,0,2,80,0
0,0,2,81,0
0,0,2,82,0
0,0,2,83,0
0,0,2,84,0
0,0,2,85,0
0,0,2,86,0
0,0,2,87,0
0,0,2,88,0
0,0,2,89,0
0,0,2,90,0
0,0,2,91,0
0,0,2,92,0
0,0,2,93,0
0,0,2,94,0
0,0,2,95,0
0,0,2,96,0
0,0,2,97,0
0,0,2,98,0
0,0,2,99,0
0,0,2,100,0
0,0,2,101,0
0,0,2,102,0
0,0,2,103,0
0,0,2,104,0
0,0,2,105,0
0,0,2,106,0
0,0,2,107,0
0,0,2,108,0
0,0,2,109,0
0,0,2,110,0
0,0,2,111,0
0,0,3,0,0
0,0,3,1,0
0,0,3,2,0
0,0,3,3,0
0,0,3,4,0
0,0,3,5,0
0,0,3,6,0
0,0,3,7,0
0,0,3,8,0
0,0,3,9,0
0,0,3,10,0
0,0,3,11,0
0,0,3,12,0
0,0,3,13,0
0,0,3,14,0
0,0,3,15,0
0,0,3,16,0
0,0,3,17,0
0,0,3,18,0
0,0,3,19,0
0,0,3,20,0
0,0,3,21,0
0,0,3,22,0
0,0,3,23,0
0,0,3,24,0
0,0,3,25,0
0,0,3,26,0
0,0,3,27,0
0,0,3,28,0
0,0,3,29,0
0,0,3,30,0
0,0,3,31,0
0,0,3,32,0
0,0,3,33,0
0,0,3,34,0
0,0,3,35,0
0,0,3,36,0
0,0,3,37,0
0,0,3,38,0
0,0,3,39,0
0,0,3,40,0
0,0,3,41,0
0,0,3,42,0
0,0,3,43,0
0,0,3,44,0
0,0,3,45,0
0,0,3,46,0
0,0,3,47,0
0,0,3,48,0
0,0,3,49,0
0,0,3,50,0
0,0,3,51,0
0,0,3,52,0
0,0,3,53,0
0,0,3,54,0
0,0,3,55,0
0,0,3,56,0
0,0,3,57,0
0,0,3,58,0
0,0,3,59,0
0,0,3,60,0
0,0,3,61,0
0,0,3,62,0
0,0,3,63,0
0,0,3,64,0
0,0,3,65,0
0,0,3,66,0
0,0,3,67,0
0,0,3,68,0
0,0,3,69,0
0,0,3,70,0
0,0,3,71,0
0,0,3,72,0
0,0,3,73,0
0,0,3,74,0
0,0,3,75,0
0,0,3,76,0
0,0,3,77,0
0,0,3,78,0
0,0,3,79,0
0,0,3,80,0
0,0,3,81,0
0,0,3,82,0
0,0,3,83,0
0,0,3,84,0
0,0,3,85,0
0,0,3,86,0
0,0,3,87,0
0,0,3,88,0
0,0,3,89,0
0,0,3,90,0
0,0,3,91,0
0,0,3,92,0
0,0,3,93,0
0,0,3,94,0
0,0,3,95,0
0,0,3,96,0
0,0,3,97,0
0,0,3,98,0
0,0,3,99,0
0,0,3,100,0
0,0,3,101,0
0,0,3,102,0
0,0,3,103,0
0,0,3,104,0
0,0,3,105,0
0,0,3,106,0
0,0,3,107,0
0,0,3,108,0
0,0,3,109,0
0,0,3,110,0
0,0,3,111,0
0,0,4,0,0
0,0,4,1,0
0,0,4,2,0
0,0,4,3,0
0,0,4,4,0
0,0,4,5,0
0,0,4,6,0
0,0,4,7,0
0,0,4,8,0
0,0,4,9,0
0,0,4,10,0
0,0,4,11,0
0,0,4,12,0
0,0,4,13,0
0,0,4,14,0
0,0,4,15,0
0,0,4,16,0
0,0,4,17,0
0,0,4,18,0
0,0,4,19,0
0,0,4,20,0
0,0,4,21,0
0,0,4,22,0
0,0,4,23,0
0,0,4,24,0
0,0,4,25,0
0,0,4,26,0
0,0,4,27,0
0,0,4,28,0
0,0,4,29,0
0,0,4,30,0
0,0,4,31,0
0,0,4,32,0
0,0,4,33,0
0,0,4,34,0
0,0,4,35,0
0,0,4,36,0
0,0,4,37,0
0,0,4,38,0
0,0,4,39,0
0,0,4,40,0
0,0,4,41,0
0,0,4,42,0
0,0,4,43,0
0,0,4,44,0
0,0,4,45,0
0,0,4,46,0
0,0,4,47,0
0,0,4,48,0
0,0,4,49,0
0,0,4,50,0
0,0,4,51,0
0,0,4,52,0
0,0,4,53,0
0,0,4,54,0
0,0,4,55,0
0,0,4,56,0
0,0,4,57,0
0,0,4,58,0
0,0,4,59,0
0,0,4,60,0
0,0,4,61,0
0,0,4,62,0
0,0,4,63,0
0,0,4,64,0
0,0,4,65,0
0,0,4,66,0
0,0,4,67,0
0,0,4,68,0
0,0,4,69,0
0,0,4,70,0
0,0,4,71,0
0,0,4,72,0
0,0,4,73,0
0,0,4,74,0
0,0,4,75,0
0,0,4,76,0
0,0,4,77,0
0,0,4,78,0
0,0,4,79,0
0,0,4,80,0
0,0,4,81,0
0,0,4,82,0
0,0,4,83,0
0,0,4,84,0
0,0,4,85,0
0,0,4,86,0
0,0,4,87,0
0,0,4,88,0
0,0,4,89,0
0,0,4,90,0
0,0,4,91,0
0,0,4,92,0
0,0,4,93,0
0,0,4,94,0
0,0,4,95,0
0,0,4,96,0
0,0,4,97,0
0,0,4,98,0
0,0,4,99,0
0,0,4,100,0
0,0,4,101,0
0,0,4,102,0
0,0,4,103,0
0,0,4,104,0
0,0,4,105,0
0,0,4,106,0
0,0,4,107,0
0,0,4,108,0
0,0,4,109,0
0,0,4,110,0
0,0,4,111,0
0,0,5,0,0
0,0,5,1,0
0,0,5,2,0
0,0,5,3,0
0,0,5,4,0
0,0,5,5,0
0,0,5,6,0
0,0,5,7,0
0,0,5,8,0
0,0,5,9,0
0,0,5,10,0
0,0,5,11,0
0,0,5,12,0
0,0,5,13,0
0,0,5,14,0
0,0,5,15,0
0,0,5,16,0
0,0,5,17,0
0,0,5,18,0
0,0,5,19,0
0,0,5,20,0
0,0,5,21,0
0,0,5,22,0
0,0,5,23,0
0,0,5,24,0
0,0,5,25,0
0,0,5,26,0
0,0,5,27,0
0,0,5,28,0
0,0,5,29,0
0,0,5,30,0
0,0,5,31,0
0,0,5,32,0
0,0,5,33,0
0,0,5,34,0
0,0,5,35,0
0,0,5,36,0
0,0,5,37,0
0,0,5,38,0
0,0,5,39,0
0,0,5,40,0
0,0,5,41,0
0,0,5,42,0
0,0,5,43,0
0,0,5,44,0
0,0,5,45,0
0,0,5,46,0
0,0,5,47,0
0,0,5,48,0
0,0,5,49,0
0,0,5,50,0
0,0,5,51,0
0,0,5,52,0
0,0,5,53,0
0,0,5,54,0
0,0,5,55,0
0,0,5,56,0
0,0,5,57,0
0,0,5,58,0
0,0,5,59,0
0,0,5,60,0
0,0,5,61,0
0,0,5,62,0
0,0,5,63,0
0,0,5,64,0
0,0,5,65,0
0,0,5,66,0
0,0,5,67,0
0,0,5,68,0
0,0,5,69,0
0,0,5,70,0
0,0,5,71,0
0,0,5,72,0
0,0,5,73,0
0,0,5,74,0
0,0,5,75,0
0,0,5,76,0
0,0,5,77,0
0,0,5,78,0
0,0,5,79,0
0,0,5,80,0
0,0,5,81,0
0,0,5,82,0
0,0,5,83,0
0,0,5,84,0
0,0,5,85,0
0,0,5,86,0
0,0,5,87,0
0,0,5,88,0
0,0,5,89,0
0,0,5,90,0
0,0,5,91,0
0,0,5,92,0
0,0,5,93,0
0,0,5,94,0
0,0,5,95,0
0,0,5,96,0
0,0,5,97,0
0,0,5,98,0
0,0,5,99,0
0,0,5,100,0
0,0,5,101,0
0,0,5,102,0
0,0,5,103,0
0,0,5,104,0
0,0,5,105,0
0,0,5,106,0
0,0,5,107,0
0,0,5,108,0
0,0,5,109,0
0,0,5,110,0
0,0,5,111,0
0,0,6,0,0
0,0,6,1,0
0,0,6,2,0
0,0,6,3,0
0,0,6,4,0
0,0,6,5,0
0,0,6,6,0
0,0,6,7,0
0,0,6,8,0
0,0,6,9,0
0,0,6,10,0
0,0,6,11,0
0,0,6,12,0
0,0,6,13,0
0,0,6,14,0
0,0,6,15,0
0,0,6,16,0
0,0,6,17,0
0,0,6,18,0
0,0,6,19,0
0,0,6,20,0
0,0,6,21,0
0,0,6,22,0
0,0,6,23,0
0,0,6,24,0
0,0,6,25,0
0,0,6,26,0
0,0,6,27,0
0,0,6,28,0
0,0,6,29,0
0,0,6,30,0
0,0,6,31,0
0,0,6,32,0
0,0,6,33,0
0,0,6,34,0
0,0,6,35,0
0,0,6,36,0
0,0,6,37,0
0,0,6,38,0
0,0,6,39,0
0,0,6,40,0
0,0,6,41,0
0,0,6,42,0
0,0,6,43,0
0,0,6,44,0
0,0,6,45,0
0,0,6,46,0
0,0,6,47,0
0,0,6,48,0
0,0,6,49,0
0,0,6,50,0
0,0,6,51,0
0,0,6,52,0
0,0,6,53,0
0,0,6,54,0
0,0,6,55,0
0,0,6,56,0
0,0,6,57,0
0,0,6,58,0
0,0,6,59,0
0,0,6,60,0
0,0,6,61,0
0,0,6,62,0
0,0,6,63,0
0,0,6,64,0
0,0,6,65,0
0,0,6,66,0
0,0,6,67,0
0,0,6,68,0
0,0,6,69,0
0,0,6,70,0
0,0,6,71,0
0,0,6,72,0
0,0,6,73,0
0,0,6,74,0
0,0,6,75,0
0,0,6,76,0
0,0,6,77,0
0,0,6,78,0
0,0,6,79,0
0,0,6,80,0
0,0,6,81,0
0,0,6,82,0
0,0,6,83,0
0,0,6,84,0
0,0,6,85,0
0,0,6,86,0
0,0,6,87,0
0,0,6,88,0
0,0,6,89,0
0,0,6,90,0
0,0,6,91,0
0,0,6,92,0
0,0,6,93,0
0,0,6,94,0
0,0,6,95,0
0,0,6,96,0
0,0,6,97,0
0,0,6,98,0
0,0,6,99,0
0,0,6,100,0
0,0,6,101,0
0,0,6,102,0
0,0,6,103,0
0,0,6,104,0
0,0,6,105,0
0,0,6,106,0
0,0,6,107,0
0,0,6,108,0
0,0,6,109,0
0,0,6,110,0
0,0,6,111,0
0,0,7,0,0
0,0,7,1,0
0,0,7,2,0
0,0,7,3,0
0,0,7,4,0
0,0,7,5,0
0,0,7,6,0
0,0,7,7,0
0,0,7,8,0
0,0,7,9,0
0,0,7,10,0
0,0,7,11,0
0,0,7,12,0
0,0,7,13,0
0,0,7,14,0
0,0,7,15,0
0,0,7,16,0
0,0,7,17,0
0,0,7,18,0
0,0,7,19,0
0,0,7,20,0
0,0,7,21,0
0,0,7,22,0
0,0,7,23,0
0,0,7,24,0
0,0,7,25,0
0,0,7,26,0
0,0,7,27,0
0,0,7,28,0
0,0,7,29,0
0,0,7,30,0
0,0,7,31,0
0,0,7,32,0
0,0,7,33,0
0,0,7,34,0
0,0,7,35,0
0,0,7,36,0
0,0,7,37,0
0,0,7,38,0
0,0,7,39,0
0,0,7,40,0
0,0,7,41,0
0,0,7,42,0
0,0,7,43,0
0,0,7,44,0
0,0,7,45,0
0,0,7,46,0
0,0,7,47,0
0,0,7,48,0
0,0,7,49,0
0,0,7,50,0
0,0,7,51,0
0,0,7,52,0
0,0,7,53,0
0,0,7,54,0
0,0,7,55,0
0,0,7,56,0
0,0,7,57,0
0,0,7,58,0
0,0,7,59,0
0,0,7,60,0
0,0,7,61,0
0,0,7,62,0
0,0,7,63,0
0,0,7,64,0
0,0,7,65,0
0,0,7,66,0
0,0,7,67,0
0,0,7,68,0
0,0,7,69,0
0,0,7,70,0
0,0,7,71,0
0,0,7,72,0
0,0,7,73,0
0,0,7,74,0
0,0,7,75,0
0,0,7,76,0
0,0,7,77,0
0,0,7,78,0
0,0,7,79,0
0,0,7,80,0
0,0,7,81,0
0,0,7,82,0
0,0,7,83,0
0,0,7,84,0
0,0,7,85,0
0,0,7,86,0
0,0,7,87,0
0,0,7,88,0
0,0,7,89,0
0,0,7,90,0
0,0,7,91,0
0,0,7,92,0
0,0,7,93,0
0,0,7,94,0
0,0,7,95,0
0,0,7,96,0
0,0,7,97,0
0,0,7,98,0
0,0,7,99,0
0,0,7,100,0
0,0,7,101,0
0,0,7,102,0
0,0,7,103,0
0,0,7,104,0
0,0,7,105,0
0,0,7,106,0
0,0,7,107,0
0,0,7,108,0
0,0,7,109,0
0,0,7,110,0
0,0,7,111,0
0,1,-8,0,1
0,1,-8,1,2
0,1,-8,2,3
0,1,-8,3,4
0,1,-8,4,5
0,1,-8,5,6
0,1,-8,6,7
0,1,-8,7,8
0,1,-8,8,0
0,1,-8,9,0
0,1,-8,10,0
0,1,-8,11,0
0,1,-8,12,0
0,1,-8,13,0
0,1,-8,14,0
0,1,-8,15,0
0,1,-8,16,0
0,1,-8,17,0
0,1,-8,18,0
0,1,-8,19,0
0,1,-8,20,0
0,1,-8,21,0
0,1,-8,22,0
0,1,-8,23,0
0,1,-8,24,0
0,1,-8,25,0
0,1,-8,26,0
0,1,-8,27,0
0,1,-8,28,0
0,1,-8,29,0
0,1,-8,30,0
0,1,-8,31,0
0,1,-8,32,0
0,1,-8,33,0
0,1,-8,34,0
0,1,-8,35,0
0,1,-8,36,0
0,1,-8,37,0
0,1,-8,38,0
0,1,-8,39,0
0,1,-8,40,0
0,1,-8,41,0
0,1,-8,42,0
0,1,-8,43,0
0,1,-8,44,0
0,1,-8,45,0
0,1,-8,46,0
0,1,-8,47,0
0,1,-8,48,0
0,1,-8,49,0
0,1,-8,50,0
0,1,-8,51,0
0,1,-8,52,0
0,1,-8,53,0
0,1,-8,54,0
0,1,-8,55,0
0,1,-8,56,0
0,1,-8,57,0
0,1,-8,58,0
0,1,-8,59,0
0,1,-8,60,0
0,1,-8,61,0
0,1,-8,62,0
0,1,-8,63,0
0,1,-8,64,0
0,1,-8,65,0
0,1,-8,66,0
0,1,-8,67,0
0,1,-8,68,0
0,1,-8,69,0
0,1,-8,70,0
0,1,-8,71,0
0,1,-8,72,0
0,1,-8,73,0
0,1,-8,74,0
0,1,-8,75,0
0,1,-8,76,0
0,1,-8,77,0
0,1,-8,78,0
0,1,-8,79,0
0,1,-8,80,0
0,1,-8,81,0
0,1,-8,82,0
0,1,-8,83,0
0,1,-8,84,0
0,1,-8,85,0
0,1,-8,86,0
0,1,-8,87,0
0,1,-8,88,0
0,1,-8,89,0
0,1,-8,90,0
0,1,-8,91,0
0,1,-8,92,0
0,1,-8,93,0
0,1,-8,94,0
0,1,-8,95,0
0,1,-8,96,0
0,1,-8,97,0
0,1,-8,98,0
0,1,-8,99,0
0,1,-8,100,0
0,1,-8,101,0
0,1,-8,102,0
0,1,-8,103,0
0,1,-8,104,0
0,1,-8,105,0
0,1,-8,106,0
0,1,-8,107,0
0,1,-8,108,0
0,1,-8,109,0
0,1,-8,110,0
0,1,-8,111,0
0,1,-7,0,1
0,1,-7,1,2
0,1,-7,2,3
0,1,-7,3,4
0,1,-7,4,5
0,1,-7,5,6
0,1,-7,6,7
0,1,-7,7,8
0,1,-7,8,0
0,1,-7,9,0
0,1,-7,10,0
0,1,-7,11,0
0,1,-7,12,0
0,1,-7,13,0
0,1,-7,14,0
0,1,-7,15,0
0,1,-7,16,0
0,1,-7,17,0
0,1,-7,18,0
0,1,-7,19,0
0,1,-7,20,0
0,1,-7,21,0
0,1,-7,22,0
0,1,-7,23,0
0,1,-7,24,0
0,1,-7,25,0
0,1,-7,26,0
0,1,-7,27,0
0,1,-7,28,0
0,1,-7,29,0
0,1,-7,30,0
0,1,-7,31,0
0,1,-7,32,0
0,1,-7,33,0
0,1,-7,34,0
0,1,-7,35,0
0,1,-7,36,0
0,1,-7,37,0
0,1,-7,38,0
0,1,-7,39,0
0,1,-7,40,0
0,1,-7,41,0
0,1,-7,42,0
0,1,-7,43,0
0,1,-7,44,0
0,1,-7,45,0
0,1,-7,46,0
0,1,-7,47,0
0,1,-7,48,0
0,1,-7,49,0
0,1,-7,50,0
0,1,-7,51,0
0,1,-7,52,0
0,1,-7,53,0
0,1,-7,54,0
0,1,-7,55,0
0,1,-7,56,0
0,1,-7,57,0
0,1,-7,58,0
0,1,-7,59,0
0,1,-7,60,0
0,1,-7,61,0
0,1,-7,62,0
0,1,-7,63,0
0,1,-7,64,0
0,1,-7,65,0
0,1,-7,66,0
0,1,-7,67,0
0,1,-7,68,0
0,1,-7,69,0
0,1,-7,70,0
0,1,-7,71,0
0,1,-7,72,0
0,1,-7,73,0
0,1,-7,74,0
0,1,-7,75,0
0,1,-7,76,0
0,1,-7,77,0
0,1,-7,78,0
0,1,-7,79,0
0,1,-7,80,0
0,1,-7,81,0
0,1,-7,82,0
0,1,-7,83,0
0,1,-7,84,0
0,1,-7,85,0
0,1,-7,86,0
0,1,-7,87,0
0,1,-7,88,0
0,1,-7,89,0
0,1,-7,90,0
0,1,-7,91,0
0,1,-7,92,0
0,1,-7,93,0
0,1,-7,94,0
0,1,-7,95,0
0,1,-7,96,0
0,1,-7,97,0
0,1,-7,98,0
0,1,-7,99,0
0,1,-7,100,0
0,1,-7,101,0
0,1,-7,102,0
0,1,-7,103,0
0,1,-7,104,0
0,1,-7,105,0
0,1,-7,106,0
0,1,-7,107,0
0,1,-7,108,0
0,1,-7,109,0
0,1,-7,110,0
0,1,-7,111,0
0,1,-6,0,1
0,1,-6,1,2
0,1,-6,2,3
0,1,-6,3,4
0,1,-6,4,5
0,1,-6,5,6
0,1,-6,6,7
0,1,-6,7,8
0,1,-6,8,0
0,1,-6,9,0
0,1,-6,10,0
0,1,-6,11,0
0,1,-6,12,0
0,1,-6,13,0
0,1,-6,14,0
0,1,-6,15,0
0,1,-6,16,0
0,1,-6,17,0
0,1,-6,18,0
0,1,-6,19,0
0,1,-6,20,0
0,1,-6,21,0
0,1,-6,22,0
0,1,-6,23,0
0,1,-6,24,0
0,1,-6,25,0
0,1,-6,26,0
0,1,-6,27,0
0,1,-6,28,0
0,1,-6,29,0
0,1,-6,30,0
0,1,-6,31,0
0,1,-6,32,0
0,1,-6,33,0
0,1,-6,34,0
0,1,-6,35,0
0,1,-6,36,0
0,1,-6,37,0
0,1,-6,38,0
0,1,-6,39,0
0,1,-6,40,0
0,1,-6,41,0
0,1,-6,42,0
0,1,-6,43,0
0,1,-6,44,0
0,1,-6,45,0
0,1,-6,46,0
0,1,-6,47,0
0,1,-6,48,0
0,1,-6,49,0
0,1,-6,50,0
0,1,-6,51,0
0,1,-6,52,0
0,1,-6,53,0
0,1,-6,54,0
0,1,-6,55,0
0,1,-6,56,0
0,1,-6,57,0
0,1,-6,58,0
0,1,-6,59,0
0,1,-6,60,0
0,1,-6,61,0
0,1,-6,62,0
0,1,-6,63,0
0,1,-6,64,0
0,1,-6,65,0
0,1,-6,66,0
0,1,-6,67,0
0,1,-6,68,0
0,1,-6,69,0
0,1,-6,70,0
0,1,-6,71,0
0,1,-6,72,0
0,1,-6,73,0
0,1,-6,74,0
0,1,-6,75,0
0,1,-6,76,0
0,1,-6,77,0
0,1,-6,78,0
0,1,-6,79,0
0,1,-6,80,0
0,1,-6,81,0
0,1,-6,82,0
0,1,-6,83,0
0,1,-6,84,0
0,1,-6,85,0
0,1,-6,86,0
0,1,-6,87,0
0,1,-6,88,0
0,1,-6,89,0
0,1,-6,90,0
0,1,-6,91,0
0,1,-6,92,0
0,1,-6,93,0
0,1,-6,94,0
0,1,-6,95,0
0,1,-6,96,0
0,1,-6,97,0
0,1,-6,98,0
0,1,-6,99,0
0,1,-6,100,0
0,1,-6,101,0
0,1,-6,102,0
0,1,-6,103,0
0,1,-6,104,0
0,1,-6,105,0
0,1,-6,106,0
0,1,-6,107,0
0,1,-6,108,0
0,1,-6,109,0
0,1,-6,110,0
0,1,-6,111,0
0,1,-5,0,1
0,1,-5,1,2
0,1,-5,2,3
0,1,-5,3,4
0,1,-5,4,5
0,1,-5,5,6
0,1,-5,6,7
0,1,-5,7,8
0,1,-5,8,0
0,1,-5,9,0
0,1,-5,10,0
0,1,-5,11,0
0,1,-5,12,0
0,1,-5,13,0
0,1,-5,14,0
0,1,-5,15,0
0,1,-5,16,0
0,1,-5,17,0
0,1,-5,18,0
0,1,-5,19,0
0,1,-5,20,0
0,1,-5,21,0
0,1,-5,22,0
0,1,-5,23,0
0,1,-5,24,0
0,1,-5,25,0
0,1,-5,26,0
0,1,-5,27,0
0,1,-5,28,0
0,1,-5,29,0
0,1,-5,30,0
0,1,-5,31,0
0,1,-5,32,0
0,1,-5,33,0
0,1,-5,34,0
0,1,-5,35,0
0,1,-5,36,0
0,1,-5,37,0
0,1,-5,38,0
0,1,-5,39,0
0,1,-5,40,0
0,1,-5,41,0
0,1,-5,42,0
0,1,-5,43,0
0,1,-5,44,0
0,1,-5,45,0
0,1,-5,46,0
0,1,-5,47,0
0,1,-5,48,0
0,1,-5,49,0
0,1,-5,50,0
0,1,-5,51,0
0,1,-5,52,0
0,1,-5,53,0
0,1,-5,54,0
0,1,-5,55,0
0,1,-5,56,0
0,1,-5,57,0
0,1,-5,58,0
0,1,-5,59,0
0,1,-5,60,0
0,1,-5,61,0
0,1,-5,62,0
0,1,-5,63,0
0,1,-5,64,0
0,1,-5,65,0
0,1,-5,66,0
0,1,-5,67,0
0,1,-5,68,0
0,1,-5,69,0
0,1,-5,70,0
0,1,-5,71,0
0,1,-5,72,0
0,1,-5,73,0
0,1,-5,74,0
0,1,-5,75,0
0,1,-5,76,0
0,1,-5,77,0
0,1,-5,78,0
0,1,-5,79,0
0,1,-5,80,0
0,1,-5,81,0
0,1,-5,82,0
0,1,-5,83,0
0,1,-5,84,0
0,1,-5,85,0
0,1,-5,86,0
0,1,-5,87,0
0,1,-5,88,0
0,1,-5,89,0
0,1,-5,90,0
0,1,-5,91,0
0,1,-5,92,0
0,1,-5,93,0
0,1,-5,94,0
0,1,-5,95,0
0,1,-5,96,0
0,1,-5,97,0
0,1,-5,98,0
0,1,-5,99,0
0,1,-5,100,0
0,1,-5,101,0
0,1,-5,102,0
0,1,-5,103,0
0,1,-5,104,0
0,1,-5,105,0
0,1,-5,106,0
0,1,-5,107,0
0,1,-5,108,0
0,1,-5,109,0
0,1,-5,110,0
0,1,-5,111,0
0,1,-4,0,1
0,1,-4,1,2
0,1,-4,2,3
0,1,-4,3,4
0,1,-4,4,5
0,1,-4,5,6
0,1,-4,6,7
0,1,-4,7,8
0,1,-4,8,0
0,1,-4,9,0
0,1,-4,10,0
0,1,-4,11,0
0,1,-4,12,0
0,1,-4,13,0
0,1,-4,14,0
0,1,-4,15,0
0,1,-4,16,0
0,1,-4,17,0
0,1,-4,18,0
0,1,-4,19,0
0,1,-4,20,0
0,1,-4,21,0
0,1,-4,22,0
0,1,-4,23,0
0,1,-4,24,0
0,1,-4,25,0
0,1,-4,26,0
0,1,-4,27,0
0,1,-4,28,0
0,1,-4,29,0
0,1,-4,30,0
0,1,-4,31,0
0,1,-4,32,0
0,1,-4,33,0
0,1,-4,34,0
0,1,-4,35,0
0,1,-4,36,0
0,1,-4,37,0
0,1,-4,38,0
0,1,-4,39,0
0,1,-4,40,0
0,1,-4,41,0
0,1,-4,42,0
0,1,-4,43,0
0,1,-4,44,0
0,1,-4,45,0
0,1,-4,46,0
0,1,-4,47,0
0,1,-4,48,0
0,1,-4,49,0
0,1,-4,50,0
0,1,-4,51,0
0,1,-4,52,0
0,1,-4,53,0
0,1,-4,54,0
0,1,-4,55,0
0,1,-4,56,0
0,1,-4,57,0
0,1,-4,58,0
0,1,-4,59,0
0,1,-4,60,0
0,1,-4,61,0
0,1,-4,62,0
0,1,-4,63,0
0,1,-4,64,0
0,1,-4,65,0
0,1,-4,66,0
0,1,-4,67,0
0,1,-4,68,0
0,1,-4,69,0
0,1,-4,70,0
0,1,-4,71,0
0,1,-4,72,0
0,1,-4,73,0
0,1,-4,74,0
0,1,-4,75,0
0,1,-4,76,0
0,1,-4,77,0
0,1,-4,78,0
0,1,-4,79,0
0,1,-4,80,0
0,1,-4,81,0
0,1,-4,82,0
0,1,-4,83,0
0,1,-4,84,0
0,1,-4,85,0
0,1,-4,86,0
0,1,-4,87,0
0,1,-4,88,0
0,1,-4,89,0
0,1,-4,90,0
0,1,-4,91,0
0,1,-4,92,0
0,1,-4,93,0
0,1,-4,94,0
0,1,-4,95,0
0,1,-4,96,0
0,1,-4,97,0
0,1,-4,98,0
0,1,-4,99,0
0,1,-4,100,0
0,1,-4,101,0
0,1,-4,102,0
0,1,-4,103,0
0,1,-4,104,0
0,1,-4,105,0
0,1,-4,106,0
0,1,-4,107,0
0,1,-4,108,0
0,1,-4,109,0
0,1,-4,110,0
0,1,-4,111,0
0,1,-3,0,1
0,1,-3,1,2
0,1,-3,2,3
0,1,-3,3,4
0,1,-3,4,5
0,1,-3,5,6
0,1,-3,6,7
0,1,-3,7,8
0,1,-3,8,0
0,1,-3,9,0
0,1,-3,10,0
0,1,-3,11,0
0,1,-3,12,0
0,1,-3,13,0
0,1,-3,14,0
0,1,-3,15,0
0,1,-3,16,0
0,1,-3,17,0
0,1,-3,18,0
0,1,-3,19,0
0,1,-3,20,0
0,1,-3,21,0
0,1,-3,22,0
0,1,-3,23,0
0,1,-3,24,0
0,1,-3,25,0
0,1,-3,26,0
0,1,-3,27,0
0,1,-3,28,0
0,1,-3,29,0
0,1,-3,30,0
0,1,-3,31,0
0,1,-3,32,0
0,1,-3,33,0
0,1,-3,34,0
0,1,-3,35,0
0,1,-3,36,0
0,1,-3,37,0
0,1,-3,38,0
0,1,-3,39,0
0,1,-3,40,0
0,1,-3,41,0
0,1,-3,42,0
0,1,-3,43,0
0,1,-3,44,0
0,1,-3,45,0
0,1,-3,46,0
0,1,-3,47,0
0,1,-3,48,0
0,1,-3,49,0
0,1,-3,50,0
0,1,-3,51,0
0,1,-3,52,0
0,1,-3,53,0
0,1,-3,54,0
0,1,-3,55,0
0,1,-3,56,0
0,1,-3,57,0
0,1,-3,58,0
0,1,-3,59,0
0,1,-3,60,0
0,1,-3,61,0
0,1,-3,62,0
0,1,-3,63,0
0,1,-3,64,0
0,1,-3,65,0
0,1,-3,66,0
0,1,-3,67,0
0,1,-3,68,0
0,1,-3,69,0
0,1,-3,70,0
0,1,-3,71,0
0,1,-3,72,0
0,1,-3,73,0
0,1,-3,74,0
0,1,-3,75,0
0,1,-3,76,0
0,1,-3,77,0
0,1,-3,78,0
0,1,-3,79,0
0,1,-3,80,0
0,1,-3,81,0
0,1,-3,82,0
0,1,-3,83,0
0,1,-3,84,0
0,1,-3,85,0
0,1,-3,86,0
0,1,-3,87,0
0,1,-3,88,0
0,1,-3,89,0
0,1,-3,90,0
0,1,-3,91,0
0,1,-3,92,0
0,1,-3,93,0
0,1,-3,94,0
0,1,-3,95,0
0,1,-3,96,0
0,1,-3,97,0
0,1,-3,98,0
0,1,-3,99,0
0,1,-3,100,0
0,1,-3,101,0
0,1,-3,102,0
0,1,-3,103,0
0,1,-3,104,0
0,1,-3,105,0
0,1,-3,106,0
0,1,-3,107,0
0,1,-3,108,0
0,1,-3,109,0
0,1,-3,110,0
0,1,-3,111,0
0,1,-2,0,1
0,1,-2,1,2
0,1,-2,2,3
0,1,-2,3,4
0,1,-2,4,5
0,1,-2,5,6
0,1,-2,6,7
0,1,-2,7,8
0,1,-2,8,0
0,1,-2,9,0
0,1,-2,10,0
0,1,-2,11,0
0,1,-2,12,0
0,1,-2,13,0
0,1,-2,14,0
0,1,-2,15,0
0,1,-2,16,0
0,1,-2,17,0
0,1,-2,18,0
0,1,-2,19,0
0,1,-2,20,0
0,1,-2,21,0
0,1,-2,22,0
0,1,-2,23,0
0,1,-2,24,0
0,1,-2,25,0
0,1,-2,26,0
0,1,-2,27,0
0,1,-2,28,0
0,1,-2,29,0
0,1,-2,30,0
0,1,-2,31,0
0,1,-2,32,0
0,1,-2,33,0
0,1,-2,34,0
0,1,-2,35,0
0,1,-2,36,0
0,1,-2,37,0
0,1,-2,38,0
0,1,-2,39,0
0,1,-2,40,0
0,1,-2,41,0
0,1,-2,42,0
0,1,-2,43,0
0,1,-2,44,0
0,1,-2,45,0
0,1,-2,46,0
0,1,-2,47,0
0,1,-2,48,0
0,1,-2,49,0
0,1,-2,50,0
0,1,-2,51,0
0,1,-2,52,0
0,1,-2,53,0
0,1,-2,54,0
0,1,-2,55,0
0,1,-2,56,0
0,1,-2,57,0
0,1,-2,58,0
0,1,-2,59,0
0,1,-2,60,0
0,1,-2,61,0
0,1,-2,62,0
0,1,-2,63,0
0,1,-2,64,0
0,1,-2,65,0
0,1,-2,66,0
0,1,-2,67,0
0,1,-2,68,0
0,1,-2,69,0
0,1,-2,70,0
0,1,-2,71,0
0,1,-2,72,0
0,1,-2,73,0
0,1,-2,74,0
0,1,-2,75,0
0,1,-2,76,0
0,1,-2,77,0
0,1,-2,78,0
0,1,-2,79,0
0,1,-2,80,0
0,1,-2,81,0
0,1,-2,82,0
0,1,-2,83,0
0,1,-2,84,0
0,1,-2,85,0
0,1,-2,86,0
0,1,-2,87,0
0,1,-2,88,0
0,1,-2,89,0
0,1,-2,90,0
0,1,-2,91,0
0,1,-2,92,0
0,1,-2,93,0
0,1,-2,94,0
0,1,-2,95,0
0,1,-2,96,0
0,1,-2,97,0
0,1,-2,98,0
0,1,-2,99,0
0,1,-2,100,0
0,1,-2,101,0
0,1,-2,102,0
0,1,-2,103,0
0,1,-2,104,0
0,1,-2,105,0
0,1,-2,106,0
0,1,-2,107,0
0,1,-2,108,0
0,1,-2,109,0
0,1,-2,110,0
0,1,-2,111,0
0,1,-1,0,1
0,1,-1,1,2
0,1,-1,2,3
0,1,-1,3,4
0,1,-1,4,5
0,1,-1,5,6
0,1,-1,6,7
0,1,-1,7,8
0,1,-1,8,0
0,1,-1,9,0
0,1,-1,10,0
0,1,-1,11,0
0,1,-1,12,0
0,1,-1,13,0
0,1,-1,14,0
0,1,-1,15,0
0,1,-1,16,0
0,1,-1,17,0
0,1,-1,18,0
0,1,-1,19,0
0,1,-1,20,0
0,1,-1,21,0
0,1,-1,22,0
0,1,-1,23,0
0,1,-1,24,0
0,1,-1,25,0
0,1,-1,26,0
0,1,-1,27,0
0,1,-1,28,0
0,1,-1,29,0
0,1,-1,30,0
0,1,-1,31,0
0,1,-1,32,0
0,1,-1,33,0
0,1,-1,34,0
0,1,-1,35,0
0,1,-1,36,0
0,1,-1,37,0
0,1,-1,38,0
0,1,-1,39,0
0,1,-1,40,0
0,1,-1,41,0
0,1,-1,42,0
0,1,-1,43,0
0,1,-1,44,0
0,1,-1,45,0
0,1,-1,46,0
0,1,-1,47,0
0,1,-1,48,0
0,1,-1,49,0
0,1,-1,50,0
0,1,-1,51,0
0,1,-1,52,0
0,1,-1,53,0
0,1,-1,54,0
0,1,-1,55,0
0,1,-1,56,0
0,1,-1,57,0
0,1,-1,58,0
0,1,-1,59,0
0,1,-1,60,0
0,1,-1,61,0
0,1,-1,62,0
0,1,-1,63,0
0,1,-1,64,0
0,1,-1,65,0
0,1,-1,66,0
0,1,-1,67,0
0,1,-1,68,0
0,1,-1,69,0
0,1,-1,70,0
0,1,-1,71,0
0,1,-1,72,0
0,1,-1,73,0
0,1,-1,74,0
0,1,-1,75,0
0,1,-1,76,0
0,1,-1,77,0
0,1,-1,78,0
0,1,-1,79,0
0,1,-1,80,0
0,1,-1,81,0
0,1,-1,82,0
0,1,-1,83,0
0,1,-1,84,0
0,1,-1,85,0
0,1,-1,86,0
0,1,-1,87,0
0,1,-1,88,0
0,1,-1,89,0
0,1,-1,90,0
0,1,-1,91,0
0,1,-1,92,0
0,1,-1,93,0
0,1,-1,94,0
0,1,-1,95,0
0,1,-1,96,0
0,1,-1,97,0
0,1,-1,98,0
0,1,-1,99,0
0,1,-1,100,0
0,1,-1,101,0
0,1,-1,102,0
0,1,-1,103,0
0,1,-1,104,0
0,1,-1,105,0
0,1,-1,106,0
0,1,-1,107,0
0,1,-1,108,0
0,1,-1,109,0
0,1,-1,110,0
0,1,-1,111,0
0,1,0,0,1
0,1,0,1,2
0,1,0,2,3
0,1,0,3,4
0,1,0,4,5
0,1,0,5,6
0,1,0,6,7
0,1,0,7,8
0,1,0,8,0
0,1,0,9,0
0,1,0,10,0
0,1,0,11,0
0,1,0,12,0
0,1,0,13,0
0,1,0,14,0
0,1,0,15,0
0,1,0,16,0
0,1,0,17,0
0,1,0,18,0
0,1,0,19,0
0,1,0,20,0
0,1,0,21,0
0,1,0,22,0
0,1,0,23,0
0,1,0,24,0
0,1,0,25,0
0,1,0,26,0
0,1,0,27,0
0,1,0,28,0
0,1,0,29,0
0,1,0,30,0
0,1,0,31,0
0,1,0,32,0
0,1,0,33,0
0,1,0,34,0
0,1,0,35,0
0,1,0,36,0
0,1,0,37,0
0,1,0,38,0
0,1,0,39,0
0,1,0,40,0
0,1,0,41,0
0,1,0,42,0
0,1,0,43,0
0,1,0,44,0
0,1,0,45,0
0,1,0,46,0
0,1,0,47,0
0,1,0,48,0
0,1,0,49,0
0,1,0,50,0
0,1,0,51,0
0,1,0,52,0
0,1,0,53,0
0,1,0,54,0
0,1,0,55,0
0,1,0,56,0
0,1,0,57,0
0,1,0,58,0
0,1,0,59,0
0,1,0,60,0
0,1,0,61,0
0,1,0,62,0
0,1,0,63,0
0,1,0,64,0
0,1,0,65,0
0,1,0,66,0
0,1,0,67,0
0,1,0,68,0
0,1,0,69,0
0,1,0,70,0
0,1,0,71,0
0,1,0,72,0
0,1,0,73,0
0,1,0,74,0
0,1,0,75,0
0,1,0,76,0
0,1,0,77,0
0,1,0,78,0
0,1,0,79,0
0,1,0,80,0
0,1,0,81,0
0,1,0,82,0
0,1,0,83,0
0,1,0,84,0
0,1,0,85,0
0,1,0,86,0
0,1,0,87,0
0,1,0,88,0
0,1,0,89,0
0,1,0,90,0
0,1,0,91,0
0,1,0,92,0
0,1,0,93,0
0,1,0,94,0
0,1,0,95,0
0,1,0,96,0
0,1,0,97,0
0,1,0,98,0
0,1,0,99,0
0,1,0,100,0
0,1,0,101,0
0,1,0,102,0
0,1,0,103,0
0,1,0,104,0
0,1,0,105,0
0,1,0,106,0
0,1,0,107,0
0,1,0,108,0
0,1,0,109,0
0,1,0,110,0
0,1,0,111,0
0,1,1,0,1
0,1,1,1,2
0,1,1,2,3
0,1,1,3,4
0,1,1,4,5
0,1,1,5,6
0,1,1,6,7
0,1,1,7,8
0,1,1,8,0
0,1,1,9,0
0,1,1,10,0
0,1,1,11,0
0,1,1,12,0
0,1,1,13,0
0,1,1,14,0
0,1,1,15,0
0,1,1,16,0
0,1,1,17,0
0,1,1,18,0
0,1,1,19,0
0,1,1,20,0
0,1,1,21,0
0,1,1,22,0
0,1,1,23,0
0,1,1,24,0
0,1,1,25,0
0,1,1,26,0
0,1,1,27,0
0,1,1,28,0
0,1,1,29,0
0,1,1,30,0
0,1,1,31,0
0,1,1,32,0
0,1,1,33,0
0,1,1,34,0
0,1,1,35,0
0,1,1,36,0
0,1,1,37,0
0,1,1,38,0
0,1,1,39,0
0,1,1,40,0
0,1,1,41,0
0,1,1,42,0
0,1,1,43,0
0,1,1,44,0
0,1,1,45,0
0,1,1,46,0
0,1,1,47,0
0,1,1,48,0
0,1,1,49,0
0,1,1,50,0
0,1,1,51,0
0,1,1,52,0
0,1,1,53,0
0,1,1,54,0
0,1,1,55,0
0,1,1,56,0
0,1,1,57,0
0,1,1,58,0
0,1,1,59,0
0,1,1,60,0
0,1,1,61,0
0,1,1,62,0
0,1,1,63,0
0,1,1,64,0
0,1,1,65,0
0,1,1,66,0
0,1,1,67,0
0,1,1,68,0
0,1,1,69,0
0,1,1,70,0
0,1,1,71,0
0,1,1,72,0
0,1,1,73,0
0,1,1,74,0
0,1,1,75,0
0,1,1,76,0
0,1,1,77,0
0,1,1,78,0
0,1,1,79,0
0,1,1,80,0
0,1,1,81,0
0,1,1,82,0
0,1,1,83,0
0,1,1,84,0
0,1,1,85,0
0,1,1,86,0
0,1,1,87,0
0,1,1,88,0
0,1,1,89,0
0,1,1,90,0
0,1,1,91,0
0,1,1,92,0
0,1,1,93,0
0,1,1,94,0
0,1,1,95,0
0,1,1,96,0
0,1,1,97,0
0,1,1,98,0
0,1,1,99,0
0,1,1,100,0
0,1,1,101,0
0,1,1,102,0
0,1,1,103,0
0,1,1,104,0
0,1,1,105,0
0,1,1,106,0
0,1,1,107,0
0,1,1,108,0
0,1,1,109,0
0,1,1,110,0
0,1,1,111,0
0,1,2,0,1
0,1,2,1,2
0,1,2,2,3
0,1,2,3,4
0,1,2,4,5
0,1,2,5,6
0,1,2,6,7
0,1,2,7,8
0,1,2,8,0
0,1,2,9,0
0,1,2,10,0
0,1,2,11,0
0,1,2,12,0
0,1,2,13,0
0,1,2,14,0
0,1,2,15,0
0,1,2,16,0
0,1,2,17,0
0,1,2,18,0
0,1,2,19,0
0,1,2,20,0
0,1,2,21,0
0,1,2,22,0
0,1,2,23,0
0,1,2,24,0
0,1,2,25,0
0,1,2,26,0
0,1,2,27,0
0,1,2,28,0
0,1,2,29,0
0,1,2,30,0
0,1,2,31,0
0,1,2,32,0
0,1,2,33,0
0,1,2,34,0
0,1,2,35,0
0,1,2,36,0
0,1,2,37,0
0,1,2,38,0
0,1,2,39,0
0,1,2,40,0
0,1,2,41,0
0,1,2,42,0
0,1,2,43,0
0,1,2,44,0
0,1,2,45,0
0,1,2,46,0
0,1,2,47,0
0,1,2,48,0
0,1,2,49,0
0,1,2,50,0
0,1,2,51,0
0,1,2,52,0
0,1,2,53,0
0,1,2,54,0
0,1,2,55,0
0,1,2,56,0
0,1,2,57,0
0,1,2,58,0
0,1,2,59,0
0,1,2,60,0
0,1,2,61,0
0,1,2,62,0
0,1,2,63,0
0,1,2,64,0
0,1,2,65,0
0,1,2,66,0
0,1,2,67,0
0,1,2,68,0
0,1,2,69,0
0,1,2,70,0
0,1,2,71,0
0,1,2,72,0
0,1,2,73,0
0,1,2,74,0
0,1,2,75,0
0,1,2,76,0
0,1,2,77,0
0,1,2,78,0
0,1,2,79,0
0,1,2,80,0
0,1,2,81,0
0,1,2,82,0
0,1,2,83,0
0,1,2,84,0
0,1,2,85,0
0,1,2,86,0
0,1,2,87,0
0,1,2,88,0
0,1,2,89,0
0,1,2,90,0
0,1,2,91,0
0,1,2,92,0
0,1,2,93,0
0,1,2,94,0
0,1,2,95,0
0,1,2,96,0
0,1,2,97,0
0,1,2,98,0
0,1,2,99,0
0,1,2,100,0
0,1,2,101,0
0,1,2,102,0
0,1,2,103,0
0,1,2,104,0
0,1,2,105,0
0,1,2,106,0
0,1,2,107,0
0,1,2,108,0
0,1,2,109,0
0,1,2,110,0
0,1,2,111,0
0,1,3,0,1
0,1,3,1,2
0,1,3,2,3
0,1,3,3,4
0,1,3,4,5
0,1,3,5,6
0,1,3,6,7
0,1,3,7,8
0,1,3,8,0
0,1,3,9,0
0,1,3,10,0
0,1,3,11,0
0,1,3,12,0
0,1,3,13,0
0,1,3,14,0
0,1,3,15,0
0,1,3,16,0
0,1,3,17,0
0,1,3,18,0
0,1,3,19,0
0,1,3,20,0
0,1,3,21,0
0,1,3,22,0
0,1,3,23,0
0,1,3,24,0
0,1,3,25,0
0,1,3,26,0
0,1,3,27,0
0,1,3,28,0
0,1,3,29,0
0,1,3,30,0
0,1,3,31,0
0,1,3,32,0
0,1,3,33,0
0,1,3,34,0
0,1,3,35,0
0,1,3,36,0
0,1,3,37,0
0,1,3,38,0
0,1,3,39,0
0,1,3,40,0
0,1,3,41,0
0,1,3,42,0
0,1,3,43,0
0,1,3,44,0
0,1,3,45,0
0,1,3,46,0
0,1,3,47,0
0,1,3,48,0
0,1,3,49,0
0,1,3,50,0
0,1,3,51,0
0,1,3,52,0
0,1,3,53,0
0,1,3,54,0
0,1,3,55,0
0,1,3,56,0
0,1,3,57,0
0,1,3,58,0
0,1,3,59,0
0,1,3,60,0
0,1,3,61,0
0,1,3,62,0
0,1,3,63,0
0,1,3,64,0
0,1,3,65,0
0,1,3,66,0
0,1,3,67,0
0,1,3,68,0
0,1,3,69,0
0,1,3,70,0
0,1,3,71,0
0,1,3,72,0
0,1,3,73,0
0,1,3,74,0
0,1,3,75,0
0,1,3,76,0
0,1,3,77,0
0,1,3,78,0
0,1,3,79,0
0,1,3,80,0
0,1,3,81,0
0,1,3,82,0
0,1,3,83,0
0,1,3,84,0
0,1,3,85,0
0,1,3,86,0
0,1,3,87,0
0,1,3,88,0
0,1,3,89,0
0,1,3,90,0
0,1,3,91,0
0,1,3,92,0
0,1,3,93,0
0,1,3,94,0
0,1,3,95,0
0,1,3,96,0
0,1,3,97,0
0,1,3,98,0
0,1,3,99,0
0,1,3,100,0
0,1,3,101,0
0,1,3,102,0
0,1,3,103,0
0,1,3,104,0
0,1,3,105,0
0,1,3,106,0
0,1,3,107,0
0,1,3,108,0
0,1,3,109,0
0,1,3,110,0
0,1,3,111,0
0,1,4,0,1
0,1,4,1,2
0,1,4,2,3
0,1,4,3,4
0,1,4,4,5
0,1,4,5,6
0,1,4,6,7
0,1,4,7,8
0,1,4,8,0
0,1,4,9,0
0,1,4,10,0
0,1,4,11,0
0,1,4,12,0
0,1,4,13,0
0,1,4,14,0
0,1,4,15,0
0,1,4,16,0
0,1,4,17,0
0,1,4,18,0
0,1,4,19,0
0,1,4,20,0
0,1,4,21,0
0,1,4,22,0
0,1,4,23,0
0,1,4,24,0
0,1,4,25,0
0,1,4,26,0
0,1,4,27,0
0,1,4,28,0
0,1,4,29,0
0,1,4,30,0
0,1,4,31,0
0,1,4,32,0
0,1,4,33,0
0,1,4,34,0
0,1,4,35,0
0,1,4,36,0
0,1,4,37,0
0,1,4,38,0
0,1,4,39,0
0,1,4,40,0
0,1,4,41,0
0,1,4,42,0
0,1,4,43,0
0,1,4,44,0
0,1,4,45,0
0,1,4,46,0
0,1,4,47,0
0,1,4,48,0
0,1,4,49,0
0,1,4,50,0
0,1,4,51,0
0,1,4,52,0
0,1,4,53,0
0,1,4,54,0
0,1,4,55,0
0,1,4,56,0
0,1,4,57,0
0,1,4,58,0
0,1,4,59,0
0,1,4,60,0
0,1,4,61,0
0,1,4,62,0
0,1,4,63,0
0,1,4,64,0
0,1,4,65,0
0,1,4,66,0
0,1,4,67,0
0,1,4,68,0
0,1,4,69,0
0,1,4,70,0
0,1,4,71,0
0,1,4,72,0
0,1,4,73,0
0,1,4,74,0
0,1,4,75,0
0,1,4,76,0
0,1,4,77,0
0,1,4,78,0
0,1,4,79,0
0,1,4,80,0
0,1,4,81,0
0,1,4,82,0
0,1,4,83,0
0,1,4,84,0
0,1,4,85,0
0,1,4,86,0
0,1,4,87,0
0,1,4,88,0
0,1,4,89,0
0,1,4,90,0
0,1,4,91,0
0,1,4,92,0
0,1,4,93,0
0,1,4,94,0
0,1,4,95,0
0,1,4,96,0
0,1,4,97,0
0,1,4,98,0
0,1,4,99,0
0,1,4,100,0
0,1,4,101,0
0,1,4,102,0
0,1,4,103,0
0,1,4,104,0
0,1,4,105,0
0,1,4,106,0
0,1,4,107,0
0,1,4,108,0
0,1,4,109,0
0,1,4,110,0
0,1,4,111,0
0,1,5,0,1
0,1,5,1,2
0,1,5,2,3
0,1,5,3,4
0,1,5,4,5
0,1,5,5,6
0,1,5,6,7
0,1,5,7,8
0,1,5,8,0
0,1,5,9,0
0,1,5,10,0
0,1,5,11,0
0,1,5,12,0
0,1,5,13,0
0,1,5,14,0
0,1,5,15,0
0,1,5,16,0
0,1,5,17,0
0,1,5,18,0
0,1,5,19,0
0,1,5,20,0
0,1,5,21,0
0,1,5,22,0
0,1,5,23,0
0,1,5,24,0
0,1,5,25,0
0,1,5,26,0
0,1,5,27,0
0,1,5,28,0
0,1,5,29,0
0,1,5,30,0
0,1,5,31,0
0,1,5,32,0
0,1,5,33,0
0,1,5,34,0
0,1,5,35,0
0,1,5,36,0
0,1,5,37,0
0,1,5,38,0
0,1,5,39,0
0,1,5,40,0
0,1,5,41,0
0,1,5,42,0
0,1,5,43,0
0,1,5,44,0
0,1,5,45,0
0,1,5,46,0
0,1,5,47,0
0,1,5,48,0
0,1,5,49,0
0,1,5,50,0
0,1,5,51,0
0,1,5,52,0
0,1,5,53,0
0,1,5,54,0
0,1,5,55,0
0,1,5,56,0
0,1,5,57,0
0,1,5,58,0
0,1,5,59,0
0,1,5,60,0
0,1,5,61,0
0,1,5,62,0
0,1,5,63,0
0,1,5,64,0
0,1,5,65,0
0,1,5,66,0
0,1,5,67,0
0,1,5,68,0
0,1,5,69,0
0,1,5,70,0
0,1,5,71,0
0,1,5,72,0
0,1,5,73,0
0,1,5,74,0
0,1,5,75,0
0,1,5,76,0
0,1,5,77,0
0,1,5,78,0
0,1,5,79,0
0,1,5,80,0
0,1,5,81,0
0,1,5,82,0
0,1,5,83,0
0,1,5,84,0
0,1,5,85,0
0,1,5,86,0
0,1,5,87,0
0,1,5,88,0
0,1,5,89,0
0,1,5,90,0
0,1,5,91,0
0,1,5,92,0
0,1,5,93,0
0,1,5,94,0
0,1,5,95,0
0,1,5,96,0
0,1,5,97,0
0,1,5,98,0
0,1,5,99,0
0,1,5,100,0
0,1,5,101,0
0,1,5,102,0
0,1,5,103,0
0,1,5,104,0
0,1,5,105,0
0,1,5,106,0
0,1,5,107,0
0,1,5,108,0
0,1,5,109,0
0,1,5,110,0
0,1,5,111,0
0,1,6,0,1
0,1,6,1,2
0,1,6,2,3
0,1,6,3,4
0,1,6,4,5
0,1,6,5,6
0,1,6,6,7
0,1,6,7,8
0,1,6,8,0
0,1,6,9,0
0,1,6,10,0
0,1,6,11,0
0,1,6,12,0
0,1,6,13,0
0,1,6,14,0
0,1,6,15,0
0,1,6,16,0
0,1,6,17,0
0,1,6,18,0
0,1,6,19,0
0,1,6,20,0
0,1,6,21,0
0,1,6,22,0
0,1,6,23,0
0,1,6,24,0
0,1,6,25,0
0,1,6,26,0
0,1,6,27,0
0,1,6,28,0
0,1,6,29,0
0,1,6,30,0
0,1,6,31,0
0,1,6,32,0
0,1,6,33,0
0,1,6,34,0
0,1,6,35,0
0,1,6,36,0
0,1,6,37,0
0,1,6,38,0
0,1,6,39,0
0,1,6,40,0
0,1,6,41,0
0,1,6,42,0
0,1,6,43,0
0,1,6,44,0
0,1,6,45,0
0,1,6,46,0
0,1,6,47,0
0,1,6,48,0
0,1,6,49,0
0,1,6,50,0
0,1,6,51,0
0,1,6,52,0
0,1,6,53,0
0,1,6,54,0
0,1,6,55,0
0,1,6,56,0
0,1,6,57,0
0,1,6,58,0
0,1,6,59,0
0,1,6,60,0
0,1,6,61,0
0,1,6,62,0
0,1,6,63,0
0,1,6,64,0
0,1,6,65,0
0,1,6,66,0
0,1,6,67,0
0,1,6,68,0
0,1,6,69,0
0,1,6,70,0
0,1,6,71,0
0,1,6,72,0
0,1,6,73,0
0,1,6,74,0
0,1,6,75,0
0,1,6,76,0
0,1,6,77,0
0,1,6,78,0
0,1,6,79,0
0,1,6,80,0
0,1,6,81,0
0,1,6,82,0
0,1,6,83,0
0,1,6,84,0
0,1,6,85,0
0,1,6,86,0
0,1,6,87,0
0,1,6,88,0
0,1,6,89,0
0,1,6,90,0
0,1,6,91,0
0,1,6,92,0
0,1,6,93,0
0,1,6,94,0
0,1,6,95,0
0,1,6,96,0
0,1,6,97,0
0,1,6,98,0
0,1,6,99,0
0,1,6,100,0
0,1,6,101,0
0,1,6,102,0
0,1,6,103,0
0,1,6,104,0
0,1,6,105,0
0,1,6,106,0
0,1,6,107,0
0,1,6,108,0
0,1,6,109,0
0,1,6,110,0
0,1,6,111,0
0,1,7,0,1
0,1,7,1,2
0,1,7,2,3
0,1,7,3,4
0,1,7,4,5
0,1,7,5,6
0,1,7,6,7
0,1,7,7,8
0,1,7,8,0
0,1,7,9,0
0,1,7,10,0
0,1,7,11,0
0,1,7,12,0
0,1,7,13,0
0,1,7,14,0
0,1,7,15,0
0,1,7,16,0
0,1,7,17,0
0,1,7,18,0
0,1,7,19,0
0,1,7,20,0
0,1,7,21,0
0,1,7,22,0
0,1,7,23,0
0,1,7,24,0
0,1,7,25,0
0,1,7,26,0
0,1,7,27,0
0,1,7,28,0
0,1,7,29,0
0,1,7,30,0
0,1,7,31,0
0,1,7,32,0
0,1,7,33,0
0,1,7,34,0
0,1,7,35,0
0,1,7,36,0
0,1,7,37,0
0,1,7,38,0
0,1,7,39,0
0,1,7,40,0
0,1,7,41,0
0,1,7,42,0
0,1,7,43,0
0,1,7,44,0
0,1,7,45,0
0,1,7,46,0
0,1,7,47,0
0,1,7,48,0
0,1,7,49,0
0,1,7,50,0
0,1,7,51,0
0,1,7,52,0
0,1,7,53,0
0,1,7,54,0
0,1,7,55,0
0,1,7,56,0
0,1,7,57,0
0,1,7,58,0
0,1,7,59,0
0,1,7,60,0
0,1,7,61,0
0,1,7,62,0
0,1,7,63,0
0,1,7,64,0
0,1,7,65,0
0,1,7,66,0
0,1,7,67,0
0,1,7,68,0
0,1,7,69,0
0,1,7,70,0
0,1,7,71,0
0,1,7,72,0
0,1,7,73,0
0,1,7,74,0
0,1,7,75,0
0,1,7,76,0
0,1,7,77,0
0,1,7,78,0
0,1,7,79,0
0,1,7,80,0
0,1,7,81,0
0,1,7,82,0
0,1,7,83,0
0,1,7,84,0
0,1,7,85,0
0,1,7,86,0
0,1,7,87,0
0,1,7,88,0
0,1,7,89,0
0,1,7,90,0
0,1,7,91,0
0,1,7,92,0
0,1,7,93,0
0,1,7,94,0
0,1,7,95,0
0,1,7,96,0
0,1,7,97,0
0,1,7,98,0
0,1,7,99,0
0,1,7,100,0
0,1,7,101,0
0,1,7,102,0
0,1,7,103,0
0,1,7,104,0
0,1,7,105,0
0,1,7,106,0
0,1,7,107,0
0,1,7,108,0
0,1,7,109,0
0,1,7,110,0
0,1,7,111,0
0,2,-8,0,2
0,2,-8,1,4
0,2,-8,2,6
0,2,-8,3,8
0,2,-8,4,10
0,2,-8,5,12
0,2,-8,6,14
0,2,-8,7,16
0,2,-8,8,0
0,2,-8,9,0
0,2,-8,10,0
0,2,-8,11,0
0,2,-8,12,0
0,2,-8,13,0
0,2,-8,14,0
0,2,-8,15,0
0,2,-8,16,0
0,2,-8,17,0
0,2,-8,18,0
0,2,-8,19,0
0,2,-8,20,0
0,2,-8,21,0
0,2,-8,22,0
0,2,-8,23,0
0,2,-8,24,0
0,2,-8,25,0
0,2,-8,26,0
0,2,-8,27,0
0,2,-8,28,0
0,2,-8,29,0
0,2,-8,30,0
0,2,-8,31,0
0,2,-8,32,0
0,2,-8,33,0
0,2,-8,34,0
0,2,-8,35,0
0,2,-8,36,0
0,2,-8,37,0
0,2,-8,38,0
0,2,-8,39,0
0,2,-8,40,0
0,2,-8,41,0
0,2,-8,42,0
0,2,-8,43,0
0,2,-8,44,0
0,2,-8,45,0
0,2,-8,46,0
0,2,-8,47,0
0,2,-8,48,0
0,2,-8,49,0
0,2,-8,50,0
0,2,-8,51,0
0,2,-8,52,0
0,2,-8,53,0
0,2,-8,54,0
0,2,-8,55,0
0,2,-8,56,0
0,2,-8,57,0
0,2,-8,58,0
0,2,-8,59,0
0,2,-8,60,0
0,2,-8,61,0
0,2,-8,62,0
0,2,-8,63,0
0,2,-8,64,0
0,2,-8,65,0
0,2,-8,66,0
0,2,-8,67,0
0,2,-8,68,0
0,2,-8,69,0
0,2,-8,70,0
0,2,-8,71,0
0,2,-8,72,0
0,2,-8,73,0
0,2,-8,74,0
0,2,-8,75,0
0,2,-8,76,0
0,2,-8,77,0
0,2,-8,78,0
0,2,-8,79,0
0,2,-8,80,0
0,2,-8,81,0
0,2,-8,82,0
0,2,-8,83,0
0,2,-8,84,0
0,2,-8,85,0
0,2,-8,86,0
0,2,-8,87,0
0,2,-8,88,0
0,2,-8,89,0
0,2,-8,90,0
0,2,-8,91,0
0,2,-8,92,0
0,2,-8,93,0
0,2,-8,94,0
0,2,-8,95,0
0,2,-8,96,0
0,2,-8,97,0
0,2,-8,98,0
0,2,-8,99,0
0,2,-8,100,0
0,2,-8,101,0
0,2,-8,102,0
0,2,-8,103,0
0,2,-8,104,0
0,2,-8,105,0
0,2,-8,106,0
0,2,-8,107,0
0,2,-8,108,0
0,2,-8,109,0
0,2,-8,110,0
0,2,-8,111,0
0,2,-7,0,2
0,2,-7,1,4
0,2,-7,2,6
0,2,-7,3,8
0,2,-7,4,10
0,2,-7,5,12
0,2,-7,6,14
0,2,-7,7,16
0,2,-7,8,0
0,2,-7,9,0
0,2,-7,10,0
0,2,-7,11,0
0,2,-7,12,0
0,2,-7,13,0
0,2,-7,14,0
0,2,-7,15,0
0,2,-7,16,0
0,2,-7,17,0
0,2,-7,18,0
0,2,-7,19,0
0,2,-7,20,0
0,2,-7,21,0
0,2,-7,22,0
0,2,-7,23,0
0,2,-7,24,0
0,2,-7,25,0
0,2,-7,26,0
0,2,-7,27,0
0,2,-7,28,0
0,2,-7,29,0
0,2,-7,30,0
0,2,-7,31,0
0,2,-7,32,0
0,2,-7,33,0
0,2,-7,34,0
0,2,-7,35,0
0,2,-7,36,0
0,2,-7,37,0
0,2,-7,38,0
0,2,-7,39,0
0,2,-7,40,0
0,2,-7,41,0
0,2,-7,42,0
0,2,-7,43,0
0,2,-7,44,0
0,2,-7,45,0
0,2,-7,46,0
0,2,-7,47,0
0,2,-7,48,0
0,2,-7,49,0
0,2,-7,50,0
0,2,-7,51,0
0,2,-7,52,0
0,2,-7,53,0
0,2,-7,54,0
0,2,-7,55,0
0,2,-7,56,0
0,2,-7,57,0
0,2,-7,58,0
0,2,-7,59,0
0,2,-7,60,0
0,2,-7,61,0
0,2,-7,62,0
0,2,-7,63,0
0,2,-7,64,0
0,2,-7,65,0
0,2,-7,66,0
0,2,-7,67,0
0,2,-7,68,0
0,2,-7,69,0
0,2,-7,70,0
0,2,-7,71,0
0,2,-7,72,0
0,2,-7,73,0
0,2,-7,74,0
0,2,-7,75,0
0,2,-7,76,0
0,2,-7,77,0
0,2,-7,78,0
0,2,-7,79,0
0,2,-7,80,0
0,2,-7,81,0
0,2,-7,82,0
0,2,-7,83,0
0,2,-7,84,0
0,2,-7,85,0
0,2,-7,86,0
0,2,-7,87,0
0,2,-7,88,0
0,2,-7,89,0
0,2,-7,90,0
0,2,-7,91,0
0,2,-7,92,0
0,2,-7,93,0
0,2,-7,94,0
0,2,-7,95,0
0,2,-7,96,0
0,2,-7,97,0
0,2,-7,98,0
0,2,-7,99,0
0,2,-7,100,0
0,2,-7,101,0
0,2,-7,102,0
0,2,-7,103,0
0,2,-7,104,0
0,2,-7,105,0
0,2,-7,106,0
0,2,-7,107,0
0,2,-7,108,0
0,2,-7,109,0
0,2,-7,110,0
0,2,-7,111,0
0,2,-6,0,2
0,2,-6,1,4
0,2,-6,2,6
0,2,-6,3,8
0,2,-6,4,10
0,2,-6,5,12
0,2,-6,6,14
0,2,-6,7,16
0,2,-6,8,0
0,2,-6,9,0
0,2,-6,10,0
0,2,-6,11,0
0,2,-6,12,0
0,2,-6,13,0
0,2,-6,14,0
0,2,-6,15,0
0,2,-6,16,0
0,2,-6,17,0
0,2,-6,18,0
0,2,-6,19,0
0,2,-6,20,0
0,2,-6,21,0
0,2,-6,22,0
0,2,-6,23,0
0,2,-6,24,0
0,2,-6,25,0
0,2,-6,26,0
0,2,-6,27,0
0,2,-6,28,0
0,2,-6,29,0
0,2,-6,30,0
0,2,-6,31,0
0,2,-6,32,0
0,2,-6,33,0
0,2,-6,34,0
0,2,-6,35,0
0,2,-6,36,0
0,2,-6,37,0
0,2,-6,38,0
0,2,-6,39,0
0,2,-6,40,0
0,2,-6,41,0
0,2,-6,42,0
0,2,-6,43,0
0,2,-6,44,0
0,2,-6,45,0
0,2,-6,46,0
0,2,-6,47,0
0,2,-6,48,0
0,2,-6,49,0
0,2,-6,50,0
0,2,-6,51,0
0,2,-6,52,0
0,2,-6,53,0
0,2,-6,54,0
0,2,-6,55,0
0,2,-6,56,0
0,2,-6,57,0
0,2,-6,58,0
0,2,-6,59,0
0,2,-6,60,0
0,2,-6,61,0
0,2,-6,62,0
0,2,-6,63,0
0,2,-6,64,0
0,2,-6,65,0
0,2,-6,66,0
0,2,-6,67,0
0,2,-6,68,0
0,2,-6,69,0
0,2,-6,70,0
0,2,-6,71,0
0,2,-6,72,0
0,2,-6,73,0
0,2,-6,74,0
0,2,-6,75,0
0,2,-6,76,0
0,2,-6,77,0
0,2,-6,78,0
0,2,-6,79,0
0,2,-6,80,0
0,2,-6,81,0
0,2,-6,82,0
0,2,-6,83,0
0,2,-6,84,0
0,2,-6,85,0
0,2,-6,86,0
0,2,-6,87,0
0,2,-6,88,0
0,2,-6,89,0
0,2,-6,90,0
0,2,-6,91,0
0,2,-6,92,0
0,2,-6,93,0
0,2,-6,94,0
0,2,-6,95,0
0,2,-6,96,0
0,2,-6,97,0
0,2,-6,98,0
0,2,-6,99,0
0,2,-6,100,0
0,2,-6,101,0
0,2,-6,102,0
0,2,-6,103,0
0,2,-6,104,0
0,2,-6,105,0
0,2,-6,106,0
0,2,-6,107,0
0,2,-6,108,0
0,2,-6,109,0
0,2,-6,110,0
0,2,-6,111,0
0,2,-5,0,2
0,2,-5,1,4
0,2,-5,2,6
0,2,-5,3,8
0,2,-5,4,10
0,2,-5,5,12
0,2,-5,6,14
0,2,-5,7,16
0,2,-5,8,0
0,2,-5,9,0
0,2,-5,10,0
0,2,-5,11,0
0,2,-5,12,0
0,2,-5,13,0
0,2,-5,14,0
0,2,-5,15,0
0,2,-5,16,0
0,2,-5,17,0
0,2,-5,18,0
0,2,-5,19,0
0,2,-5,20,0
0,2,-5,21,0
0,2,-5,22,0
0,2,-5,23,0
0,2,-5,24,0
0,2,-5,25,0
0,2,-5,26,0
0,2,-5,27,0
0,2,-5,28,0
0,2,-5,29,0
0,2,-5,30,0
0,2,-5,31,0
0,2,-5,32,0
0,2,-5,33,0
0,2,-5,34,0
0,2,-5,35,0
0,2,-5,36,0
0,2,-5,37,0
0,2,-5,38,0
0,2,-5,39,0
0,2,-5,40,0
0,2,-5,41,0
0,2,-5,42,0
0,2,-5,43,0
0,2,-5,44,0
0,2,-5,45,0
0,2,-5,46,0
0,2,-5,47,0
0,2,-5,48,0
0,2,-5,49,0
0,2,-5,50,0
0,2,-5,51,0
0,2,-5,52,0
0,2,-5,53,0
0,2,-5,54,0
0,2,-5,55,0
0,2,-5,56,0
0,2,-5,57,0
0,2,-5,58,0
0,2,-5,59,0
0,2,-5,60,0
0,2,-5,61,0
0,2,-5,62,0
0,2,-5,63,0
0,2,-5,64,0
0,2,-5,65,0
0,2,-5,66,0
0,2,-5,67,0
0,2,-5,68,0
0,2,-5,69,0
0,2,-5,70,0
0,2,-5,71,0
0,2,-5,72,0
0,2,-5,73,0
0,2,-5,74,0
0,2,-5,75,0
0,2,-5,76,0
0,2,-5,77,0
0,2,-5,78,0
0,2,-5,79,0
0,2,-5,80,0
0,2,-5,81,0
0,2,-5,82,0
0,2,-5,83,0
0,2,-5,84,0
0,2,-5,85,0
0,2,-5,86,0
0,2,-5,87,0
0,2,-5,88,0
0,2,-5,89,0
0,2,-5,90,0
0,2,-5,91,0
0,2,-5,92,0
0,2,-5,93,0
0,2,-5,94,0
0,2,-5,95,0
0,2,-5,96,0
0,2,-5,97,0
0,2,-5,98,0
0,2,-5,99,0
0,2,-5,100,0
0,2,-5,101,0
0,2,-5,102,0
0,2,-5,103,0
0,2,-5,104,0
0,2,-5,105,0
0,2,-5,106,0
0,2,-5,107,0
0,2,-5,108,0
0,2,-5,109,0
0,2,-5,110,0
0,2,-5,111,0
0,2,-4,0,2
0,2,-4,1,4
0,2,-4,2,6
0,2,-4,3,8
0,2,-4,4,10
0,2,-4,5,12
0,2,-4,6,14
0,2,-4,7,16
0,2,-4,8,0
0,2,-4,9,0
0,2,-4,10,0
0,2,-4,11,0
0,2,-4,12,0
0,2,-4,13,0
0,2,-4,14,0
0,2,-4,15,0
0,2,-4,16,0
0,2,-4,17,0
0,2,-4,18,0
0,2,-4,19,0
0,2,-4,20,0
0,2,-4,21,0
0,2,-4,22,0
0,2,-4,23,0
0,2,-4,24,0
0,2,-4,25,0
0,2,-4,26,0
0,2,-4,27,0
0,2,-4,28,0
0,2,-4,29,0
0,2,-4,30,0
0,2,-4,31,0
0,2,-4,32,0
0,2,-4,33,0
0,2,-4,34,0
0,2,-4,35,0
0,2,-4,36,0
0,2,-4,37,0
0,2,-4,38,0
0,2,-4,39,0
0,2,-4,40,0
0,2,-4,41,0
0,2,-4,42,0
0,2,-4,43,0
0,2,-4,44,0
0,2,-4,45,0
0,2,-4,46,0
0,2,-4,47,0
0,2,-4,48,0
0,2,-4,49,0
0,2,-4,50,0
0,2,-4,51,0
0,2,-4,52,0
0,2,-4,53,0
0,2,-4,54,0
0,2,-4,55,0
0,2,-4,56,0
0,2,-4,57,0
0,2,-4,58,0
0,2,-4,59,0
0,2,-4,60,0
0,2,-4,61,0
0,2,-4,62,0
0,2,-4,63,0
0,2,-4,64,0
0,2,-4,65,0
0,2,-4,66,0
0,2,-4,67,0
0,2,-4,68,0
0,2,-4,69,0
0,2,-4,70,0
0,2,-4,71,0
0,2,-4,72,0
0,2,-4,73,0
0,2,-4,74,0
0,2,-4,75,0
0,2,-4,76,0
0,2,-4,77,0
0,2,-4,78,0
0,2,-4,79,0
0,2,-4,80,0
0,2,-4,81,0
0,2,-4,82,0
0,2,-4,83,0
0,2,-4,84,0
0,2,-4,85,0
0,2,-4,86,0
0,2,-4,87,0
0,2,-4,88,0
0,2,-4,89,0
0,2,-4,90,0
0,2,-4,91,0
0,2,-4,92,0
0,2,-4,93,0
0,2,-4,94,0
0,2,-4,95,0
0,2,-4,96,0
0,2,-4,97,0
0,2,-4,98,0
0,2,-4,99,0
0,2,-4,100,0
0,2,-4,101,0
0,2,-4,102,0
0,2,-4,103,0
0,2,-4,104,0
0,2,-4,105,0
0,2,-4,106,0
0,2,-4,107,0
0,2,-4,108,0
0,2,-4,109,0
0,2,-4,110,0
0,2,-4,111,0
0,2,-3,0,2
0,2,-3,1,4
0,2,-3,2,6
0,2,-3,3,8
0,2,-3,4,10
0,2,-3,5,12
0,2,-3,6,14
0,2,-3,7,16
0,2,-3,8,0
0,2,-3,9,0
0,2,-3,10,0
0,2,-3,11,0
0,2,-3,12,0
0,2,-3,13,0
0,2,-3,14,0
0,2,-3,15,0
0,2,-3,16,0
0,2,-3,17,0
0,2,-3,18,0
0,2,-3,19,0
0,2,-3,20,0
0,2,-3,21,0
0,2,-3,22,0
0,2,-3,23,0
0,2,-3,24,0
0,2,-3,25,0
0,2,-3,26,0
0,2,-3,27,0
0,2,-3,28,0
0,2,-3,29,0
0,2,-3,30,0
0,2,-3,31,0
0,2,-3,32,0
0,2,-3,33,0
0,2,-3,34,0
0,2,-3,35,0
0,2,-3,36,0
0,2,-3,37,0
0,2,-3,38,0
0,2,-3,39,0
0,2,-3,40,0
0,2,-3,41,0
0,2,-3,42,0
0,2,-3,43,0
0,2,-3,44,0
0,2,-3,45,0
0,2,-3,46,0
0,2,-3,47,0
0,2,-3,48,0
0,2,-3,49,0
0,2,-3,50,0
0,2,-3,51,0
0,2,-3,52,0
0,2,-3,53,0
0,2,-3,54,0
0,2,-3,55,0
0,2,-3,56,0
0,2,-3,57,0
0,2,-3,58,0
0,2,-3,59,0
0,2,-3,60,0
0,2,-3,61,0
0,2,-3,62,0
0,2,-3,63,0
0,2,-3,64,0
0,2,-3,65,0
0,2,-3,66,0
0,2,-3,67,0
0,2,-3,68,0
0,2,-3,69,0
0,2,-3,70,0
0,2,-3,71,0
0,2,-3,72,0
0,2,-3,73,0
0,2,-3,74,0
0,2,-3,75,0
0,2,-3,76,0
0,2,-3,77,0
0,2,-3,78,0
0,2,-3,79,0
0,2,-3,80,0
0,2,-3,81,0
0,2,-3,82,0
0,2,-3,83,0
0,2,-3,84,0
0,2,-3,85,0
0,2,-3,86,0
0,2,-3,87,0
0,2,-3,88,0
0,2,-3,89,0
0,2,-3,90,0
0,2,-3,91,0
0,2,-3,92,0
0,2,-3,93,0
0,2,-3,94,0
0,2,-3,95,0
0,2,-3,96,0
0,2,-3,97,0
0,2,-3,98,0
0,2,-3,99,0
0,2,-3,100,0
0,2,-3,101,0
0,2,-3,102,0
0,2,-3,103,0
0,2,-3,104,0
0,2,-3,105,0
0,2,-3,106,0
0,2,-3,107,0
0,2,-3,108,0
0,2,-3,109,0
0,2,-3,110,0
0,2,-3,111,0
0,2,-2,0,2
0,2,-2,1,4
0,2,-2,2,6
0,2,-2,3,8
0,2,-2,4,10
0,2,-2,5,12
0,2,-2,6,14
0,2,-2,7,16
0,2,-2,8,0
0,2,-2,9,0
0,2,-2,10,0
0,2,-2,11,0
0,2,-2,12,0
0,2,-2,13,0
0,2,-2,14,0
0,2,-2,15,0
0,2,-2,16,0
0,2,-2,17,0
0,2,-2,18,0
0,2,-2,19,0
0,2,-2,20,0
0,2,-2,21,0
0,2,-2,22,0
0,2,-2,23,0
0,2,-2,24,0
0,2,-2,25,0
0,2,-2,26,0
0,2,-2,27,0
0,2,-2,28,0
0,2,-2,29,0
0,2,-2,30,0
0,2,-2,31,0
0,2,-2,32,0
0,2,-2,33,0
0,2,-2,34,0
0,2,-2,35,0
0,2,-2,36,0
0,2,-2,37,0
0,2,-2,38,0
0,2,-2,39,0
0,2,-2,40,0
0,2,-2,41,0
0,2,-2,42,0
0,2,-2,43,0
0,2,-2,44,0
0,2,-2,45,0
0,2,-2,46,0
0,2,-2,47,0
0,2,-2,48,0
0,2,-2,49,0
0,2,-2,50,0
0,2,-2,51,0
0,2,-2,52,0
0,2,-2,53,0
0,2,-2,54,0
0,2,-2,55,0
0,2,-2,56,0
0,2,-2,57,0
0,2,-2,58,0
0,2,-2,59,0
0,2,-2,60,0
0,2,-2,61,0
0,2,-2,62,0
0,2,-2,63,0
0,2,-2,64,0
0,2,-2,65,0
0,2,-2,66,0
0,2,-2,67,0
0,2,-2,68,0
0,2,-2,69,0
0,2,-2,70,0
0,2,-2,71,0
0,2,-2,72,0
0,2,-2,73,0
0,2,-2,74,0
0,2,-2,75,0
0,2,-2,76,0
0,2,-2,77,0
0,2,-2,78,0
0,2,-2,79,0
0,2,-2,80,0
0,2,-2,81,0
0,2,-2,82,0
0,2,-2,83,0
0,2,-2,84,0
0,2,-2,85,0
0,2,-2,86,0
0,2,-2,87,0
0,2,-2,88,0
0,2,-2,89,0
0,2,-2,90,0
0,2,-2,91,0
0,2,-2,92,0
0,2,-2,93,0
0,2,-2,94,0
0,2,-2,95,0
0,2,-2,96,0
0,2,-2,97,0
0,2,-2,98,0
0,2,-2,99,0
0,2,-2,100,0
0,2,-2,101,0
0,2,-2,102,0
0,2,-2,103,0
0,2,-2,104,0
0,2,-2,105,0
0,2,-2,106,0
0,2,-2,107,0
0,2,-2,108,0
0,2,-2,109,0
0,2,-2,110,0
0,2,-2,111,0
0,2,-1,0,2
0,2,-1,1,4
0,2,-1,2,6
0,2,-1,3,8
0,2,-1,4,10
0,2,-1,5,12
0,2,-1,6,14
0,2,-1,7,16
0,2,-1,8,0
0,2,-1,9,0
0,2,-1,10,0
0,2,-1,11,0
0,2,-1,12,0
0,2,-1,13,0
0,2,-1,14,0
0,2,-1,15,0
0,2,-1,16,0
0,2,-1,17,0
0,2,-1,18,0
0,2,-1,19,0
0,2,-1,20,0
0,2,-1,21,0
0,2,-1,22,0
0,2,-1,23,0
0,2,-1,24,0
0,2,-1,25,0
0,2,-1,26,0
0,2,-1,27,0
0,2,-1,28,0
0,2,-1,29,0
0,2,-1,30,0
0,2,-1,31,0
0,2,-1,32,0
0,2,-1,33,0
0,2,-1,34,0
0,2,-1,35,0
0,2,-1,36,0
0,2,-1,37,0
0,2,-1,38,0
0,2,-1,39,0
0,2,-1,40,0
0,2,-1,41,0
0,2,-1,42,0
0,2,-1,43,0
0,2,-1,44,0
0,2,-1,45,0
0,2,-1,46,0
0,2,-1,47,0
0,2,-1,48,0
0,2,-1,49,0
0,2,-1,50,0
0,2,-1,51,0
0,2,-1,52,0
0,2,-1,53,0
0,2,-1,54,0
0,2,-1,55,0
0,2,-1,56,0
0,2,-1,57,0
0,2,-1,58,0
0,2,-1,59,0
0,2,-1,60,0
0,2,-1,61,0
0,2,-1,62,0
0,2,-1,63,0
0,2,-1,64,0
0,2,-1,65,0
0,2,-1,66,0
0,2,-1,67,0
0,2,-1,68,0
0,2,-1,69,0
0,2,-1,70,0
0,2,-1,71,0
0,2,-1,72,0
0,2,-1,73,0
0,2,-1,74,0
0,2,-1,75,0
0,2,-1,76,0
0,2,-1,77,0
0,2,-1,78,0
0,2,-1,79,0
0,2,-1,80,0
0,2,-1,81,0
0,2,-1,82,0
0,2,-1,83,0
0,2,-1,84,0
0,2,-1,85,0
0,2,-1,86,0
0,2,-1,87,0
0,2,-1,88,0
0,2,-1,89,0
0,2,-1,90,0
0,2,-1,91,0
0,2,-1,92,0
0,2,-1,93,0
0,2,-1,94,0
0,2,-1,95,0
0,2,-1,96,0
0,2,-1,97,0
0,2,-1,98,0
0,2,-1,99,0
0,2,-1,100,0
0,2,-1,101,0
0,2,-1,102,0
0,2,-1,103,0
0,2,-1,104,0
0,2,-1,105,0
0,2,-1,106,0
0,2,-1,107,0
0,2,-1,108,0
0,2,-1,109,0
0,2,-1,110,0
0,2,-1,111,0
0,2,0,0,2
0,2,0,1,4
0,2,0,2,6
0,2,0,3,8
0,2,0,4,10
0,2,0,5,12
0,2,0,6,14
0,2,0,7,16
0,2,0,8,0
0,2,0,9,0
0,2,0,10,0
0,2,0,11,0
0,2,0,12,0
0,2,0,13,0
0,2,0,14,0
0,2,0,15,0
0,2,0,16,0
0,2,0,17,0
0,2,0,18,0
0,2,0,19,0
0,2,0,20,0
0,2,0,21,0
0,2,0,22,0
0,2,0,23,0
0,2,0,24,0
0,2,0,25,0
0,2,0,26,0
0,2,0,27,0
0,2,0,28,0
0,2,0,29,0
0,2,0,30,0
0,2,0,31,0
0,2,0,32,0
0,2,0,33,0
0,2,0,34,0
0,2,0,35,0
0,2,0,36,0
0,2,0,37,0
0,2,0,38,0
0,2,0,39,0
0,2,0,40,0
0,2,0,41,0
0,2,0,42,0
0,2,0,43,0
0,2,0,44,0
0,2,0,45,0
0,2,0,46,0
0,2,0,47,0
0,2,0,48,0
0,2,0,49,0
0,2,0,50,0
0,2,0,51,0
0,2,0,52,0
0,2,0,53,0
0,2,0,54,0
0,2,0,55,0
0,2,0,56,0
0,2,0,57,0
0,2,0,58,0
0,2,0,59,0
0,2,0,60,0
0,2,0,61,0
0,2,0,62,0
0,2,0,63,0
0,2,0,64,0
0,2,0,65,0
0,2,0,66,0
0,2,0,67,0
0,2,0,68,0
0,2,0,69,0
0,2,0,70,0
0,2,0,71,0
0,2,0,72,0
0,2,0,73,0
0,2,0,74,0
0,2,0,75,0
0,2,0,76,0
0,2,0,77,0
0,2,0,78,0
0,2,0,79,0
0,2,0,80,0
0,2,0,81,0
0,2,0,82,0
0,2,0,83,0
0,2,0,84,0
0,2,0,85,0
0,2,0,86,0
0,2,0,87,0
0,2,0,88,0
0,2,0,89,0
0,2,0,90,0
0,2,0,91,0
0,2,0,92,0
0,2,0,93,0
0,2,0,94,0
0,2,0,95,0
0,2,0,96,0
0,2,0,97,0
0,2,0,98,0
0,2,0,99,0
0,2,0,100,0
0,2,0,101,0
0,2,0,102,0
0,2,0,103,0
0,2,0,104,0
0,2,0,105,0
0,2,0,106,0
0,2,0,107,0
0,2,0,108,0
0,2,0,109,0
0,2,0,110,0
0,2,0,111,0
0,2,1,0,2
0,2,1,1,4
0,2,1,2,6
0,2,1,3,8
0,2,1,4,10
0,2,1,5,12
0,2,1,6,14
0,2,1,7,16
0,2,1,8,0
0,2,1,9,0
0,2,1,10,0
0,2,1,11,0
0,2,1,12,0
0,2,1,13,0
0,2,1,14,0
0,2,1,15,0
0,2,1,16,0
0,2,1,17,0
0,2,1,18,0
0,2,1,19,0
0,2,1,20,0
0,2,1,21,0
0,2,1,22,0
0,2,1,23,0
0,2,1,24,0
0,2,1,25,0
0,2,1,26,0
0,2,1,27,0
0,2,1,28,0
0,2,1,29,0
0,2,1,30,0
0,2,1,31,0
0,2,1,32,0
0,2,1,33,0
0,2,1,34,0
0,2,1,35,0
0,2,1,36,0
0,2,1,37,0
0,2,1,38,0
0,2,1,39,0
0,2,1,40,0
0,2,1,41,0
0,2,1,42,0
0,2,1,43,0
0,2,1,44,0
0,2,1,45,0
0,2,1,46,0
0,2,1,47,0
0,2,1,48,0
0,2,1,49,0
0,2,1,50,0
0,2,1,51,0
0,2,1,52,0
0,2,1,53,0
0,2,1,54,0
0,2,1,55,0
0,2,1,56,0
0,2,1,57,0
0,2,1,58,0
0,2,1,59,0
0,2,1,60,0
0,2,1,61,0
0,2,1,62,0
0,2,1,63,0
0,2,1,64,0
0,2,1,65,0
0,2,1,66,0
0,2,1,67,0
0,2,1,68,0
0,2,1,69,0
0,2,1,70,0
0,2,1,71,0
0,2,1,72,0
0,2,1,73,0
0,2,1,74,0
0,2,1,75,0
0,2,1,76,0
0,2,1,77,0
0,2,1,78,0
0,2,1,79,0
0,2,1,80,0
0,2,1,81,0
0,2,1,82,0
0,2,1,83,0
0,2,1,84,0
0,2,1,85,0
0,2,1,86,0
0,2,1,87,0
0,2,1,88,0
0,2,1,89,0
0,2,1,90,0
0,2,1,91,0
0,2,1,92,0
0,2,1,93,0
0,2,1,94,0
0,2,1,95,0
0,2,1,96,0
0,2,1,97,0
0,2,1,98,0
0,2,1,99,0
0,2,1,100,0
0,2,1,101,0
0,2,1,102,0
0,2,1,103,0
0,2,1,104,0
0,2,1,105,0
0,2,1,106,0
0,2,1,107,0
0,2,1,108,0
0,2,1,109,0
0,2,1,110,0
0,2,1,111,0
0,2,2,0,2
0,2,2,1,4
0,2,2,2,6
0,2,2,3,8
0,2,2,4,10
0,2,2,5,12
0,2,2,6,14
0,2,2,7,16
0,2,2,8,0
0,2,2,9,0
0,2,2,10,0
0,2,2,11,0
0,2,2,12,0
0,2,2,13,0
0,2,2,14,0
0,2,2,15,0
0,2,2,16,0
0,2,2,17,0
0,2,2,18,0
0,2,2,19,0
0,2,2,20,0
0,2,2,21,0
0,2,2,22,0
0,2,2,23,0
0,2,2,24,0
0,2,2,25,0
0,2,2,26,0
0,2,2,27,0
0,2,2,28,0
0,2,2,29,0
0,2,2,30,0
0,2,2,31,0
0,2,2,32,0
0,2,2,33,0
0,2,2,34,0
0,2,2,35,0
0,2,2,36,0
0,2,2,37,0
0,2,2,38,0
0,2,2,39,0
0,2,2,40,0
0,2,2,41,0
0,2,2,42,0
0,2,2,43,0
0,2,2,44,0
0,2,2,45,0
0,2,2,46,0
0,2,2,47,0
0,2,2,48,0
0,2,2,49,0
0,2,2,50,0
0,2,2,51,0
0,2,2,52,0
0,2,2,53,0
0,2,2,54,0
0,2,2,55,0
0,2,2,56,0
0,2,2,57,0
0,2,2,58,0
0,2,2,59,0
0,2,2,60,0
0,2,2,61,0
0,2,2,62,0
0,2,2,63,0
0,2,2,64,0
0,2,2,65,0
0,2,2,66,0
0,2,2,67,0
0,2,2,68,0
0,2,2,69,0
0,2,2,70,0
0,2,2,71,0
0,2,2,72,0
0,2,2,73,0
0,2,2,74,0
0,2,2,75,0
0,2,2,76,0
0,2,2,77,0
0,2,2,78,0
0,2,2,79,0
0,2,2,80,0
0,2,2,81,0
0,2,2,82,0
0,2,2,83,0
0,2,2,84,0
0,2,2,85,0
0,2,2,86,0
0,2,2,87,0
0,2,2,88,0
0,2,2,89,0
0,2,2,90,0
0,2,2,91,0
0,2,2,92,0
0,2,2,93,0
0,2,2,94,0
0,2,2,95,0
0,2,2,96,0
0,2,2,97,0
0,2,2,98,0
0,2,2,99,0
0,2,2,100,0
0,2,2,101,0
0,2,2,102,0
0,2,2,103,0
0,2,2,104,0
0,2,2,105,0
0,2,2,106,0
0,2,2,107,0
0,2,2,108,0
0,2,2,109,0
0,2,2,110,0
0,2,2,111,0
0,2,3,0,2
0,2,3,1,4
0,2,3,2,6
0,2,3,3,8
0,2,3,4,10
0,2,3,5,12
0,2,3,6,14
0,2,3,7,16
0,2,3,8,0
0,2,3,9,0
0,2,3,10,0
0,2,3,11,0
0,2,3,12,0
0,2,3,13,0
0,2,3,14,0
0,2,3,15,0
0,2,3,16,0
0,2,3,17,0
0,2,3,18,0
0,2,3,19,0
0,2,3,20,0
0,2,3,21,0
0,2,3,22,0
0,2,3,23,0
0,2,3,24,0
0,2,3,25,0
0,2,3,26,0
0,2,3,27,0
0,2,3,28,0
0,2,3,29,0
0,2,3,30,0
0,2,3,31,0
0,2,3,32,0
0,2,3,33,0
0,2,3,34,0
0,2,3,35,0
0,2,3,36,0
0,2,3,37,0
0,2,3,38,0
0,2,3,39,0
0,2,3,40,0
0,2,3,41,0
0,2,3,42,0
0,2,3,43,0
0,2,3,44,0
0,2,3,45,0
0,2,3,46,0
0,2,3,47,0
0,2,3,48,0
0,2,3,49,0
0,2,3,50,0
0,2,3,51,0
0,2,3,52,0
0,2,3,53,0
0,2,3,54,0
0,2,3,55,0
0,2,3,56,0
0,2,3,57,0
0,2,3,58,0
0,2,3,59,0
0,2,3,60,0
0,2,3,61,0
0,2,3,62,0
0,2,3,63,0
0,2,3,64,0
0,2,3,65,0
0,2,3,66,0
0,2,3,67,0
0,2,3,68,0
0,2,3,69,0
0,2,3,70,0
0,2,3,71,0
0,2,3,72,0
0,2,3,73,0
0,2,3,74,0
0,2,3,75,0
0,2,3,76,0
0,2,3,77,0
0,2,3,78,0
0,2,3,79,0
0,2,3,80,0
0,2,3,81,0
0,2,3,82,0
0,2,3,83,0
0,2,3,84,0
0,2,3,85,0
0,2,3,86,0
0,2,3,87,0
0,2,3,88,0
0,2,3,89,0
0,2,3,90,0
0,2,3,91,0
0,2,3,92,0
0,2,3,93,0
0,2,3,94,0
0,2,3,95,0
0,2,3,96,0
0,2,3,97,0
0,2,3,98,0
0,2,3,99,0
0,2,3,100,0
0,2,3,101,0
0,2,3,102,0
0,2,3,103,0
0,2,3,104,0
0,2,3,105,0
0,2,3,106,0
0,2,3,107,0
0,2,3,108,0
0,2,3,109,0
0,2,3,110,0
0,2,3,111,0
0,2,4,0,2
0,2,4,1,4
0,2,4,2,6
0,2,4,3,8
0,2,4,4,10
0,2,4,5,12
0,2,4,6,14
0,2,4,7,16
0,2,4,8,0
0,2,4,9,0
0,2,4,10,0
0,2,4,11,0
0,2,4,12,0
0,2,4,13,0
0,2,4,14,0
0,2,4,15,0
0,2,4,16,0
0,2,4,17,0
0,2,4,18,0
0,2,4,19,0
0,2,4,20,0
0,2,4,21,0
0,2,4,22,0
0,2,4,23,0
0,2,4,24,0
0,2,4,25,0
0,2,4,26,0
0,2,4,27,0
0,2,4,28,0
0,2,4,29,0
0,2,4,30,0
0,2,4,31,0
0,2,4,32,0
0,2,4,33,0
0,2,4,34,0
0,2,4,35,0
0,2,4,36,0
0,2,4,37,0
0,2,4,38,0
0,2,4,39,0
0,2,4,40,0
0,2,4,41,0
0,2,4,42,0
0,2,4,43,0
0,2,4,44,0
0,2,4,45,0
0,2,4,46,0
0,2,4,47,0
0,2,4,48,0
0,2,4,49,0
0,2,4,50,0
0,2,4,51,0
0,2,4,52,0
0,2,4,53,0
0,2,4,54,0
0,2,4,55,0
0,2,4,56,0
0,2,4,57,0
0,2,4,58,0
0,2,4,59,0
0,2,4,60,0
0,2,4,61,0
0,2,4,62,0
0,2,4,63,0
0,2,4,64,0
0,2,4,65,0
0,2,4,66,0
0,2,4,67,0
0,2,4,68,0
0,2,4,69,0
0,2,4,70,0
0,2,4,71,0
0,2,4,72,0
0,2,4,73,0
0,2,4,74,0
0,2,4,75,0
0,2,4,76,0
0,2,4,77,0
0,2,4,78,0
0,2,4,79,0
0,2,4,80,0
0,2,4,81,0
0,2,4,82,0
0,2,4,83,0
0,2,4,84,0
0,2,4,85,0
0,2,4,86,0
0,2,4,87,0
0,2,4,88,0
0,2,4,89,0
0,2,4,90,0
0,2,4,91,0
0,2,4,92,0
0,2,4,93,0
0,2,4,94,0
0,2,4,95,0
0,2,4,96,0
0,2,4,97,0
0,2,4,98,0
0,2,4,99,0
0,2,4,100,0
0,2,4,101,0
0,2,4,102,0
0,2,4,103,0
0,2,4,104,0
0,2,4,105,0
0,2,4,106,0
0,2,4,107,0
0,2,4,108,0
0,2,4,109,0
0,2,4,110,0
0,2,4,111,0
0,2,5,0,2
0,2,5,1,4
0,2,5,2,6
0,2,5,3,8
0,2,5,4,10
0,2,5,5,12
0,2,5,6,14
0,2,5,7,16
0,2,5,8,0
0,2,5,9,0
0,2,5,10,0
0,2,5,11,0
0,2,5,12,0
0,2,5,13,0
0,2,5,14,0
0,2,5,15,0
0,2,5,16,0
0,2,5,17,0
0,2,5,18,0
0,2,5,19,0
0,2,5,20,0
0,2,5,21,0
0,2,5,22,0
0,2,5,23,0
0,2,5,24,0
0,2,5,25,0
0,2,5,26,0
0,2,5,27,0
0,2,5,28,0
0,2,5,29,0
0,2,5,30,0
0,2,5,31,0
0,2,5,32,0
0,2,5,33,0
0,2,5,34,0
0,2,5,35,0
0,2,5,36,0
0,2,5,37,0
0,2,5,38,0
0,2,5,39,0
0,2,5,40,0
0,2,5,41,0
0,2,5,42,0
0,2,5,43,0
0,2,5,44,0
0,2,5,45,0
0,2,5,46,0
0,2,5,47,0
0,2,5,48,0
0,2,5,49,0
0,2,5,50,0
0,2,5,51,0
0,2,5,52,0
0,2,5,53,0
0,2,5,54,0
0,2,5,55,0
0,2,5,56,0
0,2,5,57,0
0,2,5,58,0
0,2,5,59,0
0,2,5,60,0
0,2,5,61,0
0,2,5,62,0
0,2,5,63,0
0,2,5,64,0
0,2,5,65,0
0,2,5,66,0
0,2,5,67,0
0,2,5,68,0
0,2,5,69,0
0,2,5,70,0
0,2,5,71,0
0,2,5,72,0
0,2,5,73,0
0,2,5,74,0
0,2,5,75,0
0,2,5,76,0
0,2,5,77,0
0,2,5,78,0
0,2,5,79,0
0,2,5,80,0
0,2,5,81,0
0,2,5,82,0
0,2,5,83,0
0,2,5,84,0
0,2,5,85,0
0,2,5,86,0
0,2,5,87,0
0,2,5,88,0
0,2,5,89,0
0,2,5,90,0
0,2,5,91,0
0,2,5,92,0
0,2,5,93,0
0,2,5,94,0
0,2,5,95,0
0,2,5,96,0
0,2,5,97,0
0,2,5,98,0
0,2,5,99,0
0,2,5,100,0
0,2,5,101,0
0,2,5,102,0
0,2,5,103,0
0,2,5,104,0
0,2,5,105,0
0,2,5,106,0
0,2,5,107,0
0,2,5,108,0
0,2,5,109,0
0,2,5,110,0
0,2,5,111,0
0,2,6,0,2
0,2,6,1,4
0,2,6,2,6
0,2,6,3,8
0,2,6,4,10
0,2,6,5,12
0,2,6,6,14
0,2,6,7,16
0,2,6,8,0
0,2,6,9,0
0,2,6,10,0
0,2,6,11,0
0,2,6,12,0
0,2,6,13,0
0,2,6,14,0
0,2,6,15,0
0,2,6,16,0
0,2,6,17,0
0,2,6,18,0
0,2,6,19,0
0,2,6,20,0
0,2,6,21,0
0,2,6,22,0
0,2,6,23,0
0,2,6,24,0
0,2,6,25,0
0,2,6,26,0
0,2,6,27,0
0,2,6,28,0
0,2,6,29,0
0,2,6,30,0
0,2,6,31,0
0,2,6,32,0
0,2,6,33,0
0,2,6,34,0
0,2,6,35,0
0,2,6,36,0
0,2,6,37,0
0,2,6,38,0
0,2,6,39,0
0,2,6,40,0
0,2,6,41,0
0,2,6,42,0
0,2,6,43,0
0,2,6,44,0
0,2,6,45,0
0,2,6,46,0
0,2,6,47,0
0,2,6,48,0
0,2,6,49,0
0,2,6,50,0
0,2,6,51,0
0,2,6,52,0
0,2,6,53,0
0,2,6,54,0
0,2,6,55,0
0,2,6,56,0
0,2,6,57,0
0,2,6,58,0
0,2,6,59,0
0,2,6,60,0
0,2,6,61,0
0,2,6,62,0
0,2,6,63,0
0,2,6,64,0
0,2,6,65,0
0,2,6,66,0
0,2,6,67,0
0,2,6,68,0
0,2,6,69,0
0,2,6,70,0
0,2,6,71,0
0,2,6,72,0
0,2,6,73,0
0,2,6,74,0
0,2,6,75,0
0,2,6,76,0
0,2,6,77,0
0,2,6,78,0
0,2,6,79,0
0,2,6,80,0
0,2,6,81,0
0,2,6,82,0
0,2,6,83,0
0,2,6,84,0
0,2,6,85,0
0,2,6,86,0
0,2,6,87,0
0,2,6,88,0
0,2,6,89,0
0,2,6,90,0
0,2,6,91,0
0,2,6,92,0
0,2,6,93,0
0,2,6,94,0
0,2,6,95,0
0,2,6,96,0
0,2,6,97,0
0,2,6,98,0
0,2,6,99,0
0,2,6,100,0
0,2,6,101,0
0,2,6,102,0
0,2,6,103,0
0,2,6,104,0
0,2,6,105,0
0,2,6,106,0
0,2,6,107,0
0,2,6,108,0
0,2,6,109,0
0,2,6,110,0
0,2,6,111,0
0,2,7,0,2
0,2,7,1,4
0,2,7,2,6
0,2,7,3,8
0,2,7,4,10
0,2,7,5,12
0,2,7,6,14
0,2,7,7,16
0,2,7,8,0
0,2,7,9,0
0,2,7,10,0
0,2,7,11,0
0,2,7,12,0
0,2,7,13,0
0,2,7,14,0
0,2,7,15,0
0,2,7,16,0
0,2,7,17,0
0,2,7,18,0
0,2,7,19,0
0,2,7,20,0
0,2,7,21,0
0,2,7,22,0
0,2,7,23,0
0,2,7,24,0
0,2,7,25,0
0,2,7,26,0
0,2,7,27,0
0,2,7,28,0
0,2,7,29,0
0,2,7,30,0
0,2,7,31,0
0,2,7,32,0
0,2,7,33,0
0,2,7,34,0
0,2,7,35,0
0,2,7,36,0
0,2,7,37,0
0,2,7,38,0
0,2,7,39,0
0,2,7,40,0
0,2,7,41,0
0,2,7,42,0
0,2,7,43,0
0,2,7,44,0
0,2,7,45,0
0,2,7,46,0
0,2,7,47,0
0,2,7,48,0
0,2,7,49,0
0,2,7,50,0
0,2,7,51,0
0,2,7,52,0
0,2,7,53,0
0,2,7,54,0
0,2,7,55,0
0,2,7,56,0
0,2,7,57,0
0,2,7,58,0
0,2,7,59,0
0,2,7,60,0
0,2,7,61,0
0,2,7,62,0
0,2,7,63,0
0,2,7,64,0
0,2,7,65,0
0,2,7,66,0
0,2,7,67,0
0,2,7,68,0
0,2,7,69,0
0,2,7,70,0
0,2,7,71,0
0,2,7,72,0
0,2,7,73,0
0,2,7,74,0
0,2,7,75,0
0,2,7,76,0
0,2,7,77,0
0,2,7,78,0
0,2,7,79,0
0,2,7,80,0
0,2,7,81,0
0,2,7,82,0
0,2,7,83,0
0,2,7,84,0
0,2,7,85,0
0,2,7,86,0
0,2,7,87,0
0,2,7,88,0
0,2,7,89,0
0,2,7,90,0
0,2,7,91,0
0,2,7,92,0
0,2,7,93,0
0,2,7,94,0
0,2,7,95,0
0,2,7,96,0
0,2,7,97,0
0,2,7,98,0
0,2,7,99,0
0,2,7,100,0
0,2,7,101,0
0,2,7,102,0
0,2,7,103,0
0,2,7,104,0
0,2,7,105,0
0,2,7,106,0
0,2,7,107,0
0,2,7,108,0
0,2,7,109,0
0,2,7,110,0
0,2,7,111,0
0,3,-8,0,3
0,3,-8,1,6
0,3,-8,2,9
0,3,-8,3,12
0,3,-8,4,15
0,3,-8,5,18
0,3,-8,6,21
0,3,-8,7,24
0,3,-8,8,0
0,3,-8,9,0
0,3,-8,10,0
0,3,-8,11,0
0,3,-8,12,0
0,3,-8,13,0
0,3,-8,14,0
0,3,-8,15,0
0,3,-8,16,0
0,3,-8,17,0
0,3,-8,18,0
0,3,-8,19,0
0,3,-8,20,0
0,3,-8,21,0
0,3,-8,22,0
0,3,-8,23,0
0,3,-8,24,0
0,3,-8,25,0
0,3,-8,26,0
0,3,-8,27,0
0,3,-8,28,0
0,3,-8,29,0
0,3,-8,30,0
0,3,-8,31,0
0,3,-8,32,0
0,3,-8,33,0
0,3,-8,34,0
0,3,-8,35,0
0,3,-8,36,0
0,3,-8,37,0
0,3,-8,38,0
0,3,-8,39,0
0,3,-8,40,0
0,3,-8,41,0
0,3,-8,42,0
0,3,-8,43,0
0,3,-8,44,0
0,3,-8,45,0
0,3,-8,46,0
0,3,-8,47,0
0,3,-8,48,0
0,3,-8,49,0
0,3,-8,50,0
0,3,-8,51,0
0,3,-8,52,0
0,3,-8,53,0
0,3,-8,54,0
0,3,-8,55,0
0,3,-8,56,0
0,3,-8,57,0
0,3,-8,58,0
0,3,-8,59,0
0,3,-8,60,0
0,3,-8,61,0
0,3,-8,62,0
0,3,-8,63,0
0,3,-8,64,0
0,3,-8,65,0
0,3,-8,66,0
0,3,-8,67,0
0,3,-8,68,0
0,3,-8,69,0
0,3,-8,70,0
0,3,-8,71,0
0,3,-8,72,0
0,3,-8,73,0
0,3,-8,74,0
0,3,-8,75,0
0,3,-8,76,0
0,3,-8,77,0
0,3,-8,78,0
0,3,-8,79,0
0,3,-8,80,0
0,3,-8,81,0
0,3,-8,82,0
0,3,-8,83,0
0,3,-8,84,0
0,3,-8,85,0
0,3,-8,86,0
0,3,-8,87,0
0,3,-8,88,0
0,3,-8,89,0
0,3,-8,90,0
0,3,-8,91,0
0,3,-8,92,0
0,3,-8,93,0
0,3,-8,94,0
0,3,-8,95,0
0,3,-8,96,0
0,3,-8,97,0
0,3,-8,98,0
0,3,-8,99,0
0,3,-8,100,0
0,3,-8,101,0
0,3,-8,102,0
0,3,-8,103,0
0,3,-8,104,0
0,3,-8,105,0
0,3,-8,106,0
0,3,-8,107,0
0,3,-8,108,0
0,3,-8,109,0
0,3,-8,110,0
0,3,-8,111,0
0,3,-7,0,3
0,3,-7,1,6
0,3,-7,2,9
0,3,-7,3,12
0,3,-7,4,15
0,3,-7,5,18
0,3,-7,6,21
0,3,-7,7,24
0,3,-7,8,0
0,3,-7,9,0
0,3,-7,10,0
0,3,-7,11,0
0,3,-7,12,0
0,3,-7,13,0
0,3,-7,14,0
0,3,-7,15,0
0,3,-7,16,0
0,3,-7,17,0
0,3,-7,18,0
0,3,-7,19,0
0,3,-7,20,0
0,3,-7,21,0
0,3,-7,22,0
0,3,-7,23,0
0,3,-7,24,0
0,3,-7,25,0
0,3,-7,26,0
0,3,-7,27,0
0,3,-7,28,0
0,3,-7,29,0
0,3,-7,30,0
0,3,-7,31,0
0,3,-7,32,0
0,3,-7,33,0
0,3,-7,34,0
0,3,-7,35,0
0,3,-7,36,0
0,3,-7,37,0
0,3,-7,38,0
0,3,-7,39,0
0,3,-7,40,0
0,3,-7,41,0
0,3,-7,42,0
0,3,-7,43,0
0,3,-7,44,0
0,3,-7,45,0
0,3,-7,46,0
0,3,-7,47,0
0,3,-7,48,0
0,3,-7,49,0
0,3,-7,50,0
0,3,-7,51,0
0,3,-7,52,0
0,3,-7,53,0
0,3,-7,54,0
0,3,-7,55,0
0,3,-7,56,0
0,3,-7,57,0
0,3,-7,58,0
0,3,-7,59,0
0,3,-7,60,0
0,3,-7,61,0
0,3,-7,62,0
0,3,-7,63,0
0,3,-7,64,0
0,3,-7,65,0
0,3,-7,66,0
0,3,-7,67,0
0,3,-7,68,0
0,3,-7,69,0
0,3,-7,70,0
0,3,-7,71,0
0,3,-7,72,0
0,3,-7,73,0
0,3,-7,74,0
0,3,-7,75,0
0,3,-7,76,0
0,3,-7,77,0
0,3,-7,78,0
0,3,-7,79,0
0,3,-7,80,0
0,3,-7,81,0
0,3,-7,82,0
0,3,-7,83,0
0,3,-7,84,0
0,3,-7,85,0
0,3,-7,86,0
0,3,-7,87,0
0,3,-7,88,0
0,3,-7,89,0
0,3,-7,90,0
0,3,-7,91,0
0,3,-7,92,0
0,3,-7,93,0
0,3,-7,94,0
0,3,-7,95,0
0,3,-7,96,0
0,3,-7,97,0
0,3,-7,98,0
0,3,-7,99,0
0,3,-7,100,0
0,3,-7,101,0
0,3,-7,102,0
0,3,-7,103,0
0,3,-7,104,0
0,3,-7,105,0
0,3,-7,106,0
0,3,-7,107,0
0,3,-7,108,0
0,3,-7,109,0
0,3,-7,110,0
0,3,-7,111,0
0,3,-6,0,3
0,3,-6,1,6
0,3,-6,2,9
0,3,-6,3,12
0,3,-6,4,15
0,3,-6,5,18
0,3,-6,6,21
0,3,-6,7,24
0,3,-6,8,0
0,3,-6,9,0
0,3,-6,10,0
0,3,-6,11,0
0,3,-6,12,0
0,3,-6,13,0
0,3,-6,14,0
0,3,-6,15,0
0,3,-6,16,0
0,3,-6,17,0
0,3,-6,18,0
0,3,-6,19,0
0,3,-6,20,0
0,3,-6,21,0
0,3,-6,22,0
0,3,-6,23,0
0,3,-6,24,0
0,3,-6,25,0
0,3,-6,26,0
0,3,-6,27,0
0,3,-6,28,0
0,3,-6,29,0
0,3,-6,30,0
0,3,-6,31,0
0,3,-6,32,0
0,3,-6,33,0
0,3,-6,34,0
0,3,-6,35,0
0,3,-6,36,0
0,3,-6,37,0
0,3,-6,38,0
0,3,-6,39,0
0,3,-6,40,0
0,3,-6,41,0
0,3,-6,42,0
0,3,-6,43,0
0,3,-6,44,0
0,3,-6,45,0
0,3,-6,46,0
0,3,-6,47,0
0,3,-6,48,0
0,3,-6,49,0
0,3,-6,50,0
0,3,-6,51,0
0,3,-6,52,0
0,3,-6,53,0
0,3,-6,54,0
0,3,-6,55,0
0,3,-6,56,0
0,3,-6,57,0
0,3,-6,58,0
0,3,-6,59,0
0,3,-6,60,0
0,3,-6,61,0
0,3,-6,62,0
0,3,-6,63,0
0,3,-6,64,0
0,3,-6,65,0
0,3,-6,66,0
0,3,-6,67,0
0,3,-6,68,0
0,3,-6,69,0
0,3,-6,70,0
0,3,-6,71,0
0,3,-6,72,0
0,3,-6,73,0
0,3,-6,74,0
0,3,-6,75,0
0,3,-6,76,0
0,3,-6,77,0
0,3,-6,78,0
0,3,-6,79,0
0,3,-6,80,0
0,3,-6,81,0
0,3,-6,82,0
0,3,-6,83,0
0,3,-6,84,0
0,3,-6,85,0
0,3,-6,86,0
0,3,-6,87,0
0,3,-6,88,0
0,3,-6,89,0
0,3,-6,90,0
0,3,-6,91,0
0,3,-6,92,0
0,3,-6,93,0
0,3,-6,94,0
0,3,-6,95,0
0,3,-6,96,0
0,3,-6,97,0
0,3,-6,98,0
0,3,-6,99,0
0,3,-6,100,0
0,3,-6,101,0
0,3,-6,102,0
0,3,-6,103,0
0,3,-6,104,0
0,3,-6,105,0
0,3,-6,106,0
0,3,-6,107,0
0,3,-6,108,0
0,3,-6,109,0
0,3,-6,110,0
0,3,-6,111,0
0,3,-5,0,3
0,3,-5,1,6
0,3,-5,2,9
0,3,-5,3,12
0,3,-5,4,15
0,3,-5,5,18
0,3,-5,6,21
0,3,-5,7,24
0,3,-5,8,0
0,3,-5,9,0
0,3,-5,10,0
0,3,-5,11,0
0,3,-5,12,0
0,3,-5,13,0
0,3,-5,14,0
0,3,-5,15,0
0,3,-5,16,0
0,3,-5,17,0
0,3,-5,18,0
0,3,-5,19,0
0,3,-5,20,0
0,3,-5,21,0
0,3,-5,22,0
0,3,-5,23,0
0,3,-5,24,0
0,3,-5,25,0
0,3,-5,26,0
0,3,-5,27,0
0,3,-5,28,0
0,3,-5,29,0
0,3,-5,30,0
0,3,-5,31,0
0,3,-5,32,0
0,3,-5,33,0
0,3,-5,34,0
0,3,-5,35,0
0,3,-5,36,0
0,3,-5,37,0
0,3,-5,38,0
0,3,-5,39,0
0,3,-5,40,0
0,3,-5,41,0
0,3,-5,42,0
0,3,-5,43,0
0,3,-5,44,0
0,3,-5,45,0
0,3,-5,46,0
0,3,-5,47,0
0,3,-5,48,0
0,3,-5,49,0
0,3,-5,50,0
0,3,-5,51,0
0,3,-5,52,0
0,3,-5,53,0
0,3,-5,54,0
0,3,-5,55,0
0,3,-5,56,0
0,3,-5,57,0
0,3,-5,58,0
0,3,-5,59,0
0,3,-5,60,0
0,3,-5,61,0
0,3,-5,62,0
0,3,-5,63,0
0,3,-5,64,0
0,3,-5,65,0
0,3,-5,66,0
0,3,-5,67,0
0,3,-5,68,0
0,3,-5,69,0
0,3,-5,70,0
0,3,-5,71,0
0,3,-5,72,0
0,3,-5,73,0
0,3,-5,74,0
0,3,-5,75,0
0,3,-5,76,0
0,3,-5,77,0
0,3,-5,78,0
0,3,-5,79,0
0,3,-5,80,0
0,3,-5,81,0
0,3,-5,82,0
0,3,-5,83,0
0,3,-5,84,0
0,3,-5,85,0
0,3,-5,86,0
0,3,-5,87,0
0,3,-5,88,0
0,3,-5,89,0
0,3,-5,90,0
0,3,-5,91,0
0,3,-5,92,0
0,3,-5,93,0
0,3,-5,94,0
0,3,-5,95,0
0,3,-5,96,0
0,3,-5,97,0
0,3,-5,98,0
0,3,-5,99,0
0,3,-5,100,0
0,3,-5,101,0
0,3,-5,102,0
0,3,-5,103,0
0,3,-5,104,0
0,3,-5,105,0
0,3,-5,106,0
0,3,-5,107,0
0,3,-5,108,0
0,3,-5,109,0
0,3,-5,110,0
0,3,-5,111,0
0,3,-4,0,3
0,3,-4,1,6
0,3,-4,2,9
0,3,-4,3,12
0,3,-4,4,15
0,3,-4,5,18
0,3,-4,6,21
0,3,-4,7,24
0,3,-4,8,0
0,3,-4,9,0
0,3,-4,10,0
0,3,-4,11,0
0,3,-4,12,0
0,3,-4,13,0
0,3,-4,14,0
0,3,-4,15,0
0,3,-4,16,0
0,3,-4,17,0
0,3,-4,18,0
0,3,-4,19,0
0,3,-4,20,0
0,3,-4,21,0
0,3,-4,22,0
0,3,-4,23,0
0,3,-4,24,0
0,3,-4,25,0
0,3,-4,26,0
0,3,-4,27,0
0,3,-4,28,0
0,3,-4,29,0
0,3,-4,30,0
0,3,-4,31,0
0,3,-4,32,0
0,3,-4,33,0
0,3,-4,34,0
0,3,-4,35,0
0,3,-4,36,0
0,3,-4,37,0
0,3,-4,38,0
0,3,-4,39,0
0,3,-4,40,0
0,3,-4,41,0
0,3,-4,42,0
0,3,-4,43,0
0,3,-4,44,0
0,3,-4,45,0
0,3,-4,46,0
0,3,-4,47,0
0,3,-4,48,0
0,3,-4,49,0
0,3,-4,50,0
0,3,-4,51,0
0,3,-4,52,0
0,3,-4,53,0
0,3,-4,54,0
0,3,-4,55,0
0,3,-4,56,0
0,3,-4,57,0
0,3,-4,58,0
0,3,-4,59,0
0,3,-4,60,0
0,3,-4,61,0
0,3,-4,62,0
0,3,-4,63,0
0,3,-4,64,0
0,3,-4,65,0
0,3,-4,66,0
0,3,-4,67,0
0,3,-4,68,0
0,3,-4,69,0
0,3,-4,70,0
0,3,-4,71,0
0,3,-4,72,0
0,3,-4,73,0
0,3,-4,74,0
0,3,-4,75,0
0,3,-4,76,0
0,3,-4,77,0
0,3,-4,78,0
0,3,-4,79,0
0,3,-4,80,0
0,3,-4,81,0
0,3,-4,82,0
0,3,-4,83,0
0,3,-4,84,0
0,3,-4,85,0
0,3,-4,86,0
0,3,-4,87,0
0,3,-4,88,0
0,3,-4,89,0
0,3,-4,90,0
0,3,-4,91,0
0,3,-4,92,0
0,3,-4,93,0
0,3,-4,94,0
0,3,-4,95,0
0,3,-4,96,0
0,3,-4,97,0
0,3,-4,98,0
0,3,-4,99,0
0,3,-4,100,0
0,3,-4,101,0
0,3,-4,102,0
0,3,-4,103,0
0,3,-4,104,0
0,3,-4,105,0
0,3,-4,106,0
0,3,-4,107,0
0,3,-4,108,0
0,3,-4,109,0
0,3,-4,110,0
0,3,-4,111,0
0,3,-3,0,3
0,3,-3,1,6
0,3,-3,2,9
0,3,-3,3,12
0,3,-3,4,15
0,3,-3,5,18
0,3,-3,6,21
0,3,-3,7,24
0,3,-3,8,0
0,3,-3,9,0
0,3,-3,10,0
0,3,-3,11,0
0,3,-3,12,0
0,3,-3,13,0
0,3,-3,14,0
0,3,-3,15,0
0,3,-3,16,0
0,3,-3,17,0
0,3,-3,18,0
0,3,-3,19,0
0,3,-3,20,0
0,3,-3,21,0
0,3,-3,22,0
0,3,-3,23,0
0,3,-3,24,0
0,3,-3,25,0
0,3,-3,26,0
0,3,-3,27,0
0,3,-3,28,0
0,3,-3,29,0
0,3,-3,30,0
0,3,-3,31,0
0,3,-3,32,0
0,3,-3,33,0
0,3,-3,34,0
0,3,-3,35,0
0,3,-3,36,0
0,3,-3,37,0
0,3,-3,38,0
0,3,-3,39,0
0,3,-3,40,0
0,3,-3,41,0
0,3,-3,42,0
0,3,-3,43,0
0,3,-3,44,0
0,3,-3,45,0
0,3,-3,46,0
0,3,-3,47,0
0,3,-3,48,0
0,3,-3,49,0
0,3,-3,50,0
0,3,-3,51,0
0,3,-3,52,0
0,3,-3,53,0
0,3,-3,54,0
0,3,-3,55,0
0,3,-3,56,0
0,3,-3,57,0
0,3,-3,58,0
0,3,-3,59,0
0,3,-3,60,0
0,3,-3,61,0
0,3,-3,62,0
0,3,-3,63,0
0,3,-3,64,0
0,3,-3,65,0
0,3,-3,66,0
0,3,-3,67,0
0,3,-3,68,0
0,3,-3,69,0
0,3,-3,70,0
0,3,-3,71,0
0,3,-3,72,0
0,3,-3,73,0
0,3,-3,74,0
0,3,-3,75,0
0,3,-3,76,0
0,3,-3,77,0
0,3,-3,78,0
0,3,-3,79,0
0,3,-3,80,0
0,3,-3,81,0
0,3,-3,82,0
0,3,-3,83,0
0,3,-3,84,0
0,3,-3,85,0
0,3,-3,86,0
0,3,-3,87,0
0,3,-3,88,0
0,3,-3,89,0
0,3,-3,90,0
0,3,-3,91,0
0,3,-3,92,0
0,3,-3,93,0
0,3,-3,94,0
0,3,-3,95,0
0,3,-3,96,0
0,3,-3,97,0
0,3,-3,98,0
0,3,-3,99,0
0,3,-3,100,0
0,3,-3,101,0
0,3,-3,102,0
0,3,-3,103,0
0,3,-3,104,0
0,3,-3,105,0
0,3,-3,106,0
0,3,-3,107,0
0,3,-3,108,0
0,3,-3,109,0
0,3,-3,110,0
0,3,-3,111,0
0,3,-2,0,3
0,3,-2,1,6
0,3,-2,2,9
0,3,-2,3,12
0,3,-2,4,15
0,3,-2,5,18
0,3,-2,6,21
0,3,-2,7,24
0,3,-2,8,0
0,3,-2,9,0
0,3,-2,10,0
0,3,-2,11,0
0,3,-2,12,0
0,3,-2,13,0
0,3,-2,14,0
0,3,-2,15,0
0,3,-2,16,0
0,3,-2,17,0
0,3,-2,18,0
0,3,-2,19,0
0,3,-2,20,0
0,3,-2,21,0
0,3,-2,22,0
0,3,-2,23,0
0,3,-2,24,0
0,3,-2,25,0
0,3,-2,26,0
0,3,-2,27,0
0,3,-2,28,0
0,3,-2,29,0
0,3,-2,30,0
0,3,-2,31,0
0,3,-2,32,0
0,3,-2,33,0
0,3,-2,34,0
0,3,-2,35,0
0,3,-2,36,0
0,3,-2,37,0
0,3,-2,38,0
0,3,-2,39,0
0,3,-2,40,0
0,3,-2,41,0
0,3,-2,42,0
0,3,-2,43,0
0,3,-2,44,0
0,3,-2,45,0
0,3,-2,46,0
0,3,-2,47,0
0,3,-2,48,0
0,3,-2,49,0
0,3,-2,50,0
0,3,-2,51,0
0,3,-2,52,0
0,3,-2,53,0
0,3,-2,54,0
0,3,-2,55,0
0,3,-2,56,0
0,3,-2,57,0
0,3,-2,58,0
0,3,-2,59,0
0,3,-2,60,0
0,3,-2,61,0
0,3,-2,62,0
0,3,-2,63,0
0,3,-2,64,0
0,3,-2,65,0
0,3,-2,66,0
0,3,-2,67,0
0,3,-2,68,0
0,3,-2,69,0
0,3,-2,70,0
0,3,-2,71,0
0,3,-2,72,0
0,3,-2,73,0
0,3,-2,74,0
0,3,-2,75,0
0,3,-2,76,0
0,3,-2,77,0
0,3,-2,78,0
0,3,-2,79,0
0,3,-2,80,0
0,3,-2,81,0
0,3,-2,82,0
0,3,-2,83,0
0,3,-2,84,0
0,3,-2,85,0
0,3,-2,86,0
0,3,-2,87,0
0,3,-2,88,0
0,3,-2,89,0
0,3,-2,90,0
0,3,-2,91,0
0,3,-2,92,0
0,3,-2,93,0
0,3,-2,94,0
0,3,-2,95,0
0,3,-2,96,0
0,3,-2,97,0
0,3,-2,98,0
0,3,-2,99,0
0,3,-2,100,0
0,3,-2,101,0
0,3,-2,102,0
0,3,-2,103,0
0,3,-2,104,0
0,3,-2,105,0
0,3,-2,106,0
0,3,-2,107,0
0,3,-2,108,0
0,3,-2,109,0
0,3,-2,110,0
0,3,-2,111,0
0,3,-1,0,3
0,3,-1,1,6
0,3,-1,2,9
0,3,-1,3,12
0,3,-1,4,15
0,3,-1,5,18
0,3,-1,6,21
0,3,-1,7,24
0,3,-1,8,0
0,3,-1,9,0
0,3,-1,10,0
0,3,-1,11,0
0,3,-1,12,0
0,3,-1,13,0
0,3,-1,14,0
0,3,-1,15,0
0,3,-1,16,0
0,3,-1,17,0
0,3,-1,18,0
0,3,-1,19,0
0,3,-1,20,0
0,3,-1,21,0
0,3,-1,22,0
0,3,-1,23,0
0,3,-1,24,0
0,3,-1,25,0
0,3,-1,26,0
0,3,-1,27,0
0,3,-1,28,0
0,3,-1,29,0
0,3,-1,30,0
0,3,-1,31,0
0,3,-1,32,0
0,3,-1,33,0
0,3,-1,34,0
0,3,-1,35,0
0,3,-1,36,0
0,3,-1,37,0
0,3,-1,38,0
0,3,-1,39,0
0,3,-1,40,0
0,3,-1,41,0
0,3,-1,42,0
0,3,-1,43,0
0,3,-1,44,0
0,3,-1,45,0
0,3,-1,46,0
0,3,-1,47,0
0,3,-1,48,0
0,3,-1,49,0
0,3,-1,50,0
0,3,-1,51,0
0,3,-1,52,0
0,3,-1,53,0
0,3,-1,54,0
0,3,-1,55,0
0,3,-1,56,0
0,3,-1,57,0
0,3,-1,58,0
0,3,-1,59,0
0,3,-1,60,0
0,3,-1,61,0
0,3,-1,62,0
0,3,-1,63,0
0,3,-1,64,0
0,3,-1,65,0
0,3,-1,66,0
0,3,-1,67,0
0,3,-1,68,0
0,3,-1,69,0
0,3,-1,70,0
0,3,-1,71,0
0,3,-1,72,0
0,3,-1,73,0
0,3,-1,74,0
0,3,-1,75,0
0,3,-1,76,0
0,3,-1,77,0
0,3,-1,78,0
0,3,-1,79,0
0,3,-1,80,0
0,3,-1,81,0
0,3,-1,82,0
0,3,-1,83,0
0,3,-1,84,0
0,3,-1,85,0
0,3,-1,86,0
0,3,-1,87,0
0,3,-1,88,0
0,3,-1,89,0
0,3,-1,90,0
0,3,-1,91,0
0,3,-1,92,0
0,3,-1,93,0
0,3,-1,94,0
0,3,-1,95,0
0,3,-1,96,0
0,3,-1,97,0
0,3,-1,98,0
0,3,-1,99,0
0,3,-1,100,0
0,3,-1,101,0
0,3,-1,102,0
0,3,-1,103,0
0,3,-1,104,0
0,3,-1,105,0
0,3,-1,106,0
0,3,-1,107,0
0,3,-1,108,0
0,3,-1,109,0
0,3,-1,110,0
0,3,-1,111,0
0,3,0,0,3
0,3,0,1,6
0,3,0,2,9
0,3,0,3,12
0,3,0,4,15
0,3,0,5,18
0,3,0,6,21
0,3,0,7,24
0,3,0,8,0
0,3,0,9,0
0,3,0,10,0
0,3,0,11,0
0,3,0,12,0
0,3,0,13,0
0,3,0,14,0
0,3,0,15,0
0,3,0,16,0
0,3,0,17,0
0,3,0,18,0
0,3,0,19,0
0,3,0,20,0
0,3,0,21,0
0,3,0,22,0
0,3,0,23,0
0,3,0,24,0
0,3,0,25,0
0,3,0,26,0
0,3,0,27,0
0,3,0,28,0
0,3,0,29,0
0,3,0,30,0
0,3,0,31,0
0,3,0,32,0
0,3,0,33,0
0,3,0,34,0
0,3,0,35,0
0,3,0,36,0
0,3,0,37,0
0,3,0,38,0
0,3,0,39,0
0,3,0,40,0
0,3,0,41,0
0,3,0,42,0
0,3,0,43,0
0,3,0,44,0
0,3,0,45,0
0,3,0,46,0
0,3,0,47,0
0,3,0,48,0
0,3,0,49,0
0,3,0,50,0
0,3,0,51,0
0,3,0,52,0
0,3,0,53,0
0,3,0,54,0
0,3,0,55,0
0,3,0,56,0
0,3,0,57,0
0,3,0,58,0
0,3,0,59,0
0,3,0,60,0
0,3,0,61,0
0,3,0,62,0
0,3,0,63,0
0,3,0,64,0
0,3,0,65,0
0,3,0,66,0
0,3,0,67,0
0,3,0,68,0
0,3,0,69,0
0,3,0,70,0
0,3,0,71,0
0,3,0,72,0
0,3,0,73,0
0,3,0,74,0
0,3,0,75,0
0,3,0,76,0
0,3,0,77,0
0,3,0,78,0
0,3,0,79,0
0,3,0,80,0
0,3,0,81,0
0,3,0,82,0
0,3,0,83,0
0,3,0,84,0
0,3,0,85,0
0,3,0,86,0
0,3,0,87,0
0,3,0,88,0
0,3,0,89,0
0,3,0,90,0
0,3,0,91,0
0,3,0,92,0
0,3,0,93,0
0,3,0,94,0
0,3,0,95,0
0,3,0,96,0
0,3,0,97,0
0,3,0,98,0
0,3,0,99,0
0,3,0,100,0
0,3,0,101,0
0,3,0,102,0
0,3,0,103,0
0,3,0,104,0
0,3,0,105,0
0,3,0,106,0
0,3,0,107,0
0,3,0,108,0
0,3,0,109,0
0,3,0,110,0
0,3,0,111,0
0,3,1,0,3
0,3,1,1,6
0,3,1,2,9
0,3,1,3,12
0,3,1,4,15
0,3,1,5,18
0,3,1,6,21
0,3,1,7,24
0,3,1,8,0
0,3,1,9,0
0,3,1,10,0
0,3,1,11,0
0,3,1,12,0
0,3,1,13,0
0,3,1,14,0
0,3,1,15,0
0,3,1,16,0
0,3,1,17,0
0,3,1,18,0
0,3,1,19,0
0,3,1,20,0
0,3,1,21,0
0,3,1,22,0
0,3,1,23,0
0,3,1,24,0
0,3,1,25,0
0,3,1,26,0
0,3,1,27,0
0,3,1,28,0
0,3,1,29,0
0,3,1,30,0
0,3,1,31,0
0,3,1,32,0
0,3,1,33,0
0,3,1,34,0
0,3,1,35,0
0,3,1,36,0
0,3,1,37,0
0,3,1,38,0
0,3,1,39,0
0,3,1,40,0
0,3,1,41,0
0,3,1,42,0
0,3,1,43,0
0,3,1,44,0
0,3,1,45,0
0,3,1,46,0
0,3,1,47,0
0,3,1,48,0
0,3,1,49,0
0,3,1,50,0
0,3,1,51,0
0,3,1,52,0
0,3,1,53,0
0,3,1,54,0
0,3,1,55,0
0,3,1,56,0
0,3,1,57,0
0,3,1,58,0
0,3,1,59,0
0,3,1,60,0
0,3,1,61,0
0,3,1,62,0
0,3,1,63,0
0,3,1,64,0
0,3,1,65,0
0,3,1,66,0
0,3,1,67,0
0,3,1,68,0
0,3,1,69,0
0,3,1,70,0
0,3,1,71,0
0,3,1,72,0
0,3,1,73,0
0,3,1,74,0
0,3,1,75,0
0,3,1,76,0
0,3,1,77,0
0,3,1,78,0
0,3,1,79,0
0,3,1,80,0
0,3,1,81,0
0,3,1,82,0
0,3,1,83,0
0,3,1,84,0
0,3,1,85,0
0,3,1,86,0
0,3,1,87,0
0,3,1,88,0
0,3,1,89,0
0,3,1,90,0
0,3,1,91,0
0,3,1,92,0
0,3,1,93,0
0,3,1,94,0
0,3,1,95,0
0,3,1,96,0
0,3,1,97,0
0,3,1,98,0
0,3,1,99,0
0,3,1,100,0
0,3,1,101,0
0,3,1,102,0
0,3,1,103,0
0,3,1,104,0
0,3,1,105,0
0,3,1,106,0
0,3,1,107,0
0,3,1,108,0
0,3,1,109,0
0,3,1,110,0
0,3,1,111,0
0,3,2,0,3
0,3,2,1,6
0,3,2,2,9
0,3,2,3,12
0,3,2,4,15
0,3,2,5,18
0,3,2,6,21
0,3,2,7,24
0,3,2,8,0
0,3,2,9,0
0,3,2,10,0
0,3,2,11,0
0,3,2,12,0
0,3,2,13,0
0,3,2,14,0
0,3,2,15,0
0,3,2,16,0
0,3,2,17,0
0,3,2,18,0
0,3,2,19,0
0,3,2,20,0
0,3,2,21,0
0,3,2,22,0
0,3,2,23,0
0,3,2,24,0
0,3,2,25,0
0,3,2,26,0
0,3,2,27,0
0,3,2,28,0
0,3,2,29,0
0,3,2,30,0
0,3,2,31,0
0,3,2,32,0
0,3,2,33,0
0,3,2,34,0
0,3,2,35,0
0,3,2,36,0
0,3,2,37,0
0,3,2,38,0
0,3,2,39,0
0,3,2,40,0
0,3,2,41,0
0,3,2,42,0
0,3,2,43,0
0,3,2,44,0
0,3,2,45,0
0,3,2,46,0
0,3,2,47,0
0,3,2,48,0
0,3,2,49,0
0,3,2,50,0
0,3,2,51,0
0,3,2,52,0
0,3,2,53,0
0,3,2,54,0
0,3,2,55,0
0,3,2,56,0
0,3,2,57,0
0,3,2,58,0
0,3,2,59,0
0,3,2,60,0
0,3,2,61,0
0,3,2,62,0
0,3,2,63,0
0,3,2,64,0
0,3,2,65,0
0,3,2,66,0
0,3,2,67,0
0,3,2,68,0
0,3,2,69,0
0,3,2,70,0
0,3,2,71,0
0,3,2,72,0
0,3,2,73,0
0,3,2,74,0
0,3,2,75,0
0,3,2,76,0
0,3,2,77,0
0,3,2,78,0
0,3,2,79,0
0,3,2,80,0
0,3,2,81,0
0,3,2,82,0
0,3,2,83,0
0,3,2,84,0
0,3,2,85,0
0,3,2,86,0
0,3,2,87,0
0,3,2,88,0
0,3,2,89,0
0,3,2,90,0
0,3,2,91,0
0,3,2,92,0
0,3,2,93,0
0,3,2,94,0
0,3,2,95,0
0,3,2,96,0
0,3,2,97,0
0,3,2,98,0
0,3,2,99,0
0,3,2,100,0
0,3,2,101,0
0,3,2,102,0
0,3,2,103,0
0,3,2,104,0
0,3,2,105,0
0,3,2,106,0
0,3,2,107,0
0,3,2,108,0
0,3,2,109,0
0,3,2,110,0
0,3,2,111,0
0,3,3,0,3
0,3,3,1,6
0,3,3,2,9
0,3,3,3,12
0,3,3,4,15
0,3,3,5,18
0,3,3,6,21
0,3,3,7,24
0,3,3,8,0
0,3,3,9,0
0,3,3,10,0
0,3,3,11,0
0,3,3,12,0
0,3,3,13,0
0,3,3,14,0
0,3,3,15,0
0,3,3,16,0
0,3,3,17,0
0,3,3,18,0
0,3,3,19,0
0,3,3,20,0
0,3,3,21,0
0,3,3,22,0
0,3,3,23,0
0,3,3,24,0
0,3,3,25,0
0,3,3,26,0
0,3,3,27,0
0,3,3,28,0
0,3,3,29,0
0,3,3,30,0
0,3,3,31,0
0,3,3,32,0
0,3,3,33,0
0,3,3,34,0
0,3,3,35,0
0,3,3,36,0
0,3,3,37,0
0,3,3,38,0
0,3,3,39,0
0,3,3,40,0
0,3,3,41,0
0,3,3,42,0
0,3,3,43,0
0,3,3,44,0
0,3,3,45,0
0,3,3,46,0
0,3,3,47,0
0,3,3,48,0
0,3,3,49,0
0,3,3,50,0
0,3,3,51,0
0,3,3,52,0
0,3,3,53,0
0,3,3,54,0
0,3,3,55,0
0,3,3,56,0
0,3,3,57,0
0,3,3,58,0
0,3,3,59,0
0,3,3,60,0
0,3,3,61,0
0,3,3,62,0
0,3,3,63,0
0,3,3,64,0
0,3,3,65,0
0,3,3,66,0
0,3,3,67,0
0,3,3,68,0
0,3,3,69,0
0,3,3,70,0
0,3,3,71,0
0,3,3,72,0
0,3,3,73,0
0,3,3,74,0
0,3,3,75,0
0,3,3,76,0
0,3,3,77,0
0,3,3,78,0
0,3,3,79,0
0,3,3,80,0
0,3,3,81,0
0,3,3,82,0
0,3,3,83,0
0,3,3,84,0
0,3,3,85,0
0,3,3,86,0
0,3,3,87,0
0,3,3,88,0
0,3,3,89,0
0,3,3,90,0
0,3,3,91,0
0,3,3,92,0
0,3,3,93,0
0,3,3,94,0
0,3,3,95,0
0,3,3,96,0
0,3,3,97,0
0,3,3,98,0
0,3,3,99,0
0,3,3,100,0
0,3,3,101,0
0,3,3,102,0
0,3,3,103,0
0,3,3,104,0
0,3,3,105,0
0,3,3,106,0
0,3,3,107,0
0,3,3,108,0
0,3,3,109,0
0,3,3,110,0
0,3,3,111,0
0,3,4,0,3
0,3,4,1,6
0,3,4,2,9
0,3,4,3,12
0,3,4,4,15
0,3,4,5,18
0,3,4,6,21
0,3,4,7,24
0,3,4,8,0
0,3,4,9,0
0,3,4,10,0
0,3,4,11,0
0,3,4,12,0
0,3,4,13,0
0,3,4,14,0
0,3,4,15,0
0,3,4,16,0
0,3,4,17,0
0,3,4,18,0
0,3,4,19,0
0,3,4,20,0
0,3,4,21,0
0,3,4,22,0
0,3,4,23,0
0,3,4,24,0
0,3,4,25,0
0,3,4,26,0
0,3,4,27,0
0,3,4,28,0
0,3,4,29,0
0,3,4,30,0
0,3,4,31,0
0,3,4,32,0
0,3,4,33,0
0,3,4,34,0
0,3,4,35,0
0,3,4,36,0
0,3,4,37,0
0,3,4,38,0
0,3,4,39,0
0,3,4,40,0
0,3,4,41,0
0,3,4,42,0
0,3,4,43,0
0,3,4,44,0
0,3,4,45,0
0,3,4,46,0
0,3,4,47,0
0,3,4,48,0
0,3,4,49,0
0,3,4,50,0
0,3,4,51,0
0,3,4,52,0
0,3,4,53,0
0,3,4,54,0
0,3,4,55,0
0,3,4,56,0
0,3,4,57,0
0,3,4,58,0
0,3,4,59,0
0,3,4,60,0
0,3,4,61,0
0,3,4,62,0
0,3,4,63,0
0,3,4,64,0
0,3,4,65,0
0,3,4,66,0
0,3,4,67,0
0,3,4,68,0
0,3,4,69,0
0,3,4,70,0
0,3,4,71,0
0,3,4,72,0
0,3,4,73,0
0,3,4,74,0
0,3,4,75,0
0,3,4,76,0
0,3,4,77,0
0,3,4,78,0
0,3,4,79,0
0,3,4,80,0
0,3,4,81,0
0,3,4,82,0
0,3,4,83,0
0,3,4,84,0
0,3,4,85,0
0,3,4,86,0
0,3,4,87,0
0,3,4,88,0
0,3,4,89,0
0,3,4,90,0
0,3,4,91,0
0,3,4,92,0
0,3,4,93,0
0,3,4,94,0
0,3,4,95,0
0,3,4,96,0
0,3,4,97,0
0,3,4,98,0
0,3,4,99,0
0,3,4,100,0
0,3,4,101,0
0,3,4,102,0
0,3,4,103,0
0,3,4,104,0
0,3,4,105,0
0,3,4,106,0
0,3,4,107,0
0,3,4,108,0
0,3,4,109,0
0,3,4,110,0
0,3,4,111,0
0,3,5,0,3
0,3,5,1,6
0,3,5,2,9
0,3,5,3,12
0,3,5,4,15
0,3,5,5,18
0,3,5,6,21
0,3,5,7,24
0,3,5,8,0
0,3,5,9,0
0,3,5,10,0
0,3,5,11,0
0,3,5,12,0
0,3,5,13,0
0,3,5,14,0
0,3,5,15,0
0,3,5,16,0
0,3,5,17,0
0,3,5,18,0
0,3,5,19,0
0,3,5,20,0
0,3,5,21,0
0,3,5,22,0
0,3,5,23,0
0,3,5,24,0
0,3,5,25,0
0,3,5,26,0
0,3,5,27,0
0,3,5,28,0
0,3,5,29,0
0,3,5,30,0
0,3,5,31,0
0,3,5,32,0
0,3,5,33,0
0,3,5,34,0
0,3,5,35,0
0,3,5,36,0
0,3,5,37,0
0,3,5,38,0
0,3,5,39,0
0,3,5,40,0
0,3,5,41,0
0,3,5,42,0
0,3,5,43,0
0,3,5,44,0
0,3,5,45,0
0,3,5,46,0
0,3,5,47,0
0,3,5,48,0
0,3,5,49,0
0,3,5,50,0
0,3,5,51,0
0,3,5,52,0
0,3,5,53,0
0,3,5,54,0
0,3,5,55,0
0,3,5,56,0
0,3,5,57,0
0,3,5,58,0
0,3,5,59,0
0,3,5,60,0
0,3,5,61,0
0,3,5,62,0
0,3,5,63,0
0,3,5,64,0
0,3,5,65,0
0,3,5,66,0
0,3,5,67,0
0,3,5,68,0
0,3,5,69,0
0,3,5,70,0
0,3,5,71,0
0,3,5,72,0
0,3,5,73,0
0,3,5,74,0
0,3,5,75,0
0,3,5,76,0
0,3,5,77,0
0,3,5,78,0
0,3,5,79,0
0,3,5,80,0
0,3,5,81,0
0,3,5,82,0
0,3,5,83,0
0,3,5,84,0
0,3,5,85,0
0,3,5,86,0
0,3,5,87,0
0,3,5,88,0
0,3,5,89,0
0,3,5,90,0
0,3,5,91,0
0,3,5,92,0
0,3,5,93,0
0,3,5,94,0
0,3,5,95,0
0,3,5,96,0
0,3,5,97,0
0,3,5,98,0
0,3,5,99,0
0,3,5,100,0
0,3,5,101,0
0,3,5,102,0
0,3,5,103,0
0,3,5,104,0
0,3,5,105,0
0,3,5,106,0
0,3,5,107,0
0,3,5,108,0
0,3,5,109,0
0,3,5,110,0
0,3,5,111,0
0,3,6,0,3
0,3,6,1,6
0,3,6,2,9
0,3,6,3,12
0,3,6,4,15
0,3,6,5,18
0,3,6,6,21
0,3,6,7,24
0,3,6,8,0
0,3,6,9,0
0,3,6,10,0
0,3,6,11,0
0,3,6,12,0
0,3,6,13,0
0,3,6,14,0
0,3,6,15,0
0,3,6,16,0
0,3,6,17,0
0,3,6,18,0
0,3,6,19,0
0,3,6,20,0
0,3,6,21,0
0,3,6,22,0
0,3,6,23,0
0,3,6,24,0
0,3,6,25,0
0,3,6,26,0
0,3,6,27,0
0,3,6,28,0
0,3,6,29,0
0,3,6,30,0
0,3,6,31,0
0,3,6,32,0
0,3,6,33,0
0,3,6,34,0
0,3,6,35,0
0,3,6,36,0
0,3,6,37,0
0,3,6,38,0
0,3,6,39,0
0,3,6,40,0
0,3,6,41,0
0,3,6,42,0
0,3,6,43,0
0,3,6,44,0
0,3,6,45,0
0,3,6,46,0
0,3,6,47,0
0,3,6,48,0
0,3,6,49,0
0,3,6,50,0
0,3,6,51,0
0,3,6,52,0
0,3,6,53,0
0,3,6,54,0
0,3,6,55,0
0,3,6,56,0
0,3,6,57,0
0,3,6,58,0
0,3,6,59,0
0,3,6,60,0
0,3,6,61,0
0,3,6,62,0
0,3,6,63,0
0,3,6,64,0
0,3,6,65,0
0,3,6,66,0
0,3,6,67,0
0,3,6,68,0
0,3,6,69,0
0,3,6,70,0
0,3,6,71,0
0,3,6,72,0
0,3,6,73,0
0,3,6,74,0
0,3,6,75,0
0,3,6,76,0
0,3,6,77,0
0,3,6,78,0
0,3,6,79,0
0,3,6,80,0
0,3,6,81,0
0,3,6,82,0
0,3,6,83,0
0,3,6,84,0
0,3,6,85,0
0,3,6,86,0
0,3,6,87,0
0,3,6,88,0
0,3,6,89,0
0,3,6,90,0
0,3,6,91,0
0,3,6,92,0
0,3,6,93,0
0,3,6,94,0
0,3,6,95,0
0,3,6,96,0
0,3,6,97,0
0,3,6,98,0
0,3,6,99,0
0,3,6,100,0
0,3,6,101,0
0,3,6,102,0
0,3,6,103,0
0,3,6,104,0
0,3,6,105,0
0,3,6,106,0
0,3,6,107,0
0,3,6,108,0
0,3,6,109,0
0,3,6,110,0
0,3,6,111,0
0,3,7,0,3
0,3,7,1,6
0,3,7,2,9
0,3,7,3,12
0,3,7,4,15
0,3,7,5,18
0,3,7,6,21
0,3,7,7,24
0,3,7,8,0
0,3,7,9,0
0,3,7,10,0
0,3,7,11,0
0,3,7,12,0
0,3,7,13,0
0,3,7,14,0
0,3,7,15,0
0,3,7,16,0
0,3,7,17,0
0,3,7,18,0
0,3,7,19,0
0,3,7,20,0
0,3,7,21,0
0,3,7,22,0
0,3,7,23,0
0,3,7,24,0
0,3,7,25,0
0,3,7,26,0
0,3,7,27,0
0,3,7,28,0
0,3,7,29,0
0,3,7,30,0
0,3,7,31,0
0,3,7,32,0
0,3,7,33,0
0,3,7,34,0
0,3,7,35,0
0,3,7,36,0
0,3,7,37,0
0,3,7,38,0
0,3,7,39,0
0,3,7,40,0
0,3,7,41,0
0,3,7,42,0
0,3,7,43,0
0,3,7,44,0
0,3,7,45,0
0,3,7,46,0
0,3,7,47,0
0,3,7,48,0
0,3,7,49,0
0,3,7,50,0
0,3,7,51,0
0,3,7,52,0
0,3,7,53,0
0,3,7,54,0
0,3,7,55,0
0,3,7,56,0
0,3,7,57,0
0,3,7,58,0
0,3,7,59,0
0,3,7,60,0
0,3,7,61,0
0,3,7,62,0
0,3,7,63,0
0,3,7,64,0
0,3,7,65,0
0,3,7,66,0
0,3,7,67,0
0,3,7,68,0
0,3,7,69,0
0,3,7,70,0
0,3,7,71,0
0,3,7,72,0
0,3,7,73,0
0,3,7,74,0
0,3,7,75,0
0,3,7,76,0
0,3,7,77,0
0,3,7,78,0
0,3,7,79,0
0,3,7,80,0
0,3,7,81,0
0,3,7,82,0
0,3,7,83,0
0,3,7,84,0
0,3,7,85,0
0,3,7,86,0
0,3,7,87,0
0,3,7,88,0
0,3,7,89,0
0,3,7,90,0
0,3,7,91,0
0,3,7,92,0
0,3,7,93,0
0,3,7,94,0
0,3,7,95,0
0,3,7,96,0
0,3,7,97,0
0,3,7,98,0
0,3,7,99,0
0,3,7,100,0
0,3,7,101,0
0,3,7,102,0
0,3,7,103,0
0,3,7,104,0
0,3,7,105,0
0,3,7,106,0
0,3,7,107,0
0,3,7,108,0
0,3,7,109,0
0,3,7,110,0
0,3,7,111,0
0,4,-8,0,4
0,4,-8,1,8
0,4,-8,2,12
0,4,-8,3,16
0,4,-8,4,20
0,4,-8,5,24
0,4,-8,6,28
0,4,-8,7,32
0,4,-8,8,0
0,4,-8,9,0
0,4,-8,10,0
0,4,-8,11,0
0,4,-8,12,0
0,4,-8,13,0
0,4,-8,14,0
0,4,-8,15,0
0,4,-8,16,0
0,4,-8,17,0
0,4,-8,18,0
0,4,-8,19,0
0,4,-8,20,0
0,4,-8,21,0
0,4,-8,22,0
0,4,-8,23,0
0,4,-8,24,0
0,4,-8,25,0
0,4,-8,26,0
0,4,-8,27,0
0,4,-8,28,0
0,4,-8,29,0
0,4,-8,30,0
0,4,-8,31,0
0,4,-8,32,0
0,4,-8,33,0
0,4,-8,34,0
0,4,-8,35,0
0,4,-8,36,0
0,4,-8,37,0
0,4,-8,38,0
0,4,-8,39,0
0,4,-8,40,0
0,4,-8,41,0
0,4,-8,42,0
0,4,-8,43,0
0,4,-8,44,0
0,4,-8,45,0
0,4,-8,46,0
0,4,-8,47,0
0,4,-8,48,0
0,4,-8,49,0
0,4,-8,50,0
0,4,-8,51,0
0,4,-8,52,0
0,4,-8,53,0
0,4,-8,54,0
0,4,-8,55,0
0,4,-8,56,0
0,4,-8,57,0
0,4,-8,58,0
0,4,-8,59,0
0,4,-8,60,0
0,4,-8,61,0
0,4,-8,62,0
0,4,-8,63,0
0,4,-8,64,0
0,4,-8,65,0
0,4,-8,66,0
0,4,-8,67,0
0,4,-8,68,0
0,4,-8,69,0
0,4,-8,70,0
0,4,-8,71,0
0,4,-8,72,0
0,4,-8,73,0
0,4,-8,74,0
0,4,-8,75,0
0,4,-8,76,0
0,4,-8,77,0
0,4,-8,78,0
0,4,-8,79,0
0,4,-8,80,0
0,4,-8,81,0
0,4,-8,82,0
0,4,-8,83,0
0,4,-8,84,0
0,4,-8,85,0
0,4,-8,86,0
0,4,-8,87,0
0,4,-8,88,0
0,4,-8,89,0
0,4,-8,90,0
0,4,-8,91,0
0,4,-8,92,0
0,4,-8,93,0
0,4,-8,94,0
0,4,-8,95,0
0,4,-8,96,0
0,4,-8,97,0
0,4,-8,98,0
0,4,-8,99,0
0,4,-8,100,0
0,4,-8,101,0
0,4,-8,102,0
0,4,-8,103,0
0,4,-8,104,0
0,4,-8,105,0
0,4,-8,106,0
0,4,-8,107,0
0,4,-8,108,0
0,4,-8,109,0
0,4,-8,110,0
0,4,-8,111,0
0,4,-7,0,4
0,4,-7,1,8
0,4,-7,2,12
0,4,-7,3,16
0,4,-7,4,20
0,4,-7,5,24
0,4,-7,6,28
0,4,-7,7,32
0,4,-7,8,0
0,4,-7,9,0
0,4,-7,10,0
0,4,-7,11,0
0,4,-7,12,0
0,4,-7,13,0
0,4,-7,14,0
0,4,-7,15,0
0,4,-7,16,0
0,4,-7,17,0
0,4,-7,18,0
0,4,-7,19,0
0,4,-7,20,0
0,4,-7,21,0
0,4,-7,22,0
0,4,-7,23,0
0,4,-7,24,0
0,4,-7,25,0
0,4,-7,26,0
0,4,-7,27,0
0,4,-7,28,0
0,4,-7,29,0
0,4,-7,30,0
0,4,-7,31,0
0,4,-7,32,0
0,4,-7,33,0
0,4,-7,34,0
0,4,-7,35,0
0,4,-7,36,0
0,4,-7,37,0
0,4,-7,38,0
0,4,-7,39,0
0,4,-7,40,0
0,4,-7,41,0
0,4,-7,42,0
0,4,-7,43,0
0,4,-7,44,0
0,4,-7,45,0
0,4,-7,46,0
0,4,-7,47,0
0,4,-7,48,0
0,4,-7,49,0
0,4,-7,50,0
0,4,-7,51,0
0,4,-7,52,0
0,4,-7,53,0
0,4,-7,54,0
0,4,-7,55,0
0,4,-7,56,0
0,4,-7,57,0
0,4,-7,58,0
0,4,-7,59,0
0,4,-7,60,0
0,4,-7,61,0
0,4,-7,62,0
0,4,-7,63,0
0,4,-7,64,0
0,4,-7,65,0
0,4,-7,66,0
0,4,-7,67,0
0,4,-7,68,0
0,4,-7,69,0
0,4,-7,70,0
0,4,-7,71,0
0,4,-7,72,0
0,4,-7,73,0
0,4,-7,74,0
0,4,-7,75,0
0,4,-7,76,0
0,4,-7,77,0
0,4,-7,78,0
0,4,-7,79,0
0,4,-7,80,0
0,4,-7,81,0
0,4,-7,82,0
0,4,-7,83,0
0,4,-7,84,0
0,4,-7,85,0
0,4,-7,86,0
0,4,-7,87,0
0,4,-7,88,0
0,4,-7,89,0
0,4,-7,90,0
0,4,-7,91,0
0,4,-7,92,0
0,4,-7,93,0
0,4,-7,94,0
0,4,-7,95,0
0,4,-7,96,0
0,4,-7,97,0
0,4,-7,98,0
0,4,-7,99,0
0,4,-7,100,0
0,4,-7,101,0
0,4,-7,102,0
0,4,-7,103,0
0,4,-7,104,0
0,4,-7,105,0
0,4,-7,106,0
0,4,-7,107,0
0,4,-7,108,0
0,4,-7,109,0
0,4,-7,110,0
0,4,-7,111,0
0,4,-6,0,4
0,4,-6,1,8
0,4,-6,2,12
0,4,-6,3,16
0,4,-6,4,20
0,4,-6,5,24
0,4,-6,6,28
0,4,-6,7,32
0,4,-6,8,0
0,4,-6,9,0
0,4,-6,10,0
0,4,-6,11,0
0,4,-6,12,0
0,4,-6,13,0
0,4,-6,14,0
0,4,-6,15,0
0,4,-6,16,0
0,4,-6,17,0
0,4,-6,18,0
0,4,-6,19,0
0,4,-6,20,0
0,4,-6,21,0
0,4,-6,22,0
0,4,-6,23,0
0,4,-6,24,0
0,4,-6,25,0
0,4,-6,26,0
0,4,-6,27,0
0,4,-6,28,0
0,4,-6,29,0
0,4,-6,30,0
0,4,-6,31,0
0,4,-6,32,0
0,4,-6,33,0
0,4,-6,34,0
0,4,-6,35,0
0,4,-6,36,0
0,4,-6,37,0
0,4,-6,38,0
0,4,-6,39,0
0,4,-6,40,0
0,4,-6,41,0
0,4,-6,42,0
0,4,-6,43,0
0,4,-6,44,0
0,4,-6,45,0
0,4,-6,46,0
0,4,-6,47,0
0,4,-6,48,0
0,4,-6,49,0
0,4,-6,50,0
0,4,-6,51,0
0,4,-6,52,0
0,4,-6,53,0
0,4,-6,54,0
0,4,-6,55,0
0,4,-6,56,0
0,4,-6,57,0
0,4,-6,58,0
0,4,-6,59,0
0,4,-6,60,0
0,4,-6,61,0
0,4,-6,62,0
0,4,-6,63,0
0,4,-6,64,0
0,4,-6,65,0
0,4,-6,66,0
0,4,-6,67,0
0,4,-6,68,0
0,4,-6,69,0
0,4,-6,70,0
0,4,-6,71,0
0,4,-6,72,0
0,4,-6,73,0
0,4,-6,74,0
0,4,-6,75,0
0,4,-6,76,0
0,4,-6,77,0
0,4,-6,78,0
0,4,-6,79,0
0,4,-6,80,0
0,4,-6,81,0
0,4,-6,82,0
0,4,-6,83,0
0,4,-6,84,0
0,4,-6,85,0
0,4,-6,86,0
0,4,-6,87,0
0,4,-6,88,0
0,4,-6,89,0
0,4,-6,90,0
0,4,-6,91,0
0,4,-6,92,0
0,4,-6,93,0
0,4,-6,94,0
0,4,-6,95,0
0,4,-6,96,0
0,4,-6,97,0
0,4,-6,98,0
0,4,-6,99,0
0,4,-6,100,0
0,4,-6,101,0
0,4,-6,102,0
0,4,-6,103,0
0,4,-6,104,0
0,4,-6,105,0
0,4,-6,106,0
0,4,-6,107,0
0,4,-6,108,0
0,4,-6,109,0
0,4,-6,110,0
0,4,-6,111,0
0,4,-5,0,4
0,4,-5,1,8
0,4,-5,2,12
0,4,-5,3,16
0,4,-5,4,20
0,4,-5,5,24
0,4,-5,6,28
0,4,-5,7,32
0,4,-5,8,0
0,4,-5,9,0
0,4,-5,10,0
0,4,-5,11,0
0,4,-5,12,0
0,4,-5,13,0
0,4,-5,14,0
0,4,-5,15,0
0,4,-5,16,0
0,4,-5,17,0
0,4,-5,18,0
0,4,-5,19,0
0,4,-5,20,0
0,4,-5,21,0
0,4,-5,22,0
0,4,-5,23,0
0,4,-5,24,0
0,4,-5,25,0
0,4,-5,26,0
0,4,-5,27,0
0,4,-5,28,0
0,4,-5,29,0
0,4,-5,30,0
0,4,-5,31,0
0,4,-5,32,0
0,4,-5,33,0
0,4,-5,34,0
0,4,-5,35,0
0,4,-5,36,0
0,4,-5,37,0
0,4,-5,38,0
0,4,-5,39,0
0,4,-5,40,0
0,4,-5,41,0
0,4,-5,42,0
0,4,-5,43,0
0,4,-5,44,0
0,4,-5,45,0
0,4,-5,46,0
0,4,-5,47,0
0,4,-5,48,0
0,4,-5,49,0
0,4,-5,50,0
0,4,-5,51,0
0,4,-5,52,0
0,4,-5,53,0
0,4,-5,54,0
0,4,-5,55,0
0,4,-5,56,0
0,4,-5,57,0
0,4,-5,58,0
0,4,-5,59,0
0,4,-5,60,0
0,4,-5,61,0
0,4,-5,62,0
0,4,-5,63,0
0,4,-5,64,0
0,4,-5,65,0
0,4,-5,66,0
0,4,-5,67,0
0,4,-5,68,0
0,4,-5,69,0
0,4,-5,70,0
0,4,-5,71,0
0,4,-5,72,0
0,4,-5,73,0
0,4,-5,74,0
0,4,-5,75,0
0,4,-5,76,0
0,4,-5,77,0
0,4,-5,78,0
0,4,-5,79,0
0,4,-5,80,0
0,4,-5,81,0
0,4,-5,82,0
0,4,-5,83,0
0,4,-5,84,0
0,4,-5,85,0
0,4,-5,86,0
0,4,-5,87,0
0,4,-5,88,0
0,4,-5,89,0
0,4,-5,90,0
0,4,-5,91,0
0,4,-5,92,0
0,4,-5,93,0
0,4,-5,94,0
0,4,-5,95,0
0,4,-5,96,0
0,4,-5,97,0
0,4,-5,98,0
0,4,-5,99,0
0,4,-5,100,0
0,4,-5,101,0
0,4,-5,102,0
0,4,-5,103,0
0,4,-5,104,0
0,4,-5,105,0
0,4,-5,106,0
0,4,-5,107,0
0,4,-5,108,0
0,4,-5,109,0
0,4,-5,110,0
0,4,-5,111,0
0,4,-4,0,4
0,4,-4,1,8
0,4,-4,2,12
0,4,-4,3,16
0,4,-4,4,20
0,4,-4,5,24
0,4,-4,6,28
0,4,-4,7,32
0,4,-4,8,0
0,4,-4,9,0
0,4,-4,10,0
0,4,-4,11,0
0,4,-4,12,0
0,4,-4,13,0
0,4,-4,14,0
0,4,-4,15,0
0,4,-4,16,0
0,4,-4,17,0
0,4,-4,18,0
0,4,-4,19,0
0,4,-4,20,0
0,4,-4,21,0
0,4,-4,22,0
0,4,-4,23,0
0,4,-4,24,0
0,4,-4,25,0
0,4,-4,26,0
0,4,-4,27,0
0,4,-4,28,0
0,4,-4,29,0
0,4,-4,30,0
0,4,-4,31,0
0,4,-4,32,0
0,4,-4,33,0
0,4,-4,34,0
0,4,-4,35,0
0,4,-4,36,0
0,4,-4,37,0
0,4,-4,38,0
0,4,-4,39,0
0,4,-4,40,0
0,4,-4,41,0
0,4,-4,42,0
0,4,-4,43,0
0,4,-4,44,0
0,4,-4,45,0
0,4,-4,46,0
0,4,-4,47,0
0,4,-4,48,0
0,4,-4,49,0
0,4,-4,50,0
0,4,-4,51,0
0,4,-4,52,0
0,4,-4,53,0
0,4,-4,54,0
0,4,-4,55,0
0,4,-4,56,0
0,4,-4,57,0
0,4,-4,58,0
0,4,-4,59,0
0,4,-4,60,0
0,4,-4,61,0
0,4,-4,62,0
0,4,-4,63,0
0,4,-4,64,0
0,4,-4,65,0
0,4,-4,66,0
0,4,-4,67,0
0,4,-4,68,0
0,4,-4,69,0
0,4,-4,70,0
0,4,-4,71,0
0,4,-4,72,0
0,4,-4,73,0
0,4,-4,74,0
0,4,-4,75,0
0,4,-4,76,0
0,4,-4,77,0
0,4,-4,78,0
0,4,-4,79,0
0,4,-4,80,0
0,4,-4,81,0
0,4,-4,82,0
0,4,-4,83,0
0,4,-4,84,0
0,4,-4,85,0
0,4,-4,86,0
0,4,-4,87,0
0,4,-4,88,0
0,4,-4,89,0
0,4,-4,90,0
0,4,-4,91,0
0,4,-4,92,0
0,4,-4,93,0
0,4,-4,94,0
0,4,-4,95,0
0,4,-4,96,0
0,4,-4,97,0
0,4,-4,98,0
0,4,-4,99,0
0,4,-4,100,0
0,4,-4,101,0
0,4,-4,102,0
0,4,-4,103,0
0,4,-4,104,0
0,4,-4,105,0
0,4,-4,106,0
0,4,-4,107,0
0,4,-4,108,0
0,4,-4,109,0
0,4,-4,110,0
0,4,-4,111,0
0,4,-3,0,4
0,4,-3,1,8
0,4,-3,2,12
0,4,-3,3,16
0,4,-3,4,20
0,4,-3,5,24
0,4,-3,6,28
0,4,-3,7,32
0,4,-3,8,0
0,4,-3,9,0
0,4,-3,10,0
0,4,-3,11,0
0,4,-3,12,0
0,4,-3,13,0
0,4,-3,14,0
0,4,-3,15,0
0,4,-3,16,0
0,4,-3,17,0
0,4,-3,18,0
0,4,-3,19,0
0,4,-3,20,0
0,4,-3,21,0
0,4,-3,22,0
0,4,-3,23,0
0,4,-3,24,0
0,4,-3,25,0
0,4,-3,26,0
0,4,-3,27,0
0,4,-3,28,0
0,4,-3,29,0
0,4,-3,30,0
0,4,-3,31,0
0,4,-3,32,0
0,4,-3,33,0
0,4,-3,34,0
0,4,-3,35,0
0,4,-3,36,0
0,4,-3,37,0
0,4,-3,38,0
0,4,-3,39,0
0,4,-3,40,0
0,4,-3,41,0
0,4,-3,42,0
0,4,-3,43,0
0,4,-3,44,0
0,4,-3,45,0
0,4,-3,46,0
0,4,-3,47,0
0,4,-3,48,0
0,4,-3,49,0
0,4,-3,50,0
0,4,-3,51,0
0,4,-3,52,0
0,4,-3,53,0
0,4,-3,54,0
0,4,-3,55,0
0,4,-3,56,0
0,4,-3,57,0
0,4,-3,58,0
0,4,-3,59,0
0,4,-3,60,0
0,4,-3,61,0
0,4,-3,62,0
0,4,-3,63,0
0,4,-3,64,0
0,4,-3,65,0
0,4,-3,66,0
0,4,-3,67,0
0,4,-3,68,0
0,4,-3,69,0
0,4,-3,70,0
0,4,-3,71,0
0,4,-3,72,0
0,4,-3,73,0
0,4,-3,74,0
0,4,-3,75,0
0,4,-3,76,0
0,4,-3,77,0
0,4,-3,78,0
0,4,-3,79,0
0,4,-3,80,0
0,4,-3,81,0
0,4,-3,82,0
0,4,-3,83,0
0,4,-3,84,0
0,4,-3,85,0
0,4,-3,86,0
0,4,-3,87,0
0,4,-3,88,0
0,4,-3,89,0
0,4,-3,90,0
0,4,-3,91,0
0,4,-3,92,0
0,4,-3,93,0
0,4,-3,94,0
0,4,-3,95,0
0,4,-3,96,0
0,4,-3,97,0
0,4,-3,98,0
0,4,-3,99,0
0,4,-3,100,0
0,4,-3,101,0
0,4,-3,102,0
0,4,-3,103,0
0,4,-3,104,0
0,4,-3,105,0
0,4,-3,106,0
0,4,-3,107,0
0,4,-3,108,0
0,4,-3,109,0
0,4,-3,110,0
0,4,-3,111,0
0,4,-2,0,4
0,4,-2,1,8
0,4,-2,2,12
0,4,-2,3,16
0,4,-2,4,20
0,4,-2,5,24
0,4,-2,6,28
0,4,-2,7,32
0,4,-2,8,0
0,4,-2,9,0
0,4,-2,10,0
0,4,-2,11,0
0,4,-2,12,0
0,4,-2,13,0
0,4,-2,14,0
0,4,-2,15,0
0,4,-2,16,0
0,4,-2,17,0
0,4,-2,18,0
0,4,-2,19,0
0,4,-2,20,0
0,4,-2,21,0
0,4,-2,22,0
0,4,-2,23,0
0,4,-2,24,0
0,4,-2,25,0
0,4,-2,26,0
0,4,-2,27,0
0,4,-2,28,0
0,4,-2,29,0
0,4,-2,30,0
0,4,-2,31,0
0,4,-2,32,0
0,4,-2,33,0
0,4,-2,34,0
0,4,-2,35,0
0,4,-2,36,0
0,4,-2,37,0
0,4,-2,38,0
0,4,-2,39,0
0,4,-2,40,0
0,4,-2,41,0
0,4,-2,42,0
0,4,-2,43,0
0,4,-2,44,0
0,4,-2,45,0
0,4,-2,46,0
0,4,-2,47,0
0,4,-2,48,0
0,4,-2,49,0
0,4,-2,50,0
0,4,-2,51,0
0,4,-2,52,0
0,4,-2,53,0
0,4,-2,54,0
0,4,-2,55,0
0,4,-2,56,0
0,4,-2,57,0
0,4,-2,58,0
0,4,-2,59,0
0,4,-2,60,0
0,4,-2,61,0
0,4,-2,62,0
0,4,-2,63,0
0,4,-2,64,0
0,4,-2,65,0
0,4,-2,66,0
0,4,-2,67,0
0,4,-2,68,0
0,4,-2,69,0
0,4,-2,70,0
0,4,-2,71,0
0,4,-2,72,0
0,4,-2,73,0
0,4,-2,74,0
0,4,-2,75,0
0,4,-2,76,0
0,4,-2,77,0
0,4,-2,78,0
0,4,-2,79,0
0,4,-2,80,0
0,4,-2,81,0
0,4,-2,82,0
0,4,-2,83,0
0,4,-2,84,0
0,4,-2,85,0
0,4,-2,86,0
0,4,-2,87,0
0,4,-2,88,0
0,4,-2,89,0
0,4,-2,90,0
0,4,-2,91,0
0,4,-2,92,0
0,4,-2,93,0
0,4,-2,94,0
0,4,-2,95,0
0,4,-2,96,0
0,4,-2,97,0
0,4,-2,98,0
0,4,-2,99,0
0,4,-2,100,0
0,4,-2,101,0
0,4,-2,102,0
0,4,-2,103,0
0,4,-2,104,0
0,4,-2,105,0
0,4,-2,106,0
0,4,-2,107,0
0,4,-2,108,0
0,4,-2,109,0
0,4,-2,110,0
0,4,-2,111,0
0,4,-1,0,4
0,4,-1,1,8
0,4,-1,2,12
0,4,-1,3,16
0,4,-1,4,20
0,4,-1,5,24
0,4,-1,6,28
0,4,-1,7,32
0,4,-1,8,0
0,4,-1,9,0
0,4,-1,10,0
0,4,-1,11,0
0,4,-1,12,0
0,4,-1,13,0
0,4,-1,14,0
0,4,-1,15,0
0,4,-1,16,0
0,4,-1,17,0
0,4,-1,18,0
0,4,-1,19,0
0,4,-1,20,0
0,4,-1,21,0
0,4,-1,22,0
0,4,-1,23,0
0,4,-1,24,0
0,4,-1,25,0
0,4,-1,26,0
0,4,-1,27,0
0,4,-1,28,0
0,4,-1,29,0
0,4,-1,30,0
0,4,-1,31,0
0,4,-1,32,0
0,4,-1,33,0
0,4,-1,34,0
0,4,-1,35,0
0,4,-1,36,0
0,4,-1,37,0
0,4,-1,38,0
0,4,-1,39,0
0,4,-1,40,0
0,4,-1,41,0
0,4,-1,42,0
0,4,-1,43,0
0,4,-1,44,0
0,4,-1,45,0
0,4,-1,46,0
0,4,-1,47,0
0,4,-1,48,0
0,4,-1,49,0
0,4,-1,50,0
0,4,-1,51,0
0,4,-1,52,0
0,4,-1,53,0
0,4,-1,54,0
0,4,-1,55,0
0,4,-1,56,0
0,4,-1,57,0
0,4,-1,58,0
0,4,-1,59,0
0,4,-1,60,0
0,4,-1,61,0
0,4,-1,62,0
0,4,-1,63,0
0,4,-1,64,0
0,4,-1,65,0
0,4,-1,66,0
0,4,-1,67,0
0,4,-1,68,0
0,4,-1,69,0
0,4,-1,70,0
0,4,-1,71,0
0,4,-1,72,0
0,4,-1,73,0
0,4,-1,74,0
0,4,-1,75,0
0,4,-1,76,0
0,4,-1,77,0
0,4,-1,78,0
0,4,-1,79,0
0,4,-1,80,0
0,4,-1,81,0
0,4,-1,82,0
0,4,-1,83,0
0,4,-1,84,0
0,4,-1,85,0
0,4,-1,86,0
0,4,-1,87,0
0,4,-1,88,0
0,4,-1,89,0
0,4,-1,90,0
0,4,-1,91,0
0,4,-1,92,0
0,4,-1,93,0
0,4,-1,94,0
0,4,-1,95,0
0,4,-1,96,0
0,4,-1,97,0
0,4,-1,98,0
0,4,-1,99,0
0,4,-1,100,0
0,4,-1,101,0
0,4,-1,102,0
0,4,-1,103,0
0,4,-1,104,0
0,4,-1,105,0
0,4,-1,106,0
0,4,-1,107,0
0,4,-1,108,0
0,4,-1,109,0
0,4,-1,110,0
0,4,-1,111,0
0,4,0,0,4
0,4,0,1,8
0,4,0,2,12
0,4,0,3,16
0,4,0,4,20
0,4,0,5,24
0,4,0,6,28
0,4,0,7,32
0,4,0,8,0
0,4,0,9,0
0,4,0,10,0
0,4,0,11,0
0,4,0,12,0
0,4,0,13,0
0,4,0,14,0
0,4,0,15,0
0,4,0,16,0
0,4,0,17,0
0,4,0,18,0
0,4,0,19,0
0,4,0,20,0
0,4,0,21,0
0,4,0,22,0
0,4,0,23,0
0,4,0,24,0
0,4,0,25,0
0,4,0,26,0
0,4,0,27,0
0,4,0,28,0
0,4,0,29,0
0,4,0,30,0
0,4,0,31,0
0,4,0,32,0
0,4,0,33,0
0,4,0,34,0
0,4,0,35,0
0,4,0,36,0
0,4,0,37,0
0,4,0,38,0
0,4,0,39,0
0,4,0,40,0
0,4,0,41,0
0,4,0,42,0
0,4,0,43,0
0,4,0,44,0
0,4,0,45,0
0,4,0,46,0
0,4,0,47,0
0,4,0,48,0
0,4,0,49,0
0,4,0,50,0
0,4,0,51,0
0,4,0,52,0
0,4,0,53,0
0,4,0,54,0
0,4,0,55,0
0,4,0,56,0
0,4,0,57,0
0,4,0,58,0
0,4,0,59,0
0,4,0,60,0
0,4,0,61,0
0,4,0,62,0
0,4,0,63,0
0,4,0,64,0
0,4,0,65,0
0,4,0,66,0
0,4,0,67,0
0,4,0,68,0
0,4,0,69,0
0,4,0,70,0
0,4,0,71,0
0,4,0,72,0
0,4,0,73,0
0,4,0,74,0
0,4,0,75,0
0,4,0,76,0
0,4,0,77,0
0,4,0,78,0
0,4,0,79,0
0,4,0,80,0
0,4,0,81,0
0,4,0,82,0
0,4,0,83,0
0,4,0,84,0
0,4,0,85,0
0,4,0,86,0
0,4,0,87,0
0,4,0,88,0
0,4,0,89,0
0,4,0,90,0
0,4,0,91,0
0,4,0,92,0
0,4,0,93,0
0,4,0,94,0
0,4,0,95,0
0,4,0,96,0
0,4,0,97,0
0,4,0,98,0
0,4,0,99,0
0,4,0,100,0
0,4,0,101,0
0,4,0,102,0
0,4,0,103,0
0,4,0,104,0
0,4,0,105,0
0,4,0,106,0
0,4,0,107,0
0,4,0,108,0
0,4,0,109,0
0,4,0,110,0
0,4,0,111,0
0,4,1,0,4
0,4,1,1,8
0,4,1,2,12
0,4,1,3,16
0,4,1,4,20
0,4,1,5,24
0,4,1,6,28
0,4,1,7,32
0,4,1,8,0
0,4,1,9,0
0,4,1,10,0
0,4,1,11,0
0,4,1,12,0
0,4,1,13,0
0,4,1,14,0
0,4,1,15,0
0,4,1,16,0
0,4,1,17,0
0,4,1,18,0
0,4,1,19,0
0,4,1,20,0
0,4,1,21,0
0,4,1,22,0
0,4,1,23,0
0,4,1,24,0
0,4,1,25,0
0,4,1,26,0
0,4,1,27,0
0,4,1,28,0
0,4,1,29,0
0,4,1,30,0
0,4,1,31,0
0,4,1,32,0
0,4,1,33,0
0,4,1,34,0
0,4,1,35,0
0,4,1,36,0
0,4,1,37,0
0,4,1,38,0
0,4,1,39,0
0,4,1,40,0
0,4,1,41,0
0,4,1,42,0
0,4,1,43,0
0,4,1,44,0
0,4,1,45,0
0,4,1,46,0
0,4,1,47,0
0,4,1,48,0
0,4,1,49,0
0,4,1,50,0
0,4,1,51,0
0,4,1,52,0
0,4,1,53,0
0,4,1,54,0
0,4,1,55,0
0,4,1,56,0
0,4,1,57,0
0,4,1,58,0
0,4,1,59,0
0,4,1,60,0
0,4,1,61,0
0,4,1,62,0
0,4,1,63,0
0,4,1,64,0
0,4,1,65,0
0,4,1,66,0
0,4,1,67,0
0,4,1,68,0
0,4,1,69,0
0,4,1,70,0
0,4,1,71,0
0,4,1,72,0
0,4,1,73,0
0,4,1,74,0
0,4,1,75,0
0,4,1,76,0
0,4,1,77,0
0,4,1,78,0
0,4,1,79,0
0,4,1,80,0
0,4,1,81,0
0,4,1,82,0
0,4,1,83,0
0,4,1,84,0
0,4,1,85,0
0,4,1,86,0
0,4,1,87,0
0,4,1,88,0
0,4,1,89,0
0,4,1,90,0
0,4,1,91,0
0,4,1,92,0
0,4,1,93,0
0,4,1,94,0
0,4,1,95,0
0,4,1,96,0
0,4,1,97,0
0,4,1,98,0
0,4,1,99,0
0,4,1,100,0
0,4,1,101,0
0,4,1,102,0
0,4,1,103,0
0,4,1,104,0
0,4,1,105,0
0,4,1,106,0
0,4,1,107,0
0,4,1,108,0
0,4,1,109,0
0,4,1,110,0
0,4,1,111,0
0,4,2,0,4
0,4,2,1,8
0,4,2,2,12
0,4,2,3,16
0,4,2,4,20
0,4,2,5,24
0,4,2,6,28
0,4,2,7,32
0,4,2,8,0
0,4,2,9,0
0,4,2,10,0
0,4,2,11,0
0,4,2,12,0
0,4,2,13,0
0,4,2,14,0
0,4,2,15,0
0,4,2,16,0
0,4,2,17,0
0,4,2,18,0
0,4,2,19,0
0,4,2,20,0
0,4,2,21,0
0,4,2,22,0
0,4,2,23,0
0,4,2,24,0
0,4,2,25,0
0,4,2,26,0
0,4,2,27,0
0,4,2,28,0
0,4,2,29,0
0,4,2,30,0
0,4,2,31,0
0,4,2,32,0
0,4,2,33,0
0,4,2,34,0
0,4,2,35,0
0,4,2,36,0
0,4,2,37,0
0,4,2,38,0
0,4,2,39,0
0,4,2,40,0
0,4,2,41,0
0,4,2,42,0
0,4,2,43,0
0,4,2,44,0
0,4,2,45,0
0,4,2,46,0
0,4,2,47,0
0,4,2,48,0
0,4,2,49,0
0,4,2,50,0
0,4,2,51,0
0,4,2,52,0
0,4,2,53,0
0,4,2,54,0
0,4,2,55,0
0,4,2,56,0
0,4,2,57,0
0,4,2,58,0
0,4,2,59,0
0,4,2,60,0
0,4,2,61,0
0,4,2,62,0
0,4,2,63,0
0,4,2,64,0
0,4,2,65,0
0,4,2,66,0
0,4,2,67,0
0,4,2,68,0
0,4,2,69,0
0,4,2,70,0
0,4,2,71,0
0,4,2,72,0
0,4,2,73,0
0,4,2,74,0
0,4,2,75,0
0,4,2,76,0
0,4,2,77,0
0,4,2,78,0
0,4,2,79,0
0,4,2,80,0
0,4,2,81,0
0,4,2,82,0
0,4,2,83,0
0,4,2,84,0
0,4,2,85,0
0,4,2,86,0
0,4,2,87,0
0,4,2,88,0
0,4,2,89,0
0,4,2,90,0
0,4,2,91,0
0,4,2,92,0
0,4,2,93,0
0,4,2,94,0
0,4,2,95,0
0,4,2,96,0
0,4,2,97,0
0,4,2,98,0
0,4,2,99,0
0,4,2,100,0
0,4,2,101,0
0,4,2,102,0
0,4,2,103,0
0,4,2,104,0
0,4,2,105,0
0,4,2,106,0
0,4,2,107,0
0,4,2,108,0
0,4,2,109,0
0,4,2,110,0
0,4,2,111,0
0,4,3,0,4
0,4,3,1,8
0,4,3,2,12
0,4,3,3,16
0,4,3,4,20
0,4,3,5,24
0,4,3,6,28
0,4,3,7,32
0,4,3,8,0
0,4,3,9,0
0,4,3,10,0
0,4,3,11,0
0,4,3,12,0
0,4,3,13,0
0,4,3,14,0
0,4,3,15,0
0,4,3,16,0
0,4,3,17,0
0,4,3,18,0
0,4,3,19,0
0,4,3,20,0
0,4,3,21,0
0,4,3,22,0
0,4,3,23,0
0,4,3,24,0
0,4,3,25,0
0,4,3,26,0
0,4,3,27,0
0,4,3,28,0
0,4,3,29,0
0,4,3,30,0
0,4,3,31,0
0,4,3,32,0
0,4,3,33,0
0,4,3,34,0
0,4,3,35,0
0,4,3,36,0
0,4,3,37,0
0,4,3,38,0
0,4,3,39,0
0,4,3,40,0
0,4,3,41,0
0,4,3,42,0
0,4,3,43,0
0,4,3,44,0
0,4,3,45,0
0,4,3,46,0
0,4,3,47,0
0,4,3,48,0
0,4,3,49,0
0,4,3,50,0
0,4,3,51,0
0,4,3,52,0
0,4,3,53,0
0,4,3,54,0
0,4,3,55,0
0,4,3,56,0
0,4,3,57,0
0,4,3,58,0
0,4,3,59,0
0,4,3,60,0
0,4,3,61,0
0,4,3,62,0
0,4,3,63,0
0,4,3,64,0
0,4,3,65,0
0,4,3,66,0
0,4,3,67,0
0,4,3,68,0
0,4,3,69,0
0,4,3,70,0
0,4,3,71,0
0,4,3,72,0
0,4,3,73,0
0,4,3,74,0
0,4,3,75,0
0,4,3,76,0
0,4,3,77,0
0,4,3,78,0
0,4,3,79,0
0,4,3,80,0
0,4,3,81,0
0,4,3,82,0
0,4,3,83,0
0,4,3,84,0
0,4,3,85,0
0,4,3,86,0
0,4,3,87,0
0,4,3,88,0
0,4,3,89,0
0,4,3,90,0
0,4,3,91,0
0,4,3,92,0
0,4,3,93,0
0,4,3,94,0
0,4,3,95,0
0,4,3,96,0
0,4,3,97,0
0,4,3,98,0
0,4,3,99,0
0,4,3,100,0
0,4,3,101,0
0,4,3,102,0
0,4,3,103,0
0,4,3,104,0
0,4,3,105,0
0,4,3,106,0
0,4,3,107,0
0,4,3,108,0
0,4,3,109,0
0,4,3,110,0
0,4,3,111,0
0,4,4,0,4
0,4,4,1,8
0,4,4,2,12
0,4,4,3,16
0,4,4,4,20
0,4,4,5,24
0,4,4,6,28
0,4,4,7,32
0,4,4,8,0
0,4,4,9,0
0,4,4,10,0
0,4,4,11,0
0,4,4,12,0
0,4,4,13,0
0,4,4,14,0
0,4,4,15,0
0,4,4,16,0
0,4,4,17,0
0,4,4,18,0
0,4,4,19,0
0,4,4,20,0
0,4,4,21,0
0,4,4,22,0
0,4,4,23,0
0,4,4,24,0
0,4,4,25,0
0,4,4,26,0
0,4,4,27,0
0,4,4,28,0
0,4,4,29,0
0,4,4,30,0
0,4,4,31,0
0,4,4,32,0
0,4,4,33,0
0,4,4,34,0
0,4,4,35,0
0,4,4,36,0
0,4,4,37,0
0,4,4,38,0
0,4,4,39,0
0,4,4,40,0
0,4,4,41,0
0,4,4,42,0
0,4,4,43,0
0,4,4,44,0
0,4,4,45,0
0,4,4,46,0
0,4,4,47,0
0,4,4,48,0
0,4,4,49,0
0,4,4,50,0
0,4,4,51,0
0,4,4,52,0
0,4,4,53,0
0,4,4,54,0
0,4,4,55,0
0,4,4,56,0
0,4,4,57,0
0,4,4,58,0
0,4,4,59,0
0,4,4,60,0
0,4,4,61,0
0,4,4,62,0
0,4,4,63,0
0,4,4,64,0
0,4,4,65,0
0,4,4,66,0
0,4,4,67,0
0,4,4,68,0
0,4,4,69,0
0,4,4,70,0
0,4,4,71,0
0,4,4,72,0
0,4,4,73,0
0,4,4,74,0
0,4,4,75,0
0,4,4,76,0
0,4,4,77,0
0,4,4,78,0
0,4,4,79,0
0,4,4,80,0
0,4,4,81,0
0,4,4,82,0
0,4,4,83,0
0,4,4,84,0
0,4,4,85,0
0,4,4,86,0
0,4,4,87,0
0,4,4,88,0
0,4,4,89,0
0,4,4,90,0
0,4,4,91,0
0,4,4,92,0
0,4,4,93,0
0,4,4,94,0
0,4,4,95,0
0,4,4,96,0
0,4,4,97,0
0,4,4,98,0
0,4,4,99,0
0,4,4,100,0
0,4,4,101,0
0,4,4,102,0
0,4,4,103,0
0,4,4,104,0
0,4,4,105,0
0,4,4,106,0
0,4,4,107,0
0,4,4,108,0
0,4,4,109,0
0,4,4,110,0
0,4,4,111,0
0,4,5,0,4
0,4,5,1,8
0,4,5,2,12
0,4,5,3,16
0,4,5,4,20
0,4,5,5,24
0,4,5,6,28
0,4,5,7,32
0,4,5,8,0
0,4,5,9,0
0,4,5,10,0
0,4,5,11,0
0,4,5,12,0
0,4,5,13,0
0,4,5,14,0
0,4,5,15,0
0,4,5,16,0
0,4,5,17,0
0,4,5,18,0
0,4,5,19,0
0,4,5,20,0
0,4,5,21,0
0,4,5,22,0
0,4,5,23,0
0,4,5,24,0
0,4,5,25,0
0,4,5,26,0
0,4,5,27,0
0,4,5,28,0
0,4,5,29,0
0,4,5,30,0
0,4,5,31,0
0,4,5,32,0
0,4,5,33,0
0,4,5,34,0
0,4,5,35,0
0,4,5,36,0
0,4,5,37,0
0,4,5,38,0
0,4,5,39,0
0,4,5,40,0
0,4,5,41,0
0,4,5,42,0
0,4,5,43,0
0,4,5,44,0
0,4,5,45,0
0,4,5,46,0
0,4,5,47,0
0,4,5,48,0
0,4,5,49,0
0,4,5,50,0
0,4,5,51,0
0,4,5,52,0
0,4,5,53,0
0,4,5,54,0
0,4,5,55,0
0,4,5,56,0
0,4,5,57,0
0,4,5,58,0
0,4,5,59,0
0,4,5,60,0
0,4,5,61,0
0,4,5,62,0
0,4,5,63,0
0,4,5,64,0
0,4,5,65,0
0,4,5,66,0
0,4,5,67,0
0,4,5,68,0
0,4,5,69,0
0,4,5,70,0
0,4,5,71,0
0,4,5,72,0
0,4,5,73,0
0,4,5,74,0
0,4,5,75,0
0,4,5,76,0
0,4,5,77,0
0,4,5,78,0
0,4,5,79,0
0,4,5,80,0
0,4,5,81,0
0,4,5,82,0
0,4,5,83,0
0,4,5,84,0
0,4,5,85,0
0,4,5,86,0
0,4,5,87,0
0,4,5,88,0
0,4,5,89,0
0,4,5,90,0
0,4,5,91,0
0,4,5,92,0
0,4,5,93,0
0,4,5,94,0
0,4,5,95,0
0,4,5,96,0
0,4,5,97,0
0,4,5,98,0
0,4,5,99,0
0,4,5,100,0
0,4,5,101,0
0,4,5,102,0
0,4,5,103,0
0,4,5,104,0
0,4,5,105,0
0,4,5,106,0
0,4,5,107,0
0,4,5,108,0
0,4,5,109,0
0,4,5,110,0
0,4,5,111,0
0,4,6,0,4
0,4,6,1,8
0,4,6,2,12
0,4,6,3,16
0,4,6,4,20
0,4,6,5,24
0,4,6,6,28
0,4,6,7,32
0,4,6,8,0
0,4,6,9,0
0,4,6,10,0
0,4,6,11,0
0,4,6,12,0
0,4,6,13,0
0,4,6,14,0
0,4,6,15,0
0,4,6,16,0
0,4,6,17,0
0,4,6,18,0
0,4,6,19,0
0,4,6,20,0
0,4,6,21,0
0,4,6,22,0
0,4,6,23,0
0,4,6,24,0
0,4,6,25,0
0,4,6,26,0
0,4,6,27,0
0,4,6,28,0
0,4,6,29,0
0,4,6,30,0
0,4,6,31,0
0,4,6,32,0
0,4,6,33,0
0,4,6,34,0
0,4,6,35,0
0,4,6,36,0
0,4,6,37,0
0,4,6,38,0
0,4,6,39,0
0,4,6,40,0
0,4,6,41,0
0,4,6,42,0
0,4,6,43,0
0,4,6,44,0
0,4,6,45,0
0,4,6,46,0
0,4,6,47,0
0,4,6,48,0
0,4,6,49,0
0,4,6,50,0
0,4,6,51,0
0,4,6,52,0
0,4,6,53,0
0,4,6,54,0
0,4,6,55,0
0,4,6,56,0
0,4,6,57,0
0,4,6,58,0
0,4,6,59,0
0,4,6,60,0
0,4,6,61,0
0,4,6,62,0
0,4,6,63,0
0,4,6,64,0
0,4,6,65,0
0,4,6,66,0
0,4,6,67,0
0,4,6,68,0
0,4,6,69,0
0,4,6,70,0
0,4,6,71,0
0,4,6,72,0
0,4,6,73,0
0,4,6,74,0
0,4,6,75,0
0,4,6,76,0
0,4,6,77,0
0,4,6,78,0
0,4,6,79,0
0,4,6,80,0
0,4,6,81,0
0,4,6,82,0
0,4,6,83,0
0,4,6,84,0
0,4,6,85,0
0,4,6,86,0
0,4,6,87,0
0,4,6,88,0
0,4,6,89,0
0,4,6,90,0
0,4,6,91,0
0,4,6,92,0
0,4,6,93,0
0,4,6,94,0
0,4,6,95,0
0,4,6,96,0
0,4,6,97,0
0,4,6,98,0
0,4,6,99,0
0,4,6,100,0
0,4,6,101,0
0,4,6,102,0
0,4,6,103,0
0,4,6,104,0
0,4,6,105,0
0,4,6,106,0
0,4,6,107,0
0,4,6,108,0
0,4,6,109,0
0,4,6,110,0
0,4,6,111,0
0,4,7,0,4
0,4,7,1,8
0,4,7,2,12
0,4,7,3,16
0,4,7,4,20
0,4,7,5,24
0,4,7,6,28
0,4,7,7,32
0,4,7,8,0
0,4,7,9,0
0,4,7,10,0
0,4,7,11,0
0,4,7,12,0
0,4,7,13,0
0,4,7,14,0
0,4,7,15,0
0,4,7,16,0
0,4,7,17,0
0,4,7,18,0
0,4,7,19,0
0,4,7,20,0
0,4,7,21,0
0,4,7,22,0
0,4,7,23,0
0,4,7,24,0
0,4,7,25,0
0,4,7,26,0
0,4,7,27,0
0,4,7,28,0
0,4,7,29,0
0,4,7,30,0
0,4,7,31,0
0,4,7,32,0
0,4,7,33,0
0,4,7,34,0
0,4,7,35,0
0,4,7,36,0
0,4,7,37,0
0,4,7,38,0
0,4,7,39,0
0,4,7,40,0
0,4,7,41,0
0,4,7,42,0
0,4,7,43,0
0,4,7,44,0
0,4,7,45,0
0,4,7,46,0
0,4,7,47,0
0,4,7,48,0
0,4,7,49,0
0,4,7,50,0
0,4,7,51,0
0,4,7,52,0
0,4,7,53,0
0,4,7,54,0
0,4,7,55,0
0,4,7,56,0
0,4,7,57,0
0,4,7,58,0
0,4,7,59,0
0,4,7,60,0
0,4,7,61,0
0,4,7,62,0
0,4,7,63,0
0,4,7,64,0
0,4,7,65,0
0,4,7,66,0
0,4,7,67,0
0,4,7,68,0
0,4,7,69,0
0,4,7,70,0
0,4,7,71,0
0,4,7,72,0
0,4,7,73,0
0,4,7,74,0
0,4,7,75,0
0,4,7,76,0
0,4,7,77,0
0,4,7,78,0
0,4,7,79,0
0,4,7,80,0
0,4,7,81,0
0,4,7,82,0
0,4,7,83,0
0,4,7,84,0
0,4,7,85,0
0,4,7,86,0
0,4,7,87,0
0,4,7,88,0
0,4,7,89,0
0,4,7,90,0
0,4,7,91,0
0,4,7,92,0
0,4,7,93,0
0,4,7,94,0
0,4,7,95,0
0,4,7,96,0
0,4,7,97,0
0,4,7,98,0
0,4,7,99,0
0,4,7,100,0
0,4,7,101,0
0,4,7,102,0
0,4,7,103,0
0,4,7,104,0
0,4,7,105,0
0,4,7,106,0
0,4,7,107,0
0,4,7,108,0
0,4,7,109,0
0,4,7,110,0
0,4,7,111,0
0,5,-8,0,5
0,5,-8,1,10
0,5,-8,2,15
0,5,-8,3,20
0,5,-8,4,25
0,5,-8,5,30
0,5,-8,6,35
0,5,-8,7,40
0,5,-8,8,0
0,5,-8,9,0
0,5,-8,10,0
0,5,-8,11,0
0,5,-8,12,0
0,5,-8,13,0
0,5,-8,14,0
0,5,-8,15,0
0,5,-8,16,0
0,5,-8,17,0
0,5,-8,18,0
0,5,-8,19,0
0,5,-8,20,0
0,5,-8,21,0
0,5,-8,22,0
0,5,-8,23,0
0,5,-8,24,0
0,5,-8,25,0
0,5,-8,26,0
0,5,-8,27,0
0,5,-8,28,0
0,5,-8,29,0
0,5,-8,30,0
0,5,-8,31,0
0,5,-8,32,0
0,5,-8,33,0
0,5,-8,34,0
0,5,-8,35,0
0,5,-8,36,0
0,5,-8,37,0
0,5,-8,38,0
0,5,-8,39,0
0,5,-8,40,0
0,5,-8,41,0
0,5,-8,42,0
0,5,-8,43,0
0,5,-8,44,0
0,5,-8,45,0
0,5,-8,46,0
0,5,-8,47,0
0,5,-8,48,0
0,5,-8,49,0
0,5,-8,50,0
0,5,-8,51,0
0,5,-8,52,0
0,5,-8,53,0
0,5,-8,54,0
0,5,-8,55,0
0,5,-8,56,0
0,5,-8,57,0
0,5,-8,58,0
0,5,-8,59,0
0,5,-8,60,0
0,5,-8,61,0
0,5,-8,62,0
0,5,-8,63,0
0,5,-8,64,0
0,5,-8,65,0
0,5,-8,66,0
0,5,-8,67,0
0,5,-8,68,0
0,5,-8,69,0
0,5,-8,70,0
0,5,-8,71,0
0,5,-8,72,0
0,5,-8,73,0
0,5,-8,74,0
0,5,-8,75,0
0,5,-8,76,0
0,5,-8,77,0
0,5,-8,78,0
0,5,-8,79,0
0,5,-8,80,0
0,5,-8,81,0
0,5,-8,82,0
0,5,-8,83,0
0,5,-8,84,0
0,5,-8,85,0
0,5,-8,86,0
0,5,-8,87,0
0,5,-8,88,0
0,5,-8,89,0
0,5,-8,90,0
0,5,-8,91,0
0,5,-8,92,0
0,5,-8,93,0
0,5,-8,94,0
0,5,-8,95,0
0,5,-8,96,0
0,5,-8,97,0
0,5,-8,98,0
0,5,-8,99,0
0,5,-8,100,0
0,5,-8,101,0
0,5,-8,102,0
0,5,-8,103,0
0,5,-8,104,0
0,5,-8,105,0
0,5,-8,106,0
0,5,-8,107,0
0,5,-8,108,0
0,5,-8,109,0
0,5,-8,110,0
0,5,-8,111,0
0,5,-7,0,5
0,5,-7,1,10
0,5,-7,2,15
0,5,-7,3,20
0,5,-7,4,25
0,5,-7,5,30
0,5,-7,6,35
0,5,-7,7,40
0,5,-7,8,0
0,5,-7,9,0
0,5,-7,10,0
0,5,-7,11,0
0,5,-7,12,0
0,5,-7,13,0
0,5,-7,14,0
0,5,-7,15,0
0,5,-7,16,0
0,5,-7,17,0
0,5,-7,18,0
0,5,-7,19,0
0,5,-7,20,0
0,5,-7,21,0
0,5,-7,22,0
0,5,-7,23,0
0,5,-7,24,0
0,5,-7,25,0
0,5,-7,26,0
0,5,-7,27,0
0,5,-7,28,0
0,5,-7,29,0
0,5,-7,30,0
0,5,-7,31,0
0,5,-7,32,0
0,5,-7,33,0
0,5,-7,34,0
0,5,-7,35,0
0,5,-7,36,0
0,5,-7,37,0
0,5,-7,38,0
0,5,-7,39,0
0,5,-7,40,0
0,5,-7,41,0
0,5,-7,42,0
0,5,-7,43,0
0,5,-7,44,0
0,5,-7,45,0
0,5,-7,46,0
0,5,-7,47,0
0,5,-7,48,0
0,5,-7,49,0
0,5,-7,50,0
0,5,-7,51,0
0,5,-7,52,0
0,5,-7,53,0
0,5,-7,54,0
0,5,-7,55,0
0,5,-7,56,0
0,5,-7,57,0
0,5,-7,58,0
0,5,-7,59,0
0,5,-7,60,0
0,5,-7,61,0
0,5,-7,62,0
0,5,-7,63,0
0,5,-7,64,0
0,5,-7,65,0
0,5,-7,66,0
0,5,-7,67,0
0,5,-7,68,0
0,5,-7,69,0
0,5,-7,70,0
0,5,-7,71,0
0,5,-7,72,0
0,5,-7,73,0
0,5,-7,74,0
0,5,-7,75,0
0,5,-7,76,0
0,5,-7,77,0
0,5,-7,78,0
0,5,-7,79,0
0,5,-7,80,0
0,5,-7,81,0
0,5,-7,82,0
0,5,-7,83,0
0,5,-7,84,0
0,5,-7,85,0
0,5,-7,86,0
0,5,-7,87,0
0,5,-7,88,0
0,5,-7,89,0
0,5,-7,90,0
0,5,-7,91,0
0,5,-7,92,0
0,5,-7,93,0
0,5,-7,94,0
0,5,-7,95,0
0,5,-7,96,0
0,5,-7,97,0
0,5,-7,98,0
0,5,-7,99,0
0,5,-7,100,0
0,5,-7,101,0
0,5,-7,102,0
0,5,-7,103,0
0,5,-7,104,0
0,5,-7,105,0
0,5,-7,106,0
0,5,-7,107,0
0,5,-7,108,0
0,5,-7,109,0
0,5,-7,110,0
0,5,-7,111,0
0,5,-6,0,5
0,5,-6,1,10
0,5,-6,2,15
0,5,-6,3,20
0,5,-6,4,25
0,5,-6,5,30
0,5,-6,6,35
0,5,-6,7,40
0,5,-6,8,0
0,5,-6,9,0
0,5,-6,10,0
0,5,-6,11,0
0,5,-6,12,0
0,5,-6,13,0
0,5,-6,14,0
0,5,-6,15,0
0,5,-6,16,0
0,5,-6,17,0
0,5,-6,18,0
0,5,-6,19,0
0,5,-6,20,0
0,5,-6,21,0
0,5,-6,22,0
0,5,-6,23,0
0,5,-6,24,0
0,5,-6,25,0
0,5,-6,26,0
0,5,-6,27,0
0,5,-6,28,0
0,5,-6,29,0
0,5,-6,30,0
0,5,-6,31,0
0,5,-6,32,0
0,5,-6,33,0
0,5,-6,34,0
0,5,-6,35,0
0,5,-6,36,0
0,5,-6,37,0
0,5,-6,38,0
0,5,-6,39,0
0,5,-6,40,0
0,5,-6,41,0
0,5,-6,42,0
0,5,-6,43,0
0,5,-6,44,0
0,5,-6,45,0
0,5,-6,46,0
0,5,-6,47,0
0,5,-6,48,0
0,5,-6,49,0
0,5,-6,50,0
0,5,-6,51,0
0,5,-6,52,0
0,5,-6,53,0
0,5,-6,54,0
0,5,-6,55,0
0,5,-6,56,0
0,5,-6,57,0
0,5,-6,58,0
0,5,-6,59,0
0,5,-6,60,0
0,5,-6,61,0
0,5,-6,62,0
0,5,-6,63,0
0,5,-6,64,0
0,5,-6,65,0
0,5,-6,66,0
0,5,-6,67,0
0,5,-6,68,0
0,5,-6,69,0
0,5,-6,70,0
0,5,-6,71,0
0,5,-6,72,0
0,5,-6,73,0
0,5,-6,74,0
0,5,-6,75,0
0,5,-6,76,0
0,5,-6,77,0
0,5,-6,78,0
0,5,-6,79,0
0,5,-6,80,0
0,5,-6,81,0
0,5,-6,82,0
0,5,-6,83,0
0,5,-6,84,0
0,5,-6,85,0
0,5,-6,86,0
0,5,-6,87,0
0,5,-6,88,0
0,5,-6,89,0
0,5,-6,90,0
0,5,-6,91,0
0,5,-6,92,0
0,5,-6,93,0
0,5,-6,94,0
0,5,-6,95,0
0,5,-6,96,0
0,5,-6,97,0
0,5,-6,98,0
0,5,-6,99,0
0,5,-6,100,0
0,5,-6,101,0
0,5,-6,102,0
0,5,-6,103,0
0,5,-6,104,0
0,5,-6,105,0
0,5,-6,106,0
0,5,-6,107,0
0,5,-6,108,0
0,5,-6,109,0
0,5,-6,110,0
0,5,-6,111,0
0,5,-5,0,5
0,5,-5,1,10
0,5,-5,2,15
0,5,-5,3,20
0,5,-5,4,25
0,5,-5,5,30
0,5,-5,6,35
0,5,-5,7,40
0,5,-5,8,0
0,5,-5,9,0
0,5,-5,10,0
0,5,-5,11,0
0,5,-5,12,0
0,5,-5,13,0
0,5,-5,14,0
0,5,-5,15,0
0,5,-5,16,0
0,5,-5,17,0
0,5,-5,18,0
0,5,-5,19,0
0,5,-5,20,0
0,5,-5,21,0
0,5,-5,22,0
0,5,-5,23,0
0,5,-5,24,0
0,5,-5,25,0
0,5,-5,26,0
0,5,-5,27,0
0,5,-5,28,0
0,5,-5,29,0
0,5,-5,30,0
0,5,-5,31,0
0,5,-5,32,0
0,5,-5,33,0
0,5,-5,34,0
0,5,-5,35,0
0,5,-5,36,0
0,5,-5,37,0
0,5,-5,38,0
0,5,-5,39,0
0,5,-5,40,0
0,5,-5,41,0
0,5,-5,42,0
0,5,-5,43,0
0,5,-5,44,0
0,5,-5,45,0
0,5,-5,46,0
0,5,-5,47,0
0,5,-5,48,0
0,5,-5,49,0
0,5,-5,50,0
0,5,-5,51,0
0,5,-5,52,0
0,5,-5,53,0
0,5,-5,54,0
0,5,-5,55,0
0,5,-5,56,0
0,5,-5,57,0
0,5,-5,58,0
0,5,-5,59,0
0,5,-5,60,0
0,5,-5,61,0
0,5,-5,62,0
0,5,-5,63,0
0,5,-5,64,0
0,5,-5,65,0
0,5,-5,66,0
0,5,-5,67,0
0,5,-5,68,0
0,5,-5,69,0
0,5,-5,70,0
0,5,-5,71,0
0,5,-5,72,0
0,5,-5,73,0
0,5,-5,74,0
0,5,-5,75,0
0,5,-5,76,0
0,5,-5,77,0
0,5,-5,78,0
0,5,-5,79,0
0,5,-5,80,0
0,5,-5,81,0
0,5,-5,82,0
0,5,-5,83,0
0,5,-5,84,0
0,5,-5,85,0
0,5,-5,86,0
0,5,-5,87,0
0,5,-5,88,0
0,5,-5,89,0
0,5,-5,90,0
0,5,-5,91,0
0,5,-5,92,0
0,5,-5,93,0
0,5,-5,94,0
0,5,-5,95,0
0,5,-5,96,0
0,5,-5,97,0
0,5,-5,98,0
0,5,-5,99,0
0,5,-5,100,0
0,5,-5,101,0
0,5,-5,102,0
0,5,-5,103,0
0,5,-5,104,0
0,5,-5,105,0
0,5,-5,106,0
0,5,-5,107,0
0,5,-5,108,0
0,5,-5,109,0
0,5,-5,110,0
0,5,-5,111,0
0,5,-4,0,5
0,5,-4,1,10
0,5,-4,2,15
0,5,-4,3,20
0,5,-4,4,25
0,5,-4,5,30
0,5,-4,6,35
0,5,-4,7,40
0,5,-4,8,0
0,5,-4,9,0
0,5,-4,10,0
0,5,-4,11,0
0,5,-4,12,0
0,5,-4,13,0
0,5,-4,14,0
0,5,-4,15,0
0,5,-4,16,0
0,5,-4,17,0
0,5,-4,18,0
0,5,-4,19,0
0,5,-4,20,0
0,5,-4,21,0
0,5,-4,22,0
0,5,-4,23,0
0,5,-4,24,0
0,5,-4,25,0
0,5,-4,26,0
0,5,-4,27,0
0,5,-4,28,0
0,5,-4,29,0
0,5,-4,30,0
0,5,-4,31,0
0,5,-4,32,0
0,5,-4,33,0
0,5,-4,34,0
0,5,-4,35,0
0,5,-4,36,0
0,5,-4,37,0
0,5,-4,38,0
0,5,-4,39,0
0,5,-4,40,0
0,5,-4,41,0
0,5,-4,42,0
0,5,-4,43,0
0,5,-4,44,0
0,5,-4,45,0
0,5,-4,46,0
0,5,-4,47,0
0,5,-4,48,0
0,5,-4,49,0
0,5,-4,50,0
0,5,-4,51,0
0,5,-4,52,0
0,5,-4,53,0
0,5,-4,54,0
0,5,-4,55,0
0,5,-4,56,0
0,5,-4,57,0
0,5,-4,58,0
0,5,-4,59,0
0,5,-4,60,0
0,5,-4,61,0
0,5,-4,62,0
0,5,-4,63,0
0,5,-4,64,0
0,5,-4,65,0
0,5,-4,66,0
0,5,-4,67,0
0,5,-4,68,0
0,5,-4,69,0
0,5,-4,70,0
0,5,-4,71,0
0,5,-4,72,0
0,5,-4,73,0
0,5,-4,74,0
0,5,-4,75,0
0,5,-4,76,0
0,5,-4,77,0
0,5,-4,78,0
0,5,-4,79,0
0,5,-4,80,0
0,5,-4,81,0
0,5,-4,82,0
0,5,-4,83,0
0,5,-4,84,0
0,5,-4,85,0
0,5,-4,86,0
0,5,-4,87,0
0,5,-4,88,0
0,5,-4,89,0
0,5,-4,90,0
0,5,-4,91,0
0,5,-4,92,0
0,5,-4,93,0
0,5,-4,94,0
0,5,-4,95,0
0,5,-4,96,0
0,5,-4,97,0
0,5,-4,98,0
0,5,-4,99,0
0,5,-4,100,0
0,5,-4,101,0
0,5,-4,102,0
0,5,-4,103,0
0,5,-4,104,0
0,5,-4,105,0
0,5,-4,106,0
0,5,-4,107,0
0,5,-4,108,0
0,5,-4,109,0
0,5,-4,110,0
0,5,-4,111,0
0,5,-3,0,5
0,5,-3,1,10
0,5,-3,2,15
0,5,-3,3,20
0,5,-3,4,25
0,5,-3,5,30
0,5,-3,6,35
0,5,-3,7,40
0,5,-3,8,0
0,5,-3,9,0
0,5,-3,10,0
0,5,-3,11,0
0,5,-3,12,0
0,5,-3,13,0
0,5,-3,14,0
0,5,-3,15,0
0,5,-3,16,0
0,5,-3,17,0
0,5,-3,18,0
0,5,-3,19,0
0,5,-3,20,0
0,5,-3,21,0
0,5,-3,22,0
0,5,-3,23,0
0,5,-3,24,0
0,5,-3,25,0
0,5,-3,26,0
0,5,-3,27,0
0,5,-3,28,0
0,5,-3,29,0
0,5,-3,30,0
0,5,-3,31,0
0,5,-3,32,0
0,5,-3,33,0
0,5,-3,34,0
0,5,-3,35,0
0,5,-3,36,0
0,5,-3,37,0
0,5,-3,38,0
0,5,-3,39,0
0,5,-3,40,0
0,5,-3,41,0
0,5,-3,42,0
0,5,-3,43,0
0,5,-3,44,0
0,5,-3,45,0
0,5,-3,46,0
0,5,-3,47,0
0,5,-3,48,0
0,5,-3,49,0
0,5,-3,50,0
0,5,-3,51,0
0,5,-3,52,0
0,5,-3,53,0
0,5,-3,54,0
0,5,-3,55,0
0,5,-3,56,0
0,5,-3,57,0
0,5,-3,58,0
0,5,-3,59,0
0,5,-3,60,0
0,5,-3,61,0
0,5,-3,62,0
0,5,-3,63,0
0,5,-3,64,0
0,5,-3,65,0
0,5,-3,66,0
0,5,-3,67,0
0,5,-3,68,0
0,5,-3,69,0
0,5,-3,70,0
0,5,-3,71,0
0,5,-3,72,0
0,5,-3,73,0
0,5,-3,74,0
0,5,-3,75,0
0,5,-3,76,0
0,5,-3,77,0
0,5,-3,78,0
0,5,-3,79,0
0,5,-3,80,0
0,5,-3,81,0
0,5,-3,82,0
0,5,-3,83,0
0,5,-3,84,0
0,5,-3,85,0
0,5,-3,86,0
0,5,-3,87,0
0,5,-3,88,0
0,5,-3,89,0
0,5,-3,90,0
0,5,-3,91,0
0,5,-3,92,0
0,5,-3,93,0
0,5,-3,94,0
0,5,-3,95,0
0,5,-3,96,0
0,5,-3,97,0
0,5,-3,98,0
0,5,-3,99,0
0,5,-3,100,0
0,5,-3,101,0
0,5,-3,102,0
0,5,-3,103,0
0,5,-3,104,0
0,5,-3,105,0
0,5,-3,106,0
0,5,-3,107,0
0,5,-3,108,0
0,5,-3,109,0
0,5,-3,110,0
0,5,-3,111,0
0,5,-2,0,5
0,5,-2,1,10
0,5,-2,2,15
0,5,-2,3,20
0,5,-2,4,25
0,5,-2,5,30
0,5,-2,6,35
0,5,-2,7,40
0,5,-2,8,0
0,5,-2,9,0
0,5,-2,10,0
0,5,-2,11,0
0,5,-2,12,0
0,5,-2,13,0
0,5,-2,14,0
0,5,-2,15,0
0,5,-2,16,0
0,5,-2,17,0
0,5,-2,18,0
0,5,-2,19,0
0,5,-2,20,0
0,5,-2,21,0
0,5,-2,22,0
0,5,-2,23,0
0,5,-2,24,0
0,5,-2,25,0
0,5,-2,26,0
0,5,-2,27,0
0,5,-2,28,0
0,5,-2,29,0
0,5,-2,30,0
0,5,-2,31,0
0,5,-2,32,0
0,5,-2,33,0
0,5,-2,34,0
0,5,-2,35,0
0,5,-2,36,0
0,5,-2,37,0
0,5,-2,38,0
0,5,-2,39,0
0,5,-2,40,0
0,5,-2,41,0
0,5,-2,42,0
0,5,-2,43,0
0,5,-2,44,0
0,5,-2,45,0
0,5,-2,46,0
0,5,-2,47,0
0,5,-2,48,0
0,5,-2,49,0
0,5,-2,50,0
0,5,-2,51,0
0,5,-2,52,0
0,5,-2,53,0
0,5,-2,54,0
0,5,-2,55,0
0,5,-2,56,0
0,5,-2,57,0
0,5,-2,58,0
0,5,-2,59,0
0,5,-2,60,0
0,5,-2,61,0
0,5,-2,62,0
0,5,-2,63,0
0,5,-2,64,0
0,5,-2,65,0
0,5,-2,66,0
0,5,-2,67,0
0,5,-2,68,0
0,5,-2,69,0
0,5,-2,70,0
0,5,-2,71,0
0,5,-2,72,0
0,5,-2,73,0
0,5,-2,74,0
0,5,-2,75,0
0,5,-2,76,0
0,5,-2,77,0
0,5,-2,78,0
0,5,-2,79,0
0,5,-2,80,0
0,5,-2,81,0
0,5,-2,82,0
0,5,-2,83,0
0,5,-2,84,0
0,5,-2,85,0
0,5,-2,86,0
0,5,-2,87,0
0,5,-2,88,0
0,5,-2,89,0
0,5,-2,90,0
0,5,-2,91,0
0,5,-2,92,0
0,5,-2,93,0
0,5,-2,94,0
0,5,-2,95,0
0,5,-2,96,0
0,5,-2,97,0
0,5,-2,98,0
0,5,-2,99,0
0,5,-2,100,0
0,5,-2,101,0
0,5,-2,102,0
0,5,-2,103,0
0,5,-2,104,0
0,5,-2,105,0
0,5,-2,106,0
0,5,-2,107,0
0,5,-2,108,0
0,5,-2,109,0
0,5,-2,110,0
0,5,-2,111,0
0,5,-1,0,5
0,5,-1,1,10
0,5,-1,2,15
0,5,-1,3,20
0,5,-1,4,25
0,5,-1,5,30
0,5,-1,6,35
0,5,-1,7,40
0,5,-1,8,0
0,5,-1,9,0
0,5,-1,10,0
0,5,-1,11,0
0,5,-1,12,0
0,5,-1,13,0
0,5,-1,14,0
0,5,-1,15,0
0,5,-1,16,0
0,5,-1,17,0
0,5,-1,18,0
0,5,-1,19,0
0,5,-1,20,0
0,5,-1,21,0
0,5,-1,22,0
0,5,-1,23,0
0,5,-1,24,0
0,5,-1,25,0
0,5,-1,26,0
0,5,-1,27,0
0,5,-1,28,0
0,5,-1,29,0
0,5,-1,30,0
0,5,-1,31,0
0,5,-1,32,0
0,5,-1,33,0
0,5,-1,34,0
0,5,-1,35,0
0,5,-1,36,0
0,5,-1,37,0
0,5,-1,38,0
0,5,-1,39,0
0,5,-1,40,0
0,5,-1,41,0
0,5,-1,42,0
0,5,-1,43,0
0,5,-1,44,0
0,5,-1,45,0
0,5,-1,46,0
0,5,-1,47,0
0,5,-1,48,0
0,5,-1,49,0
0,5,-1,50,0
0,5,-1,51,0
0,5,-1,52,0
0,5,-1,53,0
0,5,-1,54,0
0,5,-1,55,0
0,5,-1,56,0
0,5,-1,57,0
0,5,-1,58,0
0,5,-1,59,0
0,5,-1,60,0
0,5,-1,61,0
0,5,-1,62,0
0,5,-1,63,0
0,5,-1,64,0
0,5,-1,65,0
0,5,-1,66,0
0,5,-1,67,0
0,5,-1,68,0
0,5,-1,69,0
0,5,-1,70,0
0,5,-1,71,0
0,5,-1,72,0
0,5,-1,73,0
0,5,-1,74,0
0,5,-1,75,0
0,5,-1,76,0
0,5,-1,77,0
0,5,-1,78,0
0,5,-1,79,0
0,5,-1,80,0
0,5,-1,81,0
0,5,-1,82,0
0,5,-1,83,0
0,5,-1,84,0
0,5,-1,85,0
0,5,-1,86,0
0,5,-1,87,0
0,5,-1,88,0
0,5,-1,89,0
0,5,-1,90,0
0,5,-1,91,0
0,5,-1,92,0
0,5,-1,93,0
0,5,-1,94,0
0,5,-1,95,0
0,5,-1,96,0
0,5,-1,97,0
0,5,-1,98,0
0,5,-1,99,0
0,5,-1,100,0
0,5,-1,101,0
0,5,-1,102,0
0,5,-1,103,0
0,5,-1,104,0
0,5,-1,105,0
0,5,-1,106,0
0,5,-1,107,0
0,5,-1,108,0
0,5,-1,109,0
0,5,-1,110,0
0,5,-1,111,0
0,5,0,0,5
0,5,0,1,10
0,5,0,2,15
0,5,0,3,20
0,5,0,4,25
0,5,0,5,30
0,5,0,6,35
0,5,0,7,40
0,5,0,8,0
0,5,0,9,0
0,5,0,10,0
0,5,0,11,0
0,5,0,12,0
0,5,0,13,0
0,5,0,14,0
0,5,0,15,0
0,5,0,16,0
0,5,0,17,0
0,5,0,18,0
0,5,0,19,0
0,5,0,20,0
0,5,0,21,0
0,5,0,22,0
0,5,0,23,0
0,5,0,24,0
0,5,0,25,0
0,5,0,26,0
0,5,0,27,0
0,5,0,28,0
0,5,0,29,0
0,5,0,30,0
0,5,0,31,0
0,5,0,32,0
0,5,0,33,0
0,5,0,34,0
0,5,0,35,0
0,5,0,36,0
0,5,0,37,0
0,5,0,38,0
0,5,0,39,0
0,5,0,40,0
0,5,0,41,0
0,5,0,42,0
0,5,0,43,0
0,5,0,44,0
0,5,0,45,0
0,5,0,46,0
0,5,0,47,0
0,5,0,48,0
0,5,0,49,0
0,5,0,50,0
0,5,0,51,0
0,5,0,52,0
0,5,0,53,0
0,5,0,54,0
0,5,0,55,0
0,5,0,56,0
0,5,0,57,0
0,5,0,58,0
0,5,0,59,0
0,5,0,60,0
0,5,0,61,0
0,5,0,62,0
0,5,0,63,0
0,5,0,64,0
0,5,0,65,0
0,5,0,66,0
0,5,0,67,0
0,5,0,68,0
0,5,0,69,0
0,5,0,70,0
0,5,0,71,0
0,5,0,72,0
0,5,0,73,0
0,5,0,74,0
0,5,0,75,0
0,5,0,76,0
0,5,0,77,0
0,5,0,78,0
0,5,0,79,0
0,5,0,80,0
0,5,0,81,0
0,5,0,82,0
0,5,0,83,0
0,5,0,84,0
0,5,0,85,0
0,5,0,86,0
0,5,0,87,0
0,5,0,88,0
0,5,0,89,0
0,5,0,90,0
0,5,0,91,0
0,5,0,92,0
0,5,0,93,0
0,5,0,94,0
0,5,0,95,0
0,5,0,96,0
0,5,0,97,0
0,5,0,98,0
0,5,0,99,0
0,5,0,100,0
0,5,0,101,0
0,5,0,102,0
0,5,0,103,0
0,5,0,104,0
0,5,0,105,0
0,5,0,106,0
0,5,0,107,0
0,5,0,108,0
0,5,0,109,0
0,5,0,110,0
0,5,0,111,0
0,5,1,0,5
0,5,1,1,10
0,5,1,2,15
0,5,1,3,20
0,5,1,4,25
0,5,1,5,30
0,5,1,6,35
0,5,1,7,40
0,5,1,8,0
0,5,1,9,0
0,5,1,10,0
0,5,1,11,0
0,5,1,12,0
0,5,1,13,0
0,5,1,14,0
0,5,1,15,0
0,5,1,16,0
0,5,1,17,0
0,5,1,18,0
0,5,1,19,0
0,5,1,20,0
0,5,1,21,0
0,5,1,22,0
0,5,1,23,0
0,5,1,24,0
0,5,1,25,0
0,5,1,26,0
0,5,1,27,0
0,5,1,28,0
0,5,1,29,0
0,5,1,30,0
0,5,1,31,0
0,5,1,32,0
0,5,1,33,0
0,5,1,34,0
0,5,1,35,0
0,5,1,36,0
0,5,1,37,0
0,5,1,38,0
0,5,1,39,0
0,5,1,40,0
0,5,1,41,0
0,5,1,42,0
0,5,1,43,0
0,5,1,44,0
0,5,1,45,0
0,5,1,46,0
0,5,1,47,0
0,5,1,48,0
0,5,1,49,0
0,5,1,50,0
0,5,1,51,0
0,5,1,52,0
0,5,1,53,0
0,5,1,54,0
0,5,1,55,0
0,5,1,56,0
0,5,1,57,0
0,5,1,58,0
0,5,1,59,0
0,5,1,60,0
0,5,1,61,0
0,5,1,62,0
0,5,1,63,0
0,5,1,64,0
0,5,1,65,0
0,5,1,66,0
0,5,1,67,0
0,5,1,68,0
0,5,1,69,0
0,5,1,70,0
0,5,1,71,0
0,5,1,72,0
0,5,1,73,0
0,5,1,74,0
0,5,1,75,0
0,5,1,76,0
0,5,1,77,0
0,5,1,78,0
0,5,1,79,0
0,5,1,80,0
0,5,1,81,0
0,5,1,82,0
0,5,1,83,0
0,5,1,84,0
0,5,1,85,0
0,5,1,86,0
0,5,1,87,0
0,5,1,88,0
0,5,1,89,0
0,5,1,90,0
0,5,1,91,0
0,5,1,92,0
0,5,1,93,0
0,5,1,94,0
0,5,1,95,0
0,5,1,96,0
0,5,1,97,0
0,5,1,98,0
0,5,1,99,0
0,5,1,100,0
0,5,1,101,0
0,5,1,102,0
0,5,1,103,0
0,5,1,104,0
0,5,1,105,0
0,5,1,106,0
0,5,1,107,0
0,5,1,108,0
0,5,1,109,0
0,5,1,110,0
0,5,1,111,0
0,5,2,0,5
0,5,2,1,10
0,5,2,2,15
0,5,2,3,20
0,5,2,4,25
0,5,2,5,30
0,5,2,6,35
0,5,2,7,40
0,5,2,8,0
0,5,2,9,0
0,5,2,10,0
0,5,2,11,0
0,5,2,12,0
0,5,2,13,0
0,5,2,14,0
0,5,2,15,0
0,5,2,16,0
0,5,2,17,0
0,5,2,18,0
0,5,2,19,0
0,5,2,20,0
0,5,2,21,0
0,5,2,22,0
0,5,2,23,0
0,5,2,24,0
0,5,2,25,0
0,5,2,26,0
0,5,2,27,0
0,5,2,28,0
0,5,2,29,0
0,5,2,30,0
0,5,2,31,0
0,5,2,32,0
0,5,2,33,0
0,5,2,34,0
0,5,2,35,0
0,5,2,36,0
0,5,2,37,0
0,5,2,38,0
0,5,2,39,0
0,5,2,40,0
0,5,2,41,0
0,5,2,42,0
0,5,2,43,0
0,5,2,44,0
0,5,2,45,0
0,5,2,46,0
0,5,2,47,0
0,5,2,48,0
0,5,2,49,0
0,5,2,50,0
0,5,2,51,0
0,5,2,52,0
0,5,2,53,0
0,5,2,54,0
0,5,2,55,0
0,5,2,56,0
0,5,2,57,0
0,5,2,58,0
0,5,2,59,0
0,5,2,60,0
0,5,2,61,0
0,5,2,62,0
0,5,2,63,0
0,5,2,64,0
0,5,2,65,0
0,5,2,66,0
0,5,2,67,0
0,5,2,68,0
0,5,2,69,0
0,5,2,70,0
0,5,2,71,0
0,5,2,72,0
0,5,2,73,0
0,5,2,74,0
0,5,2,75,0
0,5,2,76,0
0,5,2,77,0
0,5,2,78,0
0,5,2,79,0
0,5,2,80,0
0,5,2,81,0
0,5,2,82,0
0,5,2,83,0
0,5,2,84,0
0,5,2,85,0
0,5,2,86,0
0,5,2,87,0
0,5,2,88,0
0,5,2,89,0
0,5,2,90,0
0,5,2,91,0
0,5,2,92,0
0,5,2,93,0
0,5,2,94,0
0,5,2,95,0
0,5,2,96,0
0,5,2,97,0
0,5,2,98,0
0,5,2,99,0
0,5,2,100,0
0,5,2,101,0
0,5,2,102,0
0,5,2,103,0
0,5,2,104,0
0,5,2,105,0
0,5,2,106,0
0,5,2,107,0
0,5,2,108,0
0,5,2,109,0
0,5,2,110,0
0,5,2,111,0
0,5,3,0,5
0,5,3,1,10
0,5,3,2,15
0,5,3,3,20
0,5,3,4,25
0,5,3,5,30
0,5,3,6,35
0,5,3,7,40
0,5,3,8,0
0,5,3,9,0
0,5,3,10,0
0,5,3,11,0
0,5,3,12,0
0,5,3,13,0
0,5,3,14,0
0,5,3,15,0
0,5,3,16,0
0,5,3,17,0
0,5,3,18,0
0,5,3,19,0
0,5,3,20,0
0,5,3,21,0
0,5,3,22,0
0,5,3,23,0
0,5,3,24,0
0,5,3,25,0
0,5,3,26,0
0,5,3,27,0
0,5,3,28,0
0,5,3,29,0
0,5,3,30,0
0,5,3,31,0
0,5,3,32,0
0,5,3,33,0
0,5,3,34,0
0,5,3,35,0
0,5,3,36,0
0,5,3,37,0
0,5,3,38,0
0,5,3,39,0
0,5,3,40,0
0,5,3,41,0
0,5,3,42,0
0,5,3,43,0
0,5,3,44,0
0,5,3,45,0
0,5,3,46,0
0,5,3,47,0
0,5,3,48,0
0,5,3,49,0
0,5,3,50,0
0,5,3,51,0
0,5,3,52,0
0,5,3,53,0
0,5,3,54,0
0,5,3,55,0
0,5,3,56,0
0,5,3,57,0
0,5,3,58,0
0,5,3,59,0
0,5,3,60,0
0,5,3,61,0
0,5,3,62,0
0,5,3,63,0
0,5,3,64,0
0,5,3,65,0
0,5,3,66,0
0,5,3,67,0
0,5,3,68,0
0,5,3,69,0
0,5,3,70,0
0,5,3,71,0
0,5,3,72,0
0,5,3,73,0
0,5,3,74,0
0,5,3,75,0
0,5,3,76,0
0,5,3,77,0
0,5,3,78,0
0,5,3,79,0
0,5,3,80,0
0,5,3,81,0
0,5,3,82,0
0,5,3,83,0
0,5,3,84,0
0,5,3,85,0
0,5,3,86,0
0,5,3,87,0
0,5,3,88,0
0,5,3,89,0
0,5,3,90,0
0,5,3,91,0
0,5,3,92,0
0,5,3,93,0
0,5,3,94,0
0,5,3,95,0
0,5,3,96,0
0,5,3,97,0
0,5,3,98,0
0,5,3,99,0
0,5,3,100,0
0,5,3,101,0
0,5,3,102,0
0,5,3,103,0
0,5,3,104,0
0,5,3,105,0
0,5,3,106,0
0,5,3,107,0
0,5,3,108,0
0,5,3,109,0
0,5,3,110,0
0,5,3,111,0
0,5,4,0,5
0,5,4,1,10
0,5,4,2,15
0,5,4,3,20
0,5,4,4,25
0,5,4,5,30
0,5,4,6,35
0,5,4,7,40
0,5,4,8,0
0,5,4,9,0
0,5,4,10,0
0,5,4,11,0
0,5,4,12,0
0,5,4,13,0
0,5,4,14,0
0,5,4,15,0
0,5,4,16,0
0,5,4,17,0
0,5,4,18,0
0,5,4,19,0
0,5,4,20,0
0,5,4,21,0
0,5,4,22,0
0,5,4,23,0
0,5,4,24,0
0,5,4,25,0
0,5,4,26,0
0,5,4,27,0
0,5,4,28,0
0,5,4,29,0
0,5,4,30,0
0,5,4,31,0
0,5,4,32,0
0,5,4,33,0
0,5,4,34,0
0,5,4,35,0
0,5,4,36,0
0,5,4,37,0
0,5,4,38,0
0,5,4,39,0
0,5,4,40,0
0,5,4,41,0
0,5,4,42,0
0,5,4,43,0
0,5,4,44,0
0,5,4,45,0
0,5,4,46,0
0,5,4,47,0
0,5,4,48,0
0,5,4,49,0
0,5,4,50,0
0,5,4,51,0
0,5,4,52,0
0,5,4,53,0
0,5,4,54,0
0,5,4,55,0
0,5,4,56,0
0,5,4,57,0
0,5,4,58,0
0,5,4,59,0
0,5,4,60,0
0,5,4,61,0
0,5,4,62,0
0,5,4,63,0
0,5,4,64,0
0,5,4,65,0
0,5,4,66,0
0,5,4,67,0
0,5,4,68,0
0,5,4,69,0
0,5,4,70,0
0,5,4,71,0
0,5,4,72,0
0,5,4,73,0
0,5,4,74,0
0,5,4,75,0
0,5,4,76,0
0,5,4,77,0
0,5,4,78,0
0,5,4,79,0
0,5,4,80,0
0,5,4,81,0
0,5,4,82,0
0,5,4,83,0
0,5,4,84,0
0,5,4,85,0
0,5,4,86,0
0,5,4,87,0
0,5,4,88,0
0,5,4,89,0
0,5,4,90,0
0,5,4,91,0
0,5,4,92,0
0,5,4,93,0
0,5,4,94,0
0,5,4,95,0
0,5,4,96,0
0,5,4,97,0
0,5,4,98,0
0,5,4,99,0
0,5,4,100,0
0,5,4,101,0
0,5,4,102,0
0,5,4,103,0
0,5,4,104,0
0,5,4,105,0
0,5,4,106,0
0,5,4,107,0
0,5,4,108,0
0,5,4,109,0
0,5,4,110,0
0,5,4,111,0
0,5,5,0,5
0,5,5,1,10
0,5,5,2,15
0,5,5,3,20
0,5,5,4,25
0,5,5,5,30
0,5,5,6,35
0,5,5,7,40
0,5,5,8,0
0,5,5,9,0
0,5,5,10,0
0,5,5,11,0
0,5,5,12,0
0,5,5,13,0
0,5,5,14,0
0,5,5,15,0
0,5,5,16,0
0,5,5,17,0
0,5,5,18,0
0,5,5,19,0
0,5,5,20,0
0,5,5,21,0
0,5,5,22,0
0,5,5,23,0
0,5,5,24,0
0,5,5,25,0
0,5,5,26,0
0,5,5,27,0
0,5,5,28,0
0,5,5,29,0
0,5,5,30,0
0,5,5,31,0
0,5,5,32,0
0,5,5,33,0
0,5,5,34,0
0,5,5,35,0
0,5,5,36,0
0,5,5,37,0
0,5,5,38,0
0,5,5,39,0
0,5,5,40,0
0,5,5,41,0
0,5,5,42,0
0,5,5,43,0
0,5,5,44,0
0,5,5,45,0
0,5,5,46,0
0,5,5,47,0
0,5,5,48,0
0,5,5,49,0
0,5,5,50,0
0,5,5,51,0
0,5,5,52,0
0,5,5,53,0
0,5,5,54,0
0,5,5,55,0
0,5,5,56,0
0,5,5,57,0
0,5,5,58,0
0,5,5,59,0
0,5,5,60,0
0,5,5,61,0
0,5,5,62,0
0,5,5,63,0
0,5,5,64,0
0,5,5,65,0
0,5,5,66,0
0,5,5,67,0
0,5,5,68,0
0,5,5,69,0
0,5,5,70,0
0,5,5,71,0
0,5,5,72,0
0,5,5,73,0
0,5,5,74,0
0,5,5,75,0
0,5,5,76,0
0,5,5,77,0
0,5,5,78,0
0,5,5,79,0
0,5,5,80,0
0,5,5,81,0
0,5,5,82,0
0,5,5,83,0
0,5,5,84,0
0,5,5,85,0
0,5,5,86,0
0,5,5,87,0
0,5,5,88,0
0,5,5,89,0
0,5,5,90,0
0,5,5,91,0
0,5,5,92,0
0,5,5,93,0
0,5,5,94,0
0,5,5,95,0
0,5,5,96,0
0,5,5,97,0
0,5,5,98,0
0,5,5,99,0
0,5,5,100,0
0,5,5,101,0
0,5,5,102,0
0,5,5,103,0
0,5,5,104,0
0,5,5,105,0
0,5,5,106,0
0,5,5,107,0
0,5,5,108,0
0,5,5,109,0
0,5,5,110,0
0,5,5,111,0
0,5,6,0,5
0,5,6,1,10
0,5,6,2,15
0,5,6,3,20
0,5,6,4,25
0,5,6,5,30
0,5,6,6,35
0,5,6,7,40
0,5,6,8,0
0,5,6,9,0
0,5,6,10,0
0,5,6,11,0
0,5,6,12,0
0,5,6,13,0
0,5,6,14,0
0,5,6,15,0
0,5,6,16,0
0,5,6,17,0
0,5,6,18,0
0,5,6,19,0
0,5,6,20,0
0,5,6,21,0
0,5,6,22,0
0,5,6,23,0
0,5,6,24,0
0,5,6,25,0
0,5,6,26,0
0,5,6,27,0
0,5,6,28,0
0,5,6,29,0
0,5,6,30,0
0,5,6,31,0
0,5,6,32,0
0,5,6,33,0
0,5,6,34,0
0,5,6,35,0
0,5,6,36,0
0,5,6,37,0
0,5,6,38,0
0,5,6,39,0
0,5,6,40,0
0,5,6,41,0
0,5,6,42,0
0,5,6,43,0
0,5,6,44,0
0,5,6,45,0
0,5,6,46,0
0,5,6,47,0
0,5,6,48,0
0,5,6,49,0
0,5,6,50,0
0,5,6,51,0
0,5,6,52,0
0,5,6,53,0
0,5,6,54,0
0,5,6,55,0
0,5,6,56,0
0,5,6,57,0
0,5,6,58,0
0,5,6,59,0
0,5,6,60,0
0,5,6,61,0
0,5,6,62,0
0,5,6,63,0
0,5,6,64,0
0,5,6,65,0
0,5,6,66,0
0,5,6,67,0
0,5,6,68,0
0,5,6,69,0
0,5,6,70,0
0,5,6,71,0
0,5,6,72,0
0,5,6,73,0
0,5,6,74,0
0,5,6,75,0
0,5,6,76,0
0,5,6,77,0
0,5,6,78,0
0,5,6,79,0
0,5,6,80,0
0,5,6,81,0
0,5,6,82,0
0,5,6,83,0
0,5,6,84,0
0,5,6,85,0
0,5,6,86,0
0,5,6,87,0
0,5,6,88,0
0,5,6,89,0
0,5,6,90,0
0,5,6,91,0
0,5,6,92,0
0,5,6,93,0
0,5,6,94,0
0,5,6,95,0
0,5,6,96,0
0,5,6,97,0
0,5,6,98,0
0,5,6,99,0
0,5,6,100,0
0,5,6,101,0
0,5,6,102,0
0,5,6,103,0
0,5,6,104,0
0,5,6,105,0
0,5,6,106,0
0,5,6,107,0
0,5,6,108,0
0,5,6,109,0
0,5,6,110,0
0,5,6,111,0
0,5,7,0,5
0,5,7,1,10
0,5,7,2,15
0,5,7,3,20
0,5,7,4,25
0,5,7,5,30
0,5,7,6,35
0,5,7,7,40
0,5,7,8,0
0,5,7,9,0
0,5,7,10,0
0,5,7,11,0
0,5,7,12,0
0,5,7,13,0
0,5,7,14,0
0,5,7,15,0
0,5,7,16,0
0,5,7,17,0
0,5,7,18,0
0,5,7,19,0
0,5,7,20,0
0,5,7,21,0
0,5,7,22,0
0,5,7,23,0
0,5,7,24,0
0,5,7,25,0
0,5,7,26,0
0,5,7,27,0
0,5,7,28,0
0,5,7,29,0
0,5,7,30,0
0,5,7,31,0
0,5,7,32,0
0,5,7,33,0
0,5,7,34,0
0,5,7,35,0
0,5,7,36,0
0,5,7,37,0
0,5,7,38,0
0,5,7,39,0
0,5,7,40,0
0,5,7,41,0
0,5,7,42,0
0,5,7,43,0
0,5,7,44,0
0,5,7,45,0
0,5,7,46,0
0,5,7,47,0
0,5,7,48,0
0,5,7,49,0
0,5,7,50,0
0,5,7,51,0
0,5,7,52,0
0,5,7,53,0
0,5,7,54,0
0,5,7,55,0
0,5,7,56,0
0,5,7,57,0
0,5,7,58,0
0,5,7,59,0
0,5,7,60,0
0,5,7,61,0
0,5,7,62,0
0,5,7,63,0
0,5,7,64,0
0,5,7,65,0
0,5,7,66,0
0,5,7,67,0
0,5,7,68,0
0,5,7,69,0
0,5,7,70,0
0,5,7,71,0
0,5,7,72,0
0,5,7,73,0
0,5,7,74,0
0,5,7,75,0
0,5,7,76,0
0,5,7,77,0
0,5,7,78,0
0,5,7,79,0
0,5,7,80,0
0,5,7,81,0
0,5,7,82,0
0,5,7,83,0
0,5,7,84,0
0,5,7,85,0
0,5,7,86,0
0,5,7,87,0
0,5,7,88,0
0,5,7,89,0
0,5,7,90,0
0,5,7,91,0
0,5,7,92,0
0,5,7,93,0
0,5,7,94,0
0,5,7,95,0
0,5,7,96,0
0,5,7,97,0
0,5,7,98,0
0,5,7,99,0
0,5,7,100,0
0,5,7,101,0
0,5,7,102,0
0,5,7,103,0
0,5,7,104,0
0,5,7,105,0
0,5,7,106,0
0,5,7,107,0
0,5,7,108,0
0,5,7,109,0
0,5,7,110,0
0,5,7,111,0
0,6,-8,0,6
0,6,-8,1,12
0,6,-8,2,18
0,6,-8,3,24
0,6,-8,4,30
0,6,-8,5,36
0,6,-8,6,42
0,6,-8,7,48
0,6,-8,8,0
0,6,-8,9,0
0,6,-8,10,0
0,6,-8,11,0
0,6,-8,12,0
0,6,-8,13,0
0,6,-8,14,0
0,6,-8,15,0
0,6,-8,16,0
0,6,-8,17,0
0,6,-8,18,0
0,6,-8,19,0
0,6,-8,20,0
0,6,-8,21,0
0,6,-8,22,0
0,6,-8,23,0
0,6,-8,24,0
0,6,-8,25,0
0,6,-8,26,0
0,6,-8,27,0
0,6,-8,28,0
0,6,-8,29,0
0,6,-8,30,0
0,6,-8,31,0
0,6,-8,32,0
0,6,-8,33,0
0,6,-8,34,0
0,6,-8,35,0
0,6,-8,36,0
0,6,-8,37,0
0,6,-8,38,0
0,6,-8,39,0
0,6,-8,40,0
0,6,-8,41,0
0,6,-8,42,0
0,6,-8,43,0
0,6,-8,44,0
0,6,-8,45,0
0,6,-8,46,0
0,6,-8,47,0
0,6,-8,48,0
0,6,-8,49,0
0,6,-8,50,0
0,6,-8,51,0
0,6,-8,52,0
0,6,-8,53,0
0,6,-8,54,0
0,6,-8,55,0
0,6,-8,56,0
0,6,-8,57,0
0,6,-8,58,0
0,6,-8,59,0
0,6,-8,60,0
0,6,-8,61,0
0,6,-8,62,0
0,6,-8,63,0
0,6,-8,64,0
0,6,-8,65,0
0,6,-8,66,0
0,6,-8,67,0
0,6,-8,68,0
0,6,-8,69,0
0,6,-8,70,0
0,6,-8,71,0
0,6,-8,72,0
0,6,-8,73,0
0,6,-8,74,0
0,6,-8,75,0
0,6,-8,76,0
0,6,-8,77,0
0,6,-8,78,0
0,6,-8,79,0
0,6,-8,80,0
0,6,-8,81,0
0,6,-8,82,0
0,6,-8,83,0
0,6,-8,84,0
0,6,-8,85,0
0,6,-8,86,0
0,6,-8,87,0
0,6,-8,88,0
0,6,-8,89,0
0,6,-8,90,0
0,6,-8,91,0
0,6,-8,92,0
0,6,-8,93,0
0,6,-8,94,0
0,6,-8,95,0
0,6,-8,96,0
0,6,-8,97,0
0,6,-8,98,0
0,6,-8,99,0
0,6,-8,100,0
0,6,-8,101,0
0,6,-8,102,0
0,6,-8,103,0
0,6,-8,104,0
0,6,-8,105,0
0,6,-8,106,0
0,6,-8,107,0
0,6,-8,108,0
0,6,-8,109,0
0,6,-8,110,0
0,6,-8,111,0
0,6,-7,0,6
0,6,-7,1,12
0,6,-7,2,18
0,6,-7,3,24
0,6,-7,4,30
0,6,-7,5,36
0,6,-7,6,42
0,6,-7,7,48
0,6,-7,8,0
0,6,-7,9,0
0,6,-7,10,0
0,6,-7,11,0
0,6,-7,12,0
0,6,-7,13,0
0,6,-7,14,0
0,6,-7,15,0
0,6,-7,16,0
0,6,-7,17,0
0,6,-7,18,0
0,6,-7,19,0
0,6,-7,20,0
0,6,-7,21,0
0,6,-7,22,0
0,6,-7,23,0
0,6,-7,24,0
0,6,-7,25,0
0,6,-7,26,0
0,6,-7,27,0
0,6,-7,28,0
0,6,-7,29,0
0,6,-7,30,0
0,6,-7,31,0
0,6,-7,32,0
0,6,-7,33,0
0,6,-7,34,0
0,6,-7,35,0
0,6,-7,36,0
0,6,-7,37,0
0,6,-7,38,0
0,6,-7,39,0
0,6,-7,40,0
0,6,-7,41,0
0,6,-7,42,0
0,6,-7,43,0
0,6,-7,44,0
0,6,-7,45,0
0,6,-7,46,0
0,6,-7,47,0
0,6,-7,48,0
0,6,-7,49,0
0,6,-7,50,0
0,6,-7,51,0
0,6,-7,52,0
0,6,-7,53,0
0,6,-7,54,0
0,6,-7,55,0
0,6,-7,56,0
0,6,-7,57,0
0,6,-7,58,0
0,6,-7,59,0
0,6,-7,60,0
0,6,-7,61,0
0,6,-7,62,0
0,6,-7,63,0
0,6,-7,64,0
0,6,-7,65,0
0,6,-7,66,0
0,6,-7,67,0
0,6,-7,68,0
0,6,-7,69,0
0,6,-7,70,0
0,6,-7,71,0
0,6,-7,72,0
0,6,-7,73,0
0,6,-7,74,0
0,6,-7,75,0
0,6,-7,76,0
0,6,-7,77,0
0,6,-7,78,0
0,6,-7,79,0
0,6,-7,80,0
0,6,-7,81,0
0,6,-7,82,0
0,6,-7,83,0
0,6,-7,84,0
0,6,-7,85,0
0,6,-7,86,0
0,6,-7,87,0
0,6,-7,88,0
0,6,-7,89,0
0,6,-7,90,0
0,6,-7,91,0
0,6,-7,92,0
0,6,-7,93,0
0,6,-7,94,0
0,6,-7,95,0
0,6,-7,96,0
0,6,-7,97,0
0,6,-7,98,0
0,6,-7,99,0
0,6,-7,100,0
0,6,-7,101,0
0,6,-7,102,0
0,6,-7,103,0
0,6,-7,104,0
0,6,-7,105,0
0,6,-7,106,0
0,6,-7,107,0
0,6,-7,108,0
0,6,-7,109,0
0,6,-7,110,0
0,6,-7,111,0
0,6,-6,0,6
0,6,-6,1,12
0,6,-6,2,18
0,6,-6,3,24
0,6,-6,4,30
0,6,-6,5,36
0,6,-6,6,42
0,6,-6,7,48
0,6,-6,8,0
0,6,-6,9,0
0,6,-6,10,0
0,6,-6,11,0
0,6,-6,12,0
0,6,-6,13,0
0,6,-6,14,0
0,6,-6,15,0
0,6,-6,16,0
0,6,-6,17,0
0,6,-6,18,0
0,6,-6,19,0
0,6,-6,20,0
0,6,-6,21,0
0,6,-6,22,0
0,6,-6,23,0
0,6,-6,24,0
0,6,-6,25,0
0,6,-6,26,0
0,6,-6,27,0
0,6,-6,28,0
0,6,-6,29,0
0,6,-6,30,0
0,6,-6,31,0
0,6,-6,32,0
0,6,-6,33,0
0,6,-6,34,0
0,6,-6,35,0
0,6,-6,36,0
0,6,-6,37,0
0,6,-6,38,0
0,6,-6,39,0
0,6,-6,40,0
0,6,-6,41,0
0,6,-6,42,0
0,6,-6,43,0
0,6,-6,44,0
0,6,-6,45,0
0,6,-6,46,0
0,6,-6,47,0
0,6,-6,48,0
0,6,-6,49,0
0,6,-6,50,0
0,6,-6,51,0
0,6,-6,52,0
0,6,-6,53,0
0,6,-6,54,0
0,6,-6,55,0
0,6,-6,56,0
0,6,-6,57,0
0,6,-6,58,0
0,6,-6,59,0
0,6,-6,60,0
0,6,-6,61,0
0,6,-6,62,0
0,6,-6,63,0
0,6,-6,64,0
0,6,-6,65,0
0,6,-6,66,0
0,6,-6,67,0
0,6,-6,68,0
0,6,-6,69,0
0,6,-6,70,0
0,6,-6,71,0
0,6,-6,72,0
0,6,-6,73,0
0,6,-6,74,0
0,6,-6,75,0
0,6,-6,76,0
0,6,-6,77,0
0,6,-6,78,0
0,6,-6,79,0
0,6,-6,80,0
0,6,-6,81,0
0,6,-6,82,0
0,6,-6,83,0
0,6,-6,84,0
0,6,-6,85,0
0,6,-6,86,0
0,6,-6,87,0
0,6,-6,88,0
0,6,-6,89,0
0,6,-6,90,0
0,6,-6,91,0
0,6,-6,92,0
0,6,-6,93,0
0,6,-6,94,0
0,6,-6,95,0
0,6,-6,96,0
0,6,-6,97,0
0,6,-6,98,0
0,6,-6,99,0
0,6,-6,100,0
0,6,-6,101,0
0,6,-6,102,0
0,6,-6,103,0
0,6,-6,104,0
0,6,-6,105,0
0,6,-6,106,0
0,6,-6,107,0
0,6,-6,108,0
0,6,-6,109,0
0,6,-6,110,0
0,6,-6,111,0
0,6,-5,0,6
0,6,-5,1,12
0,6,-5,2,18
0,6,-5,3,24
0,6,-5,4,30
0,6,-5,5,36
0,6,-5,6,42
0,6,-5,7,48
0,6,-5,8,0
0,6,-5,9,0
0,6,-5,10,0
0,6,-5,11,0
0,6,-5,12,0
0,6,-5,13,0
0,6,-5,14,0
0,6,-5,15,0
0,6,-5,16,0
0,6,-5,17,0
0,6,-5,18,0
0,6,-5,19,0
0,6,-5,20,0
0,6,-5,21,0
0,6,-5,22,0
0,6,-5,23,0
0,6,-5,24,0
0,6,-5,25,0
0,6,-5,26,0
0,6,-5,27,0
0,6,-5,28,0
0,6,-5,29,0
0,6,-5,30,0
0,6,-5,31,0
0,6,-5,32,0
0,6,-5,33,0
0,6,-5,34,0
0,6,-5,35,0
0,6,-5,36,0
0,6,-5,37,0
0,6,-5,38,0
0,6,-5,39,0
0,6,-5,40,0
0,6,-5,41,0
0,6,-5,42,0
0,6,-5,43,0
0,6,-5,44,0
0,6,-5,45,0
0,6,-5,46,0
0,6,-5,47,0
0,6,-5,48,0
0,6,-5,49,0
0,6,-5,50,0
0,6,-5,51,0
0,6,-5,52,0
0,6,-5,53,0
0,6,-5,54,0
0,6,-5,55,0
0,6,-5,56,0
0,6,-5,57,0
0,6,-5,58,0
0,6,-5,59,0
0,6,-5,60,0
0,6,-5,61,0
0,6,-5,62,0
0,6,-5,63,0
0,6,-5,64,0
0,6,-5,65,0
0,6,-5,66,0
0,6,-5,67,0
0,6,-5,68,0
0,6,-5,69,0
0,6,-5,70,0
0,6,-5,71,0
0,6,-5,72,0
0,6,-5,73,0
0,6,-5,74,0
0,6,-5,75,0
0,6,-5,76,0
0,6,-5,77,0
0,6,-5,78,0
0,6,-5,79,0
0,6,-5,80,0
0,6,-5,81,0
0,6,-5,82,0
0,6,-5,83,0
0,6,-5,84,0
0,6,-5,85,0
0,6,-5,86,0
0,6,-5,87,0
0,6,-5,88,0
0,6,-5,89,0
0,6,-5,90,0
0,6,-5,91,0
0,6,-5,92,0
0,6,-5,93,0
0,6,-5,94,0
0,6,-5,95,0
0,6,-5,96,0
0,6,-5,97,0
0,6,-5,98,0
0,6,-5,99,0
0,6,-5,100,0
0,6,-5,101,0
0,6,-5,102,0
0,6,-5,103,0
0,6,-5,104,0
0,6,-5,105,0
0,6,-5,106,0
0,6,-5,107,0
0,6,-5,108,0
0,6,-5,109,0
0,6,-5,110,0
0,6,-5,111,0
0,6,-4,0,6
0,6,-4,1,12
0,6,-4,2,18
0,6,-4,3,24
0,6,-4,4,30
0,6,-4,5,36
0,6,-4,6,42
0,6,-4,7,48
0,6,-4,8,0
0,6,-4,9,0
0,6,-4,10,0
0,6,-4,11,0
0,6,-4,12,0
0,6,-4,13,0
0,6,-4,14,0
0,6,-4,15,0
0,6,-4,16,0
0,6,-4,17,0
0,6,-4,18,0
0,6,-4,19,0
0,6,-4,20,0
0,6,-4,21,0
0,6,-4,22,0
0,6,-4,23,0
0,6,-4,24,0
0,6,-4,25,0
0,6,-4,26,0
0,6,-4,27,0
0,6,-4,28,0
0,6,-4,29,0
0,6,-4,30,0
0,6,-4,31,0
0,6,-4,32,0
0,6,-4,33,0
0,6,-4,34,0
0,6,-4,35,0
0,6,-4,36,0
0,6,-4,37,0
0,6,-4,38,0
0,6,-4,39,0
0,6,-4,40,0
0,6,-4,41,0
0,6,-4,42,0
0,6,-4,43,0
0,6,-4,44,0
0,6,-4,45,0
0,6,-4,46,0
0,6,-4,47,0
0,6,-4,48,0
0,6,-4,49,0
0,6,-4,50,0
0,6,-4,51,0
0,6,-4,52,0
0,6,-4,53,0
0,6,-4,54,0
0,6,-4,55,0
0,6,-4,56,0
0,6,-4,57,0
0,6,-4,58,0
0,6,-4,59,0
0,6,-4,60,0
0,6,-4,61,0
0,6,-4,62,0
0,6,-4,63,0
0,6,-4,64,0
0,6,-4,65,0
0,6,-4,66,0
0,6,-4,67,0
0,6,-4,68,0
0,6,-4,69,0
0,6,-4,70,0
0,6,-4,71,0
0,6,-4,72,0
0,6,-4,73,0
0,6,-4,74,0
0,6,-4,75,0
0,6,-4,76,0
0,6,-4,77,0
0,6,-4,78,0
0,6,-4,79,0
0,6,-4,80,0
0,6,-4,81,0
0,6,-4,82,0
0,6,-4,83,0
0,6,-4,84,0
0,6,-4,85,0
0,6,-4,86,0
0,6,-4,87,0
0,6,-4,88,0
0,6,-4,89,0
0,6,-4,90,0
0,6,-4,91,0
0,6,-4,92,0
0,6,-4,93,0
0,6,-4,94,0
0,6,-4,95,0
0,6,-4,96,0
0,6,-4,97,0
0,6,-4,98,0
0,6,-4,99,0
0,6,-4,100,0
0,6,-4,101,0
0,6,-4,102,0
0,6,-4,103,0
0,6,-4,104,0
0,6,-4,105,0
0,6,-4,106,0
0,6,-4,107,0
0,6,-4,108,0
0,6,-4,109,0
0,6,-4,110,0
0,6,-4,111,0
0,6,-3,0,6
0,6,-3,1,12
0,6,-3,2,18
0,6,-3,3,24
0,6,-3,4,30
0,6,-3,5,36
0,6,-3,6,42
0,6,-3,7,48
0,6,-3,8,0
0,6,-3,9,0
0,6,-3,10,0
0,6,-3,11,0
0,6,-3,12,0
0,6,-3,13,0
0,6,-3,14,0
0,6,-3,15,0
0,6,-3,16,0
0,6,-3,17,0
0,6,-3,18,0
0,6,-3,19,0
0,6,-3,20,0
0,6,-3,21,0
0,6,-3,22,0
0,6,-3,23,0
0,6,-3,24,0
0,6,-3,25,0
0,6,-3,26,0
0,6,-3,27,0
0,6,-3,28,0
0,6,-3,29,0
0,6,-3,30,0
0,6,-3,31,0
0,6,-3,32,0
0,6,-3,33,0
0,6,-3,34,0
0,6,-3,35,0
0,6,-3,36,0
0,6,-3,37,0
0,6,-3,38,0
0,6,-3,39,0
0,6,-3,40,0
0,6,-3,41,0
0,6,-3,42,0
0,6,-3,43,0
0,6,-3,44,0
0,6,-3,45,0
0,6,-3,46,0
0,6,-3,47,0
0,6,-3,48,0
0,6,-3,49,0
0,6,-3,50,0
0,6,-3,51,0
0,6,-3,52,0
0,6,-3,53,0
0,6,-3,54,0
0,6,-3,55,0
0,6,-3,56,0
0,6,-3,57,0
0,6,-3,58,0
0,6,-3,59,0
0,6,-3,60,0
0,6,-3,61,0
0,6,-3,62,0
0,6,-3,63,0
0,6,-3,64,0
0,6,-3,65,0
0,6,-3,66,0
0,6,-3,67,0
0,6,-3,68,0
0,6,-3,69,0
0,6,-3,70,0
0,6,-3,71,0
0,6,-3,72,0
0,6,-3,73,0
0,6,-3,74,0
0,6,-3,75,0
0,6,-3,76,0
0,6,-3,77,0
0,6,-3,78,0
0,6,-3,79,0
0,6,-3,80,0
0,6,-3,81,0
0,6,-3,82,0
0,6,-3,83,0
0,6,-3,84,0
0,6,-3,85,0
0,6,-3,86,0
0,6,-3,87,0
0,6,-3,88,0
0,6,-3,89,0
0,6,-3,90,0
0,6,-3,91,0
0,6,-3,92,0
0,6,-3,93,0
0,6,-3,94,0
0,6,-3,95,0
0,6,-3,96,0
0,6,-3,97,0
0,6,-3,98,0
0,6,-3,99,0
0,6,-3,100,0
0,6,-3,101,0
0,6,-3,102,0
0,6,-3,103,0
0,6,-3,104,0
0,6,-3,105,0
0,6,-3,106,0
0,6,-3,107,0
0,6,-3,108,0
0,6,-3,109,0
0,6,-3,110,0
0,6,-3,111,0
0,6,-2,0,6
0,6,-2,1,12
0,6,-2,2,18
0,6,-2,3,24
0,6,-2,4,30
0,6,-2,5,36
0,6,-2,6,42
0,6,-2,7,48
0,6,-2,8,0
0,6,-2,9,0
0,6,-2,10,0
0,6,-2,11,0
0,6,-2,12,0
0,6,-2,13,0
0,6,-2,14,0
0,6,-2,15,0
0,6,-2,16,0
0,6,-2,17,0
0,6,-2,18,0
0,6,-2,19,0
0,6,-2,20,0
0,6,-2,21,0
0,6,-2,22,0
0,6,-2,23,0
0,6,-2,24,0
0,6,-2,25,0
0,6,-2,26,0
0,6,-2,27,0
0,6,-2,28,0
0,6,-2,29,0
0,6,-2,30,0
0,6,-2,31,0
0,6,-2,32,0
0,6,-2,33,0
0,6,-2,34,0
0,6,-2,35,0
0,6,-2,36,0
0,6,-2,37,0
0,6,-2,38,0
0,6,-2,39,0
0,6,-2,40,0
0,6,-2,41,0
0,6,-2,42,0
0,6,-2,43,0
0,6,-2,44,0
0,6,-2,45,0
0,6,-2,46,0
0,6,-2,47,0
0,6,-2,48,0
0,6,-2,49,0
0,6,-2,50,0
0,6,-2,51,0
0,6,-2,52,0
0,6,-2,53,0
0,6,-2,54,0
0,6,-2,55,0
0,6,-2,56,0
0,6,-2,57,0
0,6,-2,58,0
0,6,-2,59,0
0,6,-2,60,0
0,6,-2,61,0
0,6,-2,62,0
0,6,-2,63,0
0,6,-2,64,0
0,6,-2,65,0
0,6,-2,66,0
0,6,-2,67,0
0,6,-2,68,0
0,6,-2,69,0
0,6,-2,70,0
0,6,-2,71,0
0,6,-2,72,0
0,6,-2,73,0
0,6,-2,74,0
0,6,-2,75,0
0,6,-2,76,0
0,6,-2,77,0
0,6,-2,78,0
0,6,-2,79,0
0,6,-2,80,0
0,6,-2,81,0
0,6,-2,82,0
0,6,-2,83,0
0,6,-2,84,0
0,6,-2,85,0
0,6,-2,86,0
0,6,-2,87,0
0,6,-2,88,0
0,6,-2,89,0
0,6,-2,90,0
0,6,-2,91,0
0,6,-2,92,0
0,6,-2,93,0
0,6,-2,94,0
0,6,-2,95,0
0,6,-2,96,0
0,6,-2,97,0
0,6,-2,98,0
0,6,-2,99,0
0,6,-2,100,0
0,6,-2,101,0
0,6,-2,102,0
0,6,-2,103,0
0,6,-2,104,0
0,6,-2,105,0
0,6,-2,106,0
0,6,-2,107,0
0,6,-2,108,0
0,6,-2,109,0
0,6,-2,110,0
0,6,-2,111,0
0,6,-1,0,6
0,6,-1,1,12
0,6,-1,2,18
0,6,-1,3,24
0,6,-1,4,30
0,6,-1,5,36
0,6,-1,6,42
0,6,-1,7,48
0,6,-1,8,0
0,6,-1,9,0
0,6,-1,10,0
0,6,-1,11,0
0,6,-1,12,0
0,6,-1,13,0
0,6,-1,14,0
0,6,-1,15,0
0,6,-1,16,0
0,6,-1,17,0
0,6,-1,18,0
0,6,-1,19,0
0,6,-1,20,0
0,6,-1,21,0
0,6,-1,22,0
0,6,-1,23,0
0,6,-1,24,0
0,6,-1,25,0
0,6,-1,26,0
0,6,-1,27,0
0,6,-1,28,0
0,6,-1,29,0
0,6,-1,30,0
0,6,-1,31,0
0,6,-1,32,0
0,6,-1,33,0
0,6,-1,34,0
0,6,-1,35,0
0,6,-1,36,0
0,6,-1,37,0
0,6,-1,38,0
0,6,-1,39,0
0,6,-1,40,0
0,6,-1,41,0
0,6,-1,42,0
0,6,-1,43,0
0,6,-1,44,0
0,6,-1,45,0
0,6,-1,46,0
0,6,-1,47,0
0,6,-1,48,0
0,6,-1,49,0
0,6,-1,50,0
0,6,-1,51,0
0,6,-1,52,0
0,6,-1,53,0
0,6,-1,54,0
0,6,-1,55,0
0,6,-1,56,0
0,6,-1,57,0
0,6,-1,58,0
0,6,-1,59,0
0,6,-1,60,0
0,6,-1,61,0
0,6,-1,62,0
0,6,-1,63,0
0,6,-1,64,0
0,6,-1,65,0
0,6,-1,66,0
0,6,-1,67,0
0,6,-1,68,0
0,6,-1,69,0
0,6,-1,70,0
0,6,-1,71,0
0,6,-1,72,0
0,6,-1,73,0
0,6,-1,74,0
0,6,-1,75,0
0,6,-1,76,0
0,6,-1,77,0
0,6,-1,78,0
0,6,-1,79,0
0,6,-1,80,0
0,6,-1,81,0
0,6,-1,82,0
0,6,-1,83,0
0,6,-1,84,0
0,6,-1,85,0
0,6,-1,86,0
0,6,-1,87,0
0,6,-1,88,0
0,6,-1,89,0
0,6,-1,90,0
0,6,-1,91,0
0,6,-1,92,0
0,6,-1,93,0
0,6,-1,94,0
0,6,-1,95,0
0,6,-1,96,0
0,6,-1,97,0
0,6,-1,98,0
0,6,-1,99,0
0,6,-1,100,0
0,6,-1,101,0
0,6,-1,102,0
0,6,-1,103,0
0,6,-1,104,0
0,6,-1,105,0
0,6,-1,106,0
0,6,-1,107,0
0,6,-1,108,0
0,6,-1,109,0
0,6,-1,110,0
0,6,-1,111,0
0,6,0,0,6
0,6,0,1,12
0,6,0,2,18
0,6,0,3,24
0,6,0,4,30
0,6,0,5,36
0,6,0,6,42
0,6,0,7,48
0,6,0,8,0
0,6,0,9,0
0,6,0,10,0
0,6,0,11,0
0,6,0,12,0
0,6,0,13,0
0,6,0,14,0
0,6,0,15,0
0,6,0,16,0
0,6,0,17,0
0,6,0,18,0
0,6,0,19,0
0,6,0,20,0
0,6,0,21,0
0,6,0,22,0
0,6,0,23,0
0,6,0,24,0
0,6,0,25,0
0,6,0,26,0
0,6,0,27,0
0,6,0,28,0
0,6,0,29,0
0,6,0,30,0
0,6,0,31,0
0,6,0,32,0
0,6,0,33,0
0,6,0,34,0
0,6,0,35,0
0,6,0,36,0
0,6,0,37,0
0,6,0,38,0
0,6,0,39,0
0,6,0,40,0
0,6,0,41,0
0,6,0,42,0
0,6,0,43,0
0,6,0,44,0
0,6,0,45,0
0,6,0,46,0
0,6,0,47,0
0,6,0,48,0
0,6,0,49,0
0,6,0,50,0
0,6,0,51,0
0,6,0,52,0
0,6,0,53,0
0,6,0,54,0
0,6,0,55,0
0,6,0,56,0
0,6,0,57,0
0,6,0,58,0
0,6,0,59,0
0,6,0,60,0
0,6,0,61,0
0,6,0,62,0
0,6,0,63,0
0,6,0,64,0
0,6,0,65,0
0,6,0,66,0
0,6,0,67,0
0,6,0,68,0
0,6,0,69,0
0,6,0,70,0
0,6,0,71,0
0,6,0,72,0
0,6,0,73,0
0,6,0,74,0
0,6,0,75,0
0,6,0,76,0
0,6,0,77,0
0,6,0,78,0
0,6,0,79,0
0,6,0,80,0
0,6,0,81,0
0,6,0,82,0
0,6,0,83,0
0,6,0,84,0
0,6,0,85,0
0,6,0,86,0
0,6,0,87,0
0,6,0,88,0
0,6,0,89,0
0,6,0,90,0
0,6,0,91,0
0,6,0,92,0
0,6,0,93,0
0,6,0,94,0
0,6,0,95,0
0,6,0,96,0
0,6,0,97,0
0,6,0,98,0
0,6,0,99,0
0,6,0,100,0
0,6,0,101,0
0,6,0,102,0
0,6,0,103,0
0,6,0,104,0
0,6,0,105,0
0,6,0,106,0
0,6,0,107,0
0,6,0,108,0
0,6,0,109,0
0,6,0,110,0
0,6,0,111,0
0,6,1,0,6
0,6,1,1,12
0,6,1,2,18
0,6,1,3,24
0,6,1,4,30
0,6,1,5,36
0,6,1,6,42
0,6,1,7,48
0,6,1,8,0
0,6,1,9,0
0,6,1,10,0
0,6,1,11,0
0,6,1,12,0
0,6,1,13,0
0,6,1,14,0
0,6,1,15,0
0,6,1,16,0
0,6,1,17,0
0,6,1,18,0
0,6,1,19,0
0,6,1,20,0
0,6,1,21,0
0,6,1,22,0
0,6,1,23,0
0,6,1,24,0
0,6,1,25,0
0,6,1,26,0
0,6,1,27,0
0,6,1,28,0
0,6,1,29,0
0,6,1,30,0
0,6,1,31,0
0,6,1,32,0
0,6,1,33,0
0,6,1,34,0
0,6,1,35,0
0,6,1,36,0
0,6,1,37,0
0,6,1,38,0
0,6,1,39,0
0,6,1,40,0
0,6,1,41,0
0,6,1,42,0
0,6,1,43,0
0,6,1,44,0
0,6,1,45,0
0,6,1,46,0
0,6,1,47,0
0,6,1,48,0
0,6,1,49,0
0,6,1,50,0
0,6,1,51,0
0,6,1,52,0
0,6,1,53,0
0,6,1,54,0
0,6,1,55,0
0,6,1,56,0
0,6,1,57,0
0,6,1,58,0
0,6,1,59,0
0,6,1,60,0
0,6,1,61,0
0,6,1,62,0
0,6,1,63,0
0,6,1,64,0
0,6,1,65,0
0,6,1,66,0
0,6,1,67,0
0,6,1,68,0
0,6,1,69,0
0,6,1,70,0
0,6,1,71,0
0,6,1,72,0
0,6,1,73,0
0,6,1,74,0
0,6,1,75,0
0,6,1,76,0
0,6,1,77,0
0,6,1,78,0
0,6,1,79,0
0,6,1,80,0
0,6,1,81,0
0,6,1,82,0
0,6,1,83,0
0,6,1,84,0
0,6,1,85,0
0,6,1,86,0
0,6,1,87,0
0,6,1,88,0
0,6,1,89,0
0,6,1,90,0
0,6,1,91,0
0,6,1,92,0
0,6,1,93,0
0,6,1,94,0
0,6,1,95,0
0,6,1,96,0
0,6,1,97,0
0,6,1,98,0
0,6,1,99,0
0,6,1,100,0
0,6,1,101,0
0,6,1,102,0
0,6,1,103,0
0,6,1,104,0
0,6,1,105,0
0,6,1,106,0
0,6,1,107,0
0,6,1,108,0
0,6,1,109,0
0,6,1,110,0
0,6,1,111,0
0,6,2,0,6
0,6,2,1,12
0,6,2,2,18
0,6,2,3,24
0,6,2,4,30
0,6,2,5,36
0,6,2,6,42
0,6,2,7,48
0,6,2,8,0
0,6,2,9,0
0,6,2,10,0
0,6,2,11,0
0,6,2,12,0
0,6,2,13,0
0,6,2,14,0
0,6,2,15,0
0,6,2,16,0
0,6,2,17,0
0,6,2,18,0
0,6,2,19,0
0,6,2,20,0
0,6,2,21,0
0,6,2,22,0
0,6,2,23,0
0,6,2,24,0
0,6,2,25,0
0,6,2,26,0
0,6,2,27,0
0,6,2,28,0
0,6,2,29,0
0,6,2,30,0
0,6,2,31,0
0,6,2,32,0
0,6,2,33,0
0,6,2,34,0
0,6,2,35,0
0,6,2,36,0
0,6,2,37,0
0,6,2,38,0
0,6,2,39,0
0,6,2,40,0
0,6,2,41,0
0,6,2,42,0
0,6,2,43,0
0,6,2,44,0
0,6,2,45,0
0,6,2,46,0
0,6,2,47,0
0,6,2,48,0
0,6,2,49,0
0,6,2,50,0
0,6,2,51,0
0,6,2,52,0
0,6,2,53,0
0,6,2,54,0
0,6,2,55,0
0,6,2,56,0
0,6,2,57,0
0,6,2,58,0
0,6,2,59,0
0,6,2,60,0
0,6,2,61,0
0,6,2,62,0
0,6,2,63,0
0,6,2,64,0
0,6,2,65,0
0,6,2,66,0
0,6,2,67,0
0,6,2,68,0
0,6,2,69,0
0,6,2,70,0
0,6,2,71,0
0,6,2,72,0
0,6,2,73,0
0,6,2,74,0
0,6,2,75,0
0,6,2,76,0
0,6,2,77,0
0,6,2,78,0
0,6,2,79,0
0,6,2,80,0
0,6,2,81,0
0,6,2,82,0
0,6,2,83,0
0,6,2,84,0
0,6,2,85,0
0,6,2,86,0
0,6,2,87,0
0,6,2,88,0
0,6,2,89,0
0,6,2,90,0
0,6,2,91,0
0,6,2,92,0
0,6,2,93,0
0,6,2,94,0
0,6,2,95,0
0,6,2,96,0
0,6,2,97,0
0,6,2,98,0
0,6,2,99,0
0,6,2,100,0
0,6,2,101,0
0,6,2,102,0
0,6,2,103,0
0,6,2,104,0
0,6,2,105,0
0,6,2,106,0
0,6,2,107,0
0,6,2,108,0
0,6,2,109,0
0,6,2,110,0
0,6,2,111,0
0,6,3,0,6
0,6,3,1,12
0,6,3,2,18
0,6,3,3,24
0,6,3,4,30
0,6,3,5,36
0,6,3,6,42
0,6,3,7,48
0,6,3,8,0
0,6,3,9,0
0,6,3,10,0
0,6,3,11,0
0,6,3,12,0
0,6,3,13,0
0,6,3,14,0
0,6,3,15,0
0,6,3,16,0
0,6,3,17,0
0,6,3,18,0
0,6,3,19,0
0,6,3,20,0
0,6,3,21,0
0,6,3,22,0
0,6,3,23,0
0,6,3,24,0
0,6,3,25,0
0,6,3,26,0
0,6,3,27,0
0,6,3,28,0
0,6,3,29,0
0,6,3,30,0
0,6,3,31,0
0,6,3,32,0
0,6,3,33,0
0,6,3,34,0
0,6,3,35,0
0,6,3,36,0
0,6,3,37,0
0,6,3,38,0
0,6,3,39,0
0,6,3,40,0
0,6,3,41,0
0,6,3,42,0
0,6,3,43,0
0,6,3,44,0
0,6,3,45,0
0,6,3,46,0
0,6,3,47,0
0,6,3,48,0
0,6,3,49,0
0,6,3,50,0
0,6,3,51,0
0,6,3,52,0
0,6,3,53,0
0,6,3,54,0
0,6,3,55,0
0,6,3,56,0
0,6,3,57,0
0,6,3,58,0
0,6,3,59,0
0,6,3,60,0
0,6,3,61,0
0,6,3,62,0
0,6,3,63,0
0,6,3,64,0
0,6,3,65,0
0,6,3,66,0
0,6,3,67,0
0,6,3,68,0
0,6,3,69,0
0,6,3,70,0
0,6,3,71,0
0,6,3,72,0
0,6,3,73,0
0,6,3,74,0
0,6,3,75,0
0,6,3,76,0
0,6,3,77,0
0,6,3,78,0
0,6,3,79,0
0,6,3,80,0
0,6,3,81,0
0,6,3,82,0
0,6,3,83,0
0,6,3,84,0
0,6,3,85,0
0,6,3,86,0
0,6,3,87,0
0,6,3,88,0
0,6,3,89,0
0,6,3,90,0
0,6,3,91,0
0,6,3,92,0
0,6,3,93,0
0,6,3,94,0
0,6,3,95,0
0,6,3,96,0
0,6,3,97,0
0,6,3,98,0
0,6,3,99,0
0,6,3,100,0
0,6,3,101,0
0,6,3,102,0
0,6,3,103,0
0,6,3,104,0
0,6,3,105,0
0,6,3,106,0
0,6,3,107,0
0,6,3,108,0
0,6,3,109,0
0,6,3,110,0
0,6,3,111,0
0,6,4,0,6
0,6,4,1,12
0,6,4,2,18
0,6,4,3,24
0,6,4,4,30
0,6,4,5,36
0,6,4,6,42
0,6,4,7,48
0,6,4,8,0
0,6,4,9,0
0,6,4,10,0
0,6,4,11,0
0,6,4,12,0
0,6,4,13,0
0,6,4,14,0
0,6,4,15,0
0,6,4,16,0
0,6,4,17,0
0,6,4,18,0
0,6,4,19,0
0,6,4,20,0
0,6,4,21,0
0,6,4,22,0
0,6,4,23,0
0,6,4,24,0
0,6,4,25,0
0,6,4,26,0
0,6,4,27,0
0,6,4,28,0
0,6,4,29,0
0,6,4,30,0
0,6,4,31,0
0,6,4,32,0
0,6,4,33,0
0,6,4,34,0
0,6,4,35,0
0,6,4,36,0
0,6,4,37,0
0,6,4,38,0
0,6,4,39,0
0,6,4,40,0
0,6,4,41,0
0,6,4,42,0
0,6,4,43,0
0,6,4,44,0
0,6,4,45,0
0,6,4,46,0
0,6,4,47,0
0,6,4,48,0
0,6,4,49,0
0,6,4,50,0
0,6,4,51,0
0,6,4,52,0
0,6,4,53,0
0,6,4,54,0
0,6,4,55,0
0,6,4,56,0
0,6,4,57,0
0,6,4,58,0
0,6,4,59,0
0,6,4,60,0
0,6,4,61,0
0,6,4,62,0
0,6,4,63,0
0,6,4,64,0
0,6,4,65,0
0,6,4,66,0
0,6,4,67,0
0,6,4,68,0
0,6,4,69,0
0,6,4,70,0
0,6,4,71,0
0,6,4,72,0
0,6,4,73,0
0,6,4,74,0
0,6,4,75,0
0,6,4,76,0
0,6,4,77,0
0,6,4,78,0
0,6,4,79,0
0,6,4,80,0
0,6,4,81,0
0,6,4,82,0
0,6,4,83,0
0,6,4,84,0
0,6,4,85,0
0,6,4,86,0
0,6,4,87,0
0,6,4,88,0
0,6,4,89,0
0,6,4,90,0
0,6,4,91,0
0,6,4,92,0
0,6,4,93,0
0,6,4,94,0
0,6,4,95,0
0,6,4,96,0
0,6,4,97,0
0,6,4,98,0
0,6,4,99,0
0,6,4,100,0
0,6,4,101,0
0,6,4,102,0
0,6,4,103,0
0,6,4,104,0
0,6,4,105,0
0,6,4,106,0
0,6,4,107,0
0,6,4,108,0
0,6,4,109,0
0,6,4,110,0
0,6,4,111,0
0,6,5,0,6
0,6,5,1,12
0,6,5,2,18
0,6,5,3,24
0,6,5,4,30
0,6,5,5,36
0,6,5,6,42
0,6,5,7,48
0,6,5,8,0
0,6,5,9,0
0,6,5,10,0
0,6,5,11,0
0,6,5,12,0
0,6,5,13,0
0,6,5,14,0
0,6,5,15,0
0,6,5,16,0
0,6,5,17,0
0,6,5,18,0
0,6,5,19,0
0,6,5,20,0
0,6,5,21,0
0,6,5,22,0
0,6,5,23,0
0,6,5,24,0
0,6,5,25,0
0,6,5,26,0
0,6,5,27,0
0,6,5,28,0
0,6,5,29,0
0,6,5,30,0
0,6,5,31,0
0,6,5,32,0
0,6,5,33,0
0,6,5,34,0
0,6,5,35,0
0,6,5,36,0
0,6,5,37,0
0,6,5,38,0
0,6,5,39,0
0,6,5,40,0
0,6,5,41,0
0,6,5,42,0
0,6,5,43,0
0,6,5,44,0
0,6,5,45,0
0,6,5,46,0
0,6,5,47,0
0,6,5,48,0
0,6,5,49,0
0,6,5,50,0
0,6,5,51,0
0,6,5,52,0
0,6,5,53,0
0,6,5,54,0
0,6,5,55,0
0,6,5,56,0
0,6,5,57,0
0,6,5,58,0
0,6,5,59,0
0,6,5,60,0
0,6,5,61,0
0,6,5,62,0
0,6,5,63,0
0,6,5,64,0
0,6,5,65,0
0,6,5,66,0
0,6,5,67,0
0,6,5,68,0
0,6,5,69,0
0,6,5,70,0
0,6,5,71,0
0,6,5,72,0
0,6,5,73,0
0,6,5,74,0
0,6,5,75,0
0,6,5,76,0
0,6,5,77,0
0,6,5,78,0
0,6,5,79,0
0,6,5,80,0
0,6,5,81,0
0,6,5,82,0
0,6,5,83,0
0,6,5,84,0
0,6,5,85,0
0,6,5,86,0
0,6,5,87,0
0,6,5,88,0
0,6,5,89,0
0,6,5,90,0
0,6,5,91,0
0,6,5,92,0
0,6,5,93,0
0,6,5,94,0
0,6,5,95,0
0,6,5,96,0
0,6,5,97,0
0,6,5,98,0
0,6,5,99,0
0,6,5,100,0
0,6,5,101,0
0,6,5,102,0
0,6,5,103,0
0,6,5,104,0
0,6,5,105,0
0,6,5,106,0
0,6,5,107,0
0,6,5,108,0
0,6,5,109,0
0,6,5,110,0
0,6,5,111,0
0,6,6,0,6
0,6,6,1,12
0,6,6,2,18
0,6,6,3,24
0,6,6,4,30
0,6,6,5,36
0,6,6,6,42
0,6,6,7,48
0,6,6,8,0
0,6,6,9,0
0,6,6,10,0
0,6,6,11,0
0,6,6,12,0
0,6,6,13,0
0,6,6,14,0
0,6,6,15,0
0,6,6,16,0
0,6,6,17,0
0,6,6,18,0
0,6,6,19,0
0,6,6,20,0
0,6,6,21,0
0,6,6,22,0
0,6,6,23,0
0,6,6,24,0
0,6,6,25,0
0,6,6,26,0
0,6,6,27,0
0,6,6,28,0
0,6,6,29,0
0,6,6,30,0
0,6,6,31,0
0,6,6,32,0
0,6,6,33,0
0,6,6,34,0
0,6,6,35,0
0,6,6,36,0
0,6,6,37,0
0,6,6,38,0
0,6,6,39,0
0,6,6,40,0
0,6,6,41,0
0,6,6,42,0
0,6,6,43,0
0,6,6,44,0
0,6,6,45,0
0,6,6,46,0
0,6,6,47,0
0,6,6,48,0
0,6,6,49,0
0,6,6,50,0
0,6,6,51,0
0,6,6,52,0
0,6,6,53,0
0,6,6,54,0
0,6,6,55,0
0,6,6,56,0
0,6,6,57,0
0,6,6,58,0
0,6,6,59,0
0,6,6,60,0
0,6,6,61,0
0,6,6,62,0
0,6,6,63,0
0,6,6,64,0
0,6,6,65,0
0,6,6,66,0
0,6,6,67,0
0,6,6,68,0
0,6,6,69,0
0,6,6,70,0
0,6,6,71,0
0,6,6,72,0
0,6,6,73,0
0,6,6,74,0
0,6,6,75,0
0,6,6,76,0
0,6,6,77,0
0,6,6,78,0
0,6,6,79,0
0,6,6,80,0
0,6,6,81,0
0,6,6,82,0
0,6,6,83,0
0,6,6,84,0
0,6,6,85,0
0,6,6,86,0
0,6,6,87,0
0,6,6,88,0
0,6,6,89,0
0,6,6,90,0
0,6,6,91,0
0,6,6,92,0
0,6,6,93,0
0,6,6,94,0
0,6,6,95,0
0,6,6,96,0
0,6,6,97,0
0,6,6,98,0
0,6,6,99,0
0,6,6,100,0
0,6,6,101,0
0,6,6,102,0
0,6,6,103,0
0,6,6,104,0
0,6,6,105,0
0,6,6,106,0
0,6,6,107,0
0,6,6,108,0
0,6,6,109,0
0,6,6,110,0
0,6,6,111,0
0,6,7,0,6
0,6,7,1,12
0,6,7,2,18
0,6,7,3,24
0,6,7,4,30
0,6,7,5,36
0,6,7,6,42
0,6,7,7,48
0,6,7,8,0
0,6,7,9,0
0,6,7,10,0
0,6,7,11,0
0,6,7,12,0
0,6,7,13,0
0,6,7,14,0
0,6,7,15,0
0,6,7,16,0
0,6,7,17,0
0,6,7,18,0
0,6,7,19,0
0,6,7,20,0
0,6,7,21,0
0,6,7,22,0
0,6,7,23,0
0,6,7,24,0
0,6,7,25,0
0,6,7,26,0
0,6,7,27,0
0,6,7,28,0
0,6,7,29,0
0,6,7,30,0
0,6,7,31,0
0,6,7,32,0
0,6,7,33,0
0,6,7,34,0
0,6,7,35,0
0,6,7,36,0
0,6,7,37,0
0,6,7,38,0
0,6,7,39,0
0,6,7,40,0
0,6,7,41,0
0,6,7,42,0
0,6,7,43,0
0,6,7,44,0
0,6,7,45,0
0,6,7,46,0
0,6,7,47,0
0,6,7,48,0
0,6,7,49,0
0,6,7,50,0
0,6,7,51,0
0,6,7,52,0
0,6,7,53,0
0,6,7,54,0
0,6,7,55,0
0,6,7,56,0
0,6,7,57,0
0,6,7,58,0
0,6,7,59,0
0,6,7,60,0
0,6,7,61,0
0,6,7,62,0
0,6,7,63,0
0,6,7,64,0
0,6,7,65,0
0,6,7,66,0
0,6,7,67,0
0,6,7,68,0
0,6,7,69,0
0,6,7,70,0
0,6,7,71,0
0,6,7,72,0
0,6,7,73,0
0,6,7,74,0
0,6,7,75,0
0,6,7,76,0
0,6,7,77,0
0,6,7,78,0
0,6,7,79,0
0,6,7,80,0
0,6,7,81,0
0,6,7,82,0
0,6,7,83,0
0,6,7,84,0
0,6,7,85,0
0,6,7,86,0
0,6,7,87,0
0,6,7,88,0
0,6,7,89,0
0,6,7,90,0
0,6,7,91,0
0,6,7,92,0
0,6,7,93,0
0,6,7,94,0
0,6,7,95,0
0,6,7,96,0
0,6,7,97,0
0,6,7,98,0
0,6,7,99,0
0,6,7,100,0
0,6,7,101,0
0,6,7,102,0
0,6,7,103,0
0,6,7,104,0
0,6,7,105,0
0,6,7,106,0
0,6,7,107,0
0,6,7,108,0
0,6,7,109,0
0,6,7,110,0
0,6,7,111,0
0,7,-8,0,7
0,7,-8,1,14
0,7,-8,2,21
0,7,-8,3,28
0,7,-8,4,35
0,7,-8,5,42
0,7,-8,6,49
0,7,-8,7,56
0,7,-8,8,0
0,7,-8,9,0
0,7,-8,10,0
0,7,-8,11,0
0,7,-8,12,0
0,7,-8,13,0
0,7,-8,14,0
0,7,-8,15,0
0,7,-8,16,0
0,7,-8,17,0
0,7,-8,18,0
0,7,-8,19,0
0,7,-8,20,0
0,7,-8,21,0
0,7,-8,22,0
0,7,-8,23,0
0,7,-8,24,0
0,7,-8,25,0
0,7,-8,26,0
0,7,-8,27,0
0,7,-8,28,0
0,7,-8,29,0
0,7,-8,30,0
0,7,-8,31,0
0,7,-8,32,0
0,7,-8,33,0
0,7,-8,34,0
0,7,-8,35,0
0,7,-8,36,0
0,7,-8,37,0
0,7,-8,38,0
0,7,-8,39,0
0,7,-8,40,0
0,7,-8,41,0
0,7,-8,42,0
0,7,-8,43,0
0,7,-8,44,0
0,7,-8,45,0
0,7,-8,46,0
0,7,-8,47,0
0,7,-8,48,0
0,7,-8,49,0
0,7,-8,50,0
0,7,-8,51,0
0,7,-8,52,0
0,7,-8,53,0
0,7,-8,54,0
0,7,-8,55,0
0,7,-8,56,0
0,7,-8,57,0
0,7,-8,58,0
0,7,-8,59,0
0,7,-8,60,0
0,7,-8,61,0
0,7,-8,62,0
0,7,-8,63,0
0,7,-8,64,0
0,7,-8,65,0
0,7,-8,66,0
0,7,-8,67,0
0,7,-8,68,0
0,7,-8,69,0
0,7,-8,70,0
0,7,-8,71,0
0,7,-8,72,0
0,7,-8,73,0
0,7,-8,74,0
0,7,-8,75,0
0,7,-8,76,0
0,7,-8,77,0
0,7,-8,78,0
0,7,-8,79,0
0,7,-8,80,0
0,7,-8,81,0
0,7,-8,82,0
0,7,-8,83,0
0,7,-8,84,0
0,7,-8,85,0
0,7,-8,86,0
0,7,-8,87,0
0,7,-8,88,0
0,7,-8,89,0
0,7,-8,90,0
0,7,-8,91,0
0,7,-8,92,0
0,7,-8,93,0
0,7,-8,94,0
0,7,-8,95,0
0,7,-8,96,0
0,7,-8,97,0
0,7,-8,98,0
0,7,-8,99,0
0,7,-8,100,0
0,7,-8,101,0
0,7,-8,102,0
0,7,-8,103,0
0,7,-8,104,0
0,7,-8,105,0
0,7,-8,106,0
0,7,-8,107,0
0,7,-8,108,0
0,7,-8,109,0
0,7,-8,110,0
0,7,-8,111,0
0,7,-7,0,7
0,7,-7,1,14
0,7,-7,2,21
0,7,-7,3,28
0,7,-7,4,35
0,7,-7,5,42
0,7,-7,6,49
0,7,-7,7,56
0,7,-7,8,0
0,7,-7,9,0
0,7,-7,10,0
0,7,-7,11,0
0,7,-7,12,0
0,7,-7,13,0
0,7,-7,14,0
0,7,-7,15,0
0,7,-7,16,0
0,7,-7,17,0
0,7,-7,18,0
0,7,-7,19,0
0,7,-7,20,0
0,7,-7,21,0
0,7,-7,22,0
0,7,-7,23,0
0,7,-7,24,0
0,7,-7,25,0
0,7,-7,26,0
0,7,-7,27,0
0,7,-7,28,0
0,7,-7,29,0
0,7,-7,30,0
0,7,-7,31,0
0,7,-7,32,0
0,7,-7,33,0
0,7,-7,34,0
0,7,-7,35,0
0,7,-7,36,0
0,7,-7,37,0
0,7,-7,38,0
0,7,-7,39,0
0,7,-7,40,0
0,7,-7,41,0
0,7,-7,42,0
0,7,-7,43,0
0,7,-7,44,0
0,7,-7,45,0
0,7,-7,46,0
0,7,-7,47,0
0,7,-7,48,0
0,7,-7,49,0
0,7,-7,50,0
0,7,-7,51,0
0,7,-7,52,0
0,7,-7,53,0
0,7,-7,54,0
0,7,-7,55,0
0,7,-7,56,0
0,7,-7,57,0
0,7,-7,58,0
0,7,-7,59,0
0,7,-7,60,0
0,7,-7,61,0
0,7,-7,62,0
0,7,-7,63,0
0,7,-7,64,0
0,7,-7,65,0
0,7,-7,66,0
0,7,-7,67,0
0,7,-7,68,0
0,7,-7,69,0
0,7,-7,70,0
0,7,-7,71,0
0,7,-7,72,0
0,7,-7,73,0
0,7,-7,74,0
0,7,-7,75,0
0,7,-7,76,0
0,7,-7,77,0
0,7,-7,78,0
0,7,-7,79,0
0,7,-7,80,0
0,7,-7,81,0
0,7,-7,82,0
0,7,-7,83,0
0,7,-7,84,0
0,7,-7,85,0
0,7,-7,86,0
0,7,-7,87,0
0,7,-7,88,0
0,7,-7,89,0
0,7,-7,90,0
0,7,-7,91,0
0,7,-7,92,0
0,7,-7,93,0
0,7,-7,94,0
0,7,-7,95,0
0,7,-7,96,0
0,7,-7,97,0
0,7,-7,98,0
0,7,-7,99,0
0,7,-7,100,0
0,7,-7,101,0
0,7,-7,102,0
0,7,-7,103,0
0,7,-7,104,0
0,7,-7,105,0
0,7,-7,106,0
0,7,-7,107,0
0,7,-7,108,0
0,7,-7,109,0
0,7,-7,110,0
0,7,-7,111,0
0,7,-6,0,7
0,7,-6,1,14
0,7,-6,2,21
0,7,-6,3,28
0,7,-6,4,35
0,7,-6,5,42
0,7,-6,6,49
0,7,-6,7,56
0,7,-6,8,0
0,7,-6,9,0
0,7,-6,10,0
0,7,-6,11,0
0,7,-6,12,0
0,7,-6,13,0
0,7,-6,14,0
0,7,-6,15,0
0,7,-6,16,0
0,7,-6,17,0
0,7,-6,18,0
0,7,-6,19,0
0,7,-6,20,0
0,7,-6,21,0
0,7,-6,22,0
0,7,-6,23,0
0,7,-6,24,0
0,7,-6,25,0
0,7,-6,26,0
0,7,-6,27,0
0,7,-6,28,0
0,7,-6,29,0
0,7,-6,30,0
0,7,-6,31,0
0,7,-6,32,0
0,7,-6,33,0
0,7,-6,34,0
0,7,-6,35,0
0,7,-6,36,0
0,7,-6,37,0
0,7,-6,38,0
0,7,-6,39,0
0,7,-6,40,0
0,7,-6,41,0
0,7,-6,42,0
0,7,-6,43,0
0,7,-6,44,0
0,7,-6,45,0
0,7,-6,46,0
0,7,-6,47,0
0,7,-6,48,0
0,7,-6,49,0
0,7,-6,50,0
0,7,-6,51,0
0,7,-6,52,0
0,7,-6,53,0
0,7,-6,54,0
0,7,-6,55,0
0,7,-6,56,0
0,7,-6,57,0
0,7,-6,58,0
0,7,-6,59,0
0,7,-6,60,0
0,7,-6,61,0
0,7,-6,62,0
0,7,-6,63,0
0,7,-6,64,0
0,7,-6,65,0
0,7,-6,66,0
0,7,-6,67,0
0,7,-6,68,0
0,7,-6,69,0
0,7,-6,70,0
0,7,-6,71,0
0,7,-6,72,0
0,7,-6,73,0
0,7,-6,74,0
0,7,-6,75,0
0,7,-6,76,0
0,7,-6,77,0
0,7,-6,78,0
0,7,-6,79,0
0,7,-6,80,0
0,7,-6,81,0
0,7,-6,82,0
0,7,-6,83,0
0,7,-6,84,0
0,7,-6,85,0
0,7,-6,86,0
0,7,-6,87,0
0,7,-6,88,0
0,7,-6,89,0
0,7,-6,90,0
0,7,-6,91,0
0,7,-6,92,0
0,7,-6,93,0
0,7,-6,94,0
0,7,-6,95,0
0,7,-6,96,0
0,7,-6,97,0
0,7,-6,98,0
0,7,-6,99,0
0,7,-6,100,0
0,7,-6,101,0
0,7,-6,102,0
0,7,-6,103,0
0,7,-6,104,0
0,7,-6,105,0
0,7,-6,106,0
0,7,-6,107,0
0,7,-6,108,0
0,7,-6,109,0
0,7,-6,110,0
0,7,-6,111,0
0,7,-5,0,7
0,7,-5,1,14
0,7,-5,2,21
0,7,-5,3,28
0,7,-5,4,35
0,7,-5,5,42
0,7,-5,6,49
0,7,-5,7,56
0,7,-5,8,0
0,7,-5,9,0
0,7,-5,10,0
0,7,-5,11,0
0,7,-5,12,0
0,7,-5,13,0
0,7,-5,14,0
0,7,-5,15,0
0,7,-5,16,0
0,7,-5,17,0
0,7,-5,18,0
0,7,-5,19,0
0,7,-5,20,0
0,7,-5,21,0
0,7,-5,22,0
0,7,-5,23,0
0,7,-5,24,0
0,7,-5,25,0
0,7,-5,26,0
0,7,-5,27,0
0,7,-5,28,0
0,7,-5,29,0
0,7,-5,30,0
0,7,-5,31,0
0,7,-5,32,0
0,7,-5,33,0
0,7,-5,34,0
0,7,-5,35,0
0,7,-5,36,0
0,7,-5,37,0
0,7,-5,38,0
0,7,-5,39,0
0,7,-5,40,0
0,7,-5,41,0
0,7,-5,42,0
0,7,-5,43,0
0,7,-5,44,0
0,7,-5,45,0
0,7,-5,46,0
0,7,-5,47,0
0,7,-5,48,0
0,7,-5,49,0
0,7,-5,50,0
0,7,-5,51,0
0,7,-5,52,0
0,7,-5,53,0
0,7,-5,54,0
0,7,-5,55,0
0,7,-5,56,0
0,7,-5,57,0
0,7,-5,58,0
0,7,-5,59,0
0,7,-5,60,0
0,7,-5,61,0
0,7,-5,62,0
0,7,-5,63,0
0,7,-5,64,0
0,7,-5,65,0
0,7,-5,66,0
0,7,-5,67,0
0,7,-5,68,0
0,7,-5,69,0
0,7,-5,70,0
0,7,-5,71,0
0,7,-5,72,0
0,7,-5,73,0
0,7,-5,74,0
0,7,-5,75,0
0,7,-5,76,0
0,7,-5,77,0
0,7,-5,78,0
0,7,-5,79,0
0,7,-5,80,0
0,7,-5,81,0
0,7,-5,82,0
0,7,-5,83,0
0,7,-5,84,0
0,7,-5,85,0
0,7,-5,86,0
0,7,-5,87,0
0,7,-5,88,0
0,7,-5,89,0
0,7,-5,90,0
0,7,-5,91,0
0,7,-5,92,0
0,7,-5,93,0
0,7,-5,94,0
0,7,-5,95,0
0,7,-5,96,0
0,7,-5,97,0
0,7,-5,98,0
0,7,-5,99,0
0,7,-5,100,0
0,7,-5,101,0
0,7,-5,102,0
0,7,-5,103,0
0,7,-5,104,0
0,7,-5,105,0
0,7,-5,106,0
0,7,-5,107,0
0,7,-5,108,0
0,7,-5,109,0
0,7,-5,110,0
0,7,-5,111,0
0,7,-4,0,7
0,7,-4,1,14
0,7,-4,2,21
0,7,-4,3,28
0,7,-4,4,35
0,7,-4,5,42
0,7,-4,6,49
0,7,-4,7,56
0,7,-4,8,0
0,7,-4,9,0
0,7,-4,10,0
0,7,-4,11,0
0,7,-4,12,0
0,7,-4,13,0
0,7,-4,14,0
0,7,-4,15,0
0,7,-4,16,0
0,7,-4,17,0
0,7,-4,18,0
0,7,-4,19,0
0,7,-4,20,0
0,7,-4,21,0
0,7,-4,22,0
0,7,-4,23,0
0,7,-4,24,0
0,7,-4,25,0
0,7,-4,26,0
0,7,-4,27,0
0,7,-4,28,0
0,7,-4,29,0
0,7,-4,30,0
0,7,-4,31,0
0,7,-4,32,0
0,7,-4,33,0
0,7,-4,34,0
0,7,-4,35,0
0,7,-4,36,0
0,7,-4,37,0
0,7,-4,38,0
0,7,-4,39,0
0,7,-4,40,0
0,7,-4,41,0
0,7,-4,42,0
0,7,-4,43,0
0,7,-4,44,0
0,7,-4,45,0
0,7,-4,46,0
0,7,-4,47,0
0,7,-4,48,0
0,7,-4,49,0
0,7,-4,50,0
0,7,-4,51,0
0,7,-4,52,0
0,7,-4,53,0
0,7,-4,54,0
0,7,-4,55,0
0,7,-4,56,0
0,7,-4,57,0
0,7,-4,58,0
0,7,-4,59,0
0,7,-4,60,0
0,7,-4,61,0
0,7,-4,62,0
0,7,-4,63,0
0,7,-4,64,0
0,7,-4,65,0
0,7,-4,66,0
0,7,-4,67,0
0,7,-4,68,0
0,7,-4,69,0
0,7,-4,70,0
0,7,-4,71,0
0,7,-4,72,0
0,7,-4,73,0
0,7,-4,74,0
0,7,-4,75,0
0,7,-4,76,0
0,7,-4,77,0
0,7,-4,78,0
0,7,-4,79,0
0,7,-4,80,0
0,7,-4,81,0
0,7,-4,82,0
0,7,-4,83,0
0,7,-4,84,0
0,7,-4,85,0
0,7,-4,86,0
0,7,-4,87,0
0,7,-4,88,0
0,7,-4,89,0
0,7,-4,90,0
0,7,-4,91,0
0,7,-4,92,0
0,7,-4,93,0
0,7,-4,94,0
0,7,-4,95,0
0,7,-4,96,0
0,7,-4,97,0
0,7,-4,98,0
0,7,-4,99,0
0,7,-4,100,0
0,7,-4,101,0
0,7,-4,102,0
0,7,-4,103,0
0,7,-4,104,0
0,7,-4,105,0
0,7,-4,106,0
0,7,-4,107,0
0,7,-4,108,0
0,7,-4,109,0
0,7,-4,110,0
0,7,-4,111,0
0,7,-3,0,7
0,7,-3,1,14
0,7,-3,2,21
0,7,-3,3,28
0,7,-3,4,35
0,7,-3,5,42
0,7,-3,6,49
0,7,-3,7,56
0,7,-3,8,0
0,7,-3,9,0
0,7,-3,10,0
0,7,-3,11,0
0,7,-3,12,0
0,7,-3,13,0
0,7,-3,14,0
0,7,-3,15,0
0,7,-3,16,0
0,7,-3,17,0
0,7,-3,18,0
0,7,-3,19,0
0,7,-3,20,0
0,7,-3,21,0
0,7,-3,22,0
0,7,-3,23,0
0,7,-3,24,0
0,7,-3,25,0
0,7,-3,26,0
0,7,-3,27,0
0,7,-3,28,0
0,7,-3,29,0
0,7,-3,30,0
0,7,-3,31,0
0,7,-3,32,0
0,7,-3,33,0
0,7,-3,34,0
0,7,-3,35,0
0,7,-3,36,0
0,7,-3,37,0
0,7,-3,38,0
0,7,-3,39,0
0,7,-3,40,0
0,7,-3,41,0
0,7,-3,42,0
0,7,-3,43,0
0,7,-3,44,0
0,7,-3,45,0
0,7,-3,46,0
0,7,-3,47,0
0,7,-3,48,0
0,7,-3,49,0
0,7,-3,50,0
0,7,-3,51,0
0,7,-3,52,0
0,7,-3,53,0
0,7,-3,54,0
0,7,-3,55,0
0,7,-3,56,0
0,7,-3,57,0
0,7,-3,58,0
0,7,-3,59,0
0,7,-3,60,0
0,7,-3,61,0
0,7,-3,62,0
0,7,-3,63,0
0,7,-3,64,0
0,7,-3,65,0
0,7,-3,66,0
0,7,-3,67,0
0,7,-3,68,0
0,7,-3,69,0
0,7,-3,70,0
0,7,-3,71,0
0,7,-3,72,0
0,7,-3,73,0
0,7,-3,74,0
0,7,-3,75,0
0,7,-3,76,0
0,7,-3,77,0
0,7,-3,78,0
0,7,-3,79,0
0,7,-3,80,0
0,7,-3,81,0
0,7,-3,82,0
0,7,-3,83,0
0,7,-3,84,0
0,7,-3,85,0
0,7,-3,86,0
0,7,-3,87,0
0,7,-3,88,0
0,7,-3,89,0
0,7,-3,90,0
0,7,-3,91,0
0,7,-3,92,0
0,7,-3,93,0
0,7,-3,94,0
0,7,-3,95,0
0,7,-3,96,0
0,7,-3,97,0
0,7,-3,98,0
0,7,-3,99,0
0,7,-3,100,0
0,7,-3,101,0
0,7,-3,102,0
0,7,-3,103,0
0,7,-3,104,0
0,7,-3,105,0
0,7,-3,106,0
0,7,-3,107,0
0,7,-3,108,0
0,7,-3,109,0
0,7,-3,110,0
0,7,-3,111,0
0,7,-2,0,7
0,7,-2,1,14
0,7,-2,2,21
0,7,-2,3,28
0,7,-2,4,35
0,7,-2,5,42
0,7,-2,6,49
0,7,-2,7,56
0,7,-2,8,0
0,7,-2,9,0
0,7,-2,10,0
0,7,-2,11,0
0,7,-2,12,0
0,7,-2,13,0
0,7,-2,14,0
0,7,-2,15,0
0,7,-2,16,0
0,7,-2,17,0
0,7,-2,18,0
0,7,-2,19,0
0,7,-2,20,0
0,7,-2,21,0
0,7,-2,22,0
0,7,-2,23,0
0,7,-2,24,0
0,7,-2,25,0
0,7,-2,26,0
0,7,-2,27,0
0,7,-2,28,0
0,7,-2,29,0
0,7,-2,30,0
0,7,-2,31,0
0,7,-2,32,0
0,7,-2,33,0
0,7,-2,34,0
0,7,-2,35,0
0,7,-2,36,0
0,7,-2,37,0
0,7,-2,38,0
0,7,-2,39,0
0,7,-2,40,0
0,7,-2,41,0
0,7,-2,42,0
0,7,-2,43,0
0,7,-2,44,0
0,7,-2,45,0
0,7,-2,46,0
0,7,-2,47,0
0,7,-2,48,0
0,7,-2,49,0
0,7,-2,50,0
0,7,-2,51,0
0,7,-2,52,0
0,7,-2,53,0
0,7,-2,54,0
0,7,-2,55,0
0,7,-2,56,0
0,7,-2,57,0
0,7,-2,58,0
0,7,-2,59,0
0,7,-2,60,0
0,7,-2,61,0
0,7,-2,62,0
0,7,-2,63,0
0,7,-2,64,0
0,7,-2,65,0
0,7,-2,66,0
0,7,-2,67,0
0,7,-2,68,0
0,7,-2,69,0
0,7,-2,70,0
0,7,-2,71,0
0,7,-2,72,0
0,7,-2,73,0
0,7,-2,74,0
0,7,-2,75,0
0,7,-2,76,0
0,7,-2,77,0
0,7,-2,78,0
0,7,-2,79,0
0,7,-2,80,0
0,7,-2,81,0
0,7,-2,82,0
0,7,-2,83,0
0,7,-2,84,0
0,7,-2,85,0
0,7,-2,86,0
0,7,-2,87,0
0,7,-2,88,0
0,7,-2,89,0
0,7,-2,90,0
0,7,-2,91,0
0,7,-2,92,0
0,7,-2,93,0
0,7,-2,94,0
0,7,-2,95,0
0,7,-2,96,0
0,7,-2,97,0
0,7,-2,98,0
0,7,-2,99,0
0,7,-2,100,0
0,7,-2,101,0
0,7,-2,102,0
0,7,-2,103,0
0,7,-2,104,0
0,7,-2,105,0
0,7,-2,106,0
0,7,-2,107,0
0,7,-2,108,0
0,7,-2,109,0
0,7,-2,110,0
0,7,-2,111,0
0,7,-1,0,7
0,7,-1,1,14
0,7,-1,2,21
0,7,-1,3,28
0,7,-1,4,35
0,7,-1,5,42
0,7,-1,6,49
0,7,-1,7,56
0,7,-1,8,0
0,7,-1,9,0
0,7,-1,10,0
0,7,-1,11,0
0,7,-1,12,0
0,7,-1,13,0
0,7,-1,14,0
0,7,-1,15,0
0,7,-1,16,0
0,7,-1,17,0
0,7,-1,18,0
0,7,-1,19,0
0,7,-1,20,0
0,7,-1,21,0
0,7,-1,22,0
0,7,-1,23,0
0,7,-1,24,0
0,7,-1,25,0
0,7,-1,26,0
0,7,-1,27,0
0,7,-1,28,0
0,7,-1,29,0
0,7,-1,30,0
0,7,-1,31,0
0,7,-1,32,0
0,7,-1,33,0
0,7,-1,34,0
0,7,-1,35,0
0,7,-1,36,0
0,7,-1,37,0
0,7,-1,38,0
0,7,-1,39,0
0,7,-1,40,0
0,7,-1,41,0
0,7,-1,42,0
0,7,-1,43,0
0,7,-1,44,0
0,7,-1,45,0
0,7,-1,46,0
0,7,-1,47,0
0,7,-1,48,0
0,7,-1,49,0
0,7,-1,50,0
0,7,-1,51,0
0,7,-1,52,0
0,7,-1,53,0
0,7,-1,54,0
0,7,-1,55,0
0,7,-1,56,0
0,7,-1,57,0
0,7,-1,58,0
0,7,-1,59,0
0,7,-1,60,0
0,7,-1,61,0
0,7,-1,62,0
0,7,-1,63,0
0,7,-1,64,0
0,7,-1,65,0
0,7,-1,66,0
0,7,-1,67,0
0,7,-1,68,0
0,7,-1,69,0
0,7,-1,70,0
0,7,-1,71,0
0,7,-1,72,0
0,7,-1,73,0
0,7,-1,74,0
0,7,-1,75,0
0,7,-1,76,0
0,7,-1,77,0
0,7,-1,78,0
0,7,-1,79,0
0,7,-1,80,0
0,7,-1,81,0
0,7,-1,82,0
0,7,-1,83,0
0,7,-1,84,0
0,7,-1,85,0
0,7,-1,86,0
0,7,-1,87,0
0,7,-1,88,0
0,7,-1,89,0
0,7,-1,90,0
0,7,-1,91,0
0,7,-1,92,0
0,7,-1,93,0
0,7,-1,94,0
0,7,-1,95,0
0,7,-1,96,0
0,7,-1,97,0
0,7,-1,98,0
0,7,-1,99,0
0,7,-1,100,0
0,7,-1,101,0
0,7,-1,102,0
0,7,-1,103,0
0,7,-1,104,0
0,7,-1,105,0
0,7,-1,106,0
0,7,-1,107,0
0,7,-1,108,0
0,7,-1,109,0
0,7,-1,110,0
0,7,-1,111,0
0,7,0,0,7
0,7,0,1,14
0,7,0,2,21
0,7,0,3,28
0,7,0,4,35
0,7,0,5,42
0,7,0,6,49
0,7,0,7,56
0,7,0,8,0
0,7,0,9,0
0,7,0,10,0
0,7,0,11,0
0,7,0,12,0
0,7,0,13,0
0,7,0,14,0
0,7,0,15,0
0,7,0,16,0
0,7,0,17,0
0,7,0,18,0
0,7,0,19,0
0,7,0,20,0
0,7,0,21,0
0,7,0,22,0
0,7,0,23,0
0,7,0,24,0
0,7,0,25,0
0,7,0,26,0
0,7,0,27,0
0,7,0,28,0
0,7,0,29,0
0,7,0,30,0
0,7,0,31,0
0,7,0,32,0
0,7,0,33,0
0,7,0,34,0
0,7,0,35,0
0,7,0,36,0
0,7,0,37,0
0,7,0,38,0
0,7,0,39,0
0,7,0,40,0
0,7,0,41,0
0,7,0,42,0
0,7,0,43,0
0,7,0,44,0
0,7,0,45,0
0,7,0,46,0
0,7,0,47,0
0,7,0,48,0
0,7,0,49,0
0,7,0,50,0
0,7,0,51,0
0,7,0,52,0
0,7,0,53,0
0,7,0,54,0
0,7,0,55,0
0,7,0,56,0
0,7,0,57,0
0,7,0,58,0
0,7,0,59,0
0,7,0,60,0
0,7,0,61,0
0,7,0,62,0
0,7,0,63,0
0,7,0,64,0
0,7,0,65,0
0,7,0,66,0
0,7,0,67,0
0,7,0,68,0
0,7,0,69,0
0,7,0,70,0
0,7,0,71,0
0,7,0,72,0
0,7,0,73,0
0,7,0,74,0
0,7,0,75,0
0,7,0,76,0
0,7,0,77,0
0,7,0,78,0
0,7,0,79,0
0,7,0,80,0
0,7,0,81,0
0,7,0,82,0
0,7,0,83,0
0,7,0,84,0
0,7,0,85,0
0,7,0,86,0
0,7,0,87,0
0,7,0,88,0
0,7,0,89,0
0,7,0,90,0
0,7,0,91,0
0,7,0,92,0
0,7,0,93,0
0,7,0,94,0
0,7,0,95,0
0,7,0,96,0
0,7,0,97,0
0,7,0,98,0
0,7,0,99,0
0,7,0,100,0
0,7,0,101,0
0,7,0,102,0
0,7,0,103,0
0,7,0,104,0
0,7,0,105,0
0,7,0,106,0
0,7,0,107,0
0,7,0,108,0
0,7,0,109,0
0,7,0,110,0
0,7,0,111,0
0,7,1,0,7
0,7,1,1,14
0,7,1,2,21
0,7,1,3,28
0,7,1,4,35
0,7,1,5,42
0,7,1,6,49
0,7,1,7,56
0,7,1,8,0
0,7,1,9,0
0,7,1,10,0
0,7,1,11,0
0,7,1,12,0
0,7,1,13,0
0,7,1,14,0
0,7,1,15,0
0,7,1,16,0
0,7,1,17,0
0,7,1,18,0
0,7,1,19,0
0,7,1,20,0
0,7,1,21,0
0,7,1,22,0
0,7,1,23,0
0,7,1,24,0
0,7,1,25,0
0,7,1,26,0
0,7,1,27,0
0,7,1,28,0
0,7,1,29,0
0,7,1,30,0
0,7,1,31,0
0,7,1,32,0
0,7,1,33,0
0,7,1,34,0
0,7,1,35,0
0,7,1,36,0
0,7,1,37,0
0,7,1,38,0
0,7,1,39,0
0,7,1,40,0
0,7,1,41,0
0,7,1,42,0
0,7,1,43,0
0,7,1,44,0
0,7,1,45,0
0,7,1,46,0
0,7,1,47,0
0,7,1,48,0
0,7,1,49,0
0,7,1,50,0
0,7,1,51,0
0,7,1,52,0
0,7,1,53,0
0,7,1,54,0
0,7,1,55,0
0,7,1,56,0
0,7,1,57,0
0,7,1,58,0
0,7,1,59,0
0,7,1,60,0
0,7,1,61,0
0,7,1,62,0
0,7,1,63,0
0,7,1,64,0
0,7,1,65,0
0,7,1,66,0
0,7,1,67,0
0,7,1,68,0
0,7,1,69,0
0,7,1,70,0
0,7,1,71,0
0,7,1,72,0
0,7,1,73,0
0,7,1,74,0
0,7,1,75,0
0,7,1,76,0
0,7,1,77,0
0,7,1,78,0
0,7,1,79,0
0,7,1,80,0
0,7,1,81,0
0,7,1,82,0
0,7,1,83,0
0,7,1,84,0
0,7,1,85,0
0,7,1,86,0
0,7,1,87,0
0,7,1,88,0
0,7,1,89,0
0,7,1,90,0
0,7,1,91,0
0,7,1,92,0
0,7,1,93,0
0,7,1,94,0
0,7,1,95,0
0,7,1,96,0
0,7,1,97,0
0,7,1,98,0
0,7,1,99,0
0,7,1,100,0
0,7,1,101,0
0,7,1,102,0
0,7,1,103,0
0,7,1,104,0
0,7,1,105,0
0,7,1,106,0
0,7,1,107,0
0,7,1,108,0
0,7,1,109,0
0,7,1,110,0
0,7,1,111,0
0,7,2,0,7
0,7,2,1,14
0,7,2,2,21
0,7,2,3,28
0,7,2,4,35
0,7,2,5,42
0,7,2,6,49
0,7,2,7,56
0,7,2,8,0
0,7,2,9,0
0,7,2,10,0
0,7,2,11,0
0,7,2,12,0
0,7,2,13,0
0,7,2,14,0
0,7,2,15,0
0,7,2,16,0
0,7,2,17,0
0,7,2,18,0
0,7,2,19,0
0,7,2,20,0
0,7,2,21,0
0,7,2,22,0
0,7,2,23,0
0,7,2,24,0
0,7,2,25,0
0,7,2,26,0
0,7,2,27,0
0,7,2,28,0
0,7,2,29,0
0,7,2,30,0
0,7,2,31,0
0,7,2,32,0
0,7,2,33,0
0,7,2,34,0
0,7,2,35,0
0,7,2,36,0
0,7,2,37,0
0,7,2,38,0
0,7,2,39,0
0,7,2,40,0
0,7,2,41,0
0,7,2,42,0
0,7,2,43,0
0,7,2,44,0
0,7,2,45,0
0,7,2,46,0
0,7,2,47,0
0,7,2,48,0
0,7,2,49,0
0,7,2,50,0
0,7,2,51,0
0,7,2,52,0
0,7,2,53,0
0,7,2,54,0
0,7,2,55,0
0,7,2,56,0
0,7,2,57,0
0,7,2,58,0
0,7,2,59,0
0,7,2,60,0
0,7,2,61,0
0,7,2,62,0
0,7,2,63,0
0,7,2,64,0
0,7,2,65,0
0,7,2,66,0
0,7,2,67,0
0,7,2,68,0
0,7,2,69,0
0,7,2,70,0
0,7,2,71,0
0,7,2,72,0
0,7,2,73,0
0,7,2,74,0
0,7,2,75,0
0,7,2,76,0
0,7,2,77,0
0,7,2,78,0
0,7,2,79,0
0,7,2,80,0
0,7,2,81,0
0,7,2,82,0
0,7,2,83,0
0,7,2,84,0
0,7,2,85,0
0,7,2,86,0
0,7,2,87,0
0,7,2,88,0
0,7,2,89,0
0,7,2,90,0
0,7,2,91,0
0,7,2,92,0
0,7,2,93,0
0,7,2,94,0
0,7,2,95,0
0,7,2,96,0
0,7,2,97,0
0,7,2,98,0
0,7,2,99,0
0,7,2,100,0
0,7,2,101,0
0,7,2,102,0
0,7,2,103,0
0,7,2,104,0
0,7,2,105,0
0,7,2,106,0
0,7,2,107,0
0,7,2,108,0
0,7,2,109,0
0,7,2,110,0
0,7,2,111,0
0,7,3,0,7
0,7,3,1,14
0,7,3,2,21
0,7,3,3,28
0,7,3,4,35
0,7,3,5,42
0,7,3,6,49
0,7,3,7,56
0,7,3,8,0
0,7,3,9,0
0,7,3,10,0
0,7,3,11,0
0,7,3,12,0
0,7,3,13,0
0,7,3,14,0
0,7,3,15,0
0,7,3,16,0
0,7,3,17,0
0,7,3,18,0
0,7,3,19,0
0,7,3,20,0
0,7,3,21,0
0,7,3,22,0
0,7,3,23,0
0,7,3,24,0
0,7,3,25,0
0,7,3,26,0
0,7,3,27,0
0,7,3,28,0
0,7,3,29,0
0,7,3,30,0
0,7,3,31,0
0,7,3,32,0
0,7,3,33,0
0,7,3,34,0
0,7,3,35,0
0,7,3,36,0
0,7,3,37,0
0,7,3,38,0
0,7,3,39,0
0,7,3,40,0
0,7,3,41,0
0,7,3,42,0
0,7,3,43,0
0,7,3,44,0
0,7,3,45,0
0,7,3,46,0
0,7,3,47,0
0,7,3,48,0
0,7,3,49,0
0,7,3,50,0
0,7,3,51,0
0,7,3,52,0
0,7,3,53,0
0,7,3,54,0
0,7,3,55,0
0,7,3,56,0
0,7,3,57,0
0,7,3,58,0
0,7,3,59,0
0,7,3,60,0
0,7,3,61,0
0,7,3,62,0
0,7,3,63,0
0,7,3,64,0
0,7,3,65,0
0,7,3,66,0
0,7,3,67,0
0,7,3,68,0
0,7,3,69,0
0,7,3,70,0
0,7,3,71,0
0,7,3,72,0
0,7,3,73,0
0,7,3,74,0
0,7,3,75,0
0,7,3,76,0
0,7,3,77,0
0,7,3,78,0
0,7,3,79,0
0,7,3,80,0
0,7,3,81,0
0,7,3,82,0
0,7,3,83,0
0,7,3,84,0
0,7,3,85,0
0,7,3,86,0
0,7,3,87,0
0,7,3,88,0
0,7,3,89,0
0,7,3,90,0
0,7,3,91,0
0,7,3,92,0
0,7,3,93,0
0,7,3,94,0
0,7,3,95,0
0,7,3,96,0
0,7,3,97,0
0,7,3,98,0
0,7,3,99,0
0,7,3,100,0
0,7,3,101,0
0,7,3,102,0
0,7,3,103,0
0,7,3,104,0
0,7,3,105,0
0,7,3,106,0
0,7,3,107,0
0,7,3,108,0
0,7,3,109,0
0,7,3,110,0
0,7,3,111,0
0,7,4,0,7
0,7,4,1,14
0,7,4,2,21
0,7,4,3,28
0,7,4,4,35
0,7,4,5,42
0,7,4,6,49
0,7,4,7,56
0,7,4,8,0
0,7,4,9,0
0,7,4,10,0
0,7,4,11,0
0,7,4,12,0
0,7,4,13,0
0,7,4,14,0
0,7,4,15,0
0,7,4,16,0
0,7,4,17,0
0,7,4,18,0
0,7,4,19,0
0,7,4,20,0
0,7,4,21,0
0,7,4,22,0
0,7,4,23,0
0,7,4,24,0
0,7,4,25,0
0,7,4,26,0
0,7,4,27,0
0,7,4,28,0
0,7,4,29,0
0,7,4,30,0
0,7,4,31,0
0,7,4,32,0
0,7,4,33,0
0,7,4,34,0
0,7,4,35,0
0,7,4,36,0
0,7,4,37,0
0,7,4,38,0
0,7,4,39,0
0,7,4,40,0
0,7,4,41,0
0,7,4,42,0
0,7,4,43,0
0,7,4,44,0
0,7,4,45,0
0,7,4,46,0
0,7,4,47,0
0,7,4,48,0
0,7,4,49,0
0,7,4,50,0
0,7,4,51,0
0,7,4,52,0
0,7,4,53,0
0,7,4,54,0
0,7,4,55,0
0,7,4,56,0
0,7,4,57,0
0,7,4,58,0
0,7,4,59,0
0,7,4,60,0
0,7,4,61,0
0,7,4,62,0
0,7,4,63,0
0,7,4,64,0
0,7,4,65,0
0,7,4,66,0
0,7,4,67,0
0,7,4,68,0
0,7,4,69,0
0,7,4,70,0
0,7,4,71,0
0,7,4,72,0
0,7,4,73,0
0,7,4,74,0
0,7,4,75,0
0,7,4,76,0
0,7,4,77,0
0,7,4,78,0
0,7,4,79,0
0,7,4,80,0
0,7,4,81,0
0,7,4,82,0
0,7,4,83,0
0,7,4,84,0
0,7,4,85,0
0,7,4,86,0
0,7,4,87,0
0,7,4,88,0
0,7,4,89,0
0,7,4,90,0
0,7,4,91,0
0,7,4,92,0
0,7,4,93,0
0,7,4,94,0
0,7,4,95,0
0,7,4,96,0
0,7,4,97,0
0,7,4,98,0
0,7,4,99,0
0,7,4,100,0
0,7,4,101,0
0,7,4,102,0
0,7,4,103,0
0,7,4,104,0
0,7,4,105,0
0,7,4,106,0
0,7,4,107,0
0,7,4,108,0
0,7,4,109,0
0,7,4,110,0
0,7,4,111,0
0,7,5,0,7
0,7,5,1,14
0,7,5,2,21
0,7,5,3,28
0,7,5,4,35
0,7,5,5,42
0,7,5,6,49
0,7,5,7,56
0,7,5,8,0
0,7,5,9,0
0,7,5,10,0
0,7,5,11,0
0,7,5,12,0
0,7,5,13,0
0,7,5,14,0
0,7,5,15,0
0,7,5,16,0
0,7,5,17,0
0,7,5,18,0
0,7,5,19,0
0,7,5,20,0
0,7,5,21,0
0,7,5,22,0
0,7,5,23,0
0,7,5,24,0
0,7,5,25,0
0,7,5,26,0
0,7,5,27,0
0,7,5,28,0
0,7,5,29,0
0,7,5,30,0
0,7,5,31,0
0,7,5,32,0
0,7,5,33,0
0,7,5,34,0
0,7,5,35,0
0,7,5,36,0
0,7,5,37,0
0,7,5,38,0
0,7,5,39,0
0,7,5,40,0
0,7,5,41,0
0,7,5,42,0
0,7,5,43,0
0,7,5,44,0
0,7,5,45,0
0,7,5,46,0
0,7,5,47,0
0,7,5,48,0
0,7,5,49,0
0,7,5,50,0
0,7,5,51,0
0,7,5,52,0
0,7,5,53,0
0,7,5,54,0
0,7,5,55,0
0,7,5,56,0
0,7,5,57,0
0,7,5,58,0
0,7,5,59,0
0,7,5,60,0
0,7,5,61,0
0,7,5,62,0
0,7,5,63,0
0,7,5,64,0
0,7,5,65,0
0,7,5,66,0
0,7,5,67,0
0,7,5,68,0
0,7,5,69,0
0,7,5,70,0
0,7,5,71,0
0,7,5,72,0
0,7,5,73,0
0,7,5,74,0
0,7,5,75,0
0,7,5,76,0
0,7,5,77,0
0,7,5,78,0
0,7,5,79,0
0,7,5,80,0
0,7,5,81,0
0,7,5,82,0
0,7,5,83,0
0,7,5,84,0
0,7,5,85,0
0,7,5,86,0
0,7,5,87,0
0,7,5,88,0
0,7,5,89,0
0,7,5,90,0
0,7,5,91,0
0,7,5,92,0
0,7,5,93,0
0,7,5,94,0
0,7,5,95,0
0,7,5,96,0
0,7,5,97,0
0,7,5,98,0
0,7,5,99,0
0,7,5,100,0
0,7,5,101,0
0,7,5,102,0
0,7,5,103,0
0,7,5,104,0
0,7,5,105,0
0,7,5,106,0
0,7,5,107,0
0,7,5,108,0
0,7,5,109,0
0,7,5,110,0
0,7,5,111,0
0,7,6,0,7
0,7,6,1,14
0,7,6,2,21
0,7,6,3,28
0,7,6,4,35
0,7,6,5,42
0,7,6,6,49
0,7,6,7,56
0,7,6,8,0
0,7,6,9,0
0,7,6,10,0
0,7,6,11,0
0,7,6,12,0
0,7,6,13,0
0,7,6,14,0
0,7,6,15,0
0,7,6,16,0
0,7,6,17,0
0,7,6,18,0
0,7,6,19,0
0,7,6,20,0
0,7,6,21,0
0,7,6,22,0
0,7,6,23,0
0,7,6,24,0
0,7,6,25,0
0,7,6,26,0
0,7,6,27,0
0,7,6,28,0
0,7,6,29,0
0,7,6,30,0
0,7,6,31,0
0,7,6,32,0
0,7,6,33,0
0,7,6,34,0
0,7,6,35,0
0,7,6,36,0
0,7,6,37,0
0,7,6,38,0
0,7,6,39,0
0,7,6,40,0
0,7,6,41,0
0,7,6,42,0
0,7,6,43,0
0,7,6,44,0
0,7,6,45,0
0,7,6,46,0
0,7,6,47,0
0,7,6,48,0
0,7,6,49,0
0,7,6,50,0
0,7,6,51,0
0,7,6,52,0
0,7,6,53,0
0,7,6,54,0
0,7,6,55,0
0,7,6,56,0
0,7,6,57,0
0,7,6,58,0
0,7,6,59,0
0,7,6,60,0
0,7,6,61,0
0,7,6,62,0
0,7,6,63,0
0,7,6,64,0
0,7,6,65,0
0,7,6,66,0
0,7,6,67,0
0,7,6,68,0
0,7,6,69,0
0,7,6,70,0
0,7,6,71,0
0,7,6,72,0
0,7,6,73,0
0,7,6,74,0
0,7,6,75,0
0,7,6,76,0
0,7,6,77,0
0,7,6,78,0
0,7,6,79,0
0,7,6,80,0
0,7,6,81,0
0,7,6,82,0
0,7,6,83,0
0,7,6,84,0
0,7,6,85,0
0,7,6,86,0
0,7,6,87,0
0,7,6,88,0
0,7,6,89,0
0,7,6,90,0
0,7,6,91,0
0,7,6,92,0
0,7,6,93,0
0,7,6,94,0
0,7,6,95,0
0,7,6,96,0
0,7,6,97,0
0,7,6,98,0
0,7,6,99,0
0,7,6,100,0
0,7,6,101,0
0,7,6,102,0
0,7,6,103,0
0,7,6,104,0
0,7,6,105,0
0,7,6,106,0
0,7,6,107,0
0,7,6,108,0
0,7,6,109,0
0,7,6,110,0
0,7,6,111,0
0,7,7,0,7
0,7,7,1,14
0,7,7,2,21
0,7,7,3,28
0,7,7,4,35
0,7,7,5,42
0,7,7,6,49
0,7,7,7,56
0,7,7,8,0
0,7,7,9,0
0,7,7,10,0
0,7,7,11,0
0,7,7,12,0
0,7,7,13,0
0,7,7,14,0
0,7,7,15,0
0,7,7,16,0
0,7,7,17,0
0,7,7,18,0
0,7,7,19,0
0,7,7,20,0
0,7,7,21,0
0,7,7,22,0
0,7,7,23,0
0,7,7,24,0
0,7,7,25,0
0,7,7,26,0
0,7,7,27,0
0,7,7,28,0
0,7,7,29,0
0,7,7,30,0
0,7,7,31,0
0,7,7,32,0
0,7,7,33,0
0,7,7,34,0
0,7,7,35,0
0,7,7,36,0
0,7,7,37,0
0,7,7,38,0
0,7,7,39,0
0,7,7,40,0
0,7,7,41,0
0,7,7,42,0
0,7,7,43,0
0,7,7,44,0
0,7,7,45,0
0,7,7,46,0
0,7,7,47,0
0,7,7,48,0
0,7,7,49,0
0,7,7,50,0
0,7,7,51,0
0,7,7,52,0
0,7,7,53,0
0,7,7,54,0
0,7,7,55,0
0,7,7,56,0
0,7,7,57,0
0,7,7,58,0
0,7,7,59,0
0,7,7,60,0
0,7,7,61,0
0,7,7,62,0
0,7,7,63,0
0,7,7,64,0
0,7,7,65,0
0,7,7,66,0
0,7,7,67,0
0,7,7,68,0
0,7,7,69,0
0,7,7,70,0
0,7,7,71,0
0,7,7,72,0
0,7,7,73,0
0,7,7,74,0
0,7,7,75,0
0,7,7,76,0
0,7,7,77,0
0,7,7,78,0
0,7,7,79,0
0,7,7,80,0
0,7,7,81,0
0,7,7,82,0
0,7,7,83,0
0,7,7,84,0
0,7,7,85,0
0,7,7,86,0
0,7,7,87,0
0,7,7,88,0
0,7,7,89,0
0,7,7,90,0
0,7,7,91,0
0,7,7,92,0
0,7,7,93,0
0,7,7,94,0
0,7,7,95,0
0,7,7,96,0
0,7,7,97,0
0,7,7,98,0
0,7,7,99,0
0,7,7,100,0
0,7,7,101,0
0,7,7,102,0
0,7,7,103,0
0,7,7,104,0
0,7,7,105,0
0,7,7,106,0
0,7,7,107,0
0,7,7,108,0
0,7,7,109,0
0,7,7,110,0
0,7,7,111,0
1,-8,-8,0,-16
1,-8,-8,1,-24
1,-8,-8,2,-32
1,-8,-8,3,-40
1,-8,-8,4,-48
1,-8,-8,5,-56
1,-8,-8,6,-64
1,-8,-8,7,0
1,-8,-8,8,8
1,-8,-8,9,16
1,-8,-8,10,24
1,-8,-8,11,32
1,-8,-8,12,40
1,-8,-8,13,48
1,-8,-8,14,-24
1,-8,-8,15,-32
1,-8,-8,16,-40
1,-8,-8,17,-48
1,-8,-8,18,-56
1,-8,-8,19,-64
1,-8,-8,20,-72
1,-8,-8,21,-8
1,-8,-8,22,0
1,-8,-8,23,8
1,-8,-8,24,16
1,-8,-8,25,24
1,-8,-8,26,32
1,-8,-8,27,40
1,-8,-8,28,-32
1,-8,-8,29,-40
1,-8,-8,30,-48
1,-8,-8,31,-56
1,-8,-8,32,-64
1,-8,-8,33,-72
1,-8,-8,34,-80
1,-8,-8,35,-16
1,-8,-8,36,-8
1,-8,-8,37,0
1,-8,-8,38,8
1,-8,-8,39,16
1,-8,-8,40,24
1,-8,-8,41,32
1,-8,-8,42,-40
1,-8,-8,43,-48
1,-8,-8,44,-56
1,-8,-8,45,-64
1,-8,-8,46,-72
1,-8,-8,47,-80
1,-8,-8,48,-88
1,-8,-8,49,-24
1,-8,-8,50,-16
1,-8,-8,51,-8
1,-8,-8,52,0
1,-8,-8,53,8
1,-8,-8,54,16
1,-8,-8,55,24
1,-8,-8,56,-48
1,-8,-8,57,-56
1,-8,-8,58,-64
1,-8,-8,59,-72
1,-8,-8,60,-80
1,-8,-8,61,-88
1,-8,-8,62,-96
1,-8,-8,63,-32
1,-8,-8,64,-24
1,-8,-8,65,-16
1,-8,-8,66,-8
1,-8,-8,67,0
1,-8,-8,68,8
1,-8,-8,69,16
1,-8,-8,70,-56
1,-8,-8,71,-64
1,-8,-8,72,-72
1,-8,-8,73,-80
1,-8,-8,74,-88
1,-8,-8,75,-96
1,-8,-8,76,-104
1,-8,-8,77,-40
1,-8,-8,78,-32
1,-8,-8,79,-24
1,-8,-8,80,-16
1,-8,-8,81,-8
1,-8,-8,82,0
1,-8,-8,83,8
1,-8,-8,84,-64
1,-8,-8,85,-72
1,-8,-8,86,-80
1,-8,-8,87,-88
1,-8,-8,88,-96
1,-8,-8,89,-104
1,-8,-8,90,-112
1,-8,-8,91,-48
1,-8,-8,92,-40
1,-8,-8,93,-32
1,-8,-8,94,-24
1,-8,-8,95,-16
1,-8,-8,96,-8
1,-8,-8,97,0
1,-8,-8,98,-72
1,-8,-8,99,-80
1,-8,-8,100,-88
1,-8,-8,101,-96
1,-8,-8,102,-104
1,-8,-8,103,-112
1,-8,-8,104,-120
1,-8,-8,105,-56
1,-8,-8,106,-48
1,-8,-8,107,-40
1,-8,-8,108,-32
1,-8,-8,109,-24
1,-8,-8,110,-16
1,-8,-8,111,-8
1,-8,-7,0,-15
1,-8,-7,1,-22
1,-8,-7,2,-29
1,-8,-7,3,-36
1,-8,-7,4,-43
1,-8,-7,5,-50
1,-8,-7,6,-57
1,-8,-7,7,-1
1,-8,-7,8,6
1,-8,-7,9,13
1,-8,-7,10,20
1,-8,-7,11,27
1,-8,-7,12,34
1,-8,-7,13,41
1,-8,-7,14,-23
1,-8,-7,15,-30
1,-8,-7,16,-37
1,-8,-7,17,-44
1,-8,-7,18,-51
1,-8,-7,19,-58
1,-8,-7,20,-65
1,-8,-7,21,-9
1,-8,-7,22,-2
1,-8,-7,23,5
1,-8,-7,24,12
1,-8,-7,25,19
1,-8,-7,26,26
1,-8,-7,27,33
1,-8,-7,28,-31
1,-8,-7,29,-38
1,-8,-7,30,-45
1,-8,-7,31,-52
1,-8,-7,32,-59
1,-8,-7,33,-66
1,-8,-7,34,-73
1,-8,-7,35,-17
1,-8,-7,36,-10
1,-8,-7,37,-3
1,-8,-7,38,4
1,-8,-7,39,11
1,-8,-7,40,18
1,-8,-7,41,25
1,-8,-7,42,-39
1,-8,-7,43,-46
1,-8,-7,44,-53
1,-8,-7,45,-60
1,-8,-7,46,-67
1,-8,-7,47,-74
1,-8,-7,48,-81
1,-8,-7,49,-25
1,-8,-7,50,-18
1,-8,-7,51,-11
1,-8,-7,52,-4
1,-8,-7,53,3
1,-8,-7,54,10
1,-8,-7,55,17
1,-8,-7,56,-47
1,-8,-7,57,-54
1,-8,-7,58,-61
1,-8,-7,59,-68
1,-8,-7,60,-75
1,-8,-7,61,-82
1,-8,-7,62,-89
1,-8,-7,63,-33
1,-8,-7,64,-26
1,-8,-7,65,-19
1,-8,-7,66,-12
1,-8,-7,67,-5
1,-8,-7,68,2
1,-8,-7,69,9
1,-8,-7,70,-55
1,-8,-7,71,-62
1,-8,-7,72,-69
1,-8,-7,73,-76
1,-8,-7,74,-83
1,-8,-7,75,-90
1,-8,-7,76,-97
1,-8,-7,77,-41
1,-8,-7,78,-34
1,-8,-7,79,-27
1,-8,-7,80,-20
1,-8,-7,81,-13
1,-8,-7,82,-6
1,-8,-7,83,1
1,-8,-7,84,-63
1,-8,-7,85,-70
1,-8,-7,86,-77
1,-8,-7,87,-84
1,-8,-7,88,-91
1,-8,-7,89,-98
1,-8,-7,90,-105
1,-8,-7,91,-49
1,-8,-7,92,-42
1,-8,-7,93,-35
1,-8,-7,94,-28
1,-8,-7,95,-21
1,-8,-7,96,-14
1,-8,-7,97,-7
1,-8,-7,98,-71
1,-8,-7,99,-78
1,-8,-7,100,-85
1,-8,-7,101,-92
1,-8,-7,102,-99
1,-8,-7,103,-106
1,-8,-7,104,-113
1,-8,-7,105,-57
1,-8,-7,106,-50
1,-8,-7,107,-43
1,-8,-7,108,-36
1,-8,-7,109,-29
1,-8,-7,110,-22
1,-8,-7,111,-15
1,-8,-6,0,-14
1,-8,-6,1,-20
1,-8,-6,2,-26
1,-8,-6,3,-32
1,-8,-6,4,-38
1,-8,-6,5,-44
1,-8,-6,6,-50
1,-8,-6,7,-2
1,-8,-6,8,4
1,-8,-6,9,10
1,-8,-6,10,16
1,-8,-6,11,22
1,-8,-6,12,28
1,-8,-6,13,34
1,-8,-6,14,-22
1,-8,-6,15,-28
1,-8,-6,16,-34
1,-8,-6,17,-40
1,-8,-6,18,-46
1,-8,-6,19,-52
1,-8,-6,20,-58
1,-8,-6,21,-10
1,-8,-6,22,-4
1,-8,-6,23,2
1,-8,-6,24,8
1,-8,-6,25,14
1,-8,-6,26,20
1,-8,-6,27,26
1,-8,-6,28,-30
1,-8,-6,29,-36
1,-8,-6,30,-42
1,-8,-6,31,-48
1,-8,-6,32,-54
1,-8,-6,33,-60
1,-8,-6,34,-66
1,-8,-6,35,-18
1,-8,-6,36,-12
1,-8,-6,37,-6
1,-8,-6,38,0
1,-8,-6,39,6
1,-8,-6,40,12
1,-8,-6,41,18
1,-8,-6,42,-38
1,-8,-6,43,-44
1,-8,-6,44,-50
1,-8,-6,45,-56
1,-8,-6,46,-62
1,-8,-6,47,-68
1,-8,-6,48,-74
1,-8,-6,49,-26
1,-8,-6,50,-20
1,-8,-6,51,-14
1,-8,-6,52,-8
1,-8,-6,53,-2
1,-8,-6,54,4
1,-8,-6,55,10
1,-8,-6,56,-46
1,-8,-6,57,-52
1,-8,-6,58,-58
1,-8,-6,59,-64
1,-8,-6,60,-70
1,-8,-6,61,-76
1,-8,-6,62,-82
1,-8,-6,63,-34
1,-8,-6,64,-28
1,-8,-6,65,-22
1,-8,-6,66,-16
1,-8,-6,67,-10
1,-8,-6,68,-4
1,-8,-6,69,2
1,-8,-6,70,-54
1,-8,-6,71,-60
1,-8,-6,72,-66
1,-8,-6,73,-72
1,-8,-6,74,-78
1,-8,-6,75,-84
1,-8,-6,76,-90
1,-8,-6,77,-42
1,-8,-6,78,-36
1,-8,-6,79,-30
1,-8,-6,80,-24
1,-8,-6,81,-18
1,-8,-6,82,-12
1,-8,-6,83,-6
1,-8,-6,84,-62
1,-8,-6,85,-68
1,-8,-6,86,-74
1,-8,-6,87,-80
1,-8,-6,88,-86
1,-8,-6,89,-92
1,-8,-6,90,-98
1,-8,-6,91,-50
1,-8,-6,92,-44
1,-8,-6,93,-38
1,-8,-6,94,-32
1,-8,-6,95,-26
1,-8,-6,96,-20
1,-8,-6,97,-14
1,-8,-6,98,-70
1,-8,-6,99,-76
1,-8,-6,100,-82
1,-8,-6,101,-88
1,-8,-6,102,-94
1,-8,-6,103,-100
1,-8,-6,104,-106
1,-8,-6,105,-58
1,-8,-6,106,-52
1,-8,-6,107,-46
1,-8,-6,108,-40
1,-8,-6,109,-34
1,-8,-6,110,-28
1,-8,-6,111,-22
1,-8,-5,0,-13
1,-8,-5,1,-18
1,-8,-5,2,-23
1,-8,-5,3,-28
1,-8,-5,4,-33
1,-8,-5,5,-38
1,-8,-5,6,-43
1,-8,-5,7,-3
1,-8,-5,8,2
1,-8,-5,9,7
1,-8,-5,10,12
1,-8,-5,11,17
1,-8,-5,12,22
1,-8,-5,13,27
1,-8,-5,14,-21
1,-8,-5,15,-26
1,-8,-5,16,-31
1,-8,-5,17,-36
1,-8,-5,18,-41
1,-8,-5,19,-46
1,-8,-5,20,-51
1,-8,-5,21,-11
1,-8,-5,22,-6
1,-8,-5,23,-1
1,-8,-5,24,4
1,-8,-5,25,9
1,-8,-5,26,14
1,-8,-5,27,19
1,-8,-5,28,-29
1,-8,-5,29,-34
1,-8,-5,30,-39
1,-8,-5,31,-44
1,-8,-5,32,-49
1,-8,-5,33,-54
1,-8,-5,34,-59
1,-8,-5,35,-19
1,-8,-5,36,-14
1,-8,-5,37,-9
1,-8,-5,38,-4
1,-8,-5,39,1
1,-8,-5,40,6
1,-8,-5,41,11
1,-8,-5,42,-37
1,-8,-5,43,-42
1,-8,-5,44,-47
1,-8,-5,45,-52
1,-8,-5,46,-57
1,-8,-5,47,-62
1,-8,-5,48,-67
1,-8,-5,49,-27
1,-8,-5,50,-22
1,-8,-5,51,-17
1,-8,-5,52,-12
1,-8,-5,53,-7
1,-8,-5,54,-2
1,-8,-5,55,3
1,-8,-5,56,-45
1,-8,-5,57,-50
1,-8,-5,58,-55
1,-8,-5,59,-60
1,-8,-5,60,-65
1,-8,-5,61,-70
1,-8,-5,62,-75
1,-8,-5,63,-35
1,-8,-5,64,-30
1,-8,-5,65,-25
1,-8,-5,66,-20
1,-8,-5,67,-15
1,-8,-5,68,-10
1,-8,-5,69,-5
1,-8,-5,70,-53
1,-8,-5,71,-58
1,-8,-5,72,-63
1,-8,-5,73,-68
1,-8,-5,74,-73
1,-8,-5,75,-78
1,-8,-5,76,-83
1,-8,-5,77,-43
1,-8,-5,78,-38
1,-8,-5,79,-33
1,-8,-5,80,-28
1,-8,-5,81,-23
1,-8,-5,82,-18
1,-8,-5,83,-13
1,-8,-5,84,-61
1,-8,-5,85,-66
1,-8,-5,86,-71
1,-8,-5,87,-76
1,-8,-5,88,-81
1,-8,-5,89,-86
1,-8,-5,90,-91
1,-8,-5,91,-51
1,-8,-5,92,-46
1,-8,-5,93,-41
1,-8,-5,94,-36
1,-8,-5,95,-31
1,-8,-5,96,-26
1,-8,-5,97,-21
1,-8,-5,98,-69
1,-8,-5,99,-74
1,-8,-5,100,-79
1,-8,-5,101,-84
1,-8,-5,102,-89
1,-8,-5,103,-94
1,-8,-5,104,-99
1,-8,-5,105,-59
1,-8,-5,106,-54
1,-8,-5,107,-49
1,-8,-5,108,-44
1,-8,-5,109,-39
1,-8,-5,110,-34
1,-8,-5,111,-29
1,-8,-4,0,-12
1,-8,-4,1,-16
1,-8,-4,2,-20
1,-8,-4,3,-24
1,-8,-4,4,-28
1,-8,-4,5,-32
1,-8,-4,6,-36
1,-8,-4,7,-4
1,-8,-4,8,0
1,-8,-4,9,4
1,-8,-4,10,8
1,-8,-4,11,12
1,-8,-4,12,16
1,-8,-4,13,20
1,-8,-4,14,-20
1,-8,-4,15,-24
1,-8,-4,16,-28
1,-8,-4,17,-32
1,-8,-4,18,-36
1,-8,-4,19,-40
1,-8,-4,20,-44
1,-8,-4,21,-12
1,-8,-4,22,-8
1,-8,-4,23,-4
1,-8,-4,24,0
1,-8,-4,25,4
1,-8,-4,26,8
1,-8,-4,27,12
1,-8,-4,28,-28
1,-8,-4,29,-32
1,-8,-4,30,-36
1,-8,-4,31,-40
1,-8,-4,32,-44
1,-8,-4,33,-48
1,-8,-4,34,-52
1,-8,-4,35,-20
1,-8,-4,36,-16
1,-8,-4,37,-12
1,-8,-4,38,-8
1,-8,-4,39,-4
1,-8,-4,40,0
1,-8,-4,41,4
1,-8,-4,42,-36
1,-8,-4,43,-40
1,-8,-4,44,-44
1,-8,-4,45,-48
1,-8,-4,46,-52
1,-8,-4,47,-56
1,-8,-4,48,-60
1,-8,-4,49,-28
1,-8,-4,50,-24
1,-8,-4,51,-20
1,-8,-4,52,-16
1,-8,-4,53,-12
1,-8,-4,54,-8
1,-8,-4,55,-4
1,-8,-4,56,-44
1,-8,-4,57,-48
1,-8,-4,58,-52
1,-8,-4,59,-56
1,-8,-4,60,-60
1,-8,-4,61,-64
1,-8,-4,62,-68
1,-8,-4,63,-36
1,-8,-4,64,-32
1,-8,-4,65,-28
1,-8,-4,66,-24
1,-8,-4,67,-20
1,-8,-4,68,-16
1,-8,-4,69,-12
1,-8,-4,70,-52
1,-8,-4,71,-56
1,-8,-4,72,-60
1,-8,-4,73,-64
1,-8,-4,74,-68
1,-8,-4,75,-72
1,-8,-4,76,-76
1,-8,-4,77,-44
1,-8,-4,78,-40
1,-8,-4,79,-36
1,-8,-4,80,-32
1,-8,-4,81,-28
1,-8,-4,82,-24
1,-8,-4,83,-20
1,-8,-4,84,-60
1,-8,-4,85,-64
1,-8,-4,86,-68
1,-8,-4,87,-72
1,-8,-4,88,-76
1,-8,-4,89,-80
1,-8,-4,90,-84
1,-8,-4,91,-52
1,-8,-4,92,-48
1,-8,-4,93,-44
1,-8,-4,94,-40
1,-8,-4,95,-36
1,-8,-4,96,-32
1,-8,-4,97,-28
1,-8,-4,98,-68
1,-8,-4,99,-72
1,-8,-4,100,-76
1,-8,-4,101,-80
1,-8,-4,102,-84
1,-8,-4,103,-88
1,-8,-4,104,-92
1,-8,-4,105,-60
1,-8,-4,106,-56
1,-8,-4,107,-52
1,-8,-4,108,-48
1,-8,-4,109,-44
1,-8,-4,110,-40
1,-8,-4,111,-36
1,-8,-3,0,-11
1,-8,-3,1,-14
1,-8,-3,2,-17
1,-8,-3,3,-20
1,-8,-3,4,-23
1,-8,-3,5,-26
1,-8,-3,6,-29
1,-8,-3,7,-5
1,-8,-3,8,-2
1,-8,-3,9,1
1,-8,-3,10,4
1,-8,-3,11,7
1,-8,-3,12,10
1,-8,-3,13,13
1,-8,-3,14,-19
1,-8,-3,15,-22
1,-8,-3,16,-25
1,-8,-3,17,-28
1,-8,-3,18,-31
1,-8,-3,19,-34
1,-8,-3,20,-37
1,-8,-3,21,-13
1,-8,-3,22,-10
1,-8,-3,23,-7
1,-8,-3,24,-4
1,-8,-3,25,-1
1,-8,-3,26,2
1,-8,-3,27,5
1,-8,-3,28,-27
1,-8,-3,29,-30
1,-8,-3,30,-33
1,-8,-3,31,-36
1,-8,-3,32,-39
1,-8,-3,33,-42
1,-8,-3,34,-45
1,-8,-3,35,-21
1,-8,-3,36,-18
1,-8,-3,37,-15
1,-8,-3,38,-12
1,-8,-3,39,-9
1,-8,-3,40,-6
1,-8,-3,41,-3
1,-8,-3,42,-35
1,-8,-3,43,-38
1,-8,-3,44,-41
1,-8,-3,45,-44
1,-8,-3,46,-47
1,-8,-3,47,-50
1,-8,-3,48,-53
1,-8,-3,49,-29
1,-8,-3,50,-26
1,-8,-3,51,-23
1,-8,-3,52,-20
1,-8,-3,53,-17
1,-8,-3,54,-14
1,-8,-3,55,-11
1,-8,-3,56,-43
1,-8,-3,57,-46
1,-8,-3,58,-49
1,-8,-3,59,-52
1,-8,-3,60,-55
1,-8,-3,61,-58
1,-8,-3,62,-61
1,-8,-3,63,-37
1,-8,-3,64,-34
1,-8,-3,65,-31
1,-8,-3,66,-28
1,-8,-3,67,-25
1,-8,-3,68,-22
1,-8,-3,69,-19
1,-8,-3,70,-51
1,-8,-3,71,-54
1,-8,-3,72,-57
1,-8,-3,73,-60
1,-8,-3,74,-63
1,-8,-3,75,-66
1,-8,-3,76,-69
1,-8,-3,77,-45
1,-8,-3,78,-42
1,-8,-3,79,-39
1,-8,-3,80,-36
1,-8,-3,81,-33
1,-8,-3,82,-30
1,-8,-3,83,-27
1,-8,-3,84,-59
1,-8,-3,85,-62
1,-8,-3,86,-65
1,-8,-3,87,-68
1,-8,-3,88,-71
1,-8,-3,89,-74
1,-8,-3,90,-77
1,-8,-3,91,-53
1,-8,-3,92,-50
1,-8,-3,93,-47
1,-8,-3,94,-44
1,-8,-3,95,-41
1,-8,-3,96,-38
1,-8,-3,97,-35
1,-8,-3,98,-67
1,-8,-3,99,-70
1,-8,-3,100,-73
1,-8,-3,101,-76
1,-8,-3,102,-79
1,-8,-3,103,-82
1,-8,-3,104,-85
1,-8,-3,105,-61
1,-8,-3,106,-58
1,-8,-3,107,-55
1,-8,-3,108,-52
1,-8,-3,109,-49
1,-8,-3,110,-46
1,-8,-3,111,-43
1,-8,-2,0,-10
1,-8,-2,1,-12
1,-8,-2,2,-14
1,-8,-2,3,-16
1,-8,-2,4,-18
1,-8,-2,5,-20
1,-8,-2,6,-22
1,-8,-2,7,-6
1,-8,-2,8,-4
1,-8,-2,9,-2
1,-8,-2,10,0
1,-8,-2,11,2
1,-8,-2,12,4
1,-8,-2,13,6
1,-8,-2,14,-18
1,-8,-2,15,-20
1,-8,-2,16,-22
1,-8,-2,17,-24
1,-8,-2,18,-26
1,-8,-2,19,-28
1,-8,-2,20,-30
1,-8,-2,21,-14
1,-8,-2,22,-12
1,-8,-2,23,-10
1,-8,-2,24,-8
1,-8,-2,25,-6
1,-8,-2,26,-4
1,-8,-2,27,-2
1,-8,-2,28,-26
1,-8,-2,29,-28
1,-8,-2,30,-30
1,-8,-2,31,-32
1,-8,-2,32,-34
1,-8,-2,33,-36
1,-8,-2,34,-38
1,-8,-2,35,-22
1,-8,-2,36,-20
1,-8,-2,37,-18
1,-8,-2,38,-16
1,-8,-2,39,-14
1,-8,-2,40,-12
1,-8,-2,41,-10
1,-8,-2,42,-34
1,-8,-2,43,-36
1,-8,-2,44,-38
1,-8,-2,45,-40
1,-8,-2,46,-42
1,-8,-2,47,-44
1,-8,-2,48,-46
1,-8,-2,49,-30
1,-8,-2,50,-28
1,-8,-2,51,-26
1,-8,-2,52,-24
1,-8,-2,53,-22
1,-8,-2,54,-20
1,-8,-2,55,-18
1,-8,-2,56,-42
1,-8,-2,57,-44
1,-8,-2,58,-46
1,-8,-2,59,-48
1,-8,-2,60,-50
1,-8,-2,61,-52
1,-8,-2,62,-54
1,-8,-2,63,-38
1,-8,-2,64,-36
1,-8,-2,65,-34
1,-8,-2,66,-32
1,-8,-2,67,-30
1,-8,-2,68,-28
1,-8,-2,69,-26
1,-8,-2,70,-50
1,-8,-2,71,-52
1,-8,-2,72,-54
1,-8,-2,73,-56
1,-8,-2,74,-58
1,-8,-2,75,-60
1,-8,-2,76,-62
1,-8,-2,77,-46
1,-8,-2,78,-44
1,-8,-2,79,-42
1,-8,-2,80,-40
1,-8,-2,81,-38
1,-8,-2,82,-36
1,-8,-2,83,-34
1,-8,-2,84,-58
1,-8,-2,85,-60
1,-8,-2,86,-62
1,-8,-2,87,-64
1,-8,-2,88,-66
1,-8,-2,89,-68
1,-8,-2,90,-70
1,-8,-2,91,-54
1,-8,-2,92,-52
1,-8,-2,93,-50
1,-8,-2,94,-48
1,-8,-2,95,-46
1,-8,-2,96,-44
1,-8,-2,97,-42
1,-8,-2,98,-66
1,-8,-2,99,-68
1,-8,-2,100,-70
1,-8,-2,101,-72
1,-8,-2,102,-74
1,-8,-2,103,-76
1,-8,-2,104,-78
1,-8,-2,105,-62
1,-8,-2,106,-60
1,-8,-2,107,-58
1,-8,-2,108,-56
1,-8,-2,109,-54
1,-8,-2,110,-52
1,-8,-2,111,-50
1,-8,-1,0,-9
1,-8,-1,1,-10
1,-8,-1,2,-11
1,-8,-1,3,-12
1,-8,-1,4,-13
1,-8,-1,5,-14
1,-8,-1,6,-15
1,-8,-1,7,-7
1,-8,-1,8,-6
1,-8,-1,9,-5
1,-8,-1,10,-4
1,-8,-1,11,-3
1,-8,-1,12,-2
1,-8,-1,13,-1
1,-8,-1,14,-17
1,-8,-1,15,-18
1,-8,-1,16,-19
1,-8,-1,17,-20
1,-8,-1,18,-21
1,-8,-1,19,-22
1,-8,-1,20,-23
1,-8,-1,21,-15
1,-8,-1,22,-14
1,-8,-1,23,-13
1,-8,-1,24,-12
1,-8,-1,25,-11
1,-8,-1,26,-10
1,-8,-1,27,-9
1,-8,-1,28,-25
1,-8,-1,29,-26
1,-8,-1,30,-27
1,-8,-1,31,-28
1,-8,-1,32,-29
1,-8,-1,33,-30
1,-8,-1,34,-31
1,-8,-1,35,-23
1,-8,-1,36,-22
1,-8,-1,37,-21
1,-8,-1,38,-20
1,-8,-1,39,-19
1,-8,-1,40,-18
1,-8,-1,41,-17
1,-8,-1,42,-33
1,-8,-1,43,-34
1,-8,-1,44,-35
1,-8,-1,45,-36
1,-8,-1,46,-37
1,-8,-1,47,-38
1,-8,-1,48,-39
1,-8,-1,49,-31
1,-8,-1,50,-30
1,-8,-1,51,-29
1,-8,-1,52,-28
1,-8,-1,53,-27
1,-8,-1,54,-26
1,-8,-1,55,-25
1,-8,-1,56,-41
1,-8,-1,57,-42
1,-8,-1,58,-43
1,-8,-1,59,-44
1,-8,-1,60,-45
1,-8,-1,61,-46
1,-8,-1,62,-47
1,-8,-1,63,-39
1,-8,-1,64,-38
1,-8,-1,65,-37
1,-8,-1,66,-36
1,-8,-1,67,-35
1,-8,-1,68,-34
1,-8,-1,69,-33
1,-8,-1,70,-49
1,-8,-1,71,-50
1,-8,-1,72,-51
1,-8,-1,73,-52
1,-8,-1,74,-53
1,-8,-1,75,-54
1,-8,-1,76,-55
1,-8,-1,77,-47
1,-8,-1,78,-46
1,-8,-1,79,-45
1,-8,-1,80,-44
1,-8,-1,81,-43
1,-8,-1,82,-42
1,-8,-1,83,-41
1,-8,-1,84,-57
1,-8,-1,85,-58
1,-8,-1,86,-59
1,-8,-1,87,-60
1,-8,-1,88,-61
1,-8,-1,89,-62
1,-8,-1,90,-63
1,-8,-1,91,-55
1,-8,-1,92,-54
1,-8,-1,93,-53
1,-8,-1,94,-52
1,-8,-1,95,-51
1,-8,-1,96,-50
1,-8,-1,97,-49
1,-8,-1,98,-65
1,-8,-1,99,-66
1,-8,-1,100,-67
1,-8,-1,101,-68
1,-8,-1,102,-69
1,-8,-1,103,-70
1,-8,-1,104,-71
1,-8,-1,105,-63
1,-8,-1,106,-62
1,-8,-1,107,-61
1,-8,-1,108,-60
1,-8,-1,109,-59
1,-8,-1,110,-58
1,-8,-1,111,-57
1,-8,0,0,-8
1,-8,0,1,-8
1,-8,0,2,-8
1,-8,0,3,-8
1,-8,0,4,-8
1,-8,0,5,-8
1,-8,0,6,-8
1,-8,0,7,-8
1,-8,0,8,-8
1,-8,0,9,-8
1,-8,0,10,-8
1,-8,0,11,-8
1,-8,0,12,-8
1,-8,0,13,-8
1,-8,0,14,-16
1,-8,0,15,-16
1,-8,0,16,-16
1,-8,0,17,-16
1,-8,0,18,-16
1,-8,0,19,-16
1,-8,0,20,-16
1,-8,0,21,-16
1,-8,0,22,-16
1,-8,0,23,-16
1,-8,0,24,-16
1,-8,0,25,-16
1,-8,0,26,-16
1,-8,0,27,-16
1,-8,0,28,-24
1,-8,0,29,-24
1,-8,0,30,-24
1,-8,0,31,-24
1,-8,0,32,-24
1,-8,0,33,-24
1,-8,0,34,-24
1,-8,0,35,-24
1,-8,0,36,-24
1,-8,0,37,-24
1,-8,0,38,-24
1,-8,0,39,-24
1,-8,0,40,-24
1,-8,0,41,-24
1,-8,0,42,-32
1,-8,0,43,-32
1,-8,0,44,-32
1,-8,0,45,-32
1,-8,0,46,-32
1,-8,0,47,-32
1,-8,0,48,-32
1,-8,0,49,-32
1,-8,0,50,-32
1,-8,0,51,-32
1,-8,0,52,-32
1,-8,0,53,-32
1,-8,0,54,-32
1,-8,0,55,-32
1,-8,0,56,-40
1,-8,0,57,-40
1,-8,0,58,-40
1,-8,0,59,-40
1,-8,0,60,-40
1,-8,0,61,-40
1,-8,0,62,-40
1,-8,0,63,-40
1,-8,0,64,-40
1,-8,0,65,-40
1,-8,0,66,-40
1,-8,0,67,-40
1,-8,0,68,-40
1,-8,0,69,-40
1,-8,0,70,-48
1,-8,0,71,-48
1,-8,0,72,-48
1,-8,0,73,-48
1,-8,0,74,-48
1,-8,0,75,-48
1,-8,0,76,-48
1,-8,0,77,-48
1,-8,0,78,-48
1,-8,0,79,-48
1,-8,0,80,-48
1,-8,0,81,-48
1,-8,0,82,-48
1,-8,0,83,-48
1,-8,0,84,-56
1,-8,0,85,-56
1,-8,0,86,-56
1,-8,0,87,-56
1,-8,0,88,-56
1,-8,0,89,-56
1,-8,0,90,-56
1,-8,0,91,-56
1,-8,0,92,-56
1,-8,0,93,-56
1,-8,0,94,-56
1,-8,0,95,-56
1,-8,0,96,-56
1,-8,0,97,-56
1,-8,0,98,-64
1,-8,0,99,-64
1,-8,0,100,-64
1,-8,0,101,-64
1,-8,0,102,-64
1,-8,0,103,-64
1,-8,0,104,-64
1,-8,0,105,-64
1,-8,0,106,-64
1,-8,0,107,-64
1,-8,0,108,-64
1,-8,0,109,-64
1,-8,0,110,-64
1,-8,0,111,-64
1,-8,1,0,-7
1,-8,1,1,-6
1,-8,1,2,-5
1,-8,1,3,-4
1,-8,1,4,-3
1,-8,1,5,-2
1,-8,1,6,-1
1,-8,1,7,-9
1,-8,1,8,-10
1,-8,1,9,-11
1,-8,1,10,-12
1,-8,1,11,-13
1,-8,1,12,-14
1,-8,1,13,-15
1,-8,1,14,-15
1,-8,1,15,-14
1,-8,1,16,-13
1,-8,1,17,-12
1,-8,1,18,-11
1,-8,1,19,-10
1,-8,1,20,-9
1,-8,1,21,-17
1,-8,1,22,-18
1,-8,1,23,-19
1,-8,1,24,-20
1,-8,1,25,-21
1,-8,1,26,-22
1,-8,1,27,-23
1,-8,1,28,-23
1,-8,1,29,-22
1,-8,1,30,-21
1,-8,1,31,-20
1,-8,1,32,-19
1,-8,1,33,-18
1,-8,1,34,-17
1,-8,1,35,-25
1,-8,1,36,-26
1,-8,1,37,-27
1,-8,1,38,-28
1,-8,1,39,-29
1,-8,1,40,-30
1,-8,1,41,-31
1,-8,1,42,-31
1,-8,1,43,-30
1,-8,1,44,-29
1,-8,1,45,-28
1,-8,1,46,-27
1,-8,1,47,-26
1,-8,1,48,-25
1,-8,1,49,-33
1,-8,1,50,-34
1,-8,1,51,-35
1,-8,1,52,-36
1,-8,1,53,-37
1,-8,1,54,-38
1,-8,1,55,-39
1,-8,1,56,-39
1,-8,1,57,-38
1,-8,1,58,-37
1,-8,1,59,-36
1,-8,1,60,-35
1,-8,1,61,-34
1,-8,1,62,-33
1,-8,1,63,-41
1,-8,1,64,-42
1,-8,1,65,-43
1,-8,1,66,-44
1,-8,1,67,-45
1,-8,1,68,-46
1,-8,1,69,-47
1,-8,1,70,-47
1,-8,1,71,-46
1,-8,1,72,-45
1,-8,1,73,-44
1,-8,1,74,-43
1,-8,1,75,-42
1,-8,1,76,-41
1,-8,1,77,-49
1,-8,1,78,-50
1,-8,1,79,-51
1,-8,1,80,-52
1,-8,1,81,-53
1,-8,1,82,-54
1,-8,1,83,-55
1,-8,1,84,-55
1,-8,1,85,-54
1,-8,1,86,-53
1,-8,1,87,-52
1,-8,1,88,-51
1,-8,1,89,-50
1,-8,1,90,-49
1,-8,1,91,-57
1,-8,1,92,-58
1,-8,1,93,-59
1,-8,1,94,-60
1,-8,1,95,-61
1,-8,1,96,-62
1,-8,1,97,-63
1,-8,1,98,-63
1,-8,1,99,-62
1,-8,1,100,-61
1,-8,1,101,-60
1,-8,1,102,-59
1,-8,1,103,-58
1,-8,1,104,-57
1,-8,1,105,-65
1,-8,1,106,-66
1,-8,1,107,-67
1,-8,1,108,-68
1,-8,1,109,-69
1,-8,1,110,-70
1,-8,1,111,-71
1,-8,2,0,-6
1,-8,2,1,-4
1,-8,2,2,-2
1,-8,2,3,0
1,-8,2,4,2
1,-8,2,5,4
1,-8,2,6,6
1,-8,2,7,-10
1,-8,2,8,-12
1,-8,2,9,-14
1,-8,2,10,-16
1,-8,2,11,-18
1,-8,2,12,-20
1,-8,2,13,-22
1,-8,2,14,-14
1,-8,2,15,-12
1,-8,2,16,-10
1,-8,2,17,-8
1,-8,2,18,-6
1,-8,2,19,-4
1,-8,2,20,-2
1,-8,2,21,-18
1,-8,2,22,-20
1,-8,2,23,-22
1,-8,2,24,-24
1,-8,2,25,-26
1,-8,2,26,-28
1,-8,2,27,-30
1,-8,2,28,-22
1,-8,2,29,-20
1,-8,2,30,-18
1,-8,2,31,-16
1,-8,2,32,-14
1,-8,2,33,-12
1,-8,2,34,-10
1,-8,2,35,-26
1,-8,2,36,-28
1,-8,2,37,-30
1,-8,2,38,-32
1,-8,2,39,-34
1,-8,2,40,-36
1,-8,2,41,-38
1,-8,2,42,-30
1,-8,2,43,-28
1,-8,2,44,-26
1,-8,2,45,-24
1,-8,2,46,-22
1,-8,2,47,-20
1,-8,2,48,-18
1,-8,2,49,-34
1,-8,2,50,-36
1,-8,2,51,-38
1,-8,2,52,-40
1,-8,2,53,-42
1,-8,2,54,-44
1,-8,2,55,-46
1,-8,2,56,-38
1,-8,2,57,-36
1,-8,2,58,-34
1,-8,2,59,-32
1,-8,2,60,-30
1,-8,2,61,-28
1,-8,2,62,-26
1,-8,2,63,-42
1,-8,2,64,-44
1,-8,2,65,-46
1,-8,2,66,-48
1,-8,2,67,-50
1,-8,2,68,-52
1,-8,2,69,-54
1,-8,2,70,-46
1,-8,2,71,-44
1,-8,2,72,-42
1,-8,2,73,-40
1,-8,2,74,-38
1,-8,2,75,-36
1,-8,2,76,-34
1,-8,2,77,-50
1,-8,2,78,-52
1,-8,2,79,-54
1,-8,2,80,-56
1,-8,2,81,-58
1,-8,2,82,-60
1,-8,2,83,-62
1,-8,2,84,-54
1,-8,2,85,-52
1,-8,2,86,-50
1,-8,2,87,-48
1,-8,2,88,-46
1,-8,2,89,-44
1,-8,2,90,-42
1,-8,2,91,-58
1,-8,2,92,-60
1,-8,2,93,-62
1,-8,2,94,-64
1,-8,2,95,-66
1,-8,2,96,-68
1,-8,2,97,-70
1,-8,2,98,-62
1,-8,2,99,-60
1,-8,2,100,-58
1,-8,2,101,-56
1,-8,2,102,-54
1,-8,2,103,-52
1,-8,2,104,-50
1,-8,2,105,-66
1,-8,2,106,-68
1,-8,2,107,-70
1,-8,2,108,-72
1,-8,2,109,-74
1,-8,2,110,-76
1,-8,2,111,-78
1,-8,3,0,-5
1,-8,3,1,-2
1,-8,3,2,1
1,-8,3,3,4
1,-8,3,4,7
1,-8,3,5,10
1,-8,3,6,13
1,-8,3,7,-11
1,-8,3,8,-14
1,-8,3,9,-17
1,-8,3,10,-20
1,-8,3,11,-23
1,-8,3,12,-26
1,-8,3,13,-29
1,-8,3,14,-13
1,-8,3,15,-10
1,-8,3,16,-7
1,-8,3,17,-4
1,-8,3,18,-1
1,-8,3,19,2
1,-8,3,20,5
1,-8,3,21,-19
1,-8,3,22,-22
1,-8,3,23,-25
1,-8,3,24,-28
1,-8,3,25,-31
1,-8,3,26,-34
1,-8,3,27,-37
1,-8,3,28,-21
1,-8,3,29,-18
1,-8,3,30,-15
1,-8,3,31,-12
1,-8,3,32,-9
1,-8,3,33,-6
1,-8,3,34,-3
1,-8,3,35,-27
1,-8,3,36,-30
1,-8,3,37,-33
1,-8,3,38,-36
1,-8,3,39,-39
1,-8,3,40,-42
1,-8,3,41,-45
1,-8,3,42,-29
1,-8,3,43,-26
1,-8,3,44,-23
1,-8,3,45,-20
1,-8,3,46,-17
1,-8,3,47,-14
1,-8,3,48,-11
1,-8,3,49,-35
1,-8,3,50,-38
1,-8,3,51,-41
1,-8,3,52,-44
1,-8,3,53,-47
1,-8,3,54,-50
1,-8,3,55,-53
1,-8,3,56,-37
1,-8,3,57,-34
1,-8,3,58,-31
1,-8,3,59,-28
1,-8,3,60,-25
1,-8,3,61,-22
1,-8,3,62,-19
1,-8,3,63,-43
1,-8,3,64,-46
1,-8,3,65,-49
1,-8,3,66,-52
1,-8,3,67,-55
1,-8,3,68,-58
1,-8,3,69,-61
1,-8,3,70,-45
1,-8,3,71,-42
1,-8,3,72,-39
1,-8,3,73,-36
1,-8,3,74,-33
1,-8,3,75,-30
1,-8,3,76,-27
1,-8,3,77,-51
1,-8,3,78,-54
1,-8,3,79,-57
1,-8,3,80,-60
1,-8,3,81,-63
1,-8,3,82,-66
1,-8,3,83,-69
1,-8,3,84,-53
1,-8,3,85,-50
1,-8,3,86,-47
1,-8,3,87,-44
1,-8,3,88,-41
1,-8,3,89,-38
1,-8,3,90,-35
1,-8,3,91,-59
1,-8,3,92,-62
1,-8,3,93,-65
1,-8,3,94,-68
1,-8,3,95,-71
1,-8,3,96,-74
1,-8,3,97,-77
1,-8,3,98,-61
1,-8,3,99,-58
1,-8,3,100,-55
1,-8,3,101,-52
1,-8,3,102,-49
1,-8,3,103,-46
1,-8,3,104,-43
1,-8,3,105,-67
1,-8,3,106,-70
1,-8,3,107,-73
1,-8,3,108,-76
1,-8,3,109,-79
1,-8,3,110,-82
1,-8,3,111,-85
1,-8,4,0,-4
1,-8,4,1,0
1,-8,4,2,4
1,-8,4,3,8
1,-8,4,4,12
1,-8,4,5,16
1,-8,4,6,20
1,-8,4,7,-12
1,-8,4,8,-16
1,-8,4,9,-20
1,-8,4,10,-24
1,-8,4,11,-28
1,-8,4,12,-32
1,-8,4,13,-36
1,-8,4,14,-12
1,-8,4,15,-8
1,-8,4,16,-4
1,-8,4,17,0
1,-8,4,18,4
1,-8,4,19,8
1,-8,4,20,12
1,-8,4,21,-20
1,-8,4,22,-24
1,-8,4,23,-28
1,-8,4,24,-32
1,-8,4,25,-36
1,-8,4,26,-40
1,-8,4,27,-44
1,-8,4,28,-20
1,-8,4,29,-16
1,-8,4,30,-12
1,-8,4,31,-8
1,-8,4,32,-4
1,-8,4,33,0
1,-8,4,34,4
1,-8,4,35,-28
1,-8,4,36,-32
1,-8,4,37,-36
1,-8,4,38,-40
1,-8,4,39,-44
1,-8,4,40,-48
1,-8,4,41,-52
1,-8,4,42,-28
1,-8,4,43,-24
1,-8,4,44,-20
1,-8,4,45,-16
1,-8,4,46,-12
1,-8,4,47,-8
1,-8,4,48,-4
1,-8,4,49,-36
1,-8,4,50,-40
1,-8,4,51,-44
1,-8,4,52,-48
1,-8,4,53,-52
1,-8,4,54,-56
1,-8,4,55,-60
1,-8,4,56,-36
1,-8,4,57,-32
1,-8,4,58,-28
1,-8,4,59,-24
1,-8,4,60,-20
1,-8,4,61,-16
1,-8,4,62,-12
1,-8,4,63,-44
1,-8,4,64,-48
1,-8,4,65,-52
1,-8,4,66,-56
1,-8,4,67,-60
1,-8,4,68,-64
1,-8,4,69,-68
1,-8,4,70,-44
1,-8,4,71,-40
1,-8,4,72,-36
1,-8,4,73,-32
1,-8,4,74,-28
1,-8,4,75,-24
1,-8,4,76,-20
1,-8,4,77,-52
1,-8,4,78,-56
1,-8,4,79,-60
1,-8,4,80,-64
1,-8,4,81,-68
1,-8,4,82,-72
1,-8,4,83,-76
1,-8,4,84,-52
1,-8,4,85,-48
1,-8,4,86,-44
1,-8,4,87,-40
1,-8,4,88,-36
1,-8,4,89,-32
1,-8,4,90,-28
1,-8,4,91,-60
1,-8,4,92,-64
1,-8,4,93,-68
1,-8,4,94,-72
1,-8,4,95,-76
1,-8,4,96,-80
1,-8,4,97,-84
1,-8,4,98,-60
1,-8,4,99,-56
1,-8,4,100,-52
1,-8,4,101,-48
1,-8,4,102,-44
1,-8,4,103,-40
1,-8,4,104,-36
1,-8,4,105,-68
1,-8,4,106,-72
1,-8,4,107,-76
1,-8,4,108,-80
1,-8,4,109,-84
1,-8,4,110,-88
1,-8,4,111,-92
1,-8,5,0,-3
1,-8,5,1,2
1,-8,5,2,7
1,-8,5,3,12
1,-8,5,4,17
1,-8,5,5,22
1,-8,5,6,27
1,-8,5,7,-13
1,-8,5,8,-18
1,-8,5,9,-23
1,-8,5,10,-28
1,-8,5,11,-33
1,-8,5,12,-38
1,-8,5,13,-43
1,-8,5,14,-11
1,-8,5,15,-6
1,-8,5,16,-1
1,-8,5,17,4
1,-8,5,18,9
1,-8,5,19,14
1,-8,5,20,19
1,-8,5,21,-21
1,-8,5,22,-26
1,-8,5,23,-31
1,-8,5,24,-36
1,-8,5,25,-41
1,-8,5,26,-46
1,-8,5,27,-51
1,-8,5,28,-19
1,-8,5,29,-14
1,-8,5,30,-9
1,-8,5,31,-4
1,-8,5,32,1
1,-8,5,33,6
1,-8,5,34,11
1,-8,5,35,-29
1,-8,5,36,-34
1,-8,5,37,-39
1,-8,5,38,-44
1,-8,5,39,-49
1,-8,5,40,-54
1,-8,5,41,-59
1,-8,5,42,-27
1,-8,5,43,-22
1,-8,5,44,-17
1,-8,5,45,-12
1,-8,5,46,-7
1,-8,5,47,-2
1,-8,5,48,3
1,-8,5,49,-37
1,-8,5,50,-42
1,-8,5,51,-47
1,-8,5,52,-52
1,-8,5,53,-57
1,-8,5,54,-62
1,-8,5,55,-67
1,-8,5,56,-35
1,-8,5,57,-30
1,-8,5,58,-25
1,-8,5,59,-20
1,-8,5,60,-15
1,-8,5,61,-10
1,-8,5,62,-5
1,-8,5,63,-45
1,-8,5,64,-50
1,-8,5,65,-55
1,-8,5,66,-60
1,-8,5,67,-65
1,-8,5,68,-70
1,-8,5,69,-75
1,-8,5,70,-43
1,-8,5,71,-38
1,-8,5,72,-33
1,-8,5,73,-28
1,-8,5,74,-23
1,-8,5,75,-18
1,-8,5,76,-13
1,-8,5,77,-53
1,-8,5,78,-58
1,-8,5,79,-63
1,-8,5,80,-68
1,-8,5,81,-73
1,-8,5,82,-78
1,-8,5,83,-83
1,-8,5,84,-51
1,-8,5,85,-46
1,-8,5,86,-41
1,-8,5,87,-36
1,-8,5,88,-31
1,-8,5,89,-26
1,-8,5,90,-21
1,-8,5,91,-61
1,-8,5,92,-66
1,-8,5,93,-71
1,-8,5,94,-76
1,-8,5,95,-81
1,-8,5,96,-86
1,-8,5,97,-91
1,-8,5,98,-59
1,-8,5,99,-54
1,-8,5,100,-49
1,-8,5,101,-44
1,-8,5,102,-39
1,-8,5,103,-34
1,-8,5,104,-29
1,-8,5,105,-69
1,-8,5,106,-74
1,-8,5,107,-79
1,-8,5,108,-84
1,-8,5,109,-89
1,-8,5,110,-94
1,-8,5,111,-99
1,-8,6,0,-2
1,-8,6,1,4
1,-8,6,2,10
1,-8,6,3,16
1,-8,6,4,22
1,-8,6,5,28
1,-8,6,6,34
1,-8,6,7,-14
1,-8,6,8,-20
1,-8,6,9,-26
1,-8,6,10,-32
1,-8,6,11,-38
1,-8,6,12,-44
1,-8,6,13,-50
1,-8,6,14,-10
1,-8,6,15,-4
1,-8,6,16,2
1,-8,6,17,8
1,-8,6,18,14
1,-8,6,19,20
1,-8,6,20,26
1,-8,6,21,-22
1,-8,6,22,-28
1,-8,6,23,-34
1,-8,6,24,-40
1,-8,6,25,-46
1,-8,6,26,-52
1,-8,6,27,-58
1,-8,6,28,-18
1,-8,6,29,-12
1,-8,6,30,-6
1,-8,6,31,0
1,-8,6,32,6
1,-8,6,33,12
1,-8,6,34,18
1,-8,6,35,-30
1,-8,6,36,-36
1,-8,6,37,-42
1,-8,6,38,-48
1,-8,6,39,-54
1,-8,6,40,-60
1,-8,6,41,-66
1,-8,6,42,-26
1,-8,6,43,-20
1,-8,6,44,-14
1,-8,6,45,-8
1,-8,6,46,-2
1,-8,6,47,4
1,-8,6,48,10
1,-8,6,49,-38
1,-8,6,50,-44
1,-8,6,51,-50
1,-8,6,52,-56
1,-8,6,53,-62
1,-8,6,54,-68
1,-8,6,55,-74
1,-8,6,56,-34
1,-8,6,57,-28
1,-8,6,58,-22
1,-8,6,59,-16
1,-8,6,60,-10
1,-8,6,61,-4
1,-8,6,62,2
1,-8,6,63,-46
1,-8,6,64,-52
1,-8,6,65,-58
1,-8,6,66,-64
1,-8,6,67,-70
1,-8,6,68,-76
1,-8,6,69,-82
1,-8,6,70,-42
1,-8,6,71,-36
1,-8,6,72,-30
1,-8,6,73,-24
1,-8,6,74,-18
1,-8,6,75,-12
1,-8,6,76,-6
1,-8,6,77,-54
1,-8,6,78,-60
1,-8,6,79,-66
1,-8,6,80,-72
1,-8,6,81,-78
1,-8,6,82,-84
1,-8,6,83,-90
1,-8,6,84,-50
1,-8,6,85,-44
1,-8,6,86,-38
1,-8,6,87,-32
1,-8,6,88,-26
1,-8,6,89,-20
1,-8,6,90,-14
1,-8,6,91,-62
1,-8,6,92,-68
1,-8,6,93,-74
1,-8,6,94,-80
1,-8,6,95,-86
1,-8,6,96,-92
1,-8,6,97,-98
1,-8,6,98,-58
1,-8,6,99,-52
1,-8,6,100,-46
1,-8,6,101,-40
1,-8,6,102,-34
1,-8,6,103,-28
1,-8,6,104,-22
1,-8,6,105,-70
1,-8,6,106,-76
1,-8,6,107,-82
1,-8,6,108,-88
1,-8,6,109,-94
1,-8,6,110,-100
1,-8,6,111,-106
1,-8,7,0,-1
1,-8,7,1,6
1,-8,7,2,13
1,-8,7,3,20
1,-8,7,4,27
1,-8,7,5,34
1,-8,7,6,41
1,-8,7,7,-15
1,-8,7,8,-22
1,-8,7,9,-29
1,-8,7,10,-36
1,-8,7,11,-43
1,-8,7,12,-50
1,-8,7,13,-57
1,-8,7,14,-9
1,-8,7,15,-2
1,-8,7,16,5
1,-8,7,17,12
1,-8,7,18,19
1,-8,7,19,26
1,-8,7,20,33
1,-8,7,21,-23
1,-8,7,22,-30
1,-8,7,23,-37
1,-8,7,24,-44
1,-8,7,25,-51
1,-8,7,26,-58
1,-8,7,27,-65
1,-8,7,28,-17
1,-8,7,29,-10
1,-8,7,30,-3
1,-8,7,31,4
1,-8,7,32,11
1,-8,7,33,18
1,-8,7,34,25
1,-8,7,35,-31
1,-8,7,36,-38
1,-8,7,37,-45
1,-8,7,38,-52
1,-8,7,39,-59
1,-8,7,40,-66
1,-8,7,41,-73
1,-8,7,42,-25
1,-8,7,43,-18
1,-8,7,44,-11
1,-8,7,45,-4
1,-8,7,46,3
1,-8,7,47,10
1,-8,7,48,17
1,-8,7,49,-39
1,-8,7,50,-46
1,-8,7,51,-53
1,-8,7,52,-60
1,-8,7,53,-67
1,-8,7,54,-74
1,-8,7,55,-81
1,-8,7,56,-33
1,-8,7,57,-26
1,-8,7,58,-19
1,-8,7,59,-12
1,-8,7,60,-5
1,-8,7,61,2
1,-8,7,62,9
1,-8,7,63,-47
1,-8,7,64,-54
1,-8,7,65,-61
1,-8,7,66,-68
1,-8,7,67,-75
1,-8,7,68,-82
1,-8,7,69,-89
1,-8,7,70,-41
1,-8,7,71,-34
1,-8,7,72,-27
1,-8,7,73,-20
1,-8,7,74,-13
1,-8,7,75,-6
1,-8,7,76,1
1,-8,7,77,-55
1,-8,7,78,-62
1,-8,7,79,-69
1,-8,7,80,-76
1,-8,7,81,-83
1,-8,7,82,-90
1,-8,7,83,-97
1,-8,7,84,-49
1,-8,7,85,-42
1,-8,7,86,-35
1,-8,7,87,-28
1,-8,7,88,-21
1,-8,7,89,-14
1,-8,7,90,-7
1,-8,7,91,-63
1,-8,7,92,-70
1,-8,7,93,-77
1,-8,7,94,-84
1,-8,7,95,-91
1,-8,7,96,-98
1,-8,7,97,-105
1,-8,7,98,-57
1,-8,7,99,-50
1,-8,7,100,-43
1,-8,7,101,-36
1,-8,7,102,-29
1,-8,7,103,-22
1,-8,7,104,-15
1,-8,7,105,-71
1,-8,7,106,-78
1,-8,7,107,-85
1,-8,7,108,-92
1,-8,7,109,-99
1,-8,7,110,-106
1,-8,7,111,-113
1,-7,-8,0,-15
1,-7,-8,1,-23
1,-7,-8,2,-31
1,-7,-8,3,-39
1,-7,-8,4,-47
1,-7,-8,5,-55
1,-7,-8,6,-63
1,-7,-8,7,1
1,-7,-8,8,9
1,-7,-8,9,17
1,-7,-8,10,25
1,-7,-8,11,33
1,-7,-8,12,41
1,-7,-8,13,49
1,-7,-8,14,-22
1,-7,-8,15,-30
1,-7,-8,16,-38
1,-7,-8,17,-46
1,-7,-8,18,-54
1,-7,-8,19,-62
1,-7,-8,20,-70
1,-7,-8,21,-6
1,-7,-8,22,2
1,-7,-8,23,10
1,-7,-8,24,18
1,-7,-8,25,26
1,-7,-8,26,34
1,-7,-8,27,42
1,-7,-8,28,-29
1,-7,-8,29,-37
1,-7,-8,30,-45
1,-7,-8,31,-53
1,-7,-8,32,-61
1,-7,-8,33,-69
1,-7,-8,34,-77
1,-7,-8,35,-13
1,-7,-8,36,-5
1,-7,-8,37,3
1,-7,-8,38,11
1,-7,-8,39,19
1,-7,-8,40,27
1,-7,-8,41,35
1,-7,-8,42,-36
1,-7,-8,43,-44
1,-7,-8,44,-52
1,-7,-8,45,-60
1,-7,-8,46,-68
1,-7,-8,47,-76
1,-7,-8,48,-84
1,-7,-8,49,-20
1,-7,-8,50,-12
1,-7,-8,51,-4
1,-7,-8,52,4
1,-7,-8,53,12
1,-7,-8,54,20
1,-7,-8,55,28
1,-7,-8,56,-43
1,-7,-8,57,-51
1,-7,-8,58,-59
1,-7,-8,59,-67
1,-7,-8,60,-75
1,-7,-8,61,-83
1,-7,-8,62,-91
1,-7,-8,63,-27
1,-7,-8,64,-19
1,-7,-8,65,-11
1,-7,-8,66,-3
1,-7,-8,67,5
1,-7,-8,68,13
1,-7,-8,69,21
1,-7,-8,70,-50
1,-7,-8,71,-58
1,-7,-8,72,-66
1,-7,-8,73,-74
1,-7,-8,74,-82
1,-7,-8,75,-90
1,-7,-8,76,-98
1,-7,-8,77,-34
1,-7,-8,78,-26
1,-7,-8,79,-18
1,-7,-8,80,-10
1,-7,-8,81,-2
1,-7,-8,82,6
1,-7,-8,83,14
1,-7,-8,84,-57
1,-7,-8,85,-65
1,-7,-8,86,-73
1,-7,-8,87,-81
1,-7,-8,88,-89
1,-7,-8,89,-97
1,-7,-8,90,-105
1,-7,-8,91,-41
1,-7,-8,92,-33
1,-7,-8,93,-25
1,-7,-8,94,-17
1,-7,-8,95,-9
1,-7,-8,96,-1
1,-7,-8,97,7
1,-7,-8,98,-64
1,-7,-8,99,-72
1,-7,-8,100,-80
1,-7,-8,101,-88
1,-7,-8,102,-96
1,-7,-8,103,-104
1,-7,-8,104,-112
1,-7,-8,105,-48
1,-7,-8,106,-40
1,-7,-8,107,-32
1,-7,-8,108,-24
1,-7,-8,109,-16
1,-7,-8,110,-8
1,-7,-8,111,0
1,-7,-7,0,-14
1,-7,-7,1,-21
1,-7,-7,2,-28
1,-7,-7,3,-35
1,-7,-7,4,-42
1,-7,-7,5,-49
1,-7,-7,6,-56
1,-7,-7,7,0
1,-7,-7,8,7
1,-7,-7,9,14
1,-7,-7,10,21
1,-7,-7,11,28
1,-7,-7,12,35
1,-7,-7,13,42
1,-7,-7,14,-21
1,-7,-7,15,-28
1,-7,-7,16,-35
1,-7,-7,17,-42
1,-7,-7,18,-49
1,-7,-7,19,-56
1,-7,-7,20,-63
1,-7,-7,21,-7
1,-7,-7,22,0
1,-7,-7,23,7
1,-7,-7,24,14
1,-7,-7,25,21
1,-7,-7,26,28
1,-7,-7,27,35
1,-7,-7,28,-28
1,-7,-7,29,-35
1,-7,-7,30,-42
1,-7,-7,31,-49
1,-7,-7,32,-56
1,-7,-7,33,-63
1,-7,-7,34,-70
1,-7,-7,35,-14
1,-7,-7,36,-7
1,-7,-7,37,0
1,-7,-7,38,7
1,-7,-7,39,14
1,-7,-7,40,21
1,-7,-7,41,28
1,-7,-7,42,-35
1,-7,-7,43,-42
1,-7,-7,44,-49
1,-7,-7,45,-56
1,-7,-7,46,-63
1,-7,-7,47,-70
1,-7,-7,48,-77
1,-7,-7,49,-21
1,-7,-7,50,-14
1,-7,-7,51,-7
1,-7,-7,52,0
1,-7,-7,53,7
1,-7,-7,54,14
1,-7,-7,55,21
1,-7,-7,56,-42
1,-7,-7,57,-49
1,-7,-7,58,-56
1,-7,-7,59,-63
1,-7,-7,60,-70
1,-7,-7,61,-77
1,-7,-7,62,-84
1,-7,-7,63,-28
1,-7,-7,64,-21
1,-7,-7,65,-14
1,-7,-7,66,-7
1,-7,-7,67,0
1,-7,-7,68,7
1,-7,-7,69,14
1,-7,-7,70,-49
1,-7,-7,71,-56
1,-7,-7,72,-63
1,-7,-7,73,-70
1,-7,-7,74,-77
1,-7,-7,75,-84
1,-7,-7,76,-91
1,-7,-7,77,-35
1,-7,-7,78,-28
1,-7,-7,79,-21
1,-7,-7,80,-14
1,-7,-7,81,-7
1,-7,-7,82,0
1,-7,-7,83,7
1,-7,-7,84,-56
1,-7,-7,85,-63
1,-7,-7,86,-70
1,-7,-7,87,-77
1,-7,-7,88,-84
1,-7,-7,89,-91
1,-7,-7,90,-98
1,-7,-7,91,-42
1,-7,-7,92,-35
1,-7,-7,93,-28
1,-7,-7,94,-21
1,-7,-7,95,-14
1,-7,-7,96,-7
1,-7,-7,97,0
1,-7,-7,98,-63
1,-7,-7,99,-70
1,-7,-7,100,-77
1,-7,-7,101,-84
1,-7,-7,102,-91
1,-7,-7,103,-98
1,-7,-7,104,-105
1,-7,-7,105,-49
1,-7,-7,106,-42
1,-7,-7,107,-35
1,-7,-7,108,-28
1,-7,-7,109,-21
1,-7,-7,110,-14
1,-7,-7,111,-7
1,-7,-6,0,-13
1,-7,-6,1,-19
1,-7,-6,2,-25
1,-7,-6,3,-31
1,-7,-6,4,-37
1,-7,-6,5,-43
1,-7,-6,6,-49
1,-7,-6,7,-1
1,-7,-6,8,5
1,-7,-6,9,11
1,-7,-6,10,17
1,-7,-6,11,23
1,-7,-6,12,29
1,-7,-6,13,35
1,-7,-6,14,-20
1,-7,-6,15,-26
1,-7,-6,16,-32
1,-7,-6,17,-38
1,-7,-6,18,-44
1,-7,-6,19,-50
1,-7,-6,20,-56
1,-7,-6,21,-8
1,-7,-6,22,-2
1,-7,-6,23,4
1,-7,-6,24,10
1,-7,-6,25,16
1,-7,-6,26,22
1,-7,-6,27,28
1,-7,-6,28,-27
1,-7,-6,29,-33
1,-7,-6,30,-39
1,-7,-6,31,-45
1,-7,-6,32,-51
1,-7,-6,33,-57
1,-7,-6,34,-63
1,-7,-6,35,-15
1,-7,-6,36,-9
1,-7,-6,37,-3
1,-7,-6,38,3
1,-7,-6,39,9
1,-7,-6,40,15
1,-7,-6,41,21
1,-7,-6,42,-34
1,-7,-6,43,-40
1,-7,-6,44,-46
1,-7,-6,45,-52
1,-7,-6,46,-58
1,-7,-6,47,-64
1,-7,-6,48,-70
1,-7,-6,49,-22
1,-7,-6,50,-16
1,-7,-6,51,-10
1,-7,-6,52,-4
1,-7,-6,53,2
1,-7,-6,54,8
1,-7,-6,55,14
1,-7,-6,56,-41
1,-7,-6,57,-47
1,-7,-6,58,-53
1,-7,-6,59,-59
1,-7,-6,60,-65
1,-7,-6,61,-71
1,-7,-6,62,-77
1,-7,-6,63,-29
1,-7,-6,64,-23
1,-7,-6,65,-17
1,-7,-6,66,-11
1,-7,-6,67,-5
1,-7,-6,68,1
1,-7,-6,69,7
1,-7,-6,70,-48
1,-7,-6,71,-54
1,-7,-6,72,-60
1,-7,-6,73,-66
1,-7,-6,74,-72
1,-7,-6,75,-78
1,-7,-6,76,-84
1,-7,-6,77,-36
1,-7,-6,78,-30
1,-7,-6,79,-24
1,-7,-6,80,-18
1,-7,-6,81,-12
1,-7,-6,82,-6
1,-7,-6,83,0
1,-7,-6,84,-55
1,-7,-6,85,-61
1,-7,-6,86,-67
1,-7,-6,87,-73
1,-7,-6,88,-79
1,-7,-6,89,-85
1,-7,-6,90,-91
1,-7,-6,91,-43
1,-7,-6,92,-37
1,-7,-6,93,-31
1,-7,-6,94,-25
1,-7,-6,95,-19
1,-7,-6,96,-13
1,-7,-6,97,-7
1,-7,-6,98,-62
1,-7,-6,99,-68
1,-7,-6,100,-74
1,-7,-6,101,-80
1,-7,-6,102,-86
1,-7,-6,103,-92
1,-7,-6,104,-98
1,-7,-6,105,-50
1,-7,-6,106,-44
1,-7,-6,107,-38
1,-7,-6,108,-32
1,-7,-6,109,-26
1,-7,-6,110,-20
1,-7,-6,111,-14
1,-7,-5,0,-12
1,-7,-5,1,-17
1,-7,-5,2,-22
1,-7,-5,3,-27
1,-7,-5,4,-32
1,-7,-5,5,-37
1,-7,-5,6,-42
1,-7,-5,7,-2
1,-7,-5,8,3
1,-7,-5,9,8
1,-7,-5,10,13
1,-7,-5,11,18
1,-7,-5,12,23
1,-7,-5,13,28
1,-7,-5,14,-19
1,-7,-5,15,-24
1,-7,-5,16,-29
1,-7,-5,17,-34
1,-7,-5,18,-39
1,-7,-5,19,-44
1,-7,-5,20,-49
1,-7,-5,21,-9
1,-7,-5,22,-4
1,-7,-5,23,1
1,-7,-5,24,6
1,-7,-5,25,11
1,-7,-5,26,16
1,-7,-5,27,21
1,-7,-5,28,-26
1,-7,-5,29,-31
1,-7,-5,30,-36
1,-7,-5,31,-41
1,-7,-5,32,-46
1,-7,-5,33,-51
1,-7,-5,34,-56
1,-7,-5,35,-16
1,-7,-5,36,-11
1,-7,-5,37,-6
1,-7,-5,38,-1
1,-7,-5,39,4
1,-7,-5,40,9
1,-7,-5,41,14
1,-7,-5,42,-33
1,-7,-5,43,-38
1,-7,-5,44,-43
1,-7,-5,45,-48
1,-7,-5,46,-53
1,-7,-5,47,-58
1,-7,-5,48,-63
1,-7,-5,49,-23
1,-7,-5,50,-18
1,-7,-5,51,-13
1,-7,-5,52,-8
1,-7,-5,53,-3
1,-7,-5,54,2
1,-7,-5,55,7
1,-7,-5,56,-40
1,-7,-5,57,-45
1,-7,-5,58,-50
1,-7,-5,59,-55
1,-7,-5,60,-60
1,-7,-5,61,-65
1,-7,-5,62,-70
1,-7,-5,63,-30
1,-7,-5,64,-25
1,-7,-5,65,-20
1,-7,-5,66,-15
1,-7,-5,67,-10
1,-7,-5,68,-5
1,-7,-5,69,0
1,-7,-5,70,-47
1,-7,-5,71,-52
1,-7,-5,72,-57
1,-7,-5,73,-62
1,-7,-5,74,-67
1,-7,-5,75,-72
1,-7,-5,76,-77
1,-7,-5,77,-37
1,-7,-5,78,-32
1,-7,-5,79,-27
1,-7,-5,80,-22
1,-7,-5,81,-17
1,-7,-5,82,-12
1,-7,-5,83,-7
1,-7,-5,84,-54
1,-7,-5,85,-59
1,-7,-5,86,-64
1,-7,-5,87,-69
1,-7,-5,88,-74
1,-7,-5,89,-79
1,-7,-5,90,-84
1,-7,-5,91,-44
1,-7,-5,92,-39
1,-7,-5,93,-34
1,-7,-5,94,-29
1,-7,-5,95,-24
1,-7,-5,96,-19
1,-7,-5,97,-14
1,-7,-5,98,-61
1,-7,-5,99,-66
1,-7,-5,100,-71
1,-7,-5,101,-76
1,-7,-5,102,-81
1,-7,-5,103,-86
1,-7,-5,104,-91
1,-7,-5,105,-51
1,-7,-5,106,-46
1,-7,-5,107,-41
1,-7,-5,108,-36
1,-7,-5,109,-31
1,-7,-5,110,-26
1,-7,-5,111,-21
1,-7,-4,0,-11
1,-7,-4,1,-15
1,-7,-4,2,-19
1,-7,-4,3,-23
1,-7,-4,4,-27
1,-7,-4,5,-31
1,-7,-4,6,-35
1,-7,-4,7,-3
1,-7,-4,8,1
1,-7,-4,9,5
1,-7,-4,10,9
1,-7,-4,11,13
1,-7,-4,12,17
1,-7,-4,13,21
1,-7,-4,14,-18
1,-7,-4,15,-22
1,-7,-4,16,-26
1,-7,-4,17,-30
1,-7,-4,18,-34
1,-7,-4,19,-38
1,-7,-4,20,-42
1,-7,-4,21,-10
1,-7,-4,22,-6
1,-7,-4,23,-2
1,-7,-4,24,2
1,-7,-4,25,6
1,-7,-4,26,10
1,-7,-4,27,14
1,-7,-4,28,-25
1,-7,-4,29,-29
1,-7,-4,30,-33
1,-7,-4,31,-37
1,-7,-4,32,-41
1,-7,-4,33,-45
1,-7,-4,34,-49
1,-7,-4,35,-17
1,-7,-4,36,-13
1,-7,-4,37,-9
1,-7,-4,38,-5
1,-7,-4,39,-1
1,-7,-4,40,3
1,-7,-4,41,7
1,-7,-4,42,-32
1,-7,-4,43,-36
1,-7,-4,44,-40
1,-7,-4,45,-44
1,-7,-4,46,-48
1,-7,-4,47,-52
1,-7,-4,48,-56
1,-7,-4,49,-24
1,-7,-4,50,-20
1,-7,-4,51,-16
1,-7,-4,52,-12
1,-7,-4,53,-8
1,-7,-4,54,-4
1,-7,-4,55,0
1,-7,-4,56,-39
1,-7,-4,57,-43
1,-7,-4,58,-47
1,-7,-4,59,-51
1,-7,-4,60,-55
1,-7,-4,61,-59
1,-7,-4,62,-63
1,-7,-4,63,-31
1,-7,-4,64,-27
1,-7,-4,65,-23
1,-7,-4,66,-19
1,-7,-4,67,-15
1,-7,-4,68,-11
1,-7,-4,69,-7
1,-7,-4,70,-46
1,-7,-4,71,-50
1,-7,-4,72,-54
1,-7,-4,73,-58
1,-7,-4,74,-62
1,-7,-4,75,-66
1,-7,-4,76,-70
1,-7,-4,77,-38
1,-7,-4,78,-34
1,-7,-4,79,-30
1,-7,-4,80,-26
1,-7,-4,81,-22
1,-7,-4,82,-18
1,-7,-4,83,-14
1,-7,-4,84,-53
1,-7,-4,85,-57
1,-7,-4,86,-61
1,-7,-4,87,-65
1,-7,-4,88,-69
1,-7,-4,89,-73
1,-7,-4,90,-77
1,-7,-4,91,-45
1,-7,-4,92,-41
1,-7,-4,93,-37
1,-7,-4,94,-33
1,-7,-4,95,-29
1,-7,-4,96,-25
1,-7,-4,97,-21
1,-7,-4,98,-60
1,-7,-4,99,-64
1,-7,-4,100,-68
1,-7,-4,101,-72
1,-7,-4,102,-76
1,-7,-4,103,-80
1,-7,-4,104,-84
1,-7,-4,105,-52
1,-7,-4,106,-48
1,-7,-4,107,-44
1,-7,-4,108,-40
1,-7,-4,109,-36
1,-7,-4,110,-32
1,-7,-4,111,-28
1,-7,-3,0,-10
1,-7,-3,1,-13
1,-7,-3,2,-16
1,-7,-3,3,-19
1,-7,-3,4,-22
1,-7,-3,5,-25
1,-7,-3,6,-28
1,-7,-3,7,-4
1,-7,-3,8,-1
1,-7,-3,9,2
1,-7,-3,10,5
1,-7,-3,11,8
1,-7,-3,12,11
1,-7,-3,13,14
1,-7,-3,14,-17
1,-7,-3,15,-20
1,-7,-3,16,-23
1,-7,-3,17,-26
1,-7,-3,18,-29
1,-7,-3,19,-32
1,-7,-3,20,-35
1,-7,-3,21,-11
1,-7,-3,22,-8
1,-7,-3,23,-5
1,-7,-3,24,-2
1,-7,-3,25,1
1,-7,-3,26,4
1,-7,-3,27,7
1,-7,-3,28,-24
1,-7,-3,29,-27
1,-7,-3,30,-30
1,-7,-3,31,-33
1,-7,-3,32,-36
1,-7,-3,33,-39
1,-7,-3,34,-42
1,-7,-3,35,-18
1,-7,-3,36,-15
1,-7,-3,37,-12
1,-7,-3,38,-9
1,-7,-3,39,-6
1,-7,-3,40,-3
1,-7,-3,41,0
1,-7,-3,42,-31
1,-7,-3,43,-34
1,-7,-3,44,-37
1,-7,-3,45,-40
1,-7,-3,46,-43
1,-7,-3,47,-46
1,-7,-3,48,-49
1,-7,-3,49,-25
1,-7,-3,50,-22
1,-7,-3,51,-19
1,-7,-3,52,-16
1,-7,-3,53,-13
1,-7,-3,54,-10
1,-7,-3,55,-7
1,-7,-3,56,-38
1,-7,-3,57,-41
1,-7,-3,58,-44
1,-7,-3,59,-47
1,-7,-3,60,-50
1,-7,-3,61,-53
1,-7,-3,62,-56
1,-7,-3,63,-32
1,-7,-3,64,-29
1,-7,-3,65,-26
1,-7,-3,66,-23
1,-7,-3,67,-20
1,-7,-3,68,-17
1,-7,-3,69,-14
1,-7,-3,70,-45
1,-7,-3,71,-48
1,-7,-3,72,-51
1,-7,-3,73,-54
1,-7,-3,74,-57
1,-7,-3,75,-60
1,-7,-3,76,-63
1,-7,-3,77,-39
1,-7,-3,78,-36
1,-7,-3,79,-33
1,-7,-3,80,-30
1,-7,-3,81,-27
1,-7,-3,82,-24
1,-7,-3,83,-21
1,-7,-3,84,-52
1,-7,-3,85,-55
1,-7,-3,86,-58
1,-7,-3,87,-61
1,-7,-3,88,-64
1,-7,-3,89,-67
1,-7,-3,90,-70
1,-7,-3,91,-46
1,-7,-3,92,-43
1,-7,-3,93,-40
1,-7,-3,94,-37
1,-7,-3,95,-34
1,-7,-3,96,-31
1,-7,-3,97,-28
1,-7,-3,98,-59
1,-7,-3,99,-62
1,-7,-3,100,-65
1,-7,-3,101,-68
1,-7,-3,102,-71
1,-7,-3,103,-74
1,-7,-3,104,-77
1,-7,-3,105,-53
1,-7,-3,106,-50
1,-7,-3,107,-47
1,-7,-3,108,-44
1,-7,-3,109,-41
1,-7,-3,110,-38
1,-7,-3,111,-35
1,-7,-2,0,-9
1,-7,-2,1,-11
1,-7,-2,2,-13
1,-7,-2,3,-15
1,-7,-2,4,-17
1,-7,-2,5,-19
1,-7,-2,6,-21
1,-7,-2,7,-5
1,-7,-2,8,-3
1,-7,-2,9,-1
1,-7,-2,10,1
1,-7,-2,11,3
1,-7,-2,12,5
1,-7,-2,13,7
1,-7,-2,14,-16
1,-7,-2,15,-18
1,-7,-2,16,-20
1,-7,-2,17,-22
1,-7,-2,18,-24
1,-7,-2,19,-26
1,-7,-2,20,-28
1,-7,-2,21,-12
1,-7,-2,22,-10
1,-7,-2,23,-8
1,-7,-2,24,-6
1,-7,-2,25,-4
1,-7,-2,26,-2
1,-7,-2,27,0
1,-7,-2,28,-23
1,-7,-2,29,-25
1,-7,-2,30,-27
1,-7,-2,31,-29
1,-7,-2,32,-31
1,-7,-2,33,-33
1,-7,-2,34,-35
1,-7,-2,35,-19
1,-7,-2,36,-17
1,-7,-2,37,-15
1,-7,-2,38,-13
1,-7,-2,39,-11
1,-7,-2,40,-9
1,-7,-2,41,-7
1,-7,-2,42,-30
1,-7,-2,43,-32
1,-7,-2,44,-34
1,-7,-2,45,-36
1,-7,-2,46,-38
1,-7,-2,47,-40
1,-7,-2,48,-42
1,-7,-2,49,-26
1,-7,-2,50,-24
1,-7,-2,51,-22
1,-7,-2,52,-20
1,-7,-2,53,-18
1,-7,-2,54,-16
1,-7,-2,55,-14
1,-7,-2,56,-37
1,-7,-2,57,-39
1,-7,-2,58,-41
1,-7,-2,59,-43
1,-7,-2,60,-45
1,-7,-2,61,-47
1,-7,-2,62,-49
1,-7,-2,63,-33
1,-7,-2,64,-31
1,-7,-2,65,-29
1,-7,-2,66,-27
1,-7,-2,67,-25
1,-7,-2,68,-23
1,-7,-2,69,-21
1,-7,-2,70,-44
1,-7,-2,71,-46
1,-7,-2,72,-48
1,-7,-2,73,-50
1,-7,-2,74,-52
1,-7,-2,75,-54
1,-7,-2,76,-56
1,-7,-2,77,-40
1,-7,-2,78,-38
1,-7,-2,79,-36
1,-7,-2,80,-34
1,-7,-2,81,-32
1,-7,-2,82,-30
1,-7,-2,83,-28
1,-7,-2,84,-51
1,-7,-2,85,-53
1,-7,-2,86,-55
1,-7,-2,87,-57
1,-7,-2,88,-59
1,-7,-2,89,-61
1,-7,-2,90,-63
1,-7,-2,91,-47
1,-7,-2,92,-45
1,-7,-2,93,-43
1,-7,-2,94,-41
1,-7,-2,95,-39
1,-7,-2,96,-37
1,-7,-2,97,-35
1,-7,-2,98,-58
1,-7,-2,99,-60
1,-7,-2,100,-62
1,-7,-2,101,-64
1,-7,-2,102,-66
1,-7,-2,103,-68
1,-7,-2,104,-70
1,-7,-2,105,-54
1,-7,-2,106,-52
1,-7,-2,107,-50
1,-7,-2,108,-48
1,-7,-2,109,-46
1,-7,-2,110,-44
1,-7,-2,111,-42
1,-7,-1,0,-8
1,-7,-1,1,-9
1,-7,-1,2,-10
1,-7,-1,3,-11
1,-7,-1,4,-12
1,-7,-1,5,-13
1,-7,-1,6,-14
1,-7,-1,7,-6
1,-7,-1,8,-5
1,-7,-1,9,-4
1,-7,-1,10,-3
1,-7,-1,11,-2
1,-7,-1,12,-1
1,-7,-1,13,0
1,-7,-1,14,-15
1,-7,-1,15,-16
1,-7,-1,16,-17
1,-7,-1,17,-18
1,-7,-1,18,-19
1,-7,-1,19,-20
1,-7,-1,20,-21
1,-7,-1,21,-13
1,-7,-1,22,-12
1,-7,-1,23,-11
1,-7,-1,24,-10
1,-7,-1,25,-9
1,-7,-1,26,-8
1,-7,-1,27,-7
1,-7,-1,28,-22
1,-7,-1,29,-23
1,-7,-1,30,-24
1,-7,-1,31,-25
1,-7,-1,32,-26
1,-7,-1,33,-27
1,-7,-1,34,-28
1,-7,-1,35,-20
1,-7,-1,36,-19
1,-7,-1,37,-18
1,-7,-1,38,-17
1,-7,-1,39,-16
1,-7,-1,40,-15
1,-7,-1,41,-14
1,-7,-1,42,-29
1,-7,-1,43,-30
1,-7,-1,44,-31
1,-7,-1,45,-32
1,-7,-1,46,-33
1,-7,-1,47,-34
1,-7,-1,48,-35
1,-7,-1,49,-27
1,-7,-1,50,-26
1,-7,-1,51,-25
1,-7,-1,52,-24
1,-7,-1,53,-23
1,-7,-1,54,-22
1,-7,-1,55,-21
1,-7,-1,56,-36
1,-7,-1,57,-37
1,-7,-1,58,-38
1,-7,-1,59,-39
1,-7,-1,60,-40
1,-7,-1,61,-41
1,-7,-1,62,-42
1,-7,-1,63,-34
1,-7,-1,64,-33
1,-7,-1,65,-32
1,-7,-1,66,-31
1,-7,-1,67,-30
1,-7,-1,68,-29
1,-7,-1,69,-28
1,-7,-1,70,-43
1,-7,-1,71,-44
1,-7,-1,72,-45
1,-7,-1,73,-46
1,-7,-1,74,-47
1,-7,-1,75,-48
1,-7,-1,76,-49
1,-7,-1,77,-41
1,-7,-1,78,-40
1,-7,-1,79,-39
1,-7,-1,80,-38
1,-7,-1,81,-37
1,-7,-1,82,-36
1,-7,-1,83,-35
1,-7,-1,84,-50
1,-7,-1,85,-51
1,-7,-1,86,-52
1,-7,-1,87,-53
1,-7,-1,88,-54
1,-7,-1,89,-55
1,-7,-1,90,-56
1,-7,-1,91,-48
1,-7,-1,92,-47
1,-7,-1,93,-46
1,-7,-1,94,-45
1,-7,-1,95,-44
1,-7,-1,96,-43
1,-7,-1,97,-42
1,-7,-1,98,-57
1,-7,-1,99,-58
1,-7,-1,100,-59
1,-7,-1,101,-60
1,-7,-1,102,-61
1,-7,-1,103,-62
1,-7,-1,104,-63
1,-7,-1,105,-55
1,-7,-1,106,-54
1,-7,-1,107,-53
1,-7,-1,108,-52
1,-7,-1,109,-51
1,-7,-1,110,-50
1,-7,-1,111,-49
1,-7,0,0,-7
1,-7,0,1,-7
1,-7,0,2,-7
1,-7,0,3,-7
1,-7,0,4,-7
1,-7,0,5,-7
1,-7,0,6,-7
1,-7,0,7,-7
1,-7,0,8,-7
1,-7,0,9,-7
1,-7,0,10,-7
1,-7,0,11,-7
1,-7,0,12,-7
1,-7,0,13,-7
1,-7,0,14,-14
1,-7,0,15,-14
1,-7,0,16,-14
1,-7,0,17,-14
1,-7,0,18,-14
1,-7,0,19,-14
1,-7,0,20,-14
1,-7,0,21,-14
1,-7,0,22,-14
1,-7,0,23,-14
1,-7,0,24,-14
1,-7,0,25,-14
1,-7,0,26,-14
1,-7,0,27,-14
1,-7,0,28,-21
1,-7,0,29,-21
1,-7,0,30,-21
1,-7,0,31,-21
1,-7,0,32,-21
1,-7,0,33,-21
1,-7,0,34,-21
1,-7,0,35,-21
1,-7,0,36,-21
1,-7,0,37,-21
1,-7,0,38,-21
1,-7,0,39,-21
1,-7,0,40,-21
1,-7,0,41,-21
1,-7,0,42,-28
1,-7,0,43,-28
1,-7,0,44,-28
1,-7,0,45,-28
1,-7,0,46,-28
1,-7,0,47,-28
1,-7,0,48,-28
1,-7,0,49,-28
1,-7,0,50,-28
1,-7,0,51,-28
1,-7,0,52,-28
1,-7,0,53,-28
1,-7,0,54,-28
1,-7,0,55,-28
1,-7,0,56,-35
1,-7,0,57,-35
1,-7,0,58,-35
1,-7,0,59,-35
1,-7,0,60,-35
1,-7,0,61,-35
1,-7,0,62,-35
1,-7,0,63,-35
1,-7,0,64,-35
1,-7,0,65,-35
1,-7,0,66,-35
1,-7,0,67,-35
1,-7,0,68,-35
1,-7,0,69,-35
1,-7,0,70,-42
1,-7,0,71,-42
1,-7,0,72,-42
1,-7,0,73,-42
1,-7,0,74,-42
1,-7,0,75,-42
1,-7,0,76,-42
1,-7,0,77,-42
1,-7,0,78,-42
1,-7,0,79,-42
1,-7,0,80,-42
1,-7,0,81,-42
1,-7,0,82,-42
1,-7,0,83,-42
1,-7,0,84,-49
1,-7,0,85,-49
1,-7,0,86,-49
1,-7,0,87,-49
1,-7,0,88,-49
1,-7,0,89,-49
1,-7,0,90,-49
1,-7,0,91,-49
1,-7,0,92,-49
1,-7,0,93,-49
1,-7,0,94,-49
1,-7,0,95,-49
1,-7,0,96,-49
1,-7,0,97,-49
1,-7,0,98,-56
1,-7,0,99,-56
1,-7,0,100,-56
1,-7,0,101,-56
1,-7,0,102,-56
1,-7,0,103,-56
1,-7,0,104,-56
1,-7,0,105,-56
1,-7,0,106,-56
1,-7,0,107,-56
1,-7,0,108,-56
1,-7,0,109,-56
1,-7,0,110,-56
1,-7,0,111,-56
1,-7,1,0,-6
1,-7,1,1,-5
1,-7,1,2,-4
1,-7,1,3,-3
1,-7,1,4,-2
1,-7,1,5,-1
1,-7,1,6,0
1,-7,1,7,-8
1,-7,1,8,-9
1,-7,1,9,-10
1,-7,1,10,-11
1,-7,1,11,-12
1,-7,1,12,-13
1,-7,1,13,-14
1,-7,1,14,-13
1,-7,1,15,-12
1,-7,1,16,-11
1,-7,1,17,-10
1,-7,1,18,-9
1,-7,1,19,-8
1,-7,1,20,-7
1,-7,1,21,-15
1,-7,1,22,-16
1,-7,1,23,-17
1,-7,1,24,-18
1,-7,1,25,-19
1,-7,1,26,-20
1,-7,1,27,-21
1,-7,1,28,-20
1,-7,1,29,-19
1,-7,1,30,-18
1,-7,1,31,-17
1,-7,1,32,-16
1,-7,1,33,-15
1,-7,1,34,-14
1,-7,1,35,-22
1,-7,1,36,-23
1,-7,1,37,-24
1,-7,1,38,-25
1,-7,1,39,-26
1,-7,1,40,-27
1,-7,1,41,-28
1,-7,1,42,-27
1,-7,1,43,-26
1,-7,1,44,-25
1,-7,1,45,-24
1,-7,1,46,-23
1,-7,1,47,-22
1,-7,1,48,-21
1,-7,1,49,-29
1,-7,1,50,-30
1,-7,1,51,-31
1,-7,1,52,-32
1,-7,1,53,-33
1,-7,1,54,-34
1,-7,1,55,-35
1,-7,1,56,-34
1,-7,1,57,-33
1,-7,1,58,-32
1,-7,1,59,-31
1,-7,1,60,-30
1,-7,1,61,-29
1,-7,1,62,-28
1,-7,1,63,-36
1,-7,1,64,-37
1,-7,1,65,-38
1,-7,1,66,-39
1,-7,1,67,-40
1,-7,1,68,-41
1,-7,1,69,-42
1,-7,1,70,-41
1,-7,1,71,-40
1,-7,1,72,-39
1,-7,1,73,-38
1,-7,1,74,-37
1,-7,1,75,-36
1,-7,1,76,-35
1,-7,1,77,-43
1,-7,1,78,-44
1,-7,1,79,-45
1,-7,1,80,-46
1,-7,1,81,-47
1,-7,1,82,-48
1,-7,1,83,-49
1,-7,1,84,-48
1,-7,1,85,-47
1,-7,1,86,-46
1,-7,1,87,-45
1,-7,1,88,-44
1,-7,1,89,-43
1,-7,1,90,-42
1,-7,1,91,-50
1,-7,1,92,-51
1,-7,1,93,-52
1,-7,1,94,-53
1,-7,1,95,-54
1,-7,1,96,-55
1,-7,1,97,-56
1,-7,1,98,-55
1,-7,1,99,-54
1,-7,1,100,-53
1,-7,1,101,-52
1,-7,1,102,-51
1,-7,1,103,-50
1,-7,1,104,-49
1,-7,1,105,-57
1,-7,1,106,-58
1,-7,1,107,-59
1,-7,1,108,-60
1,-7,1,109,-61
1,-7,1,110,-62
1,-7,1,111,-63
1,-7,2,0,-5
1,-7,2,1,-3
1,-7,2,2,-1
1,-7,2,3,1
1,-7,2,4,3
1,-7,2,5,5
1,-7,2,6,7
1,-7,2,7,-9
1,-7,2,8,-11
1,-7,2,9,-13
1,-7,2,10,-15
1,-7,2,11,-17
1,-7,2,12,-19
1,-7,2,13,-21
1,-7,2,14,-12
1,-7,2,15,-10
1,-7,2,16,-8
1,-7,2,17,-6
1,-7,2,18,-4
1,-7,2,19,-2
1,-7,2,20,0
1,-7,2,21,-16
1,-7,2,22,-18
1,-7,2,23,-20
1,-7,2,24,-22
1,-7,2,25,-24
1,-7,2,26,-26
1,-7,2,27,-28
1,-7,2,28,-19
1,-7,2,29,-17
1,-7,2,30,-15
1,-7,2,31,-13
1,-7,2,32,-11
1,-7,2,33,-9
1,-7,2,34,-7
1,-7,2,35,-23
1,-7,2,36,-25
1,-7,2,37,-27
1,-7,2,38,-29
1,-7,2,39,-31
1,-7,2,40,-33
1,-7,2,41,-35
1,-7,2,42,-26
1,-7,2,43,-24
1,-7,2,44,-22
1,-7,2,45,-20
1,-7,2,46,-18
1,-7,2,47,-16
1,-7,2,48,-14
1,-7,2,49,-30
1,-7,2,50,-32
1,-7,2,51,-34
1,-7,2,52,-36
1,-7,2,53,-38
1,-7,2,54,-40
1,-7,2,55,-42
1,-7,2,56,-33
1,-7,2,57,-31
1,-7,2,58,-29
1,-7,2,59,-27
1,-7,2,60,-25
1,-7,2,61,-23
1,-7,2,62,-21
1,-7,2,63,-37
1,-7,2,64,-39
1,-7,2,65,-41
1,-7,2,66,-43
1,-7,2,67,-45
1,-7,2,68,-47
1,-7,2,69,-49
1,-7,2,70,-40
1,-7,2,71,-38
1,-7,2,72,-36
1,-7,2,73,-34
1,-7,2,74,-32
1,-7,2,75,-30
1,-7,2,76,-28
1,-7,2,77,-44
1,-7,2,78,-46
1,-7,2,79,-48
1,-7,2,80,-50
1,-7,2,81,-52
1,-7,2,82,-54
1,-7,2,83,-56
1,-7,2,84,-47
1,-7,2,85,-45
1,-7,2,86,-43
1,-7,2,87,-41
1,-7,2,88,-39
1,-7,2,89,-37
1,-7,2,90,-35
1,-7,2,91,-51
1,-7,2,92,-53
1,-7,2,93,-55
1,-7,2,94,-57
1,-7,2,95,-59
1,-7,2,96,-61
1,-7,2,97,-63
1,-7,2,98,-54
1,-7,2,99,-52
1,-7,2,100,-50
1,-7,2,101,-48
1,-7,2,102,-46
1,-7,2,103,-44
1,-7,2,104,-42
1,-7,2,105,-58
1,-7,2,106,-60
1,-7,2,107,-62
1,-7,2,108,-64
1,-7,2,109,-66
1,-7,2,110,-68
1,-7,2,111,-70
1,-7,3,0,-4
1,-7,3,1,-1
1,-7,3,2,2
1,-7,3,3,5
1,-7,3,4,8
1,-7,3,5,11
1,-7,3,6,14
1,-7,3,7,-10
1,-7,3,8,-13
1,-7,3,9,-16
1,-7,3,10,-19
1,-7,3,11,-22
1,-7,3,12,-25
1,-7,3,13,-28
1,-7,3,14,-11
1,-7,3,15,-8
1,-7,3,16,-5
1,-7,3,17,-2
1,-7,3,18,1
1,-7,3,19,4
1,-7,3,20,7
1,-7,3,21,-17
1,-7,3,22,-20
1,-7,3,23,-23
1,-7,3,24,-26
1,-7,3,25,-29
1,-7,3,26,-32
1,-7,3,27,-35
1,-7,3,28,-18
1,-7,3,29,-15
1,-7,3,30,-12
1,-7,3,31,-9
1,-7,3,32,-6
1,-7,3,33,-3
1,-7,3,34,0
1,-7,3,35,-24
1,-7,3,36,-27
1,-7,3,37,-30
1,-7,3,38,-33
1,-7,3,39,-36
1,-7,3,40,-39
1,-7,3,41,-42
1,-7,3,42,-25
1,-7,3,43,-22
1,-7,3,44,-19
1,-7,3,45,-16
1,-7,3,46,-13
1,-7,3,47,-10
1,-7,3,48,-7
1,-7,3,49,-31
1,-7,3,50,-34
1,-7,3,51,-37
1,-7,3,52,-40
1,-7,3,53,-43
1,-7,3,54,-46
1,-7,3,55,-49
1,-7,3,56,-32
1,-7,3,57,-29
1,-7,3,58,-26
1,-7,3,59,-23
1,-7,3,60,-20
1,-7,3,61,-17
1,-7,3,62,-14
1,-7,3,63,-38
1,-7,3,64,-41
1,-7,3,65,-44
1,-7,3,66,-47
1,-7,3,67,-50
1,-7,3,68,-53
1,-7,3,69,-56
1,-7,3,70,-39
1,-7,3,71,-36
1,-7,3,72,-33
1,-7,3,73,-30
1,-7,3,74,-27
1,-7,3,75,-24
1,-7,3,76,-21
1,-7,3,77,-45
1,-7,3,78,-48
1,-7,3,79,-51
1,-7,3,80,-54
1,-7,3,81,-57
1,-7,3,82,-60
1,-7,3,83,-63
1,-7,3,84,-46
1,-7,3,85,-43
1,-7,3,86,-40
1,-7,3,87,-37
1,-7,3,88,-34
1,-7,3,89,-31
1,-7,3,90,-28
1,-7,3,91,-52
1,-7,3,92,-55
1,-7,3,93,-58
1,-7,3,94,-61
1,-7,3,95,-64
1,-7,3,96,-67
1,-7,3,97,-70
1,-7,3,98,-53
1,-7,3,99,-50
1,-7,3,100,-47
1,-7,3,101,-44
1,-7,3,102,-41
1,-7,3,103,-38
1,-7,3,104,-35
1,-7,3,105,-59
1,-7,3,106,-62
1,-7,3,107,-65
1,-7,3,108,-68
1,-7,3,109,-71
1,-7,3,110,-74
1,-7,3,111,-77
1,-7,4,0,-3
1,-7,4,1,1
1,-7,4,2,5
1,-7,4,3,9
1,-7,4,4,13
1,-7,4,5,17
1,-7,4,6,21
1,-7,4,7,-11
1,-7,4,8,-15
1,-7,4,9,-19
1,-7,4,10,-23
1,-7,4,11,-27
1,-7,4,12,-31
1,-7,4,13,-35
1,-7,4,14,-10
1,-7,4,15,-6
1,-7,4,16,-2
1,-7,4,17,2
1,-7,4,18,6
1,-7,4,19,10
1,-7,4,20,14
1,-7,4,21,-18
1,-7,4,22,-22
1,-7,4,23,-26
1,-7,4,24,-30
1,-7,4,25,-34
1,-7,4,26,-38
1,-7,4,27,-42
1,-7,4,28,-17
1,-7,4,29,-13
1,-7,4,30,-9
1,-7,4,31,-5
1,-7,4,32,-1
1,-7,4,33,3
1,-7,4,34,7
1,-7,4,35,-25
1,-7,4,36,-29
1,-7,4,37,-33
1,-7,4,38,-37
1,-7,4,39,-41
1,-7,4,40,-45
1,-7,4,41,-49
1,-7,4,42,-24
1,-7,4,43,-20
1,-7,4,44,-16
1,-7,4,45,-12
1,-7,4,46,-8
1,-7,4,47,-4
1,-7,4,48,0
1,-7,4,49,-32
1,-7,4,50,-36
1,-7,4,51,-40
1,-7,4,52,-44
1,-7,4,53,-48
1,-7,4,54,-52
1,-7,4,55,-56
1,-7,4,56,-31
1,-7,4,57,-27
1,-7,4,58,-23
1,-7,4,59,-19
1,-7,4,60,-15
1,-7,4,61,-11
1,-7,4,62,-7
1,-7,4,63,-39
1,-7,4,64,-43
1,-7,4,65,-47
1,-7,4,66,-51
1,-7,4,67,-55
1,-7,4,68,-59
1,-7,4,69,-63
1,-7,4,70,-38
1,-7,4,71,-34
1,-7,4,72,-30
1,-7,4,73,-26
1,-7,4,74,-22
1,-7,4,75,-18
1,-7,4,76,-14
1,-7,4,77,-46
1,-7,4,78,-50
1,-7,4,79,-54
1,-7,4,80,-58
1,-7,4,81,-62
1,-7,4,82,-66
1,-7,4,83,-70
1,-7,4,84,-45
1,-7,4,85,-41
1,-7,4,86,-37
1,-7,4,87,-33
1,-7,4,88,-29
1,-7,4,89,-25
1,-7,4,90,-21
1,-7,4,91,-53
1,-7,4,92,-57
1,-7,4,93,-61
1,-7,4,94,-65
1,-7,4,95,-69
1,-7,4,96,-73
1,-7,4,97,-77
1,-7,4,98,-52
1,-7,4,99,-48
1,-7,4,100,-44
1,-7,4,101,-40
1,-7,4,102,-36
1,-7,4,103,-32
1,-7,4,104,-28
1,-7,4,105,-60
1,-7,4,106,-64
1,-7,4,107,-68
1,-7,4,108,-72
1,-7,4,109,-76
1,-7,4,110,-80
1,-7,4,111,-84
1,-7,5,0,-2
1,-7,5,1,3
1,-7,5,2,8
1,-7,5,3,13
1,-7,5,4,18
1,-7,5,5,23
1,-7,5,6,28
1,-7,5,7,-12
1,-7,5,8,-17
1,-7,5,9,-22
1,-7,5,10,-27
1,-7,5,11,-32
1,-7,5,12,-37
1,-7,5,13,-42
1,-7,5,14,-9
1,-7,5,15,-4
1,-7,5,16,1
1,-7,5,17,6
1,-7,5,18,11
1,-7,5,19,16
1,-7,5,20,21
1,-7,5,21,-19
1,-7,5,22,-24
1,-7,5,23,-29
1,-7,5,24,-34
1,-7,5,25,-39
1,-7,5,26,-44
1,-7,5,27,-49
1,-7,5,28,-16
1,-7,5,29,-11
1,-7,5,30,-6
1,-7,5,31,-1
1,-7,5,32,4
1,-7,5,33,9
1,-7,5,34,14
1,-7,5,35,-26
1,-7,5,36,-31
1,-7,5,37,-36
1,-7,5,38,-41
1,-7,5,39,-46
1,-7,5,40,-51
1,-7,5,41,-56
1,-7,5,42,-23
1,-7,5,43,-18
1,-7,5,44,-13
1,-7,5,45,-8
1,-7,5,46,-3
1,-7,5,47,2
1,-7,5,48,7
1,-7,5,49,-33
1,-7,5,50,-38
1,-7,5,51,-43
1,-7,5,52,-48
1,-7,5,53,-53
1,-7,5,54,-58
1,-7,5,55,-63
1,-7,5,56,-30
1,-7,5,57,-25
1,-7,5,58,-20
1,-7,5,59,-15
1,-7,5,60,-10
1,-7,5,61,-5
1,-7,5,62,0
1,-7,5,63,-40
1,-7,5,64,-45
1,-7,5,65,-50
1,-7,5,66,-55
1,-7,5,67,-60
1,-7,5,68,-65
1,-7,5,69,-70
1,-7,5,70,-37
1,-7,5,71,-32
1,-7,5,72,-27
1,-7,5,73,-22
1,-7,5,74,-17
1,-7,5,75,-12
1,-7,5,76,-7
1,-7,5,77,-47
1,-7,5,78,-52
1,-7,5,79,-57
1,-7,5,80,-62
1,-7,5,81,-67
1,-7,5,82,-72
1,-7,5,83,-77
1,-7,5,84,-44
1,-7,5,85,-39
1,-7,5,86,-34
1,-7,5,87,-29
1,-7,5,88,-24
1,-7,5,89,-19
1,-7,5,90,-14
1,-7,5,91,-54
1,-7,5,92,-59
1,-7,5,93,-64
1,-7,5,94,-69
1,-7,5,95,-74
1,-7,5,96,-79
1,-7,5,97,-84
1,-7,5,98,-51
1,-7,5,99,-46
1,-7,5,100,-41
1,-7,5,101,-36
1,-7,5,102,-31
1,-7,5,103,-26
1,-7,5,104,-21
1,-7,5,105,-61
1,-7,5,106,-66
1,-7,5,107,-71
1,-7,5,108,-76
1,-7,5,109,-81
1,-7,5,110,-86
1,-7,5,111,-91
1,-7,6,0,-1
1,-7,6,1,5
1,-7,6,2,11
1,-7,6,3,17
1,-7,6,4,23
1,-7,6,5,29
1,-7,6,6,35
1,-7,6,7,-13
1,-7,6,8,-19
1,-7,6,9,-25
1,-7,6,10,-31
1,-7,6,11,-37
1,-7,6,12,-43
1,-7,6,13,-49
1,-7,6,14,-8
1,-7,6,15,-2
1,-7,6,16,4
1,-7,6,17,10
1,-7,6,18,16
1,-7,6,19,22
1,-7,6,20,28
1,-7,6,21,-20
1,-7,6,22,-26
1,-7,6,23,-32
1,-7,6,24,-38
1,-7,6,25,-44
1,-7,6,26,-50
1,-7,6,27,-56
1,-7,6,28,-15
1,-7,6,29,-9
1,-7,6,30,-3
1,-7,6,31,3
1,-7,6,32,9
1,-7,6,33,15
1,-7,6,34,21
1,-7,6,35,-27
1,-7,6,36,-33
1,-7,6,37,-39
1,-7,6,38,-45
1,-7,6,39,-51
1,-7,6,40,-57
1,-7,6,41,-63
1,-7,6,42,-22
1,-7,6,43,-16
1,-7,6,44,-10
1,-7,6,45,-4
1,-7,6,46,2
1,-7,6,47,8
1,-7,6,48,14
1,-7,6,49,-34
1,-7,6,50,-40
1,-7,6,51,-46
1,-7,6,52,-52
1,-7,6,53,-58
1,-7,6,54,-64
1,-7,6,55,-70
1,-7,6,56,-29
1,-7,6,57,-23
1,-7,6,58,-17
1,-7,6,59,-11
1,-7,6,60,-5
1,-7,6,61,1
1,-7,6,62,7
1,-7,6,63,-41
1,-7,6,64,-47
1,-7,6,65,-53
1,-7,6,66,-59
1,-7,6,67,-65
1,-7,6,68,-71
1,-7,6,69,-77
1,-7,6,70,-36
1,-7,6,71,-30
1,-7,6,72,-24
1,-7,6,73,-18
1,-7,6,74,-12
1,-7,6,75,-6
1,-7,6,76,0
1,-7,6,77,-48
1,-7,6,78,-54
1,-7,6,79,-60
1,-7,6,80,-66
1,-7,6,81,-72
1,-7,6,82,-78
1,-7,6,83,-84
1,-7,6,84,-43
1,-7,6,85,-37
1,-7,6,86,-31
1,-7,6,87,-25
1,-7,6,88,-19
1,-7,6,89,-13
1,-7,6,90,-7
1,-7,6,91,-55
1,-7,6,92,-61
1,-7,6,93,-67
1,-7,6,94,-73
1,-7,6,95,-79
1,-7,6,96,-85
1,-7,6,97,-91
1,-7,6,98,-50
1,-7,6,99,-44
1,-7,6,100,-38
1,-7,6,101,-32
1,-7,6,102,-26
1,-7,6,103,-20
1,-7,6,104,-14
1,-7,6,105,-62
1,-7,6,106,-68
1,-7,6,107,-74
1,-7,6,108,-80
1,-7,6,109,-86
1,-7,6,110,-92
1,-7,6,111,-98
1,-7,7,0,0
1,-7,7,1,7
1,-7,7,2,14
1,-7,7,3,21
1,-7,7,4,28
1,-7,7,5,35
1,-7,7,6,42
1,-7,7,7,-14
1,-7,7,8,-21
1,-7,7,9,-28
1,-7,7,10,-35
1,-7,7,11,-42
1,-7,7,12,-49
1,-7,7,13,-56
1,-7,7,14,-7
1,-7,7,15,0
1,-7,7,16,7
1,-7,7,17,14
1,-7,7,18,21
1,-7,7,19,28
1,-7,7,20,35
1,-7,7,21,-21
1,-7,7,22,-28
1,-7,7,23,-35
1,-7,7,24,-42
1,-7,7,25,-49
1,-7,7,26,-56
1,-7,7,27,-63
1,-7,7,28,-14
1,-7,7,29,-7
1,-7,7,30,0
1,-7,7,31,7
1,-7,7,32,14
1,-7,7,33,21
1,-7,7,34,28
1,-7,7,35,-28
1,-7,7,36,-35
1,-7,7,37,-42
1,-7,7,38,-49
1,-7,7,39,-56
1,-7,7,40,-63
1,-7,7,41,-70
1,-7,7,42,-21
1,-7,7,43,-14
1,-7,7,44,-7
1,-7,7,45,0
1,-7,7,46,7
1,-7,7,47,14
1,-7,7,48,21
1,-7,7,49,-35
1,-7,7,50,-42
1,-7,7,51,-49
1,-7,7,52,-56
1,-7,7,53,-63
1,-7,7,54,-70
1,-7,7,55,-77
1,-7,7,56,-28
1,-7,7,57,-21
1,-7,7,58,-14
1,-7,7,59,-7
1,-7,7,60,0
1,-7,7,61,7
1,-7,7,62,14
1,-7,7,63,-42
1,-7,7,64,-49
1,-7,7,65,-56
1,-7,7,66,-63
1,-7,7,67,-70
1,-7,7,68,-77
1,-7,7,69,-84
1,-7,7,70,-35
1,-7,7,71,-28
1,-7,7,72,-21
1,-7,7,73,-14
1,-7,7,74,-7
1,-7,7,75,0
1,-7,7,76,7
1,-7,7,77,-49
1,-7,7,78,-56
1,-7,7,79,-63
1,-7,7,80,-70
1,-7,7,81,-77
1,-7,7,82,-84
1,-7,7,83,-91
1,-7,7,84,-42
1,-7,7,85,-35
1,-7,7,86,-28
1,-7,7,87,-21
1,-7,7,88,-14
1,-7,7,89,-7
1,-7,7,90,0
1,-7,7,91,-56
1,-7,7,92,-63
1,-7,7,93,-70
1,-7,7,94,-77
1,-7,7,95,-84
1,-7,7,96,-91
1,-7,7,97,-98
1,-7,7,98,-49
1,-7,7,99,-42
1,-7,7,100,-35
1,-7,7,101,-28
1,-7,7,102,-21
1,-7,7,103,-14
1,-7,7,104,-7
1,-7,7,105,-63
1,-7,7,106,-70
1,-7,7,107,-77
1,-7,7,108,-84
1,-7,7,109,-91
1,-7,7,110,-98
1,-7,7,111,-105
1,-6,-8,0,-14
1,-6,-8,1,-22
1,-6,-8,2,-30
1,-6,-8,3,-38
1,-6,-8,4,-46
1,-6,-8,5,-54
1,-6,-8,6,-62
1,-6,-8,7,2
1,-6,-8,8,10
1,-6,-8,9,18
1,-6,-8,10,26
1,-6,-8,11,34
1,-6,-8,12,42
1,-6,-8,13,50
1,-6,-8,14,-20
1,-6,-8,15,-28
1,-6,-8,16,-36
1,-6,-8,17,-44
1,-6,-8,18,-52
1,-6,-8,19,-60
1,-6,-8,20,-68
1,-6,-8,21,-4
1,-6,-8,22,4
1,-6,-8,23,12
1,-6,-8,24,20
1,-6,-8,25,28
1,-6,-8,26,36
1,-6,-8,27,44
1,-6,-8,28,-26
1,-6,-8,29,-34
1,-6,-8,30,-42
1,-6,-8,31,-50
1,-6,-8,32,-58
1,-6,-8,33,-66
1,-6,-8,34,-74
1,-6,-8,35,-10
1,-6,-8,36,-2
1,-6,-8,37,6
1,-6,-8,38,14
1,-6,-8,39,22
1,-6,-8,40,30
1,-6,-8,41,38
1,-6,-8,42,-32
1,-6,-8,43,-40
1,-6,-8,44,-48
1,-6,-8,45,-56
1,-6,-8,46,-64
1,-6,-8,47,-72
1,-6,-8,48,-80
1,-6,-8,49,-16
1,-6,-8,50,-8
1,-6,-8,51,0
1,-6,-8,52,8
1,-6,-8,53,16
1,-6,-8,54,24
1,-6,-8,55,32
1,-6,-8,56,-38
1,-6,-8,57,-46
1,-6,-8,58,-54
1,-6,-8,59,-62
1,-6,-8,60,-70
1,-6,-8,61,-78
1,-6,-8,62,-86
1,-6,-8,63,-22
1,-6,-8,64,-14
1,-6,-8,65,-6
1,-6,-8,66,2
1,-6,-8,67,10
1,-6,-8,68,18
1,-6,-8,69,26
1,-6,-8,70,-44
1,-6,-8,71,-52
1,-6,-8,72,-60
1,-6,-8,73,-68
1,-6,-8,74,-76
1,-6,-8,75,-84
1,-6,-8,76,-92
1,-6,-8,77,-28
1,-6,-8,78,-20
1,-6,-8,79,-12
1,-6,-8,80,-4
1,-6,-8,81,4
1,-6,-8,82,12
1,-6,-8,83,20
1,-6,-8,84,-50
1,-6,-8,85,-58
1,-6,-8,86,-66
1,-6,-8,87,-74
1,-6,-8,88,-82
1,-6,-8,89,-90
1,-6,-8,90,-98
1,-6,-8,91,-34
1,-6,-8,92,-26
1,-6,-8,93,-18
1,-6,-8,94,-10
1,-6,-8,95,-2
1,-6,-8,96,6
1,-6,-8,97,14
1,-6,-8,98,-56
1,-6,-8,99,-64
1,-6,-8,100,-72
1,-6,-8,101,-80
1,-6,-8,102,-88
1,-6,-8,103,-96
1,-6,-8,104,-104
1,-6,-8,105,-40
1,-6,-8,106,-32
1,-6,-8,107,-24
1,-6,-8,108,-16
1,-6,-8,109,-8
1,-6,-8,110,0
1,-6,-8,111,8
1,-6,-7,0,-13
1,-6,-7,1,-20
1,-6,-7,2,-27
1,-6,-7,3,-34
1,-6,-7,4,-41
1,-6,-7,5,-48
1,-6,-7,6,-55
1,-6,-7,7,1
1,-6,-7,8,8
1,-6,-7,9,15
1,-6,-7,10,22
1,-6,-7,11,29
1,-6,-7,12,36
1,-6,-7,13,43
1,-6,-7,14,-19
1,-6,-7,15,-26
1,-6,-7,16,-33
1,-6,-7,17,-40
1,-6,-7,18,-47
1,-6,-7,19,-54
1,-6,-7,20,-61
1,-6,-7,21,-5
1,-6,-7,22,2
1,-6,-7,23,9
1,-6,-7,24,16
1,-6,-7,25,23
1,-6,-7,26,30
1,-6,-7,27,37
1,-6,-7,28,-25
1,-6,-7,29,-32
1,-6,-7,30,-39
1,-6,-7,31,-46
1,-6,-7,32,-53
1,-6,-7,33,-60
1,-6,-7,34,-67
1,-6,-7,35,-11
1,-6,-7,36,-4
1,-6,-7,37,3
1,-6,-7,38,10
1,-6,-7,39,17
1,-6,-7,40,24
1,-6,-7,41,31
1,-6,-7,42,-31
1,-6,-7,43,-38
1,-6,-7,44,-45
1,-6,-7,45,-52
1,-6,-7,46,-59
1,-6,-7,47,-66
1,-6,-7,48,-73
1,-6,-7,49,-17
1,-6,-7,50,-10
1,-6,-7,51,-3
1,-6,-7,52,4
1,-6,-7,53,11
1,-6,-7,54,18
1,-6,-7,55,25
1,-6,-7,56,-37
1,-6,-7,57,-44
1,-6,-7,58,-51
1,-6,-7,59,-58
1,-6,-7,60,-65
1,-6,-7,61,-72
1,-6,-7,62,-79
1,-6,-7,63,-23
1,-6,-7,64,-16
1,-6,-7,65,-9
1,-6,-7,66,-2
1,-6,-7,67,5
1,-6,-7,68,12
1,-6,-7,69,19
1,-6,-7,70,-43
1,-6,-7,71,-50
1,-6,-7,72,-57
1,-6,-7,73,-64
1,-6,-7,74,-71
1,-6,-7,75,-78
1,-6,-7,76,-85
1,-6,-7,77,-29
1,-6,-7,78,-22
1,-6,-7,79,-15
1,-6,-7,80,-8
1,-6,-7,81,-1
1,-6,-7,82,6
1,-6,-7,83,13
1,-6,-7,84,-49
1,-6,-7,85,-56
1,-6,-7,86,-63
1,-6,-7,87,-70
1,-6,-7,88,-77
1,-6,-7,89,-84
1,-6,-7,90,-91
1,-6,-7,91,-35
1,-6,-7,92,-28
1,-6,-7,93,-21
1,-6,-7,94,-14
1,-6,-7,95,-7
1,-6,-7,96,0
1,-6,-7,97,7
1,-6,-7,98,-55
1,-6,-7,99,-62
1,-6,-7,100,-69
1,-6,-7,101,-76
1,-6,-7,102,-83
1,-6,-7,103,-90
1,-6,-7,104,-97
1,-6,-7,105,-41
1,-6,-7,106,-34
1,-6,-7,107,-27
1,-6,-7,108,-20
1,-6,-7,109,-13
1,-6,-7,110,-6
1,-6,-7,111,1
1,-6,-6,0,-12
1,-6,-6,1,-18
1,-6,-6,2,-24
1,-6,-6,3,-30
1,-6,-6,4,-36
1,-6,-6,5,-42
1,-6,-6,6,-48
1,-6,-6,7,0
1,-6,-6,8,6
1,-6,-6,9,12
1,-6,-6,10,18
1,-6,-6,11,24
1,-6,-6,12,30
1,-6,-6,13,36
1,-6,-6,14,-18
1,-6,-6,15,-24
1,-6,-6,16,-30
1,-6,-6,17,-36
1,-6,-6,18,-42
1,-6,-6,19,-48
1,-6,-6,20,-54
1,-6,-6,21,-6
1,-6,-6,22,0
1,-6,-6,23,6
1,-6,-6,24,12
1,-6,-6,25,18
1,-6,-6,26,24
1,-6,-6,27,30
1,-6,-6,28,-24
1,-6,-6,29,-30
1,-6,-6,30,-36
1,-6,-6,31,-42
1,-6,-6,32,-48
1,-6,-6,33,-54
1,-6,-6,34,-60
1,-6,-6,35,-12
1,-6,-6,36,-6
1,-6,-6,37,0
1,-6,-6,38,6
1,-6,-6,39,12
1,-6,-6,40,18
1,-6,-6,41,24
1,-6,-6,42,-30
1,-6,-6,43,-36
1,-6,-6,44,-42
1,-6,-6,45,-48
1,-6,-6,46,-54
1,-6,-6,47,-60
1,-6,-6,48,-66
1,-6,-6,49,-18
1,-6,-6,50,-12
1,-6,-6,51,-6
1,-6,-6,52,0
1,-6,-6,53,6
1,-6,-6,54,12
1,-6,-6,55,18
1,-6,-6,56,-36
1,-6,-6,57,-42
1,-6,-6,58,-48
1,-6,-6,59,-54
1,-6,-6,60,-60
1,-6,-6,61,-66
1,-6,-6,62,-72
1,-6,-6,63,-24
1,-6,-6,64,-18
1,-6,-6,65,-12
1,-6,-6,66,-6
1,-6,-6,67,0
1,-6,-6,68,6
1,-6,-6,69,12
1,-6,-6,70,-42
1,-6,-6,71,-48
1,-6,-6,72,-54
1,-6,-6,73,-60
1,-6,-6,74,-66
1,-6,-6,75,-72
1,-6,-6,76,-78
1,-6,-6,77,-30
1,-6,-6,78,-24
1,-6,-6,79,-18
1,-6,-6,80,-12
1,-6,-6,81,-6
1,-6,-6,82,0
1,-6,-6,83,6
1,-6,-6,84,-48
1,-6,-6,85,-54
1,-6,-6,86,-60
1,-6,-6,87,-66
1,-6,-6,88,-72
1,-6,-6,89,-78
1,-6,-6,90,-84
1,-6,-6,91,-36
1,-6,-6,92,-30
1,-6,-6,93,-24
1,-6,-6,94,-18
1,-6,-6,95,-12
1,-6,-6,96,-6
1,-6,-6,97,0
1,-6,-6,98,-54
1,-6,-6,99,-60
1,-6,-6,100,-66
1,-6,-6,101,-72
1,-6,-6,102,-78
1,-6,-6,103,-84
1,-6,-6,104,-90
1,-6,-6,105,-42
1,-6,-6,106,-36
1,-6,-6,107,-30
1,-6,-6,108,-24
1,-6,-6,109,-18
1,-6,-6,110,-12
1,-6,-6,111,-6
1,-6,-5,0,-11
1,-6,-5,1,-16
1,-6,-5,2,-21
1,-6,-5,3,-26
1,-6,-5,4,-31
1,-6,-5,5,-36
1,-6,-5,6,-41
1,-6,-5,7,-1
1,-6,-5,8,4
1,-6,-5,9,9
1,-6,-5,10,14
1,-6,-5,11,19
1,-6,-5,12,24
1,-6,-5,13,29
1,-6,-5,14,-17
1,-6,-5,15,-22
1,-6,-5,16,-27
1,-6,-5,17,-32
1,-6,-5,18,-37
1,-6,-5,19,-42
1,-6,-5,20,-47
1,-6,-5,21,-7
1,-6,-5,22,-2
1,-6,-5,23,3
1,-6,-5,24,8
1,-6,-5,25,13
1,-6,-5,26,18
1,-6,-5,27,23
1,-6,-5,28,-23
1,-6,-5,29,-28
1,-6,-5,30,-33
1,-6,-5,31,-38
1,-6,-5,32,-43
1,-6,-5,33,-48
1,-6,-5,34,-53
1,-6,-5,35,-13
1,-6,-5,36,-8
1,-6,-5,37,-3
1,-6,-5,38,2
1,-6,-5,39,7
1,-6,-5,40,12
1,-6,-5,41,17
1,-6,-5,42,-29
1,-6,-5,43,-34
1,-6,-5,44,-39
1,-6,-5,45,-44
1,-6,-5,46,-49
1,-6,-5,47,-54
1,-6,-5,48,-59
1,-6,-5,49,-19
1,-6,-5,50,-14
1,-6,-5,51,-9
1,-6,-5,52,-4
1,-6,-5,53,1
1,-6,-5,54,6
1,-6,-5,55,11
1,-6,-5,56,-35
1,-6,-5,57,-40
1,-6,-5,58,-45
1,-6,-5,59,-50
1,-6,-5,60,-55
1,-6,-5,61,-60
1,-6,-5,62,-65
1,-6,-5,63,-25
1,-6,-5,64,-20
1,-6,-5,65,-15
1,-6,-5,66,-10
1,-6,-5,67,-5
1,-6,-5,68,0
1,-6,-5,69,5
1,-6,-5,70,-41
1,-6,-5,71,-46
1,-6,-5,72,-51
1,-6,-5,73,-56
1,-6,-5,74,-61
1,-6,-5,75,-66
1,-6,-5,76,-71
1,-6,-5,77,-31
1,-6,-5,78,-26
1,-6,-5,79,-21
1,-6,-5,80,-16
1,-6,-5,81,-11
1,-6,-5,82,-6
1,-6,-5,83,-1
1,-6,-5,84,-47
1,-6,-5,85,-52
1,-6,-5,86,-57
1,-6,-5,87,-62
1,-6,-5,88,-67
1,-6,-5,89,-72
1,-6,-5,90,-77
1,-6,-5,91,-37
1,-6,-5,92,-32
1,-6,-5,93,-27
1,-6,-5,94,-22
1,-6,-5,95,-17
1,-6,-5,96,-12
1,-6,-5,97,-7
1,-6,-5,98,-53
1,-6,-5,99,-58
1,-6,-5,100,-63
1,-6,-5,101,-68
1,-6,-5,102,-73
1,-6,-5,103,-78
1,-6,-5,104,-83
1,-6,-5,105,-43
1,-6,-5,106,-38
1,-6,-5,107,-33
1,-6,-5,108,-28
1,-6,-5,109,-23
1,-6,-5,110,-18
1,-6,-5,111,-13
1,-6,-4,0,-10
1,-6,-4,1,-14
1,-6,-4,2,-18
1,-6,-4,3,-22
1,-6,-4,4,-26
1,-6,-4,5,-30
1,-6,-4,6,-34
1,-6,-4,7,-2
1,-6,-4,8,2
1,-6,-4,9,6
1,-6,-4,10,10
1,-6,-4,11,14
1,-6,-4,12,18
1,-6,-4,13,22
1,-6,-4,14,-16
1,-6,-4,15,-20
1,-6,-4,16,-24
1,-6,-4,17,-28
1,-6,-4,18,-32
1,-6,-4,19,-36
1,-6,-4,20,-40
1,-6,-4,21,-8
1,-6,-4,22,-4
1,-6,-4,23,0
1,-6,-4,24,4
1,-6,-4,25,8
1,-6,-4,26,12
1,-6,-4,27,16
1,-6,-4,28,-22
1,-6,-4,29,-26
1,-6,-4,30,-30
1,-6,-4,31,-34
1,-6,-4,32,-38
1,-6,-4,33,-42
1,-6,-4,34,-46
1,-6,-4,35,-14
1,-6,-4,36,-10
1,-6,-4,37,-6
1,-6,-4,38,-2
1,-6,-4,39,2
1,-6,-4,40,6
1,-6,-4,41,10
1,-6,-4,42,-28
1,-6,-4,43,-32
1,-6,-4,44,-36
1,-6,-4,45,-40
1,-6,-4,46,-44
1,-6,-4,47,-48
1,-6,-4,48,-52
1,-6,-4,49,-20
1,-6,-4,50,-16
1,-6,-4,51,-12
1,-6,-4,52,-8
1,-6,-4,53,-4
1,-6,-4,54,0
1,-6,-4,55,4
1,-6,-4,56,-34
1,-6,-4,57,-38
1,-6,-4,58,-42
1,-6,-4,59,-46
1,-6,-4,60,-50
1,-6,-4,61,-54
1,-6,-4,62,-58
1,-6,-4,63,-26
1,-6,-4,64,-22
1,-6,-4,65,-18
1,-6,-4,66,-14
1,-6,-4,67,-10
1,-6,-4,68,-6
1,-6,-4,69,-2
1,-6,-4,70,-40
1,-6,-4,71,-44
1,-6,-4,72,-48
1,-6,-4,73,-52
1,-6,-4,74,-56
1,-6,-4,75,-60
1,-6,-4,76,-64
1,-6,-4,77,-32
1,-6,-4,78,-28
1,-6,-4,79,-24
1,-6,-4,80,-20
1,-6,-4,81,-16
1,-6,-4,82,-12
1,-6,-4,83,-8
1,-6,-4,84,-46
1,-6,-4,85,-50
1,-6,-4,86,-54
1,-6,-4,87,-58
1,-6,-4,88,-62
1,-6,-4,89,-66
1,-6,-4,90,-70
1,-6,-4,91,-38
1,-6,-4,92,-34
1,-6,-4,93,-30
1,-6,-4,94,-26
1,-6,-4,95,-22
1,-6,-4,96,-18
1,-6,-4,97,-14
1,-6,-4,98,-52
1,-6,-4,99,-56
1,-6,-4,100,-60
1,-6,-4,101,-64
1,-6,-4,102,-68
1,-6,-4,103,-72
1,-6,-4,104,-76
1,-6,-4,105,-44
1,-6,-4,106,-40
1,-6,-4,107,-36
1,-6,-4,108,-32
1,-6,-4,109,-28
1,-6,-4,110,-24
1,-6,-4,111,-20
1,-6,-3,0,-9
1,-6,-3,1,-12
1,-6,-3,2,-15
1,-6,-3,3,-18
1,-6,-3,4,-21
1,-6,-3,5,-24
1,-6,-3,6,-27
1,-6,-3,7,-3
1,-6,-3,8,0
1,-6,-3,9,3
1,-6,-3,10,6
1,-6,-3,11,9
1,-6,-3,12,12
1,-6,-3,13,15
1,-6,-3,14,-15
1,-6,-3,15,-18
1,-6,-3,16,-21
1,-6,-3,17,-24
1,-6,-3,18,-27
1,-6,-3,19,-30
1,-6,-3,20,-33
1,-6,-3,21,-9
1,-6,-3,22,-6
1,-6,-3,23,-3
1,-6,-3,24,0
1,-6,-3,25,3
1,-6,-3,26,6
1,-6,-3,27,9
1,-6,-3,28,-21
1,-6,-3,29,-24
1,-6,-3,30,-27
1,-6,-3,31,-30
1,-6,-3,32,-33
1,-6,-3,33,-36
1,-6,-3,34,-39
1,-6,-3,35,-15
1,-6,-3,36,-12
1,-6,-3,37,-9
1,-6,-3,38,-6
1,-6,-3,39,-3
1,-6,-3,40,0
1,-6,-3,41,3
1,-6,-3,42,-27
1,-6,-3,43,-30
1,-6,-3,44,-33
1,-6,-3,45,-36
1,-6,-3,46,-39
1,-6,-3,47,-42
1,-6,-3,48,-45
1,-6,-3,49,-21
1,-6,-3,50,-18
1,-6,-3,51,-15
1,-6,-3,52,-12
1,-6,-3,53,-9
1,-6,-3,54,-6
1,-6,-3,55,-3
1,-6,-3,56,-33
1,-6,-3,57,-36
1,-6,-3,58,-39
1,-6,-3,59,-42
1,-6,-3,60,-45
1,-6,-3,61,-48
1,-6,-3,62,-51
1,-6,-3,63,-27
1,-6,-3,64,-24
1,-6,-3,65,-21
1,-6,-3,66,-18
1,-6,-3,67,-15
1,-6,-3,68,-12
1,-6,-3,69,-9
1,-6,-3,70,-39
1,-6,-3,71,-42
1,-6,-3,72,-45
1,-6,-3,73,-48
1,-6,-3,74,-51
1,-6,-3,75,-54
1,-6,-3,76,-57
1,-6,-3,77,-33
1,-6,-3,78,-30
1,-6,-3,79,-27
1,-6,-3,80,-24
1,-6,-3,81,-21
1,-6,-3,82,-18
1,-6,-3,83,-15
1,-6,-3,84,-45
1,-6,-3,85,-48
1,-6,-3,86,-51
1,-6,-3,87,-54
1,-6,-3,88,-57
1,-6,-3,89,-60
1,-6,-3,90,-63
1,-6,-3,91,-39
1,-6,-3,92,-36
1,-6,-3,93,-33
1,-6,-3,94,-30
1,-6,-3,95,-27
1,-6,-3,96,-24
1,-6,-3,97,-21
1,-6,-3,98,-51
1,-6,-3,99,-54
1,-6,-3,100,-57
1,-6,-3,101,-60
1,-6,-3,102,-63
1,-6,-3,103,-66
1,-6,-3,104,-69
1,-6,-3,105,-45
1,-6,-3,106,-42
1,-6,-3,107,-39
1,-6,-3,108,-36
1,-6,-3,109,-33
1,-6,-3,110,-30
1,-6,-3,111,-27
1,-6,-2,0,-8
1,-6,-2,1,-10
1,-6,-2,2,-12
1,-6,-2,3,-14
1,-6,-2,4,-16
1,-6,-2,5,-18
1,-6,-2,6,-20
1,-6,-2,7,-4
1,-6,-2,8,-2
1,-6,-2,9,0
1,-6,-2,10,2
1,-6,-2,11,4
1,-6,-2,12,6
1,-6,-2,13,8
1,-6,-2,14,-14
1,-6,-2,15,-16
1,-6,-2,16,-18
1,-6,-2,17,-20
1,-6,-2,18,-22
1,-6,-2,19,-24
1,-6,-2,20,-26
1,-6,-2,21,-10
1,-6,-2,22,-8
1,-6,-2,23,-6
1,-6,-2,24,-4
1,-6,-2,25,-2
1,-6,-2,26,0
1,-6,-2,27,2
1,-6,-2,28,-20
1,-6,-2,29,-22
1,-6,-2,30,-24
1,-6,-2,31,-26
1,-6,-2,32,-28
1,-6,-2,33,-30
1,-6,-2,34,-32
1,-6,-2,35,-16
1,-6,-2,36,-14
1,-6,-2,37,-12
1,-6,-2,38,-10
1,-6,-2,39,-8
1,-6,-2,40,-6
1,-6,-2,41,-4
1,-6,-2,42,-26
1,-6,-2,43,-28
1,-6,-2,44,-30
1,-6,-2,45,-32
1,-6,-2,46,-34
1,-6,-2,47,-36
1,-6,-2,48,-38
1,-6,-2,49,-22
1,-6,-2,50,-20
1,-6,-2,51,-18
1,-6,-2,52,-16
1,-6,-2,53,-14
1,-6,-2,54,-12
1,-6,-2,55,-10
1,-6,-2,56,-32
1,-6,-2,57,-34
1,-6,-2,58,-36
1,-6,-2,59,-38
1,-6,-2,60,-40
1,-6,-2,61,-42
1,-6,-2,62,-44
1,-6,-2,63,-28
1,-6,-2,64,-26
1,-6,-2,65,-24
1,-6,-2,66,-22
1,-6,-2,67,-20
1,-6,-2,68,-18
1,-6,-2,69,-16
1,-6,-2,70,-38
1,-6,-2,71,-40
1,-6,-2,72,-42
1,-6,-2,73,-44
1,-6,-2,74,-46
1,-6,-2,75,-48
1,-6,-2,76,-50
1,-6,-2,77,-34
1,-6,-2,78,-32
1,-6,-2,79,-30
1,-6,-2,80,-28
1,-6,-2,81,-26
1,-6,-2,82,-24
1,-6,-2,83,-22
1,-6,-2,84,-44
1,-6,-2,85,-46
1,-6,-2,86,-48
1,-6,-2,87,-50
1,-6,-2,88,-52
1,-6,-2,89,-54
1,-6,-2,90,-56
1,-6,-2,91,-40
1,-6,-2,92,-38
1,-6,-2,93,-36
1,-6,-2,94,-34
1,-6,-2,95,-32
1,-6,-2,96,-30
1,-6,-2,97,-28
1,-6,-2,98,-50
1,-6,-2,99,-52
1,-6,-2,100,-54
1,-6,-2,101,-56
1,-6,-2,102,-58
1,-6,-2,103,-60
1,-6,-2,104,-62
1,-6,-2,105,-46
1,-6,-2,106,-44
1,-6,-2,107,-42
1,-6,-2,108,-40
1,-6,-2,109,-38
1,-6,-2,110,-36
1,-6,-2,111,-34
1,-6,-1,0,-7
1,-6,-1,1,-8
1,-6,-1,2,-9
1,-6,-1,3,-10
1,-6,-1,4,-11
1,-6,-1,5,-12
1,-6,-1,6,-13
1,-6,-1,7,-5
1,-6,-1,8,-4
1,-6,-1,9,-3
1,-6,-1,10,-2
1,-6,-1,11,-1
1,-6,-1,12,0
1,-6,-1,13,1
1,-6,-1,14,-13
1,-6,-1,15,-14
1,-6,-1,16,-15
1,-6,-1,17,-16
1,-6,-1,18,-17
1,-6,-1,19,-18
1,-6,-1,20,-19
1,-6,-1,21,-11
1,-6,-1,22,-10
1,-6,-1,23,-9
1,-6,-1,24,-8
1,-6,-1,25,-7
1,-6,-1,26,-6
1,-6,-1,27,-5
1,-6,-1,28,-19
1,-6,-1,29,-20
1,-6,-1,30,-21
1,-6,-1,31,-22
1,-6,-1,32,-23
1,-6,-1,33,-24
1,-6,-1,34,-25
1,-6,-1,35,-17
1,-6,-1,36,-16
1,-6,-1,37,-15
1,-6,-1,38,-14
1,-6,-1,39,-13
1,-6,-1,40,-12
1,-6,-1,41,-11
1,-6,-1,42,-25
1,-6,-1,43,-26
1,-6,-1,44,-27
1,-6,-1,45,-28
1,-6,-1,46,-29
1,-6,-1,47,-30
1,-6,-1,48,-31
1,-6,-1,49,-23
1,-6,-1,50,-22
1,-6,-1,51,-21
1,-6,-1,52,-20
1,-6,-1,53,-19
1,-6,-1,54,-18
1,-6,-1,55,-17
1,-6,-1,56,-31
1,-6,-1,57,-32
1,-6,-1,58,-33
1,-6,-1,59,-34
1,-6,-1,60,-35
1,-6,-1,61,-36
1,-6,-1,62,-37
1,-6,-1,63,-29
1,-6,-1,64,-28
1,-6,-1,65,-27
1,-6,-1,66,-26
1,-6,-1,67,-25
1,-6,-1,68,-24
1,-6,-1,69,-23
1,-6,-1,70,-37
1,-6,-1,71,-38
1,-6,-1,72,-39
1,-6,-1,73,-40
1,-6,-1,74,-41
1,-6,-1,75,-42
1,-6,-1,76,-43
1,-6,-1,77,-35
1,-6,-1,78,-34
1,-6,-1,79,-33
1,-6,-1,80,-32
1,-6,-1,81,-31
1,-6,-1,82,-30
1,-6,-1,83,-29
1,-6,-1,84,-43
1,-6,-1,85,-44
1,-6,-1,86,-45
1,-6,-1,87,-46
1,-6,-1,88,-47
1,-6,-1,89,-48
1,-6,-1,90,-49
1,-6,-1,91,-41
1,-6,-1,92,-40
1,-6,-1,93,-39
1,-6,-1,94,-38
1,-6,-1,95,-37
1,-6,-1,96,-36
1,-6,-1,97,-35
1,-6,-1,98,-49
1,-6,-1,99,-50
1,-6,-1,100,-51
1,-6,-1,101,-52
1,-6,-1,102,-53
1,-6,-1,103,-54
1,-6,-1,104,-55
1,-6,-1,105,-47
1,-6,-1,106,-46
1,-6,-1,107,-45
1,-6,-1,108,-44
1,-6,-1,109,-43
1,-6,-1,110,-42
1,-6,-1,111,-41
1,-6,0,0,-6
1,-6,0,1,-6
1,-6,0,2,-6
1,-6,0,3,-6
1,-6,0,4,-6
1,-6,0,5,-6
1,-6,0,6,-6
1,-6,0,7,-6
1,-6,0,8,-6
1,-6,0,9,-6
1,-6,0,10,-6
1,-6,0,11,-6
1,-6,0,12,-6
1,-6,0,13,-6
1,-6,0,14,-12
1,-6,0,15,-12
1,-6,0,16,-12
1,-6,0,17,-12
1,-6,0,18,-12
1,-6,0,19,-12
1,-6,0,20,-12
1,-6,0,21,-12
1,-6,0,22,-12
1,-6,0,23,-12
1,-6,0,24,-12
1,-6,0,25,-12
1,-6,0,26,-12
1,-6,0,27,-12
1,-6,0,28,-18
1,-6,0,29,-18
1,-6,0,30,-18
1,-6,0,31,-18
1,-6,0,32,-18
1,-6,0,33,-18
1,-6,0,34,-18
1,-6,0,35,-18
1,-6,0,36,-18
1,-6,0,37,-18
1,-6,0,38,-18
1,-6,0,39,-18
1,-6,0,40,-18
1,-6,0,41,-18
1,-6,0,42,-24
1,-6,0,43,-24
1,-6,0,44,-24
1,-6,0,45,-24
1,-6,0,46,-24
1,-6,0,47,-24
1,-6,0,48,-24
1,-6,0,49,-24
1,-6,0,50,-24
1,-6,0,51,-24
1,-6,0,52,-24
1,-6,0,53,-24
1,-6,0,54,-24
1,-6,0,55,-24
1,-6,0,56,-30
1,-6,0,57,-30
1,-6,0,58,-30
1,-6,0,59,-30
1,-6,0,60,-30
1,-6,0,61,-30
1,-6,0,62,-30
1,-6,0,63,-30
1,-6,0,64,-30
1,-6,0,65,-30
1,-6,0,66,-30
1,-6,0,67,-30
1,-6,0,68,-30
1,-6,0,69,-30
1,-6,0,70,-36
1,-6,0,71,-36
1,-6,0,72,-36
1,-6,0,73,-36
1,-6,0,74,-36
1,-6,0,75,-36
1,-6,0,76,-36
1,-6,0,77,-36
1,-6,0,78,-36
1,-6,0,79,-36
1,-6,0,80,-36
1,-6,0,81,-36
1,-6,0,82,-36
1,-6,0,83,-36
1,-6,0,84,-42
1,-6,0,85,-42
1,-6,0,86,-42
1,-6,0,87,-42
1,-6,0,88,-42
1,-6,0,89,-42
1,-6,0,90,-42
1,-6,0,91,-42
1,-6,0,92,-42
1,-6,0,93,-42
1,-6,0,94,-42
1,-6,0,95,-42
1,-6,0,96,-42
1,-6,0,97,-42
1,-6,0,98,-48
1,-6,0,99,-48
1,-6,0,100,-48
1,-6,0,101,-48
1,-6,0,102,-48
1,-6,0,103,-48
1,-6,0,104,-48
1,-6,0,105,-48
1,-6,0,106,-48
1,-6,0,107,-48
1,-6,0,108,-48
1,-6,0,109,-48
1,-6,0,110,-48
1,-6,0,111,-48
1,-6,1,0,-5
1,-6,1,1,-4
1,-6,1,2,-3
1,-6,1,3,-2
1,-6,1,4,-1
1,-6,1,5,0
1,-6,1,6,1
1,-6,1,7,-7
1,-6,1,8,-8
1,-6,1,9,-9
1,-6,1,10,-10
1,-6,1,11,-11
1,-6,1,12,-12
1,-6,1,13,-13
1,-6,1,14,-11
1,-6,1,15,-10
1,-6,1,16,-9
1,-6,1,17,-8
1,-6,1,18,-7
1,-6,1,19,-6
1,-6,1,20,-5
1,-6,1,21,-13
1,-6,1,22,-14
1,-6,1,23,-15
1,-6,1,24,-16
1,-6,1,25,-17
1,-6,1,26,-18
1,-6,1,27,-19
1,-6,1,28,-17
1,-6,1,29,-16
1,-6,1,30,-15
1,-6,1,31,-14
1,-6,1,32,-13
1,-6,1,33,-12
1,-6,1,34,-11
1,-6,1,35,-19
1,-6,1,36,-20
1,-6,1,37,-21
1,-6,1,38,-22
1,-6,1,39,-23
1,-6,1,40,-24
1,-6,1,41,-25
1,-6,1,42,-23
1,-6,1,43,-22
1,-6,1,44,-21
1,-6,1,45,-20
1,-6,1,46,-19
1,-6,1,47,-18
1,-6,1,48,-17
1,-6,1,49,-25
1,-6,1,50,-26
1,-6,1,51,-27
1,-6,1,52,-28
1,-6,1,53,-29
1,-6,1,54,-30
1,-6,1,55,-31
1,-6,1,56,-29
1,-6,1,57,-28
1,-6,1,58,-27
1,-6,1,59,-26
1,-6,1,60,-25
1,-6,1,61,-24
1,-6,1,62,-23
1,-6,1,63,-31
1,-6,1,64,-32
1,-6,1,65,-33
1,-6,1,66,-34
1,-6,1,67,-35
1,-6,1,68,-36
1,-6,1,69,-37
1,-6,1,70,-35
1,-6,1,71,-34
1,-6,1,72,-33
1,-6,1,73,-32
1,-6,1,74,-31
1,-6,1,75,-30
1,-6,1,76,-29
1,-6,1,77,-37
1,-6,1,78,-38
1,-6,1,79,-39
1,-6,1,80,-40
1,-6,1,81,-41
1,-6,1,82,-42
1,-6,1,83,-43
1,-6,1,84,-41
1,-6,1,85,-40
1,-6,1,86,-39
1,-6,1,87,-38
1,-6,1,88,-37
1,-6,1,89,-36
1,-6,1,90,-35
1,-6,1,91,-43
1,-6,1,92,-44
1,-6,1,93,-45
1,-6,1,94,-46
1,-6,1,95,-47
1,-6,1,96,-48
1,-6,1,97,-49
1,-6,1,98,-47
1,-6,1,99,-46
1,-6,1,100,-45
1,-6,1,101,-44
1,-6,1,102,-43
1,-6,1,103,-42
1,-6,1,104,-41
1,-6,1,105,-49
1,-6,1,106,-50
1,-6,1,107,-51
1,-6,1,108,-52
1,-6,1,109,-53
1,-6,1,110,-54
1,-6,1,111,-55
1,-6,2,0,-4
1,-6,2,1,-2
1,-6,2,2,0
1,-6,2,3,2
1,-6,2,4,4
1,-6,2,5,6
1,-6,2,6,8
1,-6,2,7,-8
1,-6,2,8,-10
1,-6,2,9,-12
1,-6,2,10,-14
1,-6,2,11,-16
1,-6,2,12,-18
1,-6,2,13,-20
1,-6,2,14,-10
1,-6,2,15,-8
1,-6,2,16,-6
1,-6,2,17,-4
1,-6,2,18,-2
1,-6,2,19,0
1,-6,2,20,2
1,-6,2,21,-14
1,-6,2,22,-16
1,-6,2,23,-18
1,-6,2,24,-20
1,-6,2,25,-22
1,-6,2,26,-24
1,-6,2,27,-26
1,-6,2,28,-16
1,-6,2,29,-14
1,-6,2,30,-12
1,-6,2,31,-10
1,-6,2,32,-8
1,-6,2,33,-6
1,-6,2,34,-4
1,-6,2,35,-20
1,-6,2,36,-22
1,-6,2,37,-24
1,-6,2,38,-26
1,-6,2,39,-28
1,-6,2,40,-30
1,-6,2,41,-32
1,-6,2,42,-22
1,-6,2,43,-20
1,-6,2,44,-18
1,-6,2,45,-16
1,-6,2,46,-14
1,-6,2,47,-12
1,-6,2,48,-10
1,-6,2,49,-26
1,-6,2,50,-28
1,-6,2,51,-30
1,-6,2,52,-32
1,-6,2,53,-34
1,-6,2,54,-36
1,-6,2,55,-38
1,-6,2,56,-28
1,-6,2,57,-26
1,-6,2,58,-24
1,-6,2,59,-22
1,-6,2,60,-20
1,-6,2,61,-18
1,-6,2,62,-16
1,-6,2,63,-32
1,-6,2,64,-34
1,-6,2,65,-36
1,-6,2,66,-38
1,-6,2,67,-40
1,-6,2,68,-42
1,-6,2,69,-44
1,-6,2,70,-34
1,-6,2,71,-32
1,-6,2,72,-30
1,-6,2,73,-28
1,-6,2,74,-26
1,-6,2,75,-24
1,-6,2,76,-22
1,-6,2,77,-38
1,-6,2,78,-40
1,-6,2,79,-42
1,-6,2,80,-44
1,-6,2,81,-46
1,-6,2,82,-48
1,-6,2,83,-50
1,-6,2,84,-40
1,-6,2,85,-38
1,-6,2,86,-36
1,-6,2,87,-34
1,-6,2,88,-32
1,-6,2,89,-30
1,-6,2,90,-28
1,-6,2,91,-44
1,-6,2,92,-46
1,-6,2,93,-48
1,-6,2,94,-50
1,-6,2,95,-52
1,-6,2,96,-54
1,-6,2,97,-56
1,-6,2,98,-46
1,-6,2,99,-44
1,-6,2,100,-42
1,-6,2,101,-40
1,-6,2,102,-38
1,-6,2,103,-36
1,-6,2,104,-34
1,-6,2,105,-50
1,-6,2,106,-52
1,-6,2,107,-54
1,-6,2,108,-56
1,-6,2,109,-58
1,-6,2,110,-60
1,-6,2,111,-62
1,-6,3,0,-3
1,-6,3,1,0
1,-6,3,2,3
1,-6,3,3,6
1,-6,3,4,9
1,-6,3,5,12
1,-6,3,6,15
1,-6,3,7,-9
1,-6,3,8,-12
1,-6,3,9,-15
1,-6,3,10,-18
1,-6,3,11,-21
1,-6,3,12,-24
1,-6,3,13,-27
1,-6,3,14,-9
1,-6,3,15,-6
1,-6,3,16,-3
1,-6,3,17,0
1,-6,3,18,3
1,-6,3,19,6
1,-6,3,20,9
1,-6,3,21,-15
1,-6,3,22,-18
1,-6,3,23,-21
1,-6,3,24,-24
1,-6,3,25,-27
1,-6,3,26,-30
1,-6,3,27,-33
1,-6,3,28,-15
1,-6,3,29,-12
1,-6,3,30,-9
1,-6,3,31,-6
1,-6,3,32,-3
1,-6,3,33,0
1,-6,3,34,3
1,-6,3,35,-21
1,-6,3,36,-24
1,-6,3,37,-27
1,-6,3,38,-30
1,-6,3,39,-33
1,-6,3,40,-36
1,-6,3,41,-39
1,-6,3,42,-21
1,-6,3,43,-18
1,-6,3,44,-15
1,-6,3,45,-12
1,-6,3,46,-9
1,-6,3,47,-6
1,-6,3,48,-3
1,-6,3,49,-27
1,-6,3,50,-30
1,-6,3,51,-33
1,-6,3,52,-36
1,-6,3,53,-39
1,-6,3,54,-42
1,-6,3,55,-45
1,-6,3,56,-27
1,-6,3,57,-24
1,-6,3,58,-21
1,-6,3,59,-18
1,-6,3,60,-15
1,-6,3,61,-12
1,-6,3,62,-9
1,-6,3,63,-33
1,-6,3,64,-36
1,-6,3,65,-39
1,-6,3,66,-42
1,-6,3,67,-45
1,-6,3,68,-48
1,-6,3,69,-51
1,-6,3,70,-33
1,-6,3,71,-30
1,-6,3,72,-27
1,-6,3,73,-24
1,-6,3,74,-21
1,-6,3,75,-18
1,-6,3,76,-15
1,-6,3,77,-39
1,-6,3,78,-42
1,-6,3,79,-45
1,-6,3,80,-48
1,-6,3,81,-51
1,-6,3,82,-54
1,-6,3,83,-57
1,-6,3,84,-39
1,-6,3,85,-36
1,-6,3,86,-33
1,-6,3,87,-30
1,-6,3,88,-27
1,-6,3,89,-24
1,-6,3,90,-21
1,-6,3,91,-45
1,-6,3,92,-48
1,-6,3,93,-51
1,-6,3,94,-54
1,-6,3,95,-57
1,-6,3,96,-60
1,-6,3,97,-63
1,-6,3,98,-45
1,-6,3,99,-42
1,-6,3,100,-39
1,-6,3,101,-36
1,-6,3,102,-33
1,-6,3,103,-30
1,-6,3,104,-27
1,-6,3,105,-51
1,-6,3,106,-54
1,-6,3,107,-57
1,-6,3,108,-60
1,-6,3,109,-63
1,-6,3,110,-66
1,-6,3,111,-69
1,-6,4,0,-2
1,-6,4,1,2
1,-6,4,2,6
1,-6,4,3,10
1,-6,4,4,14
1,-6,4,5,18
1,-6,4,6,22
1,-6,4,7,-10
1,-6,4,8,-14
1,-6,4,9,-18
1,-6,4,10,-22
1,-6,4,11,-26
1,-6,4,12,-30
1,-6,4,13,-34
1,-6,4,14,-8
1,-6,4,15,-4
1,-6,4,16,0
1,-6,4,17,4
1,-6,4,18,8
1,-6,4,19,12
1,-6,4,20,16
1,-6,4,21,-16
1,-6,4,22,-20
1,-6,4,23,-24
1,-6,4,24,-28
1,-6,4,25,-32
1,-6,4,26,-36
1,-6,4,27,-40
1,-6,4,28,-14
1,-6,4,29,-10
1,-6,4,30,-6
1,-6,4,31,-2
1,-6,4,32,2
1,-6,4,33,6
1,-6,4,34,10
1,-6,4,35,-22
1,-6,4,36,-26
1,-6,4,37,-30
1,-6,4,38,-34
1,-6,4,39,-38
1,-6,4,40,-42
1,-6,4,41,-46
1,-6,4,42,-20
1,-6,4,43,-16
1,-6,4,44,-12
1,-6,4,45,-8
1,-6,4,46,-4
1,-6,4,47,0
1,-6,4,48,4
1,-6,4,49,-28
1,-6,4,50,-32
1,-6,4,51,-36
1,-6,4,52,-40
1,-6,4,53,-44
1,-6,4,54,-48
1,-6,4,55,-52
1,-6,4,56,-26
1,-6,4,57,-22
1,-6,4,58,-18
1,-6,4,59,-14
1,-6,4,60,-10
1,-6,4,61,-6
1,-6,4,62,-2
1,-6,4,63,-34
1,-6,4,64,-38
1,-6,4,65,-42
1,-6,4,66,-46
1,-6,4,67,-50
1,-6,4,68,-54
1,-6,4,69,-58
1,-6,4,70,-32
1,-6,4,71,-28
1,-6,4,72,-24
1,-6,4,73,-20
1,-6,4,74,-16
1,-6,4,75,-12
1,-6,4,76,-8
1,-6,4,77,-40
1,-6,4,78,-44
1,-6,4,79,-48
1,-6,4,80,-52
1,-6,4,81,-56
1,-6,4,82,-60
1,-6,4,83,-64
1,-6,4,84,-38
1,-6,4,85,-34
1,-6,4,86,-30
1,-6,4,87,-26
1,-6,4,88,-22
1,-6,4,89,-18
1,-6,4,90,-14
1,-6,4,91,-46
1,-6,4,92,-50
1,-6,4,93,-54
1,-6,4,94,-58
1,-6,4,95,-62
1,-6,4,96,-66
1,-6,4,97,-70
1,-6,4,98,-44
1,-6,4,99,-40
1,-6,4,100,-36
1,-6,4,101,-32
1,-6,4,102,-28
1,-6,4,103,-24
1,-6,4,104,-20
1,-6,4,105,-52
1,-6,4,106,-56
1,-6,4,107,-60
1,-6,4,108,-64
1,-6,4,109,-68
1,-6,4,110,-72
1,-6,4,111,-76
1,-6,5,0,-1
1,-6,5,1,4
1,-6,5,2,9
1,-6,5,3,14
1,-6,5,4,19
1,-6,5,5,24
1,-6,5,6,29
1,-6,5,7,-11
1,-6,5,8,-16
1,-6,5,9,-21
1,-6,5,10,-26
1,-6,5,11,-31
1,-6,5,12,-36
1,-6,5,13,-41
1,-6,5,14,-7
1,-6,5,15,-2
1,-6,5,16,3
1,-6,5,17,8
1,-6,5,18,13
1,-6,5,19,18
1,-6,5,20,23
1,-6,5,21,-17
1,-6,5,22,-22
1,-6,5,23,-27
1,-6,5,24,-32
1,-6,5,25,-37
1,-6,5,26,-42
1,-6,5,27,-47
1,-6,5,28,-13
1,-6,5,29,-8
1,-6,5,30,-3
1,-6,5,31,2
1,-6,5,32,7
1,-6,5,33,12
1,-6,5,34,17
1,-6,5,35,-23
1,-6,5,36,-28
1,-6,5,37,-33
1,-6,5,38,-38
1,-6,5,39,-43
1,-6,5,40,-48
1,-6,5,41,-53
1,-6,5,42,-19
1,-6,5,43,-14
1,-6,5,44,-9
1,-6,5,45,-4
1,-6,5,46,1
1,-6,5,47,6
1,-6,5,48,11
1,-6,5,49,-29
1,-6,5,50,-34
1,-6,5,51,-39
1,-6,5,52,-44
1,-6,5,53,-49
1,-6,5,54,-54
1,-6,5,55,-59
1,-6,5,56,-25
1,-6,5,57,-20
1,-6,5,58,-15
1,-6,5,59,-10
1,-6,5,60,-5
1,-6,5,61,0
1,-6,5,62,5
1,-6,5,63,-35
1,-6,5,64,-40
1,-6,5,65,-45
1,-6,5,66,-50
1,-6,5,67,-55
1,-6,5,68,-60
1,-6,5,69,-65
1,-6,5,70,-31
1,-6,5,71,-26
1,-6,5,72,-21
1,-6,5,73,-16
1,-6,5,74,-11
1,-6,5,75,-6
1,-6,5,76,-1
1,-6,5,77,-41
1,-6,5,78,-46
1,-6,5,79,-51
1,-6,5,80,-56
1,-6,5,81,-61
1,-6,5,82,-66
1,-6,5,83,-71
1,-6,5,84,-37
1,-6,5,85,-32
1,-6,5,86,-27
1,-6,5,87,-22
1,-6,5,88,-17
1,-6,5,89,-12
1,-6,5,90,-7
1,-6,5,91,-47
1,-6,5,92,-52
1,-6,5,93,-57
1,-6,5,94,-62
1,-6,5,95,-67
1,-6,5,96,-72
1,-6,5,97,-77
1,-6,5,98,-43
1,-6,5,99,-38
1,-6,5,100,-33
1,-6,5,101,-28
1,-6,5,102,-23
1,-6,5,103,-18
1,-6,5,104,-13
1,-6,5,105,-53
1,-6,5,106,-58
1,-6,5,107,-63
1,-6,5,108,-68
1,-6,5,109,-73
1,-6,5,110,-78
1,-6,5,111,-83
1,-6,6,0,0
1,-6,6,1,6
1,-6,6,2,12
1,-6,6,3,18
1,-6,6,4,24
1,-6,6,5,30
1,-6,6,6,36
1,-6,6,7,-12
1,-6,6,8,-18
1,-6,6,9,-24
1,-6,6,10,-30
1,-6,6,11,-36
1,-6,6,12,-42
1,-6,6,13,-48
1,-6,6,14,-6
1,-6,6,15,0
1,-6,6,16,6
1,-6,6,17,12
1,-6,6,18,18
1,-6,6,19,24
1,-6,6,20,30
1,-6,6,21,-18
1,-6,6,22,-24
1,-6,6,23,-30
1,-6,6,24,-36
1,-6,6,25,-42
1,-6,6,26,-48
1,-6,6,27,-54
1,-6,6,28,-12
1,-6,6,29,-6
1,-6,6,30,0
1,-6,6,31,6
1,-6,6,32,12
1,-6,6,33,18
1,-6,6,34,24
1,-6,6,35,-24
1,-6,6,36,-30
1,-6,6,37,-36
1,-6,6,38,-42
1,-6,6,39,-48
1,-6,6,40,-54
1,-6,6,41,-60
1,-6,6,42,-18
1,-6,6,43,-12
1,-6,6,44,-6
1,-6,6,45,0
1,-6,6,46,6
1,-6,6,47,12
1,-6,6,48,18
1,-6,6,49,-30
1,-6,6,50,-36
1,-6,6,51,-42
1,-6,6,52,-48
1,-6,6,53,-54
1,-6,6,54,-60
1,-6,6,55,-66
1,-6,6,56,-24
1,-6,6,57,-18
1,-6,6,58,-12
1,-6,6,59,-6
1,-6,6,60,0
1,-6,6,61,6
1,-6,6,62,12
1,-6,6,63,-36
1,-6,6,64,-42
1,-6,6,65,-48
1,-6,6,66,-54
1,-6,6,67,-60
1,-6,6,68,-66
1,-6,6,69,-72
1,-6,6,70,-30
1,-6,6,71,-24
1,-6,6,72,-18
1,-6,6,73,-12
1,-6,6,74,-6
1,-6,6,75,0
1,-6,6,76,6
1,-6,6,77,-42
1,-6,6,78,-48
1,-6,6,79,-54
1,-6,6,80,-60
1,-6,6,81,-66
1,-6,6,82,-72
1,-6,6,83,-78
1,-6,6,84,-36
1,-6,6,85,-30
1,-6,6,86,-24
1,-6,6,87,-18
1,-6,6,88,-12
1,-6,6,89,-6
1,-6,6,90,0
1,-6,6,91,-48
1,-6,6,92,-54
1,-6,6,93,-60
1,-6,6,94,-66
1,-6,6,95,-72
1,-6,6,96,-78
1,-6,6,97,-84
1,-6,6,98,-42
1,-6,6,99,-36
1,-6,6,100,-30
1,-6,6,101,-24
1,-6,6,102,-18
1,-6,6,103,-12
1,-6,6,104,-6
1,-6,6,105,-54
1,-6,6,106,-60
1,-6,6,107,-66
1,-6,6,108,-72
1,-6,6,109,-78
1,-6,6,110,-84
1,-6,6,111,-90
1,-6,7,0,1
1,-6,7,1,8
1,-6,7,2,15
1,-6,7,3,22
1,-6,7,4,29
1,-6,7,5,36
1,-6,7,6,43
1,-6,7,7,-13
1,-6,7,8,-20
1,-6,7,9,-27
1,-6,7,10,-34
1,-6,7,11,-41
1,-6,7,12,-48
1,-6,7,13,-55
1,-6,7,14,-5
1,-6,7,15,2
1,-6,7,16,9
1,-6,7,17,16
1,-6,7,18,23
1,-6,7,19,30
1,-6,7,20,37
1,-6,7,21,-19
1,-6,7,22,-26
1,-6,7,23,-33
1,-6,7,24,-40
1,-6,7,25,-47
1,-6,7,26,-54
1,-6,7,27,-61
1,-6,7,28,-11
1,-6,7,29,-4
1,-6,7,30,3
1,-6,7,31,10
1,-6,7,32,17
1,-6,7,33,24
1,-6,7,34,31
1,-6,7,35,-25
1,-6,7,36,-32
1,-6,7,37,-39
1,-6,7,38,-46
1,-6,7,39,-53
1,-6,7,40,-60
1,-6,7,41,-67
1,-6,7,42,-17
1,-6,7,43,-10
1,-6,7,44,-3
1,-6,7,45,4
1,-6,7,46,11
1,-6,7,47,18
1,-6,7,48,25
1,-6,7,49,-31
1,-6,7,50,-38
1,-6,7,51,-45
1,-6,7,52,-52
1,-6,7,53,-59
1,-6,7,54,-66
1,-6,7,55,-73
1,-6,7,56,-23
1,-6,7,57,-16
1,-6,7,58,-9
1,-6,7,59,-2
1,-6,7,60,5
1,-6,7,61,12
1,-6,7,62,19
1,-6,7,63,-37
1,-6,7,64,-44
1,-6,7,65,-51
1,-6,7,66,-58
1,-6,7,67,-65
1,-6,7,68,-72
1,-6,7,69,-79
1,-6,7,70,-29
1,-6,7,71,-22
1,-6,7,72,-15
1,-6,7,73,-8
1,-6,7,74,-1
1,-6,7,75,6
1,-6,7,76,13
1,-6,7,77,-43
1,-6,7,78,-50
1,-6,7,79,-57
1,-6,7,80,-64
1,-6,7,81,-71
1,-6,7,82,-78
1,-6,7,83,-85
1,-6,7,84,-35
1,-6,7,85,-28
1,-6,7,86,-21
1,-6,7,87,-14
1,-6,7,88,-7
1,-6,7,89,0
1,-6,7,90,7
1,-6,7,91,-49
1,-6,7,92,-56
1,-6,7,93,-63
1,-6,7,94,-70
1,-6,7,95,-77
1,-6,7,96,-84
1,-6,7,97,-91
1,-6,7,98,-41
1,-6,7,99,-34
1,-6,7,100,-27
1,-6,7,101,-20
1,-6,7,102,-13
1,-6,7,103,-6
1,-6,7,104,1
1,-6,7,105,-55
1,-6,7,106,-62
1,-6,7,107,-69
1,-6,7,108,-76
1,-6,7,109,-83
1,-6,7,110,-90
1,-6,7,111,-97
1,-5,-8,0,-13
1,-5,-8,1,-21
1,-5,-8,2,-29
1,-5,-8,3,-37
1,-5,-8,4,-45
1,-5,-8,5,-53
1,-5,-8,6,-61
1,-5,-8,7,3
1,-5,-8,8,11
1,-5,-8,9,19
1,-5,-8,10,27
1,-5,-8,11,35
1,-5,-8,12,43
1,-5,-8,13,51
1,-5,-8,14,-18
1,-5,-8,15,-26
1,-5,-8,16,-34
1,-5,-8,17,-42
1,-5,-8,18,-50
1,-5,-8,19,-58
1,-5,-8,20,-66
1,-5,-8,21,-2
1,-5,-8,22,6
1,-5,-8,23,14
1,-5,-8,24,22
1,-5,-8,25,30
1,-5,-8,26,38
1,-5,-8,27,46
1,-5,-8,28,-23
1,-5,-8,29,-31
1,-5,-8,30,-39
1,-5,-8,31,-47
1,-5,-8,32,-55
1,-5,-8,33,-63
1,-5,-8,34,-71
1,-5,-8,35,-7
1,-5,-8,36,1
1,-5,-8,37,9
1,-5,-8,38,17
1,-5,-8,39,25
1,-5,-8,40,33
1,-5,-8,41,41
1,-5,-8,42,-28
1,-5,-8,43,-36
1,-5,-8,44,-44
1,-5,-8,45,-52
1,-5,-8,46,-60
1,-5,-8,47,-68
1,-5,-8,48,-76
1,-5,-8,49,-12
1,-5,-8,50,-4
1,-5,-8,51,4
1,-5,-8,52,12
1,-5,-8,53,20
1,-5,-8,54,28
1,-5,-8,55,36
1,-5,-8,56,-33
1,-5,-8,57,-41
1,-5,-8,58,-49
1,-5,-8,59,-57
1,-5,-8,60,-65
1,-5,-8,61,-73
1,-5,-8,62,-81
1,-5,-8,63,-17
1,-5,-8,64,-9
1,-5,-8,65,-1
1,-5,-8,66,7
1,-5,-8,67,15
1,-5,-8,68,23
1,-5,-8,69,31
1,-5,-8,70,-38
1,-5,-8,71,-46
1,-5,-8,72,-54
1,-5,-8,73,-62
1,-5,-8,74,-70
1,-5,-8,75,-78
1,-5,-8,76,-86
1,-5,-8,77,-22
1,-5,-8,78,-14
1,-5,-8,79,-6
1,-5,-8,80,2
1,-5,-8,81,10
1,-5,-8,82,18
1,-5,-8,83,26
1,-5,-8,84,-43
1,-5,-8,85,-51
1,-5,-8,86,-59
1,-5,-8,87,-67
1,-5,-8,88,-75
1,-5,-8,89,-83
1,-5,-8,90,-91
1,-5,-8,91,-27
1,-5,-8,92,-19
1,-5,-8,93,-11
1,-5,-8,94,-3
1,-5,-8,95,5
1,-5,-8,96,13
1,-5,-8,97,21
1,-5,-8,98,-48
1,-5,-8,99,-56
1,-5,-8,100,-64
1,-5,-8,101,-72
1,-5,-8,102,-80
1,-5,-8,103,-88
1,-5,-8,104,-96
1,-5,-8,105,-32
1,-5,-8,106,-24
1,-5,-8,107,-16
1,-5,-8,108,-8
1,-5,-8,109,0
1,-5,-8,110,8
1,-5,-8,111,16
1,-5,-7,0,-12
1,-5,-7,1,-19
1,-5,-7,2,-26
1,-5,-7,3,-33
1,-5,-7,4,-40
1,-5,-7,5,-47
1,-5,-7,6,-54
1,-5,-7,7,2
1,-5,-7,8,9
1,-5,-7,9,16
1,-5,-7,10,23
1,-5,-7,11,30
1,-5,-7,12,37
1,-5,-7,13,44
1,-5,-7,14,-17
1,-5,-7,15,-24
1,-5,-7,16,-31
1,-5,-7,17,-38
1,-5,-7,18,-45
1,-5,-7,19,-52
1,-5,-7,20,-59
1,-5,-7,21,-3
1,-5,-7,22,4
1,-5,-7,23,11
1,-5,-7,24,18
1,-5,-7,25,25
1,-5,-7,26,32
1,-5,-7,27,39
1,-5,-7,28,-22
1,-5,-7,29,-29
1,-5,-7,30,-36
1,-5,-7,31,-43
1,-5,-7,32,-50
1,-5,-7,33,-57
1,-5,-7,34,-64
1,-5,-7,35,-8
1,-5,-7,36,-1
1,-5,-7,37,6
1,-5,-7,38,13
1,-5,-7,39,20
1,-5,-7,40,27
1,-5,-7,41,34
1,-5,-7,42,-27
1,-5,-7,43,-34
1,-5,-7,44,-41
1,-5,-7,45,-48
1,-5,-7,46,-55
1,-5,-7,47,-62
1,-5,-7,48,-69
1,-5,-7,49,-13
1,-5,-7,50,-6
1,-5,-7,51,1
1,-5,-7,52,8
1,-5,-7,53,15
1,-5,-7,54,22
1,-5,-7,55,29
1,-5,-7,56,-32
1,-5,-7,57,-39
1,-5,-7,58,-46
1,-5,-7,59,-53
1,-5,-7,60,-60
1,-5,-7,61,-67
1,-5,-7,62,-74
1,-5,-7,63,-18
1,-5,-7,64,-11
1,-5,-7,65,-4
1,-5,-7,66,3
1,-5,-7,67,10
1,-5,-7,68,17
1,-5,-7,69,24
1,-5,-7,70,-37
1,-5,-7,71,-44
1,-5,-7,72,-51
1,-5,-7,73,-58
1,-5,-7,74,-65
1,-5,-7,75,-72
1,-5,-7,76,-79
1,-5,-7,77,-23
1,-5,-7,78,-16
1,-5,-7,79,-9
1,-5,-7,80,-2
1,-5,-7,81,5
1,-5,-7,82,12
1,-5,-7,83,19
1,-5,-7,84,-42
1,-5,-7,85,-49
1,-5,-7,86,-56
1,-5,-7,87,-63
1,-5,-7,88,-70
1,-5,-7,89,-77
1,-5,-7,90,-84
1,-5,-7,91,-28
1,-5,-7,92,-21
1,-5,-7,93,-14
1,-5,-7,94,-7
1,-5,-7,95,0
1,-5,-7,96,7
1,-5,-7,97,14
1,-5,-7,98,-47
1,-5,-7,99,-54
1,-5,-7,100,-61
1,-5,-7,101,-68
1,-5,-7,102,-75
1,-5,-7,103,-82
1,-5,-7,104,-89
1,-5,-7,105,-33
1,-5,-7,106,-26
1,-5,-7,107,-19
1,-5,-7,108,-12
1,-5,-7,109,-5
1,-5,-7,110,2
1,-5,-7,111,9
1,-5,-6,0,-11
1,-5,-6,1,-17
1,-5,-6,2,-23
1,-5,-6,3,-29
1,-5,-6,4,-35
1,-5,-6,5,-41
1,-5,-6,6,-47
1,-5,-6,7,1
1,-5,-6,8,7
1,-5,-6,9,13
1,-5,-6,10,19
1,-5,-6,11,25
1,-5,-6,12,31
1,-5,-6,13,37
1,-5,-6,14,-16
1,-5,-6,15,-22
1,-5,-6,16,-28
1,-5,-6,17,-34
1,-5,-6,18,-40
1,-5,-6,19,-46
1,-5,-6,20,-52
1,-5,-6,21,-4
1,-5,-6,22,2
1,-5,-6,23,8
1,-5,-6,24,14
1,-5,-6,25,20
1,-5,-6,26,26
1,-5,-6,27,32
1,-5,-6,28,-21
1,-5,-6,29,-27
1,-5,-6,30,-33
1,-5,-6,31,-39
1,-5,-6,32,-45
1,-5,-6,33,-51
1,-5,-6,34,-57
1,-5,-6,35,-9
1,-5,-6,36,-3
1,-5,-6,37,3
1,-5,-6,38,9
1,-5,-6,39,15
1,-5,-6,40,21
1,-5,-6,41,27
1,-5,-6,42,-26
1,-5,-6,43,-32
1,-5,-6,44,-38
1,-5,-6,45,-44
1,-5,-6,46,-50
1,-5,-6,47,-56
1,-5,-6,48,-62
1,-5,-6,49,-14
1,-5,-6,50,-8
1,-5,-6,51,-2
1,-5,-6,52,4
1,-5,-6,53,10
1,-5,-6,54,16
1,-5,-6,55,22
1,-5,-6,56,-31
1,-5,-6,57,-37
1,-5,-6,58,-43
1,-5,-6,59,-49
1,-5,-6,60,-55
1,-5,-6,61,-61
1,-5,-6,62,-67
1,-5,-6,63,-19
1,-5,-6,64,-13
1,-5,-6,65,-7
1,-5,-6,66,-1
1,-5,-6,67,5
1,-5,-6,68,11
1,-5,-6,69,17
1,-5,-6,70,-36
1,-5,-6,71,-42
1,-5,-6,72,-48
1,-5,-6,73,-54
1,-5,-6,74,-60
1,-5,-6,75,-66
1,-5,-6,76,-72
1,-5,-6,77,-24
1,-5,-6,78,-18
1,-5,-6,79,-12
1,-5,-6,80,-6
1,-5,-6,81,0
1,-5,-6,82,6
1,-5,-6,83,12
1,-5,-6,84,-41
1,-5,-6,85,-47
1,-5,-6,86,-53
1,-5,-6,87,-59
1,-5,-6,88,-65
1,-5,-6,89,-71
1,-5,-6,90,-77
1,-5,-6,91,-29
1,-5,-6,92,-23
1,-5,-6,93,-17
1,-5,-6,94,-11
1,-5,-6,95,-5
1,-5,-6,96,1
1,-5,-6,97,7
1,-5,-6,98,-46
1,-5,-6,99,-52
1,-5,-6,100,-58
1,-5,-6,101,-64
1,-5,-6,102,-70
1,-5,-6,103,-76
1,-5,-6,104,-82
1,-5,-6,105,-34
1,-5,-6,106,-28
1,-5,-6,107,-22
1,-5,-6,108,-16
1,-5,-6,109,-10
1,-5,-6,110,-4
1,-5,-6,111,2
1,-5,-5,0,-10
1,-5,-5,1,-15
1,-5,-5,2,-20
1,-5,-5,3,-25
1,-5,-5,4,-30
1,-5,-5,5,-35
1,-5,-5,6,-40
1,-5,-5,7,0
1,-5,-5,8,5
1,-5,-5,9,10
1,-5,-5,10,15
1,-5,-5,11,20
1,-5,-5,12,25
1,-5,-5,13,30
1,-5,-5,14,-15
1,-5,-5,15,-20
1,-5,-5,16,-25
1,-5,-5,17,-30
1,-5,-5,18,-35
1,-5,-5,19,-40
1,-5,-5,20,-45
1,-5,-5,21,-5
1,-5,-5,22,0
1,-5,-5,23,5
1,-5,-5,24,10
1,-5,-5,25,15
1,-5,-5,26,20
1,-5,-5,27,25
1,-5,-5,28,-20
1,-5,-5,29,-25
1,-5,-5,30,-30
1,-5,-5,31,-35
1,-5,-5,32,-40
1,-5,-5,33,-45
1,-5,-5,34,-50
1,-5,-5,35,-10
1,-5,-5,36,-5
1,-5,-5,37,0
1,-5,-5,38,5
1,-5,-5,39,10
1,-5,-5,40,15
1,-5,-5,41,20
1,-5,-5,42,-25
1,-5,-5,43,-30
1,-5,-5,44,-35
1,-5,-5,45,-40
1,-5,-5,46,-45
1,-5,-5,47,-50
1,-5,-5,48,-55
1,-5,-5,49,-15
1,-5,-5,50,-10
1,-5,-5,51,-5
1,-5,-5,52,0
1,-5,-5,53,5
1,-5,-5,54,10
1,-5,-5,55,15
1,-5,-5,56,-30
1,-5,-5,57,-35
1,-5,-5,58,-40
1,-5,-5,59,-45
1,-5,-5,60,-50
1,-5,-5,61,-55
1,-5,-5,62,-60
1,-5,-5,63,-20
1,-5,-5,64,-15
1,-5,-5,65,-10
1,-5,-5,66,-5
1,-5,-5,67,0
1,-5,-5,68,5
1,-5,-5,69,10
1,-5,-5,70,-35
1,-5,-5,71,-40
1,-5,-5,72,-45
1,-5,-5,73,-50
1,-5,-5,74,-55
1,-5,-5,75,-60
1,-5,-5,76,-65
1,-5,-5,77,-25
1,-5,-5,78,-20
1,-5,-5,79,-15
1,-5,-5,80,-10
1,-5,-5,81,-5
1,-5,-5,82,0
1,-5,-5,83,5
1,-5,-5,84,-40
1,-5,-5,85,-45
1,-5,-5,86,-50
1,-5,-5,87,-55
1,-5,-5,88,-60
1,-5,-5,89,-65
1,-5,-5,90,-70
1,-5,-5,91,-30
1,-5,-5,92,-25
1,-5,-5,93,-20
1,-5,-5,94,-15
1,-5,-5,95,-10
1,-5,-5,96,-5
1,-5,-5,97,0
1,-5,-5,98,-45
1,-5,-5,99,-50
1,-5,-5,100,-55
1,-5,-5,101,-60
1,-5,-5,102,-65
1,-5,-5,103,-70
1,-5,-5,104,-75
1,-5,-5,105,-35
1,-5,-5,106,-30
1,-5,-5,107,-25
1,-5,-5,108,-20
1,-5,-5,109,-15
1,-5,-5,110,-10
1,-5,-5,111,-5
1,-5,-4,0,-9
1,-5,-4,1,-13
1,-5,-4,2,-17
1,-5,-4,3,-21
1,-5,-4,4,-25
1,-5,-4,5,-29
1,-5,-4,6,-33
1,-5,-4,7,-1
1,-5,-4,8,3
1,-5,-4,9,7
1,-5,-4,10,11
1,-5,-4,11,15
1,-5,-4,12,19
1,-5,-4,13,23
1,-5,-4,14,-14
1,-5,-4,15,-18
1,-5,-4,16,-22
1,-5,-4,17,-26
1,-5,-4,18,-30
1,-5,-4,19,-34
1,-5,-4,20,-38
1,-5,-4,21,-6
1,-5,-4,22,-2
1,-5,-4,23,2
1,-5,-4,24,6
1,-5,-4,25,10
1,-5,-4,26,14
1,-5,-4,27,18
1,-5,-4,28,-19
1,-5,-4,29,-23
1,-5,-4,30,-27
1,-5,-4,31,-31
1,-5,-4,32,-35
1,-5,-4,33,-39
1,-5,-4,34,-43
1,-5,-4,35,-11
1,-5,-4,36,-7
1,-5,-4,37,-3
1,-5,-4,38,1
1,-5,-4,39,5
1,-5,-4,40,9
1,-5,-4,41,13
1,-5,-4,42,-24
1,-5,-4,43,-28
1,-5,-4,44,-32
1,-5,-4,45,-36
1,-5,-4,46,-40
1,-5,-4,47,-44
1,-5,-4,48,-48
1,-5,-4,49,-16
1,-5,-4,50,-12
1,-5,-4,51,-8
1,-5,-4,52,-4
1,-5,-4,53,0
1,-5,-4,54,4
1,-5,-4,55,8
1,-5,-4,56,-29
1,-5,-4,57,-33
1,-5,-4,58,-37
1,-5,-4,59,-41
1,-5,-4,60,-45
1,-5,-4,61,-49
1,-5,-4,62,-53
1,-5,-4,63,-21
1,-5,-4,64,-17
1,-5,-4,65,-13
1,-5,-4,66,-9
1,-5,-4,67,-5
1,-5,-4,68,-1
1,-5,-4,69,3
1,-5,-4,70,-34
1,-5,-4,71,-38
1,-5,-4,72,-42
1,-5,-4,73,-46
1,-5,-4,74,-50
1,-5,-4,75,-54
1,-5,-4,76,-58
1,-5,-4,77,-26
1,-5,-4,78,-22
1,-5,-4,79,-18
1,-5,-4,80,-14
1,-5,-4,81,-10
1,-5,-4,82,-6
1,-5,-4,83,-2
1,-5,-4,84,-39
1,-5,-4,85,-43
1,-5,-4,86,-47
1,-5,-4,87,-51
1,-5,-4,88,-55
1,-5,-4,89,-59
1,-5,-4,90,-63
1,-5,-4,91,-31
1,-5,-4,92,-27
1,-5,-4,93,-23
1,-5,-4,94,-19
1,-5,-4,95,-15
1,-5,-4,96,-11
1,-5,-4,97,-7
1,-5,-4,98,-44
1,-5,-4,99,-48
1,-5,-4,100,-52
1,-5,-4,101,-56
1,-5,-4,102,-60
1,-5,-4,103,-64
1,-5,-4,104,-68
1,-5,-4,105,-36
1,-5,-4,106,-32
1,-5,-4,107,-28
1,-5,-4,108,-24
1,-5,-4,109,-20
1,-5,-4,110,-16
1,-5,-4,111,-12
1,-5,-3,0,-8
1,-5,-3,1,-11
1,-5,-3,2,-14
1,-5,-3,3,-17
1,-5,-3,4,-20
1,-5,-3,5,-23
1,-5,-3,6,-26
1,-5,-3,7,-2
1,-5,-3,8,1
1,-5,-3,9,4
1,-5,-3,10,7
1,-5,-3,11,10
1,-5,-3,12,13
1,-5,-3,13,16
1,-5,-3,14,-13
1,-5,-3,15,-16
1,-5,-3,16,-19
1,-5,-3,17,-22
1,-5,-3,18,-25
1,-5,-3,19,-28
1,-5,-3,20,-31
1,-5,-3,21,-7
1,-5,-3,22,-4
1,-5,-3,23,-1
1,-5,-3,24,2
1,-5,-3,25,5
1,-5,-3,26,8
1,-5,-3,27,11
1,-5,-3,28,-18
1,-5,-3,29,-21
1,-5,-3,30,-24
1,-5,-3,31,-27
1,-5,-3,32,-30
1,-5,-3,33,-33
1,-5,-3,34,-36
1,-5,-3,35,-12
1,-5,-3,36,-9
1,-5,-3,37,-6
1,-5,-3,38,-3
1,-5,-3,39,0
1,-5,-3,40,3
1,-5,-3,41,6
1,-5,-3,42,-23
1,-5,-3,43,-26
1,-5,-3,44,-29
1,-5,-3,45,-32
1,-5,-3,46,-35
1,-5,-3,47,-38
1,-5,-3,48,-41
1,-5,-3,49,-17
1,-5,-3,50,-14
1,-5,-3,51,-11
1,-5,-3,52,-8
1,-5,-3,53,-5
1,-5,-3,54,-2
1,-5,-3,55,1
1,-5,-3,56,-28
1,-5,-3,57,-31
1,-5,-3,58,-34
1,-5,-3,59,-37
1,-5,-3,60,-40
1,-5,-3,61,-43
1,-5,-3,62,-46
1,-5,-3,63,-22
1,-5,-3,64,-19
1,-5,-3,65,-16
1,-5,-3,66,-13
1,-5,-3,67,-10
1,-5,-3,68,-7
1,-5,-3,69,-4
1,-5,-3,70,-33
1,-5,-3,71,-36
1,-5,-3,72,-39
1,-5,-3,73,-42
1,-5,-3,74,-45
1,-5,-3,75,-48
1,-5,-3,76,-51
1,-5,-3,77,-27
1,-5,-3,78,-24
1,-5,-3,79,-21
1,-5,-3,80,-18
1,-5,-3,81,-15
1,-5,-3,82,-12
1,-5,-3,83,-9
1,-5,-3,84,-38
1,-5,-3,85,-41
1,-5,-3,86,-44
1,-5,-3,87,-47
1,-5,-3,88,-50
1,-5,-3,89,-53
1,-5,-3,90,-56
1,-5,-3,91,-32
1,-5,-3,92,-29
1,-5,-3,93,-26
1,-5,-3,94,-23
1,-5,-3,95,-20
1,-5,-3,96,-17
1,-5,-3,97,-14
1,-5,-3,98,-43
1,-5,-3,99,-46
1,-5,-3,100,-49
1,-5,-3,101,-52
1,-5,-3,102,-55
1,-5,-3,103,-58
1,-5,-3,104,-61
1,-5,-3,105,-37
1,-5,-3,106,-34
1,-5,-3,107,-31
1,-5,-3,108,-28
1,-5,-3,109,-25
1,-5,-3,110,-22
1,-5,-3,111,-19
1,-5,-2,0,-7
1,-5,-2,1,-9
1,-5,-2,2,-11
1,-5,-2,3,-13
1,-5,-2,4,-15
1,-5,-2,5,-17
1,-5,-2,6,-19
1,-5,-2,7,-3
1,-5,-2,8,-1
1,-5,-2,9,1
1,-5,-2,10,3
1,-5,-2,11,5
1,-5,-2,12,7
1,-5,-2,13,9
1,-5,-2,14,-12
1,-5,-2,15,-14
1,-5,-2,16,-16
1,-5,-2,17,-18
1,-5,-2,18,-20
1,-5,-2,19,-22
1,-5,-2,20,-24
1,-5,-2,21,-8
1,-5,-2,22,-6
1,-5,-2,23,-4
1,-5,-2,24,-2
1,-5,-2,25,0
1,-5,-2,26,2
1,-5,-2,27,4
1,-5,-2,28,-17
1,-5,-2,29,-19
1,-5,-2,30,-21
1,-5,-2,31,-23
1,-5,-2,32,-25
1,-5,-2,33,-27
1,-5,-2,34,-29
1,-5,-2,35,-13
1,-5,-2,36,-11
1,-5,-2,37,-9
1,-5,-2,38,-7
1,-5,-2,39,-5
1,-5,-2,40,-3
1,-5,-2,41,-1
1,-5,-2,42,-22
1,-5,-2,43,-24
1,-5,-2,44,-26
1,-5,-2,45,-28
1,-5,-2,46,-30
1,-5,-2,47,-32
1,-5,-2,48,-34
1,-5,-2,49,-18
1,-5,-2,50,-16
1,-5,-2,51,-14
1,-5,-2,52,-12
1,-5,-2,53,-10
1,-5,-2,54,-8
1,-5,-2,55,-6
1,-5,-2,56,-27
1,-5,-2,57,-29
1,-5,-2,58,-31
1,-5,-2,59,-33
1,-5,-2,60,-35
1,-5,-2,61,-37
1,-5,-2,62,-39
1,-5,-2,63,-23
1,-5,-2,64,-21
1,-5,-2,65,-19
1,-5,-2,66,-17
1,-5,-2,67,-15
1,-5,-2,68,-13
1,-5,-2,69,-11
1,-5,-2,70,-32
1,-5,-2,71,-34
1,-5,-2,72,-36
1,-5,-2,73,-38
1,-5,-2,74,-40
1,-5,-2,75,-42
1,-5,-2,76,-44
1,-5,-2,77,-28
1,-5,-2,78,-26
1,-5,-2,79,-24
1,-5,-2,80,-22
1,-5,-2,81,-20
1,-5,-2,82,-18
1,-5,-2,83,-16
1,-5,-2,84,-37
1,-5,-2,85,-39
1,-5,-2,86,-41
1,-5,-2,87,-43
1,-5,-2,88,-45
1,-5,-2,89,-47
1,-5,-2,90,-49
1,-5,-2,91,-33
1,-5,-2,92,-31
1,-5,-2,93,-29
1,-5,-2,94,-27
1,-5,-2,95,-25
1,-5,-2,96,-23
1,-5,-2,97,-21
1,-5,-2,98,-42
1,-5,-2,99,-44
1,-5,-2,100,-46
1,-5,-2,101,-48
1,-5,-2,102,-50
1,-5,-2,103,-52
1,-5,-2,104,-54
1,-5,-2,105,-38
1,-5,-2,106,-36
1,-5,-2,107,-34
1,-5,-2,108,-32
1,-5,-2,109,-30
1,-5,-2,110,-28
1,-5,-2,111,-26
1,-5,-1,0,-6
1,-5,-1,1,-7
1,-5,-1,2,-8
1,-5,-1,3,-9
1,-5,-1,4,-10
1,-5,-1,5,-11
1,-5,-1,6,-12
1,-5,-1,7,-4
1,-5,-1,8,-3
1,-5,-1,9,-2
1,-5,-1,10,-1
1,-5,-1,11,0
1,-5,-1,12,1
1,-5,-1,13,2
1,-5,-1,14,-11
1,-5,-1,15,-12
1,-5,-1,16,-13
1,-5,-1,17,-14
1,-5,-1,18,-15
1,-5,-1,19,-16
1,-5,-1,20,-17
1,-5,-1,21,-9
1,-5,-1,22,-8
1,-5,-1,23,-7
1,-5,-1,24,-6
1,-5,-1,25,-5
1,-5,-1,26,-4
1,-5,-1,27,-3
1,-5,-1,28,-16
1,-5,-1,29,-17
1,-5,-1,30,-18
1,-5,-1,31,-19
1,-5,-1,32,-20
1,-5,-1,33,-21
1,-5,-1,34,-22
1,-5,-1,35,-14
1,-5,-1,36,-13
1,-5,-1,37,-12
1,-5,-1,38,-11
1,-5,-1,39,-10
1,-5,-1,40,-9
1,-5,-1,41,-8
1,-5,-1,42,-21
1,-5,-1,43,-22
1,-5,-1,44,-23
1,-5,-1,45,-24
1,-5,-1,46,-25
1,-5,-1,47,-26
1,-5,-1,48,-27
1,-5,-1,49,-19
1,-5,-1,50,-18
1,-5,-1,51,-17
1,-5,-1,52,-16
1,-5,-1,53,-15
1,-5,-1,54,-14
1,-5,-1,55,-13
1,-5,-1,56,-26
1,-5,-1,57,-27
1,-5,-1,58,-28
1,-5,-1,59,-29
1,-5,-1,60,-30
1,-5,-1,61,-31
1,-5,-1,62,-32
1,-5,-1,63,-24
1,-5,-1,64,-23
1,-5,-1,65,-22
1,-5,-1,66,-21
1,-5,-1,67,-20
1,-5,-1,68,-19
1,-5,-1,69,-18
1,-5,-1,70,-31
1,-5,-1,71,-32
1,-5,-1,72,-33
1,-5,-1,73,-34
1,-5,-1,74,-35
1,-5,-1,75,-36
1,-5,-1,76,-37
1,-5,-1,77,-29
1,-5,-1,78,-28
1,-5,-1,79,-27
1,-5,-1,80,-26
1,-5,-1,81,-25
1,-5,-1,82,-24
1,-5,-1,83,-23
1,-5,-1,84,-36
1,-5,-1,85,-37
1,-5,-1,86,-38
1,-5,-1,87,-39
1,-5,-1,88,-40
1,-5,-1,89,-41
1,-5,-1,90,-42
1,-5,-1,91,-34
1,-5,-1,92,-33
1,-5,-1,93,-32
1,-5,-1,94,-31
1,-5,-1,95,-30
1,-5,-1,96,-29
1,-5,-1,97,-28
1,-5,-1,98,-41
1,-5,-1,99,-42
1,-5,-1,100,-43
1,-5,-1,101,-44
1,-5,-1,102,-45
1,-5,-1,103,-46
1,-5,-1,104,-47
1,-5,-1,105,-39
1,-5,-1,106,-38
1,-5,-1,107,-37
1,-5,-1,108,-36
1,-5,-1,109,-35
1,-5,-1,110,-34
1,-5,-1,111,-33
1,-5,0,0,-5
1,-5,0,1,-5
1,-5,0,2,-5
1,-5,0,3,-5
1,-5,0,4,-5
1,-5,0,5,-5
1,-5,0,6,-5
1,-5,0,7,-5
1,-5,0,8,-5
1,-5,0,9,-5
1,-5,0,10,-5
1,-5,0,11,-5
1,-5,0,12,-5
1,-5,0,13,-5
1,-5,0,14,-10
1,-5,0,15,-10
1,-5,0,16,-10
1,-5,0,17,-10
1,-5,0,18,-10
1,-5,0,19,-10
1,-5,0,20,-10
1,-5,0,21,-10
1,-5,0,22,-10
1,-5,0,23,-10
1,-5,0,24,-10
1,-5,0,25,-10
1,-5,0,26,-10
1,-5,0,27,-10
1,-5,0,28,-15
1,-5,0,29,-15
1,-5,0,30,-15
1,-5,0,31,-15
1,-5,0,32,-15
1,-5,0,33,-15
1,-5,0,34,-15
1,-5,0,35,-15
1,-5,0,36,-15
1,-5,0,37,-15
1,-5,0,38,-15
1,-5,0,39,-15
1,-5,0,40,-15
1,-5,0,41,-15
1,-5,0,42,-20
1,-5,0,43,-20
1,-5,0,44,-20
1,-5,0,45,-20
1,-5,0,46,-20
1,-5,0,47,-20
1,-5,0,48,-20
1,-5,0,49,-20
1,-5,0,50,-20
1,-5,0,51,-20
1,-5,0,52,-20
1,-5,0,53,-20
1,-5,0,54,-20
1,-5,0,55,-20
1,-5,0,56,-25
1,-5,0,57,-25
1,-5,0,58,-25
1,-5,0,59,-25
1,-5,0,60,-25
1,-5,0,61,-25
1,-5,0,62,-25
1,-5,0,63,-25
1,-5,0,64,-25
1,-5,0,65,-25
1,-5,0,66,-25
1,-5,0,67,-25
1,-5,0,68,-25
1,-5,0,69,-25
1,-5,0,70,-30
1,-5,0,71,-30
1,-5,0,72,-30
1,-5,0,73,-30
1,-5,0,74,-30
1,-5,0,75,-30
1,-5,0,76,-30
1,-5,0,77,-30
1,-5,0,78,-30
1,-5,0,79,-30
1,-5,0,80,-30
1,-5,0,81,-30
1,-5,0,82,-30
1,-5,0,83,-30
1,-5,0,84,-35
1,-5,0,85,-35
1,-5,0,86,-35
1,-5,0,87,-35
1,-5,0,88,-35
1,-5,0,89,-35
1,-5,0,90,-35
1,-5,0,91,-35
1,-5,0,92,-35
1,-5,0,93,-35
1,-5,0,94,-35
1,-5,0,95,-35
1,-5,0,96,-35
1,-5,0,97,-35
1,-5,0,98,-40
1,-5,0,99,-40
1,-5,0,100,-40
1,-5,0,101,-40
1,-5,0,102,-40
1,-5,0,103,-40
1,-5,0,104,-40
1,-5,0,105,-40
1,-5,0,106,-40
1,-5,0,107,-40
1,-5,0,108,-40
1,-5,0,109,-40
1,-5,0,110,-40
1,-5,0,111,-40
1,-5,1,0,-4
1,-5,1,1,-3
1,-5,1,2,-2
1,-5,1,3,-1
1,-5,1,4,0
1,-5,1,5,1
1,-5,1,6,2
1,-5,1,7,-6
1,-5,1,8,-7
1,-5,1,9,-8
1,-5,1,10,-9
1,-5,1,11,-10
1,-5,1,12,-11
1,-5,1,13,-12
1,-5,1,14,-9
1,-5,1,15,-8
1,-5,1,16,-7
1,-5,1,17,-6
1,-5,1,18,-5
1,-5,1,19,-4
1,-5,1,20,-3
1,-5,1,21,-11
1,-5,1,22,-12
1,-5,1,23,-13
1,-5,1,24,-14
1,-5,1,25,-15
1,-5,1,26,-16
1,-5,1,27,-17
1,-5,1,28,-14
1,-5,1,29,-13
1,-5,1,30,-12
1,-5,1,31,-11
1,-5,1,32,-10
1,-5,1,33,-9
1,-5,1,34,-8
1,-5,1,35,-16
1,-5,1,36,-17
1,-5,1,37,-18
1,-5,1,38,-19
1,-5,1,39,-20
1,-5,1,40,-21
1,-5,1,41,-22
1,-5,1,42,-19
1,-5,1,43,-18
1,-5,1,44,-17
1,-5,1,45,-16
1,-5,1,46,-15
1,-5,1,47,-14
1,-5,1,48,-13
1,-5,1,49,-21
1,-5,1,50,-22
1,-5,1,51,-23
1,-5,1,52,-24
1,-5,1,53,-25
1,-5,1,54,-26
1,-5,1,55,-27
1,-5,1,56,-24
1,-5,1,57,-23
1,-5,1,58,-22
1,-5,1,59,-21
1,-5,1,60,-20
1,-5,1,61,-19
1,-5,1,62,-18
1,-5,1,63,-26
1,-5,1,64,-27
1,-5,1,65,-28
1,-5,1,66,-29
1,-5,1,67,-30
1,-5,1,68,-31
1,-5,1,69,-32
1,-5,1,70,-29
1,-5,1,71,-28
1,-5,1,72,-27
1,-5,1,73,-26
1,-5,1,74,-25
1,-5,1,75,-24
1,-5,1,76,-23
1,-5,1,77,-31
1,-5,1,78,-32
1,-5,1,79,-33
1,-5,1,80,-34
1,-5,1,81,-35
1,-5,1,82,-36
1,-5,1,83,-37
1,-5,1,84,-34
1,-5,1,85,-33
1,-5,1,86,-32
1,-5,1,87,-31
1,-5,1,88,-30
1,-5,1,89,-29
1,-5,1,90,-28
1,-5,1,91,-36
1,-5,1,92,-37
1,-5,1,93,-38
1,-5,1,94,-39
1,-5,1,95,-40
1,-5,1,96,-41
1,-5,1,97,-42
1,-5,1,98,-39
1,-5,1,99,-38
1,-5,1,100,-37
1,-5,1,101,-36
1,-5,1,102,-35
1,-5,1,103,-34
1,-5,1,104,-33
1,-5,1,105,-41
1,-5,1,106,-42
1,-5,1,107,-43
1,-5,1,108,-44
1,-5,1,109,-45
1,-5,1,110,-46
1,-5,1,111,-47
1,-5,2,0,-3
1,-5,2,1,-1
1,-5,2,2,1
1,-5,2,3,3
1,-5,2,4,5
1,-5,2,5,7
1,-5,2,6,9
1,-5,2,7,-7
1,-5,2,8,-9
1,-5,2,9,-11
1,-5,2,10,-13
1,-5,2,11,-15
1,-5,2,12,-17
1,-5,2,13,-19
1,-5,2,14,-8
1,-5,2,15,-6
1,-5,2,16,-4
1,-5,2,17,-2
1,-5,2,18,0
1,-5,2,19,2
1,-5,2,20,4
1,-5,2,21,-12
1,-5,2,22,-14
1,-5,2,23,-16
1,-5,2,24,-18
1,-5,2,25,-20
1,-5,2,26,-22
1,-5,2,27,-24
1,-5,2,28,-13
1,-5,2,29,-11
1,-5,2,30,-9
1,-5,2,31,-7
1,-5,2,32,-5
1,-5,2,33,-3
1,-5,2,34,-1
1,-5,2,35,-17
1,-5,2,36,-19
1,-5,2,37,-21
1,-5,2,38,-23
1,-5,2,39,-25
1,-5,2,40,-27
1,-5,2,41,-29
1,-5,2,42,-18
1,-5,2,43,-16
1,-5,2,44,-14
1,-5,2,45,-12
1,-5,2,46,-10
1,-5,2,47,-8
1,-5,2,48,-6
1,-5,2,49,-22
1,-5,2,50,-24
1,-5,2,51,-26
1,-5,2,52,-28
1,-5,2,53,-30
1,-5,2,54,-32
1,-5,2,55,-34
1,-5,2,56,-23
1,-5,2,57,-21
1,-5,2,58,-19
1,-5,2,59,-17
1,-5,2,60,-15
1,-5,2,61,-13
1,-5,2,62,-11
1,-5,2,63,-27
1,-5,2,64,-29
1,-5,2,65,-31
1,-5,2,66,-33
1,-5,2,67,-35
1,-5,2,68,-37
1,-5,2,69,-39
1,-5,2,70,-28
1,-5,2,71,-26
1,-5,2,72,-24
1,-5,2,73,-22
1,-5,2,74,-20
1,-5,2,75,-18
1,-5,2,76,-16
1,-5,2,77,-32
1,-5,2,78,-34
1,-5,2,79,-36
1,-5,2,80,-38
1,-5,2,81,-40
1,-5,2,82,-42
1,-5,2,83,-44
1,-5,2,84,-33
1,-5,2,85,-31
1,-5,2,86,-29
1,-5,2,87,-27
1,-5,2,88,-25
1,-5,2,89,-23
1,-5,2,90,-21
1,-5,2,91,-37
1,-5,2,92,-39
1,-5,2,93,-41
1,-5,2,94,-43
1,-5,2,95,-45
1,-5,2,96,-47
1,-5,2,97,-49
1,-5,2,98,-38
1,-5,2,99,-36
1,-5,2,100,-34
1,-5,2,101,-32
1,-5,2,102,-30
1,-5,2,103,-28
1,-5,2,104,-26
1,-5,2,105,-42
1,-5,2,106,-44
1,-5,2,107,-46
1,-5,2,108,-48
1,-5,2,109,-50
1,-5,2,110,-52
1,-5,2,111,-54
1,-5,3,0,-2
1,-5,3,1,1
1,-5,3,2,4
1,-5,3,3,7
1,-5,3,4,10
1,-5,3,5,13
1,-5,3,6,16
1,-5,3,7,-8
1,-5,3,8,-11
1,-5,3,9,-14
1,-5,3,10,-17
1,-5,3,11,-20
1,-5,3,12,-23
1,-5,3,13,-26
1,-5,3,14,-7
1,-5,3,15,-4
1,-5,3,16,-1
1,-5,3,17,2
1,-5,3,18,5
1,-5,3,19,8
1,-5,3,20,11
1,-5,3,21,-13
1,-5,3,22,-16
1,-5,3,23,-19
1,-5,3,24,-22
1,-5,3,25,-25
1,-5,3,26,-28
1,-5,3,27,-31
1,-5,3,28,-12
1,-5,3,29,-9
1,-5,3,30,-6
1,-5,3,31,-3
1,-5,3,32,0
1,-5,3,33,3
1,-5,3,34,6
1,-5,3,35,-18
1,-5,3,36,-21
1,-5,3,37,-24
1,-5,3,38,-27
1,-5,3,39,-30
1,-5,3,40,-33
1,-5,3,41,-36
1,-5,3,42,-17
1,-5,3,43,-14
1,-5,3,44,-11
1,-5,3,45,-8
1,-5,3,46,-5
1,-5,3,47,-2
1,-5,3,48,1
1,-5,3,49,-23
1,-5,3,50,-26
1,-5,3,51,-29
1,-5,3,52,-32
1,-5,3,53,-35
1,-5,3,54,-38
1,-5,3,55,-41
1,-5,3,56,-22
1,-5,3,57,-19
1,-5,3,58,-16
1,-5,3,59,-13
1,-5,3,60,-10
1,-5,3,61,-7
1,-5,3,62,-4
1,-5,3,63,-28
1,-5,3,64,-31
1,-5,3,65,-34
1,-5,3,66,-37
1,-5,3,67,-40
1,-5,3,68,-43
1,-5,3,69,-46
1,-5,3,70,-27
1,-5,3,71,-24
1,-5,3,72,-21
1,-5,3,73,-18
1,-5,3,74,-15
1,-5,3,75,-12
1,-5,3,76,-9
1,-5,3,77,-33
1,-5,3,78,-36
1,-5,3,79,-39
1,-5,3,80,-42
1,-5,3,81,-45
1,-5,3,82,-48
1,-5,3,83,-51
1,-5,3,84,-32
1,-5,3,85,-29
1,-5,3,86,-26
1,-5,3,87,-23
1,-5,3,88,-20
1,-5,3,89,-17
1,-5,3,90,-14
1,-5,3,91,-38
1,-5,3,92,-41
1,-5,3,93,-44
1,-5,3,94,-47
1,-5,3,95,-50
1,-5,3,96,-53
1,-5,3,97,-56
1,-5,3,98,-37
1,-5,3,99,-34
1,-5,3,100,-31
1,-5,3,101,-28
1,-5,3,102,-25
1,-5,3,103,-22
1,-5,3,104,-19
1,-5,3,105,-43
1,-5,3,106,-46
1,-5,3,107,-49
1,-5,3,108,-52
1,-5,3,109,-55
1,-5,3,110,-58
1,-5,3,111,-61
1,-5,4,0,-1
1,-5,4,1,3
1,-5,4,2,7
1,-5,4,3,11
1,-5,4,4,15
1,-5,4,5,19
1,-5,4,6,23
1,-5,4,7,-9
1,-5,4,8,-13
1,-5,4,9,-17
1,-5,4,10,-21
1,-5,4,11,-25
1,-5,4,12,-29
1,-5,4,13,-33
1,-5,4,14,-6
1,-5,4,15,-2
1,-5,4,16,2
1,-5,4,17,6
1,-5,4,18,10
1,-5,4,19,14
1,-5,4,20,18
1,-5,4,21,-14
1,-5,4,22,-18
1,-5,4,23,-22
1,-5,4,24,-26
1,-5,4,25,-30
1,-5,4,26,-34
1,-5,4,27,-38
1,-5,4,28,-11
1,-5,4,29,-7
1,-5,4,30,-3
1,-5,4,31,1
1,-5,4,32,5
1,-5,4,33,9
1,-5,4,34,13
1,-5,4,35,-19
1,-5,4,36,-23
1,-5,4,37,-27
1,-5,4,38,-31
1,-5,4,39,-35
1,-5,4,40,-39
1,-5,4,41,-43
1,-5,4,42,-16
1,-5,4,43,-12
1,-5,4,44,-8
1,-5,4,45,-4
1,-5,4,46,0
1,-5,4,47,4
1,-5,4,48,8
1,-5,4,49,-24
1,-5,4,50,-28
1,-5,4,51,-32
1,-5,4,52,-36
1,-5,4,53,-40
1,-5,4,54,-44
1,-5,4,55,-48
1,-5,4,56,-21
1,-5,4,57,-17
1,-5,4,58,-13
1,-5,4,59,-9
1,-5,4,60,-5
1,-5,4,61,-1
1,-5,4,62,3
1,-5,4,63,-29
1,-5,4,64,-33
1,-5,4,65,-37
1,-5,4,66,-41
1,-5,4,67,-45
1,-5,4,68,-49
1,-5,4,69,-53
1,-5,4,70,-26
1,-5,4,71,-22
1,-5,4,72,-18
1,-5,4,73,-14
1,-5,4,74,-10
1,-5,4,75,-6
1,-5,4,76,-2
1,-5,4,77,-34
1,-5,4,78,-38
1,-5,4,79,-42
1,-5,4,80,-46
1,-5,4,81,-50
1,-5,4,82,-54
1,-5,4,83,-58
1,-5,4,84,-31
1,-5,4,85,-27
1,-5,4,86,-23
1,-5,4,87,-19
1,-5,4,88,-15
1,-5,4,89,-11
1,-5,4,90,-7
1,-5,4,91,-39
1,-5,4,92,-43
1,-5,4,93,-47
1,-5,4,94,-51
1,-5,4,95,-55
1,-5,4,96,-59
1,-5,4,97,-63
1,-5,4,98,-36
1,-5,4,99,-32
1,-5,4,100,-28
1,-5,4,101,-24
1,-5,4,102,-20
1,-5,4,103,-16
1,-5,4,104,-12
1,-5,4,105,-44
1,-5,4,106,-48
1,-5,4,107,-52
1,-5,4,108,-56
1,-5,4,109,-60
1,-5,4,110,-64
1,-5,4,111,-68
1,-5,5,0,0
1,-5,5,1,5
1,-5,5,2,10
1,-5,5,3,15
1,-5,5,4,20
1,-5,5,5,25
1,-5,5,6,30
1,-5,5,7,-10
1,-5,5,8,-15
1,-5,5,9,-20
1,-5,5,10,-25
1,-5,5,11,-30
1,-5,5,12,-35
1,-5,5,13,-40
1,-5,5,14,-5
1,-5,5,15,0
1,-5,5,16,5
1,-5,5,17,10
1,-5,5,18,15
1,-5,5,19,20
1,-5,5,20,25
1,-5,5,21,-15
1,-5,5,22,-20
1,-5,5,23,-25
1,-5,5,24,-30
1,-5,5,25,-35
1,-5,5,26,-40
1,-5,5,27,-45
1,-5,5,28,-10
1,-5,5,29,-5
1,-5,5,30,0
1,-5,5,31,5
1,-5,5,32,10
1,-5,5,33,15
1,-5,5,34,20
1,-5,5,35,-20
1,-5,5,36,-25
1,-5,5,37,-30
1,-5,5,38,-35
1,-5,5,39,-40
1,-5,5,40,-45
1,-5,5,41,-50
1,-5,5,42,-15
1,-5,5,43,-10
1,-5,5,44,-5
1,-5,5,45,0
1,-5,5,46,5
1,-5,5,47,10
1,-5,5,48,15
1,-5,5,49,-25
1,-5,5,50,-30
1,-5,5,51,-35
1,-5,5,52,-40
1,-5,5,53,-45
1,-5,5,54,-50
1,-5,5,55,-55
1,-5,5,56,-20
1,-5,5,57,-15
1,-5,5,58,-10
1,-5,5,59,-5
1,-5,5,60,0
1,-5,5,61,5
1,-5,5,62,10
1,-5,5,63,-30
1,-5,5,64,-35
1,-5,5,65,-40
1,-5,5,66,-45
1,-5,5,67,-50
1,-5,5,68,-55
1,-5,5,69,-60
1,-5,5,70,-25
1,-5,5,71,-20
1,-5,5,72,-15
1,-5,5,73,-10
1,-5,5,74,-5
1,-5,5,75,0
1,-5,5,76,5
1,-5,5,77,-35
1,-5,5,78,-40
1,-5,5,79,-45
1,-5,5,80,-50
1,-5,5,81,-55
1,-5,5,82,-60
1,-5,5,83,-65
1,-5,5,84,-30
1,-5,5,85,-25
1,-5,5,86,-20
1,-5,5,87,-15
1,-5,5,88,-10
1,-5,5,89,-5
1,-5,5,90,0
1,-5,5,91,-40
1,-5,5,92,-45
1,-5,5,93,-50
1,-5,5,94,-55
1,-5,5,95,-60
1,-5,5,96,-65
1,-5,5,97,-70
1,-5,5,98,-35
1,-5,5,99,-30
1,-5,5,100,-25
1,-5,5,101,-20
1,-5,5,102,-15
1,-5,5,103,-10
1,-5,5,104,-5
1,-5,5,105,-45
1,-5,5,106,-50
1,-5,5,107,-55
1,-5,5,108,-60
1,-5,5,109,-65
1,-5,5,110,-70
1,-5,5,111,-75
1,-5,6,0,1
1,-5,6,1,7
1,-5,6,2,13
1,-5,6,3,19
1,-5,6,4,25
1,-5,6,5,31
1,-5,6,6,37
1,-5,6,7,-11
1,-5,6,8,-17
1,-5,6,9,-23
1,-5,6,10,-29
1,-5,6,11,-35
1,-5,6,12,-41
1,-5,6,13,-47
1,-5,6,14,-4
1,-5,6,15,2
1,-5,6,16,8
1,-5,6,17,14
1,-5,6,18,20
1,-5,6,19,26
1,-5,6,20,32
1,-5,6,21,-16
1,-5,6,22,-22
1,-5,6,23,-28
1,-5,6,24,-34
1,-5,6,25,-40
1,-5,6,26,-46
1,-5,6,27,-52
1,-5,6,28,-9
1,-5,6,29,-3
1,-5,6,30,3
1,-5,6,31,9
1,-5,6,32,15
1,-5,6,33,21
1,-5,6,34,27
1,-5,6,35,-21
1,-5,6,36,-27
1,-5,6,37,-33
1,-5,6,38,-39
1,-5,6,39,-45
1,-5,6,40,-51
1,-5,6,41,-57
1,-5,6,42,-14
1,-5,6,43,-8
1,-5,6,44,-2
1,-5,6,45,4
1,-5,6,46,10
1,-5,6,47,16
1,-5,6,48,22
1,-5,6,49,-26
1,-5,6,50,-32
1,-5,6,51,-38
1,-5,6,52,-44
1,-5,6,53,-50
1,-5,6,54,-56
1,-5,6,55,-62
1,-5,6,56,-19
1,-5,6,57,-13
1,-5,6,58,-7
1,-5,6,59,-1
1,-5,6,60,5
1,-5,6,61,11
1,-5,6,62,17
1,-5,6,63,-31
1,-5,6,64,-37
1,-5,6,65,-43
1,-5,6,66,-49
1,-5,6,67,-55
1,-5,6,68,-61
1,-5,6,69,-67
1,-5,6,70,-24
1,-5,6,71,-18
1,-5,6,72,-12
1,-5,6,73,-6
1,-5,6,74,0
1,-5,6,75,6
1,-5,6,76,12
1,-5,6,77,-36
1,-5,6,78,-42
1,-5,6,79,-48
1,-5,6,80,-54
1,-5,6,81,-60
1,-5,6,82,-66
1,-5,6,83,-72
1,-5,6,84,-29
1,-5,6,85,-23
1,-5,6,86,-17
1,-5,6,87,-11
1,-5,6,88,-5
1,-5,6,89,1
1,-5,6,90,7
1,-5,6,91,-41
1,-5,6,92,-47
1,-5,6,93,-53
1,-5,6,94,-59
1,-5,6,95,-65
1,-5,6,96,-71
1,-5,6,97,-77
1,-5,6,98,-34
1,-5,6,99,-28
1,-5,6,100,-22
1,-5,6,101,-16
1,-5,6,102,-10
1,-5,6,103,-4
1,-5,6,104,2
1,-5,6,105,-46
1,-5,6,106,-52
1,-5,6,107,-58
1,-5,6,108,-64
1,-5,6,109,-70
1,-5,6,110,-76
1,-5,6,111,-82
1,-5,7,0,2
1,-5,7,1,9
1,-5,7,2,16
1,-5,7,3,23
1,-5,7,4,30
1,-5,7,5,37
1,-5,7,6,44
1,-5,7,7,-12
1,-5,7,8,-19
1,-5,7,9,-26
1,-5,7,10,-33
1,-5,7,11,-40
1,-5,7,12,-47
1,-5,7,13,-54
1,-5,7,14,-3
1,-5,7,15,4
1,-5,7,16,11
1,-5,7,17,18
1,-5,7,18,25
1,-5,7,19,32
1,-5,7,20,39
1,-5,7,21,-17
1,-5,7,22,-24
1,-5,7,23,-31
1,-5,7,24,-38
1,-5,7,25,-45
1,-5,7,26,-52
1,-5,7,27,-59
1,-5,7,28,-8
1,-5,7,29,-1
1,-5,7,30,6
1,-5,7,31,13
1,-5,7,32,20
1,-5,7,33,27
1,-5,7,34,34
1,-5,7,35,-22
1,-5,7,36,-29
1,-5,7,37,-36
1,-5,7,38,-43
1,-5,7,39,-50
1,-5,7,40,-57
1,-5,7,41,-64
1,-5,7,42,-13
1,-5,7,43,-6
1,-5,7,44,1
1,-5,7,45,8
1,-5,7,46,15
1,-5,7,47,22
1,-5,7,48,29
1,-5,7,49,-27
1,-5,7,50,-34
1,-5,7,51,-41
1,-5,7,52,-48
1,-5,7,53,-55
1,-5,7,54,-62
1,-5,7,55,-69
1,-5,7,56,-18
1,-5,7,57,-11
1,-5,7,58,-4
1,-5,7,59,3
1,-5,7,60,10
1,-5,7,61,17
1,-5,7,62,24
1,-5,7,63,-32
1,-5,7,64,-39
1,-5,7,65,-46
1,-5,7,66,-53
1,-5,7,67,-60
1,-5,7,68,-67
1,-5,7,69,-74
1,-5,7,70,-23
1,-5,7,71,-16
1,-5,7,72,-9
1,-5,7,73,-2
1,-5,7,74,5
1,-5,7,75,12
1,-5,7,76,19
1,-5,7,77,-37
1,-5,7,78,-44
1,-5,7,79,-51
1,-5,7,80,-58
1,-5,7,81,-65
1,-5,7,82,-72
1,-5,7,83,-79
1,-5,7,84,-28
1,-5,7,85,-21
1,-5,7,86,-14
1,-5,7,87,-7
1,-5,7,88,0
1,-5,7,89,7
1,-5,7,90,14
1,-5,7,91,-42
1,-5,7,92,-49
1,-5,7,93,-56
1,-5,7,94,-63
1,-5,7,95,-70
1,-5,7,96,-77
1,-5,7,97,-84
1,-5,7,98,-33
1,-5,7,99,-26
1,-5,7,100,-19
1,-5,7,101,-12
1,-5,7,102,-5
1,-5,7,103,2
1,-5,7,104,9
1,-5,7,105,-47
1,-5,7,106,-54
1,-5,7,107,-61
1,-5,7,108,-68
1,-5,7,109,-75
1,-5,7,110,-82
1,-5,7,111,-89
1,-4,-8,0,-12
1,-4,-8,1,-20
1,-4,-8,2,-28
1,-4,-8,3,-36
1,-4,-8,4,-44
1,-4,-8,5,-52
1,-4,-8,6,-60
1,-4,-8,7,4
1,-4,-8,8,12
1,-4,-8,9,20
1,-4,-8,10,28
1,-4,-8,11,36
1,-4,-8,12,44
1,-4,-8,13,52
1,-4,-8,14,-16
1,-4,-8,15,-24
1,-4,-8,16,-32
1,-4,-8,17,-40
1,-4,-8,18,-48
1,-4,-8,19,-56
1,-4,-8,20,-64
1,-4,-8,21,0
1,-4,-8,22,8
1,-4,-8,23,16
1,-4,-8,24,24
1,-4,-8,25,32
1,-4,-8,26,40
1,-4,-8,27,48
1,-4,-8,28,-20
1,-4,-8,29,-28
1,-4,-8,30,-36
1,-4,-8,31,-44
1,-4,-8,32,-52
1,-4,-8,33,-60
1,-4,-8,34,-68
1,-4,-8,35,-4
1,-4,-8,36,4
1,-4,-8,37,12
1,-4,-8,38,20
1,-4,-8,39,28
1,-4,-8,40,36
1,-4,-8,41,44
1,-4,-8,42,-24
1,-4,-8,43,-32
1,-4,-8,44,-40
1,-4,-8,45,-48
1,-4,-8,46,-56
1,-4,-8,47,-64
1,-4,-8,48,-72
1,-4,-8,49,-8
1,-4,-8,50,0
1,-4,-8,51,8
1,-4,-8,52,16
1,-4,-8,53,24
1,-4,-8,54,32
1,-4,-8,55,40
1,-4,-8,56,-28
1,-4,-8,57,-36
1,-4,-8,58,-44
1,-4,-8,59,-52
1,-4,-8,60,-60
1,-4,-8,61,-68
1,-4,-8,62,-76
1,-4,-8,63,-12
1,-4,-8,64,-4
1,-4,-8,65,4
1,-4,-8,66,12
1,-4,-8,67,20
1,-4,-8,68,28
1,-4,-8,69,36
1,-4,-8,70,-32
1,-4,-8,71,-40
1,-4,-8,72,-48
1,-4,-8,73,-56
1,-4,-8,74,-64
1,-4,-8,75,-72
1,-4,-8,76,-80
1,-4,-8,77,-16
1,-4,-8,78,-8
1,-4,-8,79,0
1,-4,-8,80,8
1,-4,-8,81,16
1,-4,-8,82,24
1,-4,-8,83,32
1,-4,-8,84,-36
1,-4,-8,85,-44
1,-4,-8,86,-52
1,-4,-8,87,-60
1,-4,-8,88,-68
1,-4,-8,89,-76
1,-4,-8,90,-84
1,-4,-8,91,-20
1,-4,-8,92,-12
1,-4,-8,93,-4
1,-4,-8,94,4
1,-4,-8,95,12
1,-4,-8,96,20
1,-4,-8,97,28
1,-4,-8,98,-40
1,-4,-8,99,-48
1,-4,-8,100,-56
1,-4,-8,101,-64
1,-4,-8,102,-72
1,-4,-8,103,-80
1,-4,-8,104,-88
1,-4,-8,105,-24
1,-4,-8,106,-16
1,-4,-8,107,-8
1,-4,-8,108,0
1,-4,-8,109,8
1,-4,-8,110,16
1,-4,-8,111,24
1,-4,-7,0,-11
1,-4,-7,1,-18
1,-4,-7,2,-25
1,-4,-7,3,-32
1,-4,-7,4,-39
1,-4,-7,5,-46
1,-4,-7,6,-53
1,-4,-7,7,3
1,-4,-7,8,10
1,-4,-7,9,17
1,-4,-7,10,24
1,-4,-7,11,31
1,-4,-7,12,38
1,-4,-7,13,45
1,-4,-7,14,-15
1,-4,-7,15,-22
1,-4,-7,16,-29
1,-4,-7,17,-36
1,-4,-7,18,-43
1,-4,-7,19,-50
1,-4,-7,20,-57
1,-4,-7,21,-1
1,-4,-7,22,6
1,-4,-7,23,13
1,-4,-7,24,20
1,-4,-7,25,27
1,-4,-7,26,34
1,-4,-7,27,41
1,-4,-7,28,-19
1,-4,-7,29,-26
1,-4,-7,30,-33
1,-4,-7,31,-40
1,-4,-7,32,-47
1,-4,-7,33,-54
1,-4,-7,34,-61
1,-4,-7,35,-5
1,-4,-7,36,2
1,-4,-7,37,9
1,-4,-7,38,16
1,-4,-7,39,23
1,-4,-7,40,30
1,-4,-7,41,37
1,-4,-7,42,-23
1,-4,-7,43,-30
1,-4,-7,44,-37
1,-4,-7,45,-44
1,-4,-7,46,-51
1,-4,-7,47,-58
1,-4,-7,48,-65
1,-4,-7,49,-9
1,-4,-7,50,-2
1,-4,-7,51,5
1,-4,-7,52,12
1,-4,-7,53,19
1,-4,-7,54,26
1,-4,-7,55,33
1,-4,-7,56,-27
1,-4,-7,57,-34
1,-4,-7,58,-41
1,-4,-7,59,-48
1,-4,-7,60,-55
1,-4,-7,61,-62
1,-4,-7,62,-69
1,-4,-7,63,-13
1,-4,-7,64,-6
1,-4,-7,65,1
1,-4,-7,66,8
1,-4,-7,67,15
1,-4,-7,68,22
1,-4,-7,69,29
1,-4,-7,70,-31
1,-4,-7,71,-38
1,-4,-7,72,-45
1,-4,-7,73,-52
1,-4,-7,74,-59
1,-4,-7,75,-66
1,-4,-7,76,-73
1,-4,-7,77,-17
1,-4,-7,78,-10
1,-4,-7,79,-3
1,-4,-7,80,4
1,-4,-7,81,11
1,-4,-7,82,18
1,-4,-7,83,25
1,-4,-7,84,-35
1,-4,-7,85,-42
1,-4,-7,86,-49
1,-4,-7,87,-56
1,-4,-7,88,-63
1,-4,-7,89,-70
1,-4,-7,90,-77
1,-4,-7,91,-21
1,-4,-7,92,-14
1,-4,-7,93,-7
1,-4,-7,94,0
1,-4,-7,95,7
1,-4,-7,96,14
1,-4,-7,97,21
1,-4,-7,98,-39
1,-4,-7,99,-46
1,-4,-7,100,-53
1,-4,-7,101,-60
1,-4,-7,102,-67
1,-4,-7,103,-74
1,-4,-7,104,-81
1,-4,-7,105,-25
1,-4,-7,106,-18
1,-4,-7,107,-11
1,-4,-7,108,-4
1,-4,-7,109,3
1,-4,-7,110,10
1,-4,-7,111,17
1,-4,-6,0,-10
1,-4,-6,1,-16
1,-4,-6,2,-22
1,-4,-6,3,-28
1,-4,-6,4,-34
1,-4,-6,5,-40
1,-4,-6,6,-46
1,-4,-6,7,2
1,-4,-6,8,8
1,-4,-6,9,14
1,-4,-6,10,20
1,-4,-6,11,26
1,-4,-6,12,32
1,-4,-6,13,38
1,-4,-6,14,-14
1,-4,-6,15,-20
1,-4,-6,16,-26
1,-4,-6,17,-32
1,-4,-6,18,-38
1,-4,-6,19,-44
1,-4,-6,20,-50
1,-4,-6,21,-2
1,-4,-6,22,4
1,-4,-6,23,10
1,-4,-6,24,16
1,-4,-6,25,22
1,-4,-6,26,28
1,-4,-6,27,34
1,-4,-6,28,-18
1,-4,-6,29,-24
1,-4,-6,30,-30
1,-4,-6,31,-36
1,-4,-6,32,-42
1,-4,-6,33,-48
1,-4,-6,34,-54
1,-4,-6,35,-6
1,-4,-6,36,0
1,-4,-6,37,6
1,-4,-6,38,12
1,-4,-6,39,18
1,-4,-6,40,24
1,-4,-6,41,30
1,-4,-6,42,-22
1,-4,-6,43,-28
1,-4,-6,44,-34
1,-4,-6,45,-40
1,-4,-6,46,-46
1,-4,-6,47,-52
1,-4,-6,48,-58
1,-4,-6,49,-10
1,-4,-6,50,-4
1,-4,-6,51,2
1,-4,-6,52,8
1,-4,-6,53,14
1,-4,-6,54,20
1,-4,-6,55,26
1,-4,-6,56,-26
1,-4,-6,57,-32
1,-4,-6,58,-38
1,-4,-6,59,-44
1,-4,-6,60,-50
1,-4,-6,61,-56
1,-4,-6,62,-62
1,-4,-6,63,-14
1,-4,-6,64,-8
1,-4,-6,65,-2
1,-4,-6,66,4
1,-4,-6,67,10
1,-4,-6,68,16
1,-4,-6,69,22
1,-4,-6,70,-30
1,-4,-6,71,-36
1,-4,-6,72,-42
1,-4,-6,73,-48
1,-4,-6,74,-54
1,-4,-6,75,-60
1,-4,-6,76,-66
1,-4,-6,77,-18
1,-4,-6,78,-12
1,-4,-6,79,-6
1,-4,-6,80,0
1,-4,-6,81,6
1,-4,-6,82,12
1,-4,-6,83,18
1,-4,-6,84,-34
1,-4,-6,85,-40
1,-4,-6,86,-46
1,-4,-6,87,-52
1,-4,-6,88,-58
1,-4,-6,89,-64
1,-4,-6,90,-70
1,-4,-6,91,-22
1,-4,-6,92,-16
1,-4,-6,93,-10
1,-4,-6,94,-4
1,-4,-6,95,2
1,-4,-6,96,8
1,-4,-6,97,14
1,-4,-6,98,-38
1,-4,-6,99,-44
1,-4,-6,100,-50
1,-4,-6,101,-56
1,-4,-6,102,-62
1,-4,-6,103,-68
1,-4,-6,104,-74
1,-4,-6,105,-26
1,-4,-6,106,-20
1,-4,-6,107,-14
1,-4,-6,108,-8
1,-4,-6,109,-2
1,-4,-6,110,4
1,-4,-6,111,10
1,-4,-5,0,-9
1,-4,-5,1,-14
1,-4,-5,2,-19
1,-4,-5,3,-24
1,-4,-5,4,-29
1,-4,-5,5,-34
1,-4,-5,6,-39
1,-4,-5,7,1
1,-4,-5,8,6
1,-4,-5,9,11
1,-4,-5,10,16
1,-4,-5,11,21
1,-4,-5,12,26
1,-4,-5,13,31
1,-4,-5,14,-13
1,-4,-5,15,-18
1,-4,-5,16,-23
1,-4,-5,17,-28
1,-4,-5,18,-33
1,-4,-5,19,-38
1,-4,-5,20,-43
1,-4,-5,21,-3
1,-4,-5,22,2
1,-4,-5,23,7
1,-4,-5,24,12
1,-4,-5,25,17
1,-4,-5,26,22
1,-4,-5,27,27
1,-4,-5,28,-17
1,-4,-5,29,-22
1,-4,-5,30,-27
1,-4,-5,31,-32
1,-4,-5,32,-37
1,-4,-5,33,-42
1,-4,-5,34,-47
1,-4,-5,35,-7
1,-4,-5,36,-2
1,-4,-5,37,3
1,-4,-5,38,8
1,-4,-5,39,13
1,-4,-5,40,18
1,-4,-5,41,23
1,-4,-5,42,-21
1,-4,-5,43,-26
1,-4,-5,44,-31
1,-4,-5,45,-36
1,-4,-5,46,-41
1,-4,-5,47,-46
1,-4,-5,48,-51
1,-4,-5,49,-11
1,-4,-5,50,-6
1,-4,-5,51,-1
1,-4,-5,52,4
1,-4,-5,53,9
1,-4,-5,54,14
1,-4,-5,55,19
1,-4,-5,56,-25
1,-4,-5,57,-30
1,-4,-5,58,-35
1,-4,-5,59,-40
1,-4,-5,60,-45
1,-4,-5,61,-50
1,-4,-5,62,-55
1,-4,-5,63,-15
1,-4,-5,64,-10
1,-4,-5,65,-5
1,-4,-5,66,0
1,-4,-5,67,5
1,-4,-5,68,10
1,-4,-5,69,15
1,-4,-5,70,-29
1,-4,-5,71,-34
1,-4,-5,72,-39
1,-4,-5,73,-44
1,-4,-5,74,-49
1,-4,-5,75,-54
1,-4,-5,76,-59
1,-4,-5,77,-19
1,-4,-5,78,-14
1,-4,-5,79,-9
1,-4,-5,80,-4
1,-4,-5,81,1
1,-4,-5,82,6
1,-4,-5,83,11
1,-4,-5,84,-33
1,-4,-5,85,-38
1,-4,-5,86,-43
1,-4,-5,87,-48
1,-4,-5,88,-53
1,-4,-5,89,-58
1,-4,-5,90,-63
1,-4,-5,91,-23
1,-4,-5,92,-18
1,-4,-5,93,-13
1,-4,-5,94,-8
1,-4,-5,95,-3
1,-4,-5,96,2
1,-4,-5,97,7
1,-4,-5,98,-37
1,-4,-5,99,-42
1,-4,-5,100,-47
1,-4,-5,101,-52
1,-4,-5,102,-57
1,-4,-5,103,-62
1,-4,-5,104,-67
1,-4,-5,105,-27
1,-4,-5,106,-22
1,-4,-5,107,-17
1,-4,-5,108,-12
1,-4,-5,109,-7
1,-4,-5,110,-2
1,-4,-5,111,3
1,-4,-4,0,-8
1,-4,-4,1,-12
1,-4,-4,2,-16
1,-4,-4,3,-20
1,-4,-4,4,-24
1,-4,-4,5,-28
1,-4,-4,6,-32
1,-4,-4,7,0
1,-4,-4,8,4
1,-4,-4,9,8
1,-4,-4,10,12
1,-4,-4,11,16
1,-4,-4,12,20
1,-4,-4,13,24
1,-4,-4,14,-12
1,-4,-4,15,-16
1,-4,-4,16,-20
1,-4,-4,17,-24
1,-4,-4,18,-28
1,-4,-4,19,-32
1,-4,-4,20,-36
1,-4,-4,21,-4
1,-4,-4,22,0
1,-4,-4,23,4
1,-4,-4,24,8
1,-4,-4,25,12
1,-4,-4,26,16
1,-4,-4,27,20
1,-4,-4,28,-16
1,-4,-4,29,-20
1,-4,-4,30,-24
1,-4,-4,31,-28
1,-4,-4,32,-32
1,-4,-4,33,-36
1,-4,-4,34,-40
1,-4,-4,35,-8
1,-4,-4,36,-4
1,-4,-4,37,0
1,-4,-4,38,4
1,-4,-4,39,8
1,-4,-4,40,12
1,-4,-4,41,16
1,-4,-4,42,-20
1,-4,-4,43,-24
1,-4,-4,44,-28
1,-4,-4,45,-32
1,-4,-4,46,-36
1,-4,-4,47,-40
1,-4,-4,48,-44
1,-4,-4,49,-12
1,-4,-4,50,-8
1,-4,-4,51,-4
1,-4,-4,52,0
1,-4,-4,53,4
1,-4,-4,54,8
1,-4,-4,55,12
1,-4,-4,56,-24
1,-4,-4,57,-28
1,-4,-4,58,-32
1,-4,-4,59,-36
1,-4,-4,60,-40
1,-4,-4,61,-44
1,-4,-4,62,-48
1,-4,-4,63,-16
1,-4,-4,64,-12
1,-4,-4,65,-8
1,-4,-4,66,-4
1,-4,-4,67,0
1,-4,-4,68,4
1,-4,-4,69,8
1,-4,-4,70,-28
1,-4,-4,71,-32
1,-4,-4,72,-36
1,-4,-4,73,-40
1,-4,-4,74,-44
1,-4,-4,75,-48
1,-4,-4,76,-52
1,-4,-4,77,-20
1,-4,-4,78,-16
1,-4,-4,79,-12
1,-4,-4,80,-8
1,-4,-4,81,-4
1,-4,-4,82,0
1,-4,-4,83,4
1,-4,-4,84,-32
1,-4,-4,85,-36
1,-4,-4,86,-40
1,-4,-4,87,-44
1,-4,-4,88,-48
1,-4,-4,89,-52
1,-4,-4,90,-56
1,-4,-4,91,-24
1,-4,-4,92,-20
1,-4,-4,93,-16
1,-4,-4,94,-12
1,-4,-4,95,-8
1,-4,-4,96,-4
1,-4,-4,97,0
1,-4,-4,98,-36
1,-4,-4,99,-40
1,-4,-4,100,-44
1,-4,-4,101,-48
1,-4,-4,102,-52
1,-4,-4,103,-56
1,-4,-4,104,-60
1,-4,-4,105,-28
1,-4,-4,106,-24
1,-4,-4,107,-20
1,-4,-4,108,-16
1,-4,-4,109,-12
1,-4,-4,110,-8
1,-4,-4,111,-4
1,-4,-3,0,-7
1,-4,-3,1,-10
1,-4,-3,2,-13
1,-4,-3,3,-16
1,-4,-3,4,-19
1,-4,-3,5,-22
1,-4,-3,6,-25
1,-4,-3,7,-1
1,-4,-3,8,2
1,-4,-3,9,5
1,-4,-3,10,8
1,-4,-3,11,11
1,-4,-3,12,14
1,-4,-3,13,17
1,-4,-3,14,-11
1,-4,-3,15,-14
1,-4,-3,16,-17
1,-4,-3,17,-20
1,-4,-3,18,-23
1,-4,-3,19,-26
1,-4,-3,20,-29
1,-4,-3,21,-5
1,-4,-3,22,-2
1,-4,-3,23,1
1,-4,-3,24,4
1,-4,-3,25,7
1,-4,-3,26,10
1,-4,-3,27,13
1,-4,-3,28,-15
1,-4,-3,29,-18
1,-4,-3,30,-21
1,-4,-3,31,-24
1,-4,-3,32,-27
1,-4,-3,33,-30
1,-4,-3,34,-33
1,-4,-3,35,-9
1,-4,-3,36,-6
1,-4,-3,37,-3
1,-4,-3,38,0
1,-4,-3,39,3
1,-4,-3,40,6
1,-4,-3,41,9
1,-4,-3,42,-19
1,-4,-3,43,-22
1,-4,-3,44,-25
1,-4,-3,45,-28
1,-4,-3,46,-31
1,-4,-3,47,-34
1,-4,-3,48,-37
1,-4,-3,49,-13
1,-4,-3,50,-10
1,-4,-3,51,-7
1,-4,-3,52,-4
1,-4,-3,53,-1
1,-4,-3,54,2
1,-4,-3,55,5
1,-4,-3,56,-23
1,-4,-3,57,-26
1,-4,-3,58,-29
1,-4,-3,59,-32
1,-4,-3,60,-35
1,-4,-3,61,-38
1,-4,-3,62,-41
1,-4,-3,63,-17
1,-4,-3,64,-14
1,-4,-3,65,-11
1,-4,-3,66,-8
1,-4,-3,67,-5
1,-4,-3,68,-2
1,-4,-3,69,1
1,-4,-3,70,-27
1,-4,-3,71,-30
1,-4,-3,72,-33
1,-4,-3,73,-36
1,-4,-3,74,-39
1,-4,-3,75,-42
1,-4,-3,76,-45
1,-4,-3,77,-21
1,-4,-3,78,-18
1,-4,-3,79,-15
1,-4,-3,80,-12
1,-4,-3,81,-9
1,-4,-3,82,-6
1,-4,-3,83,-3
1,-4,-3,84,-31
1,-4,-3,85,-34
1,-4,-3,86,-37
1,-4,-3,87,-40
1,-4,-3,88,-43
1,-4,-3,89,-46
1,-4,-3,90,-49
1,-4,-3,91,-25
1,-4,-3,92,-22
1,-4,-3,93,-19
1,-4,-3,94,-16
1,-4,-3,95,-13
1,-4,-3,96,-10
1,-4,-3,97,-7
1,-4,-3,98,-35
1,-4,-3,99,-38
1,-4,-3,100,-41
1,-4,-3,101,-44
1,-4,-3,102,-47
1,-4,-3,103,-50
1,-4,-3,104,-53
1,-4,-3,105,-29
1,-4,-3,106,-26
1,-4,-3,107,-23
1,-4,-3,108,-20
1,-4,-3,109,-17
1,-4,-3,110,-14
1,-4,-3,111,-11
1,-4,-2,0,-6
1,-4,-2,1,-8
1,-4,-2,2,-10
1,-4,-2,3,-12
1,-4,-2,4,-14
1,-4,-2,5,-16
1,-4,-2,6,-18
1,-4,-2,7,-2
1,-4,-2,8,0
1,-4,-2,9,2
1,-4,-2,10,4
1,-4,-2,11,6
1,-4,-2,12,8
1,-4,-2,13,10
1,-4,-2,14,-10
1,-4,-2,15,-12
1,-4,-2,16,-14
1,-4,-2,17,-16
1,-4,-2,18,-18
1,-4,-2,19,-20
1,-4,-2,20,-22
1,-4,-2,21,-6
1,-4,-2,22,-4
1,-4,-2,23,-2
1,-4,-2,24,0
1,-4,-2,25,2
1,-4,-2,26,4
1,-4,-2,27,6
1,-4,-2,28,-14
1,-4,-2,29,-16
1,-4,-2,30,-18
1,-4,-2,31,-20
1,-4,-2,32,-22
1,-4,-2,33,-24
1,-4,-2,34,-26
1,-4,-2,35,-10
1,-4,-2,36,-8
1,-4,-2,37,-6
1,-4,-2,38,-4
1,-4,-2,39,-2
1,-4,-2,40,0
1,-4,-2,41,2
1,-4,-2,42,-18
1,-4,-2,43,-20
1,-4,-2,44,-22
1,-4,-2,45,-24
1,-4,-2,46,-26
1,-4,-2,47,-28
1,-4,-2,48,-30
1,-4,-2,49,-14
1,-4,-2,50,-12
1,-4,-2,51,-10
1,-4,-2,52,-8
1,-4,-2,53,-6
1,-4,-2,54,-4
1,-4,-2,55,-2
1,-4,-2,56,-22
1,-4,-2,57,-24
1,-4,-2,58,-26
1,-4,-2,59,-28
1,-4,-2,60,-30
1,-4,-2,61,-32
1,-4,-2,62,-34
1,-4,-2,63,-18
1,-4,-2,64,-16
1,-4,-2,65,-14
1,-4,-2,66,-12
1,-4,-2,67,-10
1,-4,-2,68,-8
1,-4,-2,69,-6
1,-4,-2,70,-26
1,-4,-2,71,-28
1,-4,-2,72,-30
1,-4,-2,73,-32
1,-4,-2,74,-34
1,-4,-2,75,-36
1,-4,-2,76,-38
1,-4,-2,77,-22
1,-4,-2,78,-20
1,-4,-2,79,-18
1,-4,-2,80,-16
1,-4,-2,81,-14
1,-4,-2,82,-12
1,-4,-2,83,-10
1,-4,-2,84,-30
1,-4,-2,85,-32
1,-4,-2,86,-34
1,-4,-2,87,-36
1,-4,-2,88,-38
1,-4,-2,89,-40
1,-4,-2,90,-42
1,-4,-2,91,-26
1,-4,-2,92,-24
1,-4,-2,93,-22
1,-4,-2,94,-20
1,-4,-2,95,-18
1,-4,-2,96,-16
1,-4,-2,97,-14
1,-4,-2,98,-34
1,-4,-2,99,-36
1,-4,-2,100,-38
1,-4,-2,101,-40
1,-4,-2,102,-42
1,-4,-2,103,-44
1,-4,-2,104,-46
1,-4,-2,105,-30
1,-4,-2,106,-28
1,-4,-2,107,-26
1,-4,-2,108,-24
1,-4,-2,109,-22
1,-4,-2,110,-20
1,-4,-2,111,-18
1,-4,-1,0,-5
1,-4,-1,1,-6
1,-4,-1,2,-7
1,-4,-1,3,-8
1,-4,-1,4,-9
1,-4,-1,5,-10
1,-4,-1,6,-11
1,-4,-1,7,-3
1,-4,-1,8,-2
1,-4,-1,9,-1
1,-4,-1,10,0
1,-4,-1,11,1
1,-4,-1,12,2
1,-4,-1,13,3
1,-4,-1,14,-9
1,-4,-1,15,-10
1,-4,-1,16,-11
1,-4,-1,17,-12
1,-4,-1,18,-13
1,-4,-1,19,-14
1,-4,-1,20,-15
1,-4,-1,21,-7
1,-4,-1,22,-6
1,-4,-1,23,-5
1,-4,-1,24,-4
1,-4,-1,25,-3
1,-4,-1,26,-2
1,-4,-1,27,-1
1,-4,-1,28,-13
1,-4,-1,29,-14
1,-4,-1,30,-15
1,-4,-1,31,-16
1,-4,-1,32,-17
1,-4,-1,33,-18
1,-4,-1,34,-19
1,-4,-1,35,-11
1,-4,-1,36,-10
1,-4,-1,37,-9
1,-4,-1,38,-8
1,-4,-1,39,-7
1,-4,-1,40,-6
1,-4,-1,41,-5
1,-4,-1,42,-17
1,-4,-1,43,-18
1,-4,-1,44,-19
1,-4,-1,45,-20
1,-4,-1,46,-21
1,-4,-1,47,-22
1,-4,-1,48,-23
1,-4,-1,49,-15
1,-4,-1,50,-14
1,-4,-1,51,-13
1,-4,-1,52,-12
1,-4,-1,53,-11
1,-4,-1,54,-10
1,-4,-1,55,-9
1,-4,-1,56,-21
1,-4,-1,57,-22
1,-4,-1,58,-23
1,-4,-1,59,-24
1,-4,-1,60,-25
1,-4,-1,61,-26
1,-4,-1,62,-27
1,-4,-1,63,-19
1,-4,-1,64,-18
1,-4,-1,65,-17
1,-4,-1,66,-16
1,-4,-1,67,-15
1,-4,-1,68,-14
1,-4,-1,69,-13
1,-4,-1,70,-25
1,-4,-1,71,-26
1,-4,-1,72,-27
1,-4,-1,73,-28
1,-4,-1,74,-29
1,-4,-1,75,-30
1,-4,-1,76,-31
1,-4,-1,77,-23
1,-4,-1,78,-22
1,-4,-1,79,-21
1,-4,-1,80,-20
1,-4,-1,81,-19
1,-4,-1,82,-18
1,-4,-1,83,-17
1,-4,-1,84,-29
1,-4,-1,85,-30
1,-4,-1,86,-31
1,-4,-1,87,-32
1,-4,-1,88,-33
1,-4,-1,89,-34
1,-4,-1,90,-35
1,-4,-1,91,-27
1,-4,-1,92,-26
1,-4,-1,93,-25
1,-4,-1,94,-24
1,-4,-1,95,-23
1,-4,-1,96,-22
1,-4,-1,97,-21
1,-4,-1,98,-33
1,-4,-1,99,-34
1,-4,-1,100,-35
1,-4,-1,101,-36
1,-4,-1,102,-37
1,-4,-1,103,-38
1,-4,-1,104,-39
1,-4,-1,105,-31
1,-4,-1,106,-30
1,-4,-1,107,-29
1,-4,-1,108,-28
1,-4,-1,109,-27
1,-4,-1,110,-26
1,-4,-1,111,-25
1,-4,0,0,-4
1,-4,0,1,-4
1,-4,0,2,-4
1,-4,0,3,-4
1,-4,0,4,-4
1,-4,0,5,-4
1,-4,0,6,-4
1,-4,0,7,-4
1,-4,0,8,-4
1,-4,0,9,-4
1,-4,0,10,-4
1,-4,0,11,-4
1,-4,0,12,-4
1,-4,0,13,-4
1,-4,0,14,-8
1,-4,0,15,-8
1,-4,0,16,-8
1,-4,0,17,-8
1,-4,0,18,-8
1,-4,0,19,-8
1,-4,0,20,-8
1,-4,0,21,-8
1,-4,0,22,-8
1,-4,0,23,-8
1,-4,0,24,-8
1,-4,0,25,-8
1,-4,0,26,-8
1,-4,0,27,-8
1,-4,0,28,-12
1,-4,0,29,-12
1,-4,0,30,-12
1,-4,0,31,-12
1,-4,0,32,-12
1,-4,0,33,-12
1,-4,0,34,-12
1,-4,0,35,-12
1,-4,0,36,-12
1,-4,0,37,-12
1,-4,0,38,-12
1,-4,0,39,-12
1,-4,0,40,-12
1,-4,0,41,-12
1,-4,0,42,-16
1,-4,0,43,-16
1,-4,0,44,-16
1,-4,0,45,-16
1,-4,0,46,-16
1,-4,0,47,-16
1,-4,0,48,-16
1,-4,0,49,-16
1,-4,0,50,-16
1,-4,0,51,-16
1,-4,0,52,-16
1,-4,0,53,-16
1,-4,0,54,-16
1,-4,0,55,-16
1,-4,0,56,-20
1,-4,0,57,-20
1,-4,0,58,-20
1,-4,0,59,-20
1,-4,0,60,-20
1,-4,0,61,-20
1,-4,0,62,-20
1,-4,0,63,-20
1,-4,0,64,-20
1,-4,0,65,-20
1,-4,0,66,-20
1,-4,0,67,-20
1,-4,0,68,-20
1,-4,0,69,-20
1,-4,0,70,-24
1,-4,0,71,-24
1,-4,0,72,-24
1,-4,0,73,-24
1,-4,0,74,-24
1,-4,0,75,-24
1,-4,0,76,-24
1,-4,0,77,-24
1,-4,0,78,-24
1,-4,0,79,-24
1,-4,0,80,-24
1,-4,0,81,-24
1,-4,0,82,-24
1,-4,0,83,-24
1,-4,0,84,-28
1,-4,0,85,-28
1,-4,0,86,-28
1,-4,0,87,-28
1,-4,0,88,-28
1,-4,0,89,-28
1,-4,0,90,-28
1,-4,0,91,-28
1,-4,0,92,-28
1,-4,0,93,-28
1,-4,0,94,-28
1,-4,0,95,-28
1,-4,0,96,-28
1,-4,0,97,-28
1,-4,0,98,-32
1,-4,0,99,-32
1,-4,0,100,-32
1,-4,0,101,-32
1,-4,0,102,-32
1,-4,0,103,-32
1,-4,0,104,-32
1,-4,0,105,-32
1,-4,0,106,-32
1,-4,0,107,-32
1,-4,0,108,-32
1,-4,0,109,-32
1,-4,0,110,-32
1,-4,0,111,-32
1,-4,1,0,-3
1,-4,1,1,-2
1,-4,1,2,-1
1,-4,1,3,0
1,-4,1,4,1
1,-4,1,5,2
1,-4,1,6,3
1,-4,1,7,-5
1,-4,1,8,-6
1,-4,1,9,-7
1,-4,1,10,-8
1,-4,1,11,-9
1,-4,1,12,-10
1,-4,1,13,-11
1,-4,1,14,-7
1,-4,1,15,-6
1,-4,1,16,-5
1,-4,1,17,-4
1,-4,1,18,-3
1,-4,1,19,-2
1,-4,1,20,-1
1,-4,1,21,-9
1,-4,1,22,-10
1,-4,1,23,-11
1,-4,1,24,-12
1,-4,1,25,-13
1,-4,1,26,-14
1,-4,1,27,-15
1,-4,1,28,-11
1,-4,1,29,-10
1,-4,1,30,-9
1,-4,1,31,-8
1,-4,1,32,-7
1,-4,1,33,-6
1,-4,1,34,-5
1,-4,1,35,-13
1,-4,1,36,-14
1,-4,1,37,-15
1,-4,1,38,-16
1,-4,1,39,-17
1,-4,1,40,-18
1,-4,1,41,-19
1,-4,1,42,-15
1,-4,1,43,-14
1,-4,1,44,-13
1,-4,1,45,-12
1,-4,1,46,-11
1,-4,1,47,-10
1,-4,1,48,-9
1,-4,1,49,-17
1,-4,1,50,-18
1,-4,1,51,-19
1,-4,1,52,-20
1,-4,1,53,-21
1,-4,1,54,-22
1,-4,1,55,-23
1,-4,1,56,-19
1,-4,1,57,-18
1,-4,1,58,-17
1,-4,1,59,-16
1,-4,1,60,-15
1,-4,1,61,-14
1,-4,1,62,-13
1,-4,1,63,-21
1,-4,1,64,-22
1,-4,1,65,-23
1,-4,1,66,-24
1,-4,1,67,-25
1,-4,1,68,-26
1,-4,1,69,-27
1,-4,1,70,-23
1,-4,1,71,-22
1,-4,1,72,-21
1,-4,1,73,-20
1,-4,1,74,-19
1,-4,1,75,-18
1,-4,1,76,-17
1,-4,1,77,-25
1,-4,1,78,-26
1,-4,1,79,-27
1,-4,1,80,-28
1,-4,1,81,-29
1,-4,1,82,-30
1,-4,1,83,-31
1,-4,1,84,-27
1,-4,1,85,-26
1,-4,1,86,-25
1,-4,1,87,-24
1,-4,1,88,-23
1,-4,1,89,-22
1,-4,1,90,-21
1,-4,1,91,-29
1,-4,1,92,-30
1,-4,1,93,-31
1,-4,1,94,-32
1,-4,1,95,-33
1,-4,1,96,-34
1,-4,1,97,-35
1,-4,1,98,-31
1,-4,1,99,-30
1,-4,1,100,-29
1,-4,1,101,-28
1,-4,1,102,-27
1,-4,1,103,-26
1,-4,1,104,-25
1,-4,1,105,-33
1,-4,1,106,-34
1,-4,1,107,-35
1,-4,1,108,-36
1,-4,1,109,-37
1,-4,1,110,-38
1,-4,1,111,-39
1,-4,2,0,-2
1,-4,2,1,0
1,-4,2,2,2
1,-4,2,3,4
1,-4,2,4,6
1,-4,2,5,8
1,-4,2,6,10
1,-4,2,7,-6
1,-4,2,8,-8
1,-4,2,9,-10
1,-4,2,10,-12
1,-4,2,11,-14
1,-4,2,12,-16
1,-4,2,13,-18
1,-4,2,14,-6
1,-4,2,15,-4
1,-4,2,16,-2
1,-4,2,17,0
1,-4,2,18,2
1,-4,2,19,4
1,-4,2,20,6
1,-4,2,21,-10
1,-4,2,22,-12
1,-4,2,23,-14
1,-4,2,24,-16
1,-4,2,25,-18
1,-4,2,26,-20
1,-4,2,27,-22
1,-4,2,28,-10
1,-4,2,29,-8
1,-4,2,30,-6
1,-4,2,31,-4
1,-4,2,32,-2
1,-4,2,33,0
1,-4,2,34,2
1,-4,2,35,-14
1,-4,2,36,-16
1,-4,2,37,-18
1,-4,2,38,-20
1,-4,2,39,-22
1,-4,2,40,-24
1,-4,2,41,-26
1,-4,2,42,-14
1,-4,2,43,-12
1,-4,2,44,-10
1,-4,2,45,-8
1,-4,2,46,-6
1,-4,2,47,-4
1,-4,2,48,-2
1,-4,2,49,-18
1,-4,2,50,-20
1,-4,2,51,-22
1,-4,2,52,-24
1,-4,2,53,-26
1,-4,2,54,-28
1,-4,2,55,-30
1,-4,2,56,-18
1,-4,2,57,-16
1,-4,2,58,-14
1,-4,2,59,-12
1,-4,2,60,-10
1,-4,2,61,-8
1,-4,2,62,-6
1,-4,2,63,-22
1,-4,2,64,-24
1,-4,2,65,-26
1,-4,2,66,-28
1,-4,2,67,-30
1,-4,2,68,-32
1,-4,2,69,-34
1,-4,2,70,-22
1,-4,2,71,-20
1,-4,2,72,-18
1,-4,2,73,-16
1,-4,2,74,-14
1,-4,2,75,-12
1,-4,2,76,-10
1,-4,2,77,-26
1,-4,2,78,-28
1,-4,2,79,-30
1,-4,2,80,-32
1,-4,2,81,-34
1,-4,2,82,-36
1,-4,2,83,-38
1,-4,2,84,-26
1,-4,2,85,-24
1,-4,2,86,-22
1,-4,2,87,-20
1,-4,2,88,-18
1,-4,2,89,-16
1,-4,2,90,-14
1,-4,2,91,-30
1,-4,2,92,-32
1,-4,2,93,-34
1,-4,2,94,-36
1,-4,2,95,-38
1,-4,2,96,-40
1,-4,2,97,-42
1,-4,2,98,-30
1,-4,2,99,-28
1,-4,2,100,-26
1,-4,2,101,-24
1,-4,2,102,-22
1,-4,2,103,-20
1,-4,2,104,-18
1,-4,2,105,-34
1,-4,2,106,-36
1,-4,2,107,-38
1,-4,2,108,-40
1,-4,2,109,-42
1,-4,2,110,-44
1,-4,2,111,-46
1,-4,3,0,-1
1,-4,3,1,2
1,-4,3,2,5
1,-4,3,3,8
1,-4,3,4,11
1,-4,3,5,14
1,-4,3,6,17
1,-4,3,7,-7
1,-4,3,8,-10
1,-4,3,9,-13
1,-4,3,10,-16
1,-4,3,11,-19
1,-4,3,12,-22
1,-4,3,13,-25
1,-4,3,14,-5
1,-4,3,15,-2
1,-4,3,16,1
1,-4,3,17,4
1,-4,3,18,7
1,-4,3,19,10
1,-4,3,20,13
1,-4,3,21,-11
1,-4,3,22,-14
1,-4,3,23,-17
1,-4,3,24,-20
1,-4,3,25,-23
1,-4,3,26,-26
1,-4,3,27,-29
1,-4,3,28,-9
1,-4,3,29,-6
1,-4,3,30,-3
1,-4,3,31,0
1,-4,3,32,3
1,-4,3,33,6
1,-4,3,34,9
1,-4,3,35,-15
1,-4,3,36,-18
1,-4,3,37,-21
1,-4,3,38,-24
1,-4,3,39,-27
1,-4,3,40,-30
1,-4,3,41,-33
1,-4,3,42,-13
1,-4,3,43,-10
1,-4,3,44,-7
1,-4,3,45,-4
1,-4,3,46,-1
1,-4,3,47,2
1,-4,3,48,5
1,-4,3,49,-19
1,-4,3,50,-22
1,-4,3,51,-25
1,-4,3,52,-28
1,-4,3,53,-31
1,-4,3,54,-34
1,-4,3,55,-37
1,-4,3,56,-17
1,-4,3,57,-14
1,-4,3,58,-11
1,-4,3,59,-8
1,-4,3,60,-5
1,-4,3,61,-2
1,-4,3,62,1
1,-4,3,63,-23
1,-4,3,64,-26
1,-4,3,65,-29
1,-4,3,66,-32
1,-4,3,67,-35
1,-4,3,68,-38
1,-4,3,69,-41
1,-4,3,70,-21
1,-4,3,71,-18
1,-4,3,72,-15
1,-4,3,73,-12
1,-4,3,74,-9
1,-4,3,75,-6
1,-4,3,76,-3
1,-4,3,77,-27
1,-4,3,78,-30
1,-4,3,79,-33
1,-4,3,80,-36
1,-4,3,81,-39
1,-4,3,82,-42
1,-4,3,83,-45
1,-4,3,84,-25
1,-4,3,85,-22
1,-4,3,86,-19
1,-4,3,87,-16
1,-4,3,88,-13
1,-4,3,89,-10
1,-4,3,90,-7
1,-4,3,91,-31
1,-4,3,92,-34
1,-4,3,93,-37
1,-4,3,94,-40
1,-4,3,95,-43
1,-4,3,96,-46
1,-4,3,97,-49
1,-4,3,98,-29
1,-4,3,99,-26
1,-4,3,100,-23
1,-4,3,101,-20
1,-4,3,102,-17
1,-4,3,103,-14
1,-4,3,104,-11
1,-4,3,105,-35
1,-4,3,106,-38
1,-4,3,107,-41
1,-4,3,108,-44
1,-4,3,109,-47
1,-4,3,110,-50
1,-4,3,111,-53
1,-4,4,0,0
1,-4,4,1,4
1,-4,4,2,8
1,-4,4,3,12
1,-4,4,4,16
1,-4,4,5,20
1,-4,4,6,24
1,-4,4,7,-8
1,-4,4,8,-12
1,-4,4,9,-16
1,-4,4,10,-20
1,-4,4,11,-24
1,-4,4,12,-28
1,-4,4,13,-32
1,-4,4,14,-4
1,-4,4,15,0
1,-4,4,16,4
1,-4,4,17,8
1,-4,4,18,12
1,-4,4,19,16
1,-4,4,20,20
1,-4,4,21,-12
1,-4,4,22,-16
1,-4,4,23,-20
1,-4,4,24,-24
1,-4,4,25,-28
1,-4,4,26,-32
1,-4,4,27,-36
1,-4,4,28,-8
1,-4,4,29,-4
1,-4,4,30,0
1,-4,4,31,4
1,-4,4,32,8
1,-4,4,33,12
1,-4,4,34,16
1,-4,4,35,-16
1,-4,4,36,-20
1,-4,4,37,-24
1,-4,4,38,-28
1,-4,4,39,-32
1,-4,4,40,-36
1,-4,4,41,-40
1,-4,4,42,-12
1,-4,4,43,-8
1,-4,4,44,-4
1,-4,4,45,0
1,-4,4,46,4
1,-4,4,47,8
1,-4,4,48,12
1,-4,4,49,-20
1,-4,4,50,-24
1,-4,4,51,-28
1,-4,4,52,-32
1,-4,4,53,-36
1,-4,4,54,-40
1,-4,4,55,-44
1,-4,4,56,-16
1,-4,4,57,-12
1,-4,4,58,-8
1,-4,4,59,-4
1,-4,4,60,0
1,-4,4,61,4
1,-4,4,62,8
1,-4,4,63,-24
1,-4,4,64,-28
1,-4,4,65,-32
1,-4,4,66,-36
1,-4,4,67,-40
1,-4,4,68,-44
1,-4,4,69,-48
1,-4,4,70,-20
1,-4,4,71,-16
1,-4,4,72,-12
1,-4,4,73,-8
1,-4,4,74,-4
1,-4,4,75,0
1,-4,4,76,4
1,-4,4,77,-28
1,-4,4,78,-32
1,-4,4,79,-36
1,-4,4,80,-40
1,-4,4,81,-44
1,-4,4,82,-48
1,-4,4,83,-52
1,-4,4,84,-24
1,-4,4,85,-20
1,-4,4,86,-16
1,-4,4,87,-12
1,-4,4,88,-8
1,-4,4,89,-4
1,-4,4,90,0
1,-4,4,91,-32
1,-4,4,92,-36
1,-4,4,93,-40
1,-4,4,94,-44
1,-4,4,95,-48
1,-4,4,96,-52
1,-4,4,97,-56
1,-4,4,98,-28
1,-4,4,99,-24
1,-4,4,100,-20
1,-4,4,101,-16
1,-4,4,102,-12
1,-4,4,103,-8
1,-4,4,104,-4
1,-4,4,105,-36
1,-4,4,106,-40
1,-4,4,107,-44
1,-4,4,108,-48
1,-4,4,109,-52
1,-4,4,110,-56
1,-4,4,111,-60
1,-4,5,0,1
1,-4,5,1,6
1,-4,5,2,11
1,-4,5,3,16
1,-4,5,4,21
1,-4,5,5,26
1,-4,5,6,31
1,-4,5,7,-9
1,-4,5,8,-14
1,-4,5,9,-19
1,-4,5,10,-24
1,-4,5,11,-29
1,-4,5,12,-34
1,-4,5,13,-39
1,-4,5,14,-3
1,-4,5,15,2
1,-4,5,16,7
1,-4,5,17,12
1,-4,5,18,17
1,-4,5,19,22
1,-4,5,20,27
1,-4,5,21,-13
1,-4,5,22,-18
1,-4,5,23,-23
1,-4,5,24,-28
1,-4,5,25,-33
1,-4,5,26,-38
1,-4,5,27,-43
1,-4,5,28,-7
1,-4,5,29,-2
1,-4,5,30,3
1,-4,5,31,8
1,-4,5,32,13
1,-4,5,33,18
1,-4,5,34,23
1,-4,5,35,-17
1,-4,5,36,-22
1,-4,5,37,-27
1,-4,5,38,-32
1,-4,5,39,-37
1,-4,5,40,-42
1,-4,5,41,-47
1,-4,5,42,-11
1,-4,5,43,-6
1,-4,5,44,-1
1,-4,5,45,4
1,-4,5,46,9
1,-4,5,47,14
1,-4,5,48,19
1,-4,5,49,-21
1,-4,5,50,-26
1,-4,5,51,-31
1,-4,5,52,-36
1,-4,5,53,-41
1,-4,5,54,-46
1,-4,5,55,-51
1,-4,5,56,-15
1,-4,5,57,-10
1,-4,5,58,-5
1,-4,5,59,0
1,-4,5,60,5
1,-4,5,61,10
1,-4,5,62,15
1,-4,5,63,-25
1,-4,5,64,-30
1,-4,5,65,-35
1,-4,5,66,-40
1,-4,5,67,-45
1,-4,5,68,-50
1,-4,5,69,-55
1,-4,5,70,-19
1,-4,5,71,-14
1,-4,5,72,-9
1,-4,5,73,-4
1,-4,5,74,1
1,-4,5,75,6
1,-4,5,76,11
1,-4,5,77,-29
1,-4,5,78,-34
1,-4,5,79,-39
1,-4,5,80,-44
1,-4,5,81,-49
1,-4,5,82,-54
1,-4,5,83,-59
1,-4,5,84,-23
1,-4,5,85,-18
1,-4,5,86,-13
1,-4,5,87,-8
1,-4,5,88,-3
1,-4,5,89,2
1,-4,5,90,7
1,-4,5,91,-33
1,-4,5,92,-38
1,-4,5,93,-43
1,-4,5,94,-48
1,-4,5,95,-53
1,-4,5,96,-58
1,-4,5,97,-63
1,-4,5,98,-27
1,-4,5,99,-22
1,-4,5,100,-17
1,-4,5,101,-12
1,-4,5,102,-7
1,-4,5,103,-2
1,-4,5,104,3
1,-4,5,105,-37
1,-4,5,106,-42
1,-4,5,107,-47
1,-4,5,108,-52
1,-4,5,109,-57
1,-4,5,110,-62
1,-4,5,111,-67
1,-4,6,0,2
1,-4,6,1,8
1,-4,6,2,14
1,-4,6,3,20
1,-4,6,4,26
1,-4,6,5,32
1,-4,6,6,38
1,-4,6,7,-10
1,-4,6,8,-16
1,-4,6,9,-22
1,-4,6,10,-28
1,-4,6,11,-34
1,-4,6,12,-40
1,-4,6,13,-46
1,-4,6,14,-2
1,-4,6,15,4
1,-4,6,16,10
1,-4,6,17,16
1,-4,6,18,22
1,-4,6,19,28
1,-4,6,20,34
1,-4,6,21,-14
1,-4,6,22,-20
1,-4,6,23,-26
1,-4,6,24,-32
1,-4,6,25,-38
1,-4,6,26,-44
1,-4,6,27,-50
1,-4,6,28,-6
1,-4,6,29,0
1,-4,6,30,6
1,-4,6,31,12
1,-4,6,32,18
1,-4,6,33,24
1,-4,6,34,30
1,-4,6,35,-18
1,-4,6,36,-24
1,-4,6,37,-30
1,-4,6,38,-36
1,-4,6,39,-42
1,-4,6,40,-48
1,-4,6,41,-54
1,-4,6,42,-10
1,-4,6,43,-4
1,-4,6,44,2
1,-4,6,45,8
1,-4,6,46,14
1,-4,6,47,20
1,-4,6,48,26
1,-4,6,49,-22
1,-4,6,50,-28
1,-4,6,51,-34
1,-4,6,52,-40
1,-4,6,53,-46
1,-4,6,54,-52
1,-4,6,55,-58
1,-4,6,56,-14
1,-4,6,57,-8
1,-4,6,58,-2
1,-4,6,59,4
1,-4,6,60,10
1,-4,6,61,16
1,-4,6,62,22
1,-4,6,63,-26
1,-4,6,64,-32
1,-4,6,65,-38
1,-4,6,66,-44
1,-4,6,67,-50
1,-4,6,68,-56
1,-4,6,69,-62
1,-4,6,70,-18
1,-4,6,71,-12
1,-4,6,72,-6
1,-4,6,73,0
1,-4,6,74,6
1,-4,6,75,12
1,-4,6,76,18
1,-4,6,77,-30
1,-4,6,78,-36
1,-4,6,79,-42
1,-4,6,80,-48
1,-4,6,81,-54
1,-4,6,82,-60
1,-4,6,83,-66
1,-4,6,84,-22
1,-4,6,85,-16
1,-4,6,86,-10
1,-4,6,87,-4
1,-4,6,88,2
1,-4,6,89,8
1,-4,6,90,14
1,-4,6,91,-34
1,-4,6,92,-40
1,-4,6,93,-46
1,-4,6,94,-52
1,-4,6,95,-58
1,-4,6,96,-64
1,-4,6,97,-70
1,-4,6,98,-26
1,-4,6,99,-20
1,-4,6,100,-14
1,-4,6,101,-8
1,-4,6,102,-2
1,-4,6,103,4
1,-4,6,104,10
1,-4,6,105,-38
1,-4,6,106,-44
1,-4,6,107,-50
1,-4,6,108,-56
1,-4,6,109,-62
1,-4,6,110,-68
1,-4,6,111,-74
1,-4,7,0,3
1,-4,7,1,10
1,-4,7,2,17
1,-4,7,3,24
1,-4,7,4,31
1,-4,7,5,38
1,-4,7,6,45
1,-4,7,7,-11
1,-4,7,8,-18
1,-4,7,9,-25
1,-4,7,10,-32
1,-4,7,11,-39
1,-4,7,12,-46
1,-4,7,13,-53
1,-4,7,14,-1
1,-4,7,15,6
1,-4,7,16,13
1,-4,7,17,20
1,-4,7,18,27
1,-4,7,19,34
1,-4,7,20,41
1,-4,7,21,-15
1,-4,7,22,-22
1,-4,7,23,-29
1,-4,7,24,-36
1,-4,7,25,-43
1,-4,7,26,-50
1,-4,7,27,-57
1,-4,7,28,-5
1,-4,7,29,2
1,-4,7,30,9
1,-4,7,31,16
1,-4,7,32,23
1,-4,7,33,30
1,-4,7,34,37
1,-4,7,35,-19
1,-4,7,36,-26
1,-4,7,37,-33
1,-4,7,38,-40
1,-4,7,39,-47
1,-4,7,40,-54
1,-4,7,41,-61
1,-4,7,42,-9
1,-4,7,43,-2
1,-4,7,44,5
1,-4,7,45,12
1,-4,7,46,19
1,-4,7,47,26
1,-4,7,48,33
1,-4,7,49,-23
1,-4,7,50,-30
1,-4,7,51,-37
1,-4,7,52,-44
1,-4,7,53,-51
1,-4,7,54,-58
1,-4,7,55,-65
1,-4,7,56,-13
1,-4,7,57,-6
1,-4,7,58,1
1,-4,7,59,8
1,-4,7,60,15
1,-4,7,61,22
1,-4,7,62,29
1,-4,7,63,-27
1,-4,7,64,-34
1,-4,7,65,-41
1,-4,7,66,-48
1,-4,7,67,-55
1,-4,7,68,-62
1,-4,7,69,-69
1,-4,7,70,-17
1,-4,7,71,-10
1,-4,7,72,-3
1,-4,7,73,4
1,-4,7,74,11
1,-4,7,75,18
1,-4,7,76,25
1,-4,7,77,-31
1,-4,7,78,-38
1,-4,7,79,-45
1,-4,7,80,-52
1,-4,7,81,-59
1,-4,7,82,-66
1,-4,7,83,-73
1,-4,7,84,-21
1,-4,7,85,-14
1,-4,7,86,-7
1,-4,7,87,0
1,-4,7,88,7
1,-4,7,89,14
1,-4,7,90,21
1,-4,7,91,-35
1,-4,7,92,-42
1,-4,7,93,-49
1,-4,7,94,-56
1,-4,7,95,-63
1,-4,7,96,-70
1,-4,7,97,-77
1,-4,7,98,-25
1,-4,7,99,-18
1,-4,7,100,-11
1,-4,7,101,-4
1,-4,7,102,3
1,-4,7,103,10
1,-4,7,104,17
1,-4,7,105,-39
1,-4,7,106,-46
1,-4,7,107,-53
1,-4,7,108,-60
1,-4,7,109,-67
1,-4,7,110,-74
1,-4,7,111,-81
1,-3,-8,0,-11
1,-3,-8,1,-19
1,-3,-8,2,-27
1,-3,-8,3,-35
1,-3,-8,4,-43
1,-3,-8,5,-51
1,-3,-8,6,-59
1,-3,-8,7,5
1,-3,-8,8,13
1,-3,-8,9,21
1,-3,-8,10,29
1,-3,-8,11,37
1,-3,-8,12,45
1,-3,-8,13,53
1,-3,-8,14,-14
1,-3,-8,15,-22
1,-3,-8,16,-30
1,-3,-8,17,-38
1,-3,-8,18,-46
1,-3,-8,19,-54
1,-3,-8,20,-62
1,-3,-8,21,2
1,-3,-8,22,10
1,-3,-8,23,18
1,-3,-8,24,26
1,-3,-8,25,34
1,-3,-8,26,42
1,-3,-8,27,50
1,-3,-8,28,-17
1,-3,-8,29,-25
1,-3,-8,30,-33
1,-3,-8,31,-41
1,-3,-8,32,-49
1,-3,-8,33,-57
1,-3,-8,34,-65
1,-3,-8,35,-1
1,-3,-8,36,7
1,-3,-8,37,15
1,-3,-8,38,23
1,-3,-8,39,31
1,-3,-8,40,39
1,-3,-8,41,47
1,-3,-8,42,-20
1,-3,-8,43,-28
1,-3,-8,44,-36
1,-3,-8,45,-44
1,-3,-8,46,-52
1,-3,-8,47,-60
1,-3,-8,48,-68
1,-3,-8,49,-4
1,-3,-8,50,4
1,-3,-8,51,12
1,-3,-8,52,20
1,-3,-8,53,28
1,-3,-8,54,36
1,-3,-8,55,44
1,-3,-8,56,-23
1,-3,-8,57,-31
1,-3,-8,58,-39
1,-3,-8,59,-47
1,-3,-8,60,-55
1,-3,-8,61,-63
1,-3,-8,62,-71
1,-3,-8,63,-7
1,-3,-8,64,1
1,-3,-8,65,9
1,-3,-8,66,17
1,-3,-8,67,25
1,-3,-8,68,33
1,-3,-8,69,41
1,-3,-8,70,-26
1,-3,-8,71,-34
1,-3,-8,72,-42
1,-3,-8,73,-50
1,-3,-8,74,-58
1,-3,-8,75,-66
1,-3,-8,76,-74
1,-3,-8,77,-10
1,-3,-8,78,-2
1,-3,-8,79,6
1,-3,-8,80,14
1,-3,-8,81,22
1,-3,-8,82,30
1,-3,-8,83,38
1,-3,-8,84,-29
1,-3,-8,85,-37
1,-3,-8,86,-45
1,-3,-8,87,-53
1,-3,-8,88,-61
1,-3,-8,89,-69
1,-3,-8,90,-77
1,-3,-8,91,-13
1,-3,-8,92,-5
1,-3,-8,93,3
1,-3,-8,94,11
1,-3,-8,95,19
1,-3,-8,96,27
1,-3,-8,97,35
1,-3,-8,98,-32
1,-3,-8,99,-40
1,-3,-8,100,-48
1,-3,-8,101,-56
1,-3,-8,102,-64
1,-3,-8,103,-72
1,-3,-8,104,-80
1,-3,-8,105,-16
1,-3,-8,106,-8
1,-3,-8,107,0
1,-3,-8,108,8
1,-3,-8,109,16
1,-3,-8,110,24
1,-3,-8,111,32
1,-3,-7,0,-10
1,-3,-7,1,-17
1,-3,-7,2,-24
1,-3,-7,3,-31
1,-3,-7,4,-38
1,-3,-7,5,-45
1,-3,-7,6,-52
1,-3,-7,7,4
1,-3,-7,8,11
1,-3,-7,9,18
1,-3,-7,10,25
1,-3,-7,11,32
1,-3,-7,12,39
1,-3,-7,13,46
1,-3,-7,14,-13
1,-3,-7,15,-20
1,-3,-7,16,-27
1,-3,-7,17,-34
1,-3,-7,18,-41
1,-3,-7,19,-48
1,-3,-7,20,-55
1,-3,-7,21,1
1,-3,-7,22,8
1,-3,-7,23,15
1,-3,-7,24,22
1,-3,-7,25,29
1,-3,-7,26,36
1,-3,-7,27,43
1,-3,-7,28,-16
1,-3,-7,29,-23
1,-3,-7,30,-30
1,-3,-7,31,-37
1,-3,-7,32,-44
1,-3,-7,33,-51
1,-3,-7,34,-58
1,-3,-7,35,-2
1,-3,-7,36,5
1,-3,-7,37,12
1,-3,-7,38,19
1,-3,-7,39,26
1,-3,-7,40,33
1,-3,-7,41,40
1,-3,-7,42,-19
1,-3,-7,43,-26
1,-3,-7,44,-33
1,-3,-7,45,-40
1,-3,-7,46,-47
1,-3,-7,47,-54
1,-3,-7,48,-61
1,-3,-7,49,-5
1,-3,-7,50,2
1,-3,-7,51,9
1,-3,-7,52,16
1,-3,-7,53,23
1,-3,-7,54,30
1,-3,-7,55,37
1,-3,-7,56,-22
1,-3,-7,57,-29
1,-3,-7,58,-36
1,-3,-7,59,-43
1,-3,-7,60,-50
1,-3,-7,61,-57
1,-3,-7,62,-64
1,-3,-7,63,-8
1,-3,-7,64,-1
1,-3,-7,65,6
1,-3,-7,66,13
1,-3,-7,67,20
1,-3,-7,68,27
1,-3,-7,69,34
1,-3,-7,70,-25
1,-3,-7,71,-32
1,-3,-7,72,-39
1,-3,-7,73,-46
1,-3,-7,74,-53
1,-3,-7,75,-60
1,-3,-7,76,-67
1,-3,-7,77,-11
1,-3,-7,78,-4
1,-3,-7,79,3
1,-3,-7,80,10
1,-3,-7,81,17
1,-3,-7,82,24
1,-3,-7,83,31
1,-3,-7,84,-28
1,-3,-7,85,-35
1,-3,-7,86,-42
1,-3,-7,87,-49
1,-3,-7,88,-56
1,-3,-7,89,-63
1,-3,-7,90,-70
1,-3,-7,91,-14
1,-3,-7,92,-7
1,-3,-7,93,0
1,-3,-7,94,7
1,-3,-7,95,14
1,-3,-7,96,21
1,-3,-7,97,28
1,-3,-7,98,-31
1,-3,-7,99,-38
1,-3,-7,100,-45
1,-3,-7,101,-52
1,-3,-7,102,-59
1,-3,-7,103,-66
1,-3,-7,104,-73
1,-3,-7,105,-17
1,-3,-7,106,-10
1,-3,-7,107,-3
1,-3,-7,108,4
1,-3,-7,109,11
1,-3,-7,110,18
1,-3,-7,111,25
1,-3,-6,0,-9
1,-3,-6,1,-15
1,-3,-6,2,-21
1,-3,-6,3,-27
1,-3,-6,4,-33
1,-3,-6,5,-39
1,-3,-6,6,-45
1,-3,-6,7,3
1,-3,-6,8,9
1,-3,-6,9,15
1,-3,-6,10,21
1,-3,-6,11,27
1,-3,-6,12,33
1,-3,-6,13,39
1,-3,-6,14,-12
1,-3,-6,15,-18
1,-3,-6,16,-24
1,-3,-6,17,-30
1,-3,-6,18,-36
1,-3,-6,19,-42
1,-3,-6,20,-48
1,-3,-6,21,0
1,-3,-6,22,6
1,-3,-6,23,12
1,-3,-6,24,18
1,-3,-6,25,24
1,-3,-6,26,30
1,-3,-6,27,36
1,-3,-6,28,-15
1,-3,-6,29,-21
1,-3,-6,30,-27
1,-3,-6,31,-33
1,-3,-6,32,-39
1,-3,-6,33,-45
1,-3,-6,34,-51
1,-3,-6,35,-3
1,-3,-6,36,3
1,-3,-6,37,9
1,-3,-6,38,15
1,-3,-6,39,21
1,-3,-6,40,27
1,-3,-6,41,33
1,-3,-6,42,-18
1,-3,-6,43,-24
1,-3,-6,44,-30
1,-3,-6,45,-36
1,-3,-6,46,-42
1,-3,-6,47,-48
1,-3,-6,48,-54
1,-3,-6,49,-6
1,-3,-6,50,0
1,-3,-6,51,6
1,-3,-6,52,12
1,-3,-6,53,18
1,-3,-6,54,24
1,-3,-6,55,30
1,-3,-6,56,-21
1,-3,-6,57,-27
1,-3,-6,58,-33
1,-3,-6,59,-39
1,-3,-6,60,-45
1,-3,-6,61,-51
1,-3,-6,62,-57
1,-3,-6,63,-9
1,-3,-6,64,-3
1,-3,-6,65,3
1,-3,-6,66,9
1,-3,-6,67,15
1,-3,-6,68,21
1,-3,-6,69,27
1,-3,-6,70,-24
1,-3,-6,71,-30
1,-3,-6,72,-36
1,-3,-6,73,-42
1,-3,-6,74,-48
1,-3,-6,75,-54
1,-3,-6,76,-60
1,-3,-6,77,-12
1,-3,-6,78,-6
1,-3,-6,79,0
1,-3,-6,80,6
1,-3,-6,81,12
1,-3,-6,82,18
1,-3,-6,83,24
1,-3,-6,84,-27
1,-3,-6,85,-33
1,-3,-6,86,-39
1,-3,-6,87,-45
1,-3,-6,88,-51
1,-3,-6,89,-57
1,-3,-6,90,-63
1,-3,-6,91,-15
1,-3,-6,92,-9
1,-3,-6,93,-3
1,-3,-6,94,3
1,-3,-6,95,9
1,-3,-6,96,15
1,-3,-6,97,21
1,-3,-6,98,-30
1,-3,-6,99,-36
1,-3,-6,100,-42
1,-3,-6,101,-48
1,-3,-6,102,-54
1,-3,-6,103,-60
1,-3,-6,104,-66
1,-3,-6,105,-18
1,-3,-6,106,-12
1,-3,-6,107,-6
1,-3,-6,108,0
1,-3,-6,109,6
1,-3,-6,110,12
1,-3,-6,111,18
1,-3,-5,0,-8
1,-3,-5,1,-13
1,-3,-5,2,-18
1,-3,-5,3,-23
1,-3,-5,4,-28
1,-3,-5,5,-33
1,-3,-5,6,-38
1,-3,-5,7,2
1,-3,-5,8,7
1,-3,-5,9,12
1,-3,-5,10,17
1,-3,-5,11,22
1,-3,-5,12,27
1,-3,-5,13,32
1,-3,-5,14,-11
1,-3,-5,15,-16
1,-3,-5,16,-21
1,-3,-5,17,-26
1,-3,-5,18,-31
1,-3,-5,19,-36
1,-3,-5,20,-41
1,-3,-5,21,-1
1,-3,-5,22,4
1,-3,-5,23,9
1,-3,-5,24,14
1,-3,-5,25,19
1,-3,-5,26,24
1,-3,-5,27,29
1,-3,-5,28,-14
1,-3,-5,29,-19
1,-3,-5,30,-24
1,-3,-5,31,-29
1,-3,-5,32,-34
1,-3,-5,33,-39
1,-3,-5,34,-44
1,-3,-5,35,-4
1,-3,-5,36,1
1,-3,-5,37,6
1,-3,-5,38,11
1,-3,-5,39,16
1,-3,-5,40,21
1,-3,-5,41,26
1,-3,-5,42,-17
1,-3,-5,43,-22
1,-3,-5,44,-27
1,-3,-5,45,-32
1,-3,-5,46,-37
1,-3,-5,47,-42
1,-3,-5,48,-47
1,-3,-5,49,-7
1,-3,-5,50,-2
1,-3,-5,51,3
1,-3,-5,52,8
1,-3,-5,53,13
1,-3,-5,54,18
1,-3,-5,55,23
1,-3,-5,56,-20
1,-3,-5,57,-25
1,-3,-5,58,-30
1,-3,-5,59,-35
1,-3,-5,60,-40
1,-3,-5,61,-45
1,-3,-5,62,-50
1,-3,-5,63,-10
1,-3,-5,64,-5
1,-3,-5,65,0
1,-3,-5,66,5
1,-3,-5,67,10
1,-3,-5,68,15
1,-3,-5,69,20
1,-3,-5,70,-23
1,-3,-5,71,-28
1,-3,-5,72,-33
1,-3,-5,73,-38
1,-3,-5,74,-43
1,-3,-5,75,-48
1,-3,-5,76,-53
1,-3,-5,77,-13
1,-3,-5,78,-8
1,-3,-5,79,-3
1,-3,-5,80,2
1,-3,-5,81,7
1,-3,-5,82,12
1,-3,-5,83,17
1,-3,-5,84,-26
1,-3,-5,85,-31
1,-3,-5,86,-36
1,-3,-5,87,-41
1,-3,-5,88,-46
1,-3,-5,89,-51
1,-3,-5,90,-56
1,-3,-5,91,-16
1,-3,-5,92,-11
1,-3,-5,93,-6
1,-3,-5,94,-1
1,-3,-5,95,4
1,-3,-5,96,9
1,-3,-5,97,14
1,-3,-5,98,-29
1,-3,-5,99,-34
1,-3,-5,100,-39
1,-3,-5,101,-44
1,-3,-5,102,-49
1,-3,-5,103,-54
1,-3,-5,104,-59
1,-3,-5,105,-19
1,-3,-5,106,-14
1,-3,-5,107,-9
1,-3,-5,108,-4
1,-3,-5,109,1
1,-3,-5,110,6
1,-3,-5,111,11
1,-3,-4,0,-7
1,-3,-4,1,-11
1,-3,-4,2,-15
1,-3,-4,3,-19
1,-3,-4,4,-23
1,-3,-4,5,-27
1,-3,-4,6,-31
1,-3,-4,7,1
1,-3,-4,8,5
1,-3,-4,9,9
1,-3,-4,10,13
1,-3,-4,11,17
1,-3,-4,12,21
1,-3,-4,13,25
1,-3,-4,14,-10
1,-3,-4,15,-14
1,-3,-4,16,-18
1,-3,-4,17,-22
1,-3,-4,18,-26
1,-3,-4,19,-30
1,-3,-4,20,-34
1,-3,-4,21,-2
1,-3,-4,22,2
1,-3,-4,23,6
1,-3,-4,24,10
1,-3,-4,25,14
1,-3,-4,26,18
1,-3,-4,27,22
1,-3,-4,28,-13
1,-3,-4,29,-17
1,-3,-4,30,-21
1,-3,-4,31,-25
1,-3,-4,32,-29
1,-3,-4,33,-33
1,-3,-4,34,-37
1,-3,-4,35,-5
1,-3,-4,36,-1
1,-3,-4,37,3
1,-3,-4,38,7
1,-3,-4,39,11
1,-3,-4,40,15
1,-3,-4,41,19
1,-3,-4,42,-16
1,-3,-4,43,-20
1,-3,-4,44,-24
1,-3,-4,45,-28
1,-3,-4,46,-32
1,-3,-4,47,-36
1,-3,-4,48,-40
1,-3,-4,49,-8
1,-3,-4,50,-4
1,-3,-4,51,0
1,-3,-4,52,4
1,-3,-4,53,8
1,-3,-4,54,12
1,-3,-4,55,16
1,-3,-4,56,-19
1,-3,-4,57,-23
1,-3,-4,58,-27
1,-3,-4,59,-31
1,-3,-4,60,-35
1,-3,-4,61,-39
1,-3,-4,62,-43
1,-3,-4,63,-11
1,-3,-4,64,-7
1,-3,-4,65,-3
1,-3,-4,66,1
1,-3,-4,67,5
1,-3,-4,68,9
1,-3,-4,69,13
1,-3,-4,70,-22
1,-3,-4,71,-26
1,-3,-4,72,-30
1,-3,-4,73,-34
1,-3,-4,74,-38
1,-3,-4,75,-42
1,-3,-4,76,-46
1,-3,-4,77,-14
1,-3,-4,78,-10
1,-3,-4,79,-6
1,-3,-4,80,-2
1,-3,-4,81,2
1,-3,-4,82,6
1,-3,-4,83,10
1,-3,-4,84,-25
1,-3,-4,85,-29
1,-3,-4,86,-33
1,-3,-4,87,-37
1,-3,-4,88,-41
1,-3,-4,89,-45
1,-3,-4,90,-49
1,-3,-4,91,-17
1,-3,-4,92,-13
1,-3,-4,93,-9
1,-3,-4,94,-5
1,-3,-4,95,-1
1,-3,-4,96,3
1,-3,-4,97,7
1,-3,-4,98,-28
1,-3,-4,99,-32
1,-3,-4,100,-36
1,-3,-4,101,-40
1,-3,-4,102,-44
1,-3,-4,103,-48
1,-3,-4,104,-52
1,-3,-4,105,-20
1,-3,-4,106,-16
1,-3,-4,107,-12
1,-3,-4,108,-8
1,-3,-4,109,-4
1,-3,-4,110,0
1,-3,-4,111,4
1,-3,-3,0,-6
1,-3,-3,1,-9
1,-3,-3,2,-12
1,-3,-3,3,-15
1,-3,-3,4,-18
1,-3,-3,5,-21
1,-3,-3,6,-24
1,-3,-3,7,0
1,-3,-3,8,3
1,-3,-3,9,6
1,-3,-3,10,9
1,-3,-3,11,12
1,-3,-3,12,15
1,-3,-3,13,18
1,-3,-3,14,-9
1,-3,-3,15,-12
1,-3,-3,16,-15
1,-3,-3,17,-18
1,-3,-3,18,-21
1,-3,-3,19,-24
1,-3,-3,20,-27
1,-3,-3,21,-3
1,-3,-3,22,0
1,-3,-3,23,3
1,-3,-3,24,6
1,-3,-3,25,9
1,-3,-3,26,12
1,-3,-3,27,15
1,-3,-3,28,-12
1,-3,-3,29,-15
1,-3,-3,30,-18
1,-3,-3,31,-21
1,-3,-3,32,-24
1,-3,-3,33,-27
1,-3,-3,34,-30
1,-3,-3,35,-6
1,-3,-3,36,-3
1,-3,-3,37,0
1,-3,-3,38,3
1,-3,-3,39,6
1,-3,-3,40,9
1,-3,-3,41,12
1,-3,-3,42,-15
1,-3,-3,43,-18
1,-3,-3,44,-21
1,-3,-3,45,-24
1,-3,-3,46,-27
1,-3,-3,47,-30
1,-3,-3,48,-33
1,-3,-3,49,-9
1,-3,-3,50,-6
1,-3,-3,51,-3
1,-3,-3,52,0
1,-3,-3,53,3
1,-3,-3,54,6
1,-3,-3,55,9
1,-3,-3,56,-18
1,-3,-3,57,-21
1,-3,-3,58,-24
1,-3,-3,59,-27
1,-3,-3,60,-30
1,-3,-3,61,-33
1,-3,-3,62,-36
1,-3,-3,63,-12
1,-3,-3,64,-9
1,-3,-3,65,-6
1,-3,-3,66,-3
1,-3,-3,67,0
1,-3,-3,68,3
1,-3,-3,69,6
1,-3,-3,70,-21
1,-3,-3,71,-24
1,-3,-3,72,-27
1,-3,-3,73,-30
1,-3,-3,74,-33
1,-3,-3,75,-36
1,-3,-3,76,-39
1,-3,-3,77,-15
1,-3,-3,78,-12
1,-3,-3,79,-9
1,-3,-3,80,-6
1,-3,-3,81,-3
1,-3,-3,82,0
1,-3,-3,83,3
1,-3,-3,84,-24
1,-3,-3,85,-27
1,-3,-3,86,-30
1,-3,-3,87,-33
1,-3,-3,88,-36
1,-3,-3,89,-39
1,-3,-3,90,-42
1,-3,-3,91,-18
1,-3,-3,92,-15
1,-3,-3,93,-12
1,-3,-3,94,-9
1,-3,-3,95,-6
1,-3,-3,96,-3
1,-3,-3,97,0
1,-3,-3,98,-27
1,-3,-3,99,-30
1,-3,-3,100,-33
1,-3,-3,101,-36
1,-3,-3,102,-39
1,-3,-3,103,-42
1,-3,-3,104,-45
1,-3,-3,105,-21
1,-3,-3,106,-18
1,-3,-3,107,-15
1,-3,-3,108,-12
1,-3,-3,109,-9
1,-3,-3,110,-6
1,-3,-3,111,-3
1,-3,-2,0,-5
1,-3,-2,1,-7
1,-3,-2,2,-9
1,-3,-2,3,-11
1,-3,-2,4,-13
1,-3,-2,5,-15
1,-3,-2,6,-17
1,-3,-2,7,-1
1,-3,-2,8,1
1,-3,-2,9,3
1,-3,-2,10,5
1,-3,-2,11,7
1,-3,-2,12,9
1,-3,-2,13,11
1,-3,-2,14,-8
1,-3,-2,15,-10
1,-3,-2,16,-12
1,-3,-2,17,-14
1,-3,-2,18,-16
1,-3,-2,19,-18
1,-3,-2,20,-20
1,-3,-2,21,-4
1,-3,-2,22,-2
1,-3,-2,23,0
1,-3,-2,24,2
1,-3,-2,25,4
1,-3,-2,26,6
1,-3,-2,27,8
1,-3,-2,28,-11
1,-3,-2,29,-13
1,-3,-2,30,-15
1,-3,-2,31,-17
1,-3,-2,32,-19
1,-3,-2,33,-21
1,-3,-2,34,-23
1,-3,-2,35,-7
1,-3,-2,36,-5
1,-3,-2,37,-3
1,-3,-2,38,-1
1,-3,-2,39,1
1,-3,-2,40,3
1,-3,-2,41,5
1,-3,-2,42,-14
1,-3,-2,43,-16
1,-3,-2,44,-18
1,-3,-2,45,-20
1,-3,-2,46,-22
1,-3,-2,47,-24
1,-3,-2,48,-26
1,-3,-2,49,-10
1,-3,-2,50,-8
1,-3,-2,51,-6
1,-3,-2,52,-4
1,-3,-2,53,-2
1,-3,-2,54,0
1,-3,-2,55,2
1,-3,-2,56,-17
1,-3,-2,57,-19
1,-3,-2,58,-21
1,-3,-2,59,-23
1,-3,-2,60,-25
1,-3,-2,61,-27
1,-3,-2,62,-29
1,-3,-2,63,-13
1,-3,-2,64,-11
1,-3,-2,65,-9
1,-3,-2,66,-7
1,-3,-2,67,-5
1,-3,-2,68,-3
1,-3,-2,69,-1
1,-3,-2,70,-20
1,-3,-2,71,-22
1,-3,-2,72,-24
1,-3,-2,73,-26
1,-3,-2,74,-28
1,-3,-2,75,-30
1,-3,-2,76,-32
1,-3,-2,77,-16
1,-3,-2,78,-14
1,-3,-2,79,-12
1,-3,-2,80,-10
1,-3,-2,81,-8
1,-3,-2,82,-6
1,-3,-2,83,-4
1,-3,-2,84,-23
1,-3,-2,85,-25
1,-3,-2,86,-27
1,-3,-2,87,-29
1,-3,-2,88,-31
1,-3,-2,89,-33
1,-3,-2,90,-35
1,-3,-2,91,-19
1,-3,-2,92,-17
1,-3,-2,93,-15
1,-3,-2,94,-13
1,-3,-2,95,-11
1,-3,-2,96,-9
1,-3,-2,97,-7
1,-3,-2,98,-26
1,-3,-2,99,-28
1,-3,-2,100,-30
1,-3,-2,101,-32
1,-3,-2,102,-34
1,-3,-2,103,-36
1,-3,-2,104,-38
1,-3,-2,105,-22
1,-3,-2,106,-20
1,-3,-2,107,-18
1,-3,-2,108,-16
1,-3,-2,109,-14
1,-3,-2,110,-12
1,-3,-2,111,-10
1,-3,-1,0,-4
1,-3,-1,1,-5
1,-3,-1,2,-6
1,-3,-1,3,-7
1,-3,-1,4,-8
1,-3,-1,5,-9
1,-3,-1,6,-10
1,-3,-1,7,-2
1,-3,-1,8,-1
1,-3,-1,9,0
1,-3,-1,10,1
1,-3,-1,11,2
1,-3,-1,12,3
1,-3,-1,13,4
1,-3,-1,14,-7
1,-3,-1,15,-8
1,-3,-1,16,-9
1,-3,-1,17,-10
1,-3,-1,18,-11
1,-3,-1,19,-12
1,-3,-1,20,-13
1,-3,-1,21,-5
1,-3,-1,22,-4
1,-3,-1,23,-3
1,-3,-1,24,-2
1,-3,-1,25,-1
1,-3,-1,26,0
1,-3,-1,27,1
1,-3,-1,28,-10
1,-3,-1,29,-11
1,-3,-1,30,-12
1,-3,-1,31,-13
1,-3,-1,32,-14
1,-3,-1,33,-15
1,-3,-1,34,-16
1,-3,-1,35,-8
1,-3,-1,36,-7
1,-3,-1,37,-6
1,-3,-1,38,-5
1,-3,-1,39,-4
1,-3,-1,40,-3
1,-3,-1,41,-2
1,-3,-1,42,-13
1,-3,-1,43,-14
1,-3,-1,44,-15
1,-3,-1,45,-16
1,-3,-1,46,-17
1,-3,-1,47,-18
1,-3,-1,48,-19
1,-3,-1,49,-11
1,-3,-1,50,-10
1,-3,-1,51,-9
1,-3,-1,52,-8
1,-3,-1,53,-7
1,-3,-1,54,-6
1,-3,-1,55,-5
1,-3,-1,56,-16
1,-3,-1,57,-17
1,-3,-1,58,-18
1,-3,-1,59,-19
1,-3,-1,60,-20
1,-3,-1,61,-21
1,-3,-1,62,-22
1,-3,-1,63,-14
1,-3,-1,64,-13
1,-3,-1,65,-12
1,-3,-1,66,-11
1,-3,-1,67,-10
1,-3,-1,68,-9
1,-3,-1,69,-8
1,-3,-1,70,-19
1,-3,-1,71,-20
1,-3,-1,72,-21
1,-3,-1,73,-22
1,-3,-1,74,-23
1,-3,-1,75,-24
1,-3,-1,76,-25
1,-3,-1,77,-17
1,-3,-1,78,-16
1,-3,-1,79,-15
1,-3,-1,80,-14
1,-3,-1,81,-13
1,-3,-1,82,-12
1,-3,-1,83,-11
1,-3,-1,84,-22
1,-3,-1,85,-23
1,-3,-1,86,-24
1,-3,-1,87,-25
1,-3,-1,88,-26
1,-3,-1,89,-27
1,-3,-1,90,-28
1,-3,-1,91,-20
1,-3,-1,92,-19
1,-3,-1,93,-18
1,-3,-1,94,-17
1,-3,-1,95,-16
1,-3,-1,96,-15
1,-3,-1,97,-14
1,-3,-1,98,-25
1,-3,-1,99,-26
1,-3,-1,100,-27
1,-3,-1,101,-28
1,-3,-1,102,-29
1,-3,-1,103,-30
1,-3,-1,104,-31
1,-3,-1,105,-23
1,-3,-1,106,-22
1,-3,-1,107,-21
1,-3,-1,108,-20
1,-3,-1,109,-19
1,-3,-1,110,-18
1,-3,-1,111,-17
1,-3,0,0,-3
1,-3,0,1,-3
1,-3,0,2,-3
1,-3,0,3,-3
1,-3,0,4,-3
1,-3,0,5,-3
1,-3,0,6,-3
1,-3,0,7,-3
1,-3,0,8,-3
1,-3,0,9,-3
1,-3,0,10,-3
1,-3,0,11,-3
1,-3,0,12,-3
1,-3,0,13,-3
1,-3,0,14,-6
1,-3,0,15,-6
1,-3,0,16,-6
1,-3,0,17,-6
1,-3,0,18,-6
1,-3,0,19,-6
1,-3,0,20,-6
1,-3,0,21,-6
1,-3,0,22,-6
1,-3,0,23,-6
1,-3,0,24,-6
1,-3,0,25,-6
1,-3,0,26,-6
1,-3,0,27,-6
1,-3,0,28,-9
1,-3,0,29,-9
1,-3,0,30,-9
1,-3,0,31,-9
1,-3,0,32,-9
1,-3,0,33,-9
1,-3,0,34,-9
1,-3,0,35,-9
1,-3,0,36,-9
1,-3,0,37,-9
1,-3,0,38,-9
1,-3,0,39,-9
1,-3,0,40,-9
1,-3,0,41,-9
1,-3,0,42,-12
1,-3,0,43,-12
1,-3,0,44,-12
1,-3,0,45,-12
1,-3,0,46,-12
1,-3,0,47,-12
1,-3,0,48,-12
1,-3,0,49,-12
1,-3,0,50,-12
1,-3,0,51,-12
1,-3,0,52,-12
1,-3,0,53,-12
1,-3,0,54,-12
1,-3,0,55,-12
1,-3,0,56,-15
1,-3,0,57,-15
1,-3,0,58,-15
1,-3,0,59,-15
1,-3,0,60,-15
1,-3,0,61,-15
1,-3,0,62,-15
1,-3,0,63,-15
1,-3,0,64,-15
1,-3,0,65,-15
1,-3,0,66,-15
1,-3,0,67,-15
1,-3,0,68,-15
1,-3,0,69,-15
1,-3,0,70,-18
1,-3,0,71,-18
1,-3,0,72,-18
1,-3,0,73,-18
1,-3,0,74,-18
1,-3,0,75,-18
1,-3,0,76,-18
1,-3,0,77,-18
1,-3,0,78,-18
1,-3,0,79,-18
1,-3,0,80,-18
1,-3,0,81,-18
1,-3,0,82,-18
1,-3,0,83,-18
1,-3,0,84,-21
1,-3,0,85,-21
1,-3,0,86,-21
1,-3,0,87,-21
1,-3,0,88,-21
1,-3,0,89,-21
1,-3,0,90,-21
1,-3,0,91,-21
1,-3,0,92,-21
1,-3,0,93,-21
1,-3,0,94,-21
1,-3,0,95,-21
1,-3,0,96,-21
1,-3,0,97,-21
1,-3,0,98,-24
1,-3,0,99,-24
1,-3,0,100,-24
1,-3,0,101,-24
1,-3,0,102,-24
1,-3,0,103,-24
1,-3,0,104,-24
1,-3,0,105,-24
1,-3,0,106,-24
1,-3,0,107,-24
1,-3,0,108,-24
1,-3,0,109,-24
1,-3,0,110,-24
1,-3,0,111,-24
1,-3,1,0,-2
1,-3,1,1,-1
1,-3,1,2,0
1,-3,1,3,1
1,-3,1,4,2
1,-3,1,5,3
1,-3,1,6,4
1,-3,1,7,-4
1,-3,1,8,-5
1,-3,1,9,-6
1,-3,1,10,-7
1,-3,1,11,-8
1,-3,1,12,-9
1,-3,1,13,-10
1,-3,1,14,-5
1,-3,1,15,-4
1,-3,1,16,-3
1,-3,1,17,-2
1,-3,1,18,-1
1,-3,1,19,0
1,-3,1,20,1
1,-3,1,21,-7
1,-3,1,22,-8
1,-3,1,23,-9
1,-3,1,24,-10
1,-3,1,25,-11
1,-3,1,26,-12
1,-3,1,27,-13
1,-3,1,28,-8
1,-3,1,29,-7
1,-3,1,30,-6
1,-3,1,31,-5
1,-3,1,32,-4
1,-3,1,33,-3
1,-3,1,34,-2
1,-3,1,35,-10
1,-3,1,36,-11
1,-3,1,37,-12
1,-3,1,38,-13
1,-3,1,39,-14
1,-3,1,40,-15
1,-3,1,41,-16
1,-3,1,42,-11
1,-3,1,43,-10
1,-3,1,44,-9
1,-3,1,45,-8
1,-3,1,46,-7
1,-3,1,47,-6
1,-3,1,48,-5
1,-3,1,49,-13
1,-3,1,50,-14
1,-3,1,51,-15
1,-3,1,52,-16
1,-3,1,53,-17
1,-3,1,54,-18
1,-3,1,55,-19
1,-3,1,56,-14
1,-3,1,57,-13
1,-3,1,58,-12
1,-3,1,59,-11
1,-3,1,60,-10
1,-3,1,61,-9
1,-3,1,62,-8
1,-3,1,63,-16
1,-3,1,64,-17
1,-3,1,65,-18
1,-3,1,66,-19
1,-3,1,67,-20
1,-3,1,68,-21
1,-3,1,69,-22
1,-3,1,70,-17
1,-3,1,71,-16
1,-3,1,72,-15
1,-3,1,73,-14
1,-3,1,74,-13
1,-3,1,75,-12
1,-3,1,76,-11
1,-3,1,77,-19
1,-3,1,78,-20
1,-3,1,79,-21
1,-3,1,80,-22
1,-3,1,81,-23
1,-3,1,82,-24
1,-3,1,83,-25
1,-3,1,84,-20
1,-3,1,85,-19
1,-3,1,86,-18
1,-3,1,87,-17
1,-3,1,88,-16
1,-3,1,89,-15
1,-3,1,90,-14
1,-3,1,91,-22
1,-3,1,92,-23
1,-3,1,93,-24
1,-3,1,94,-25
1,-3,1,95,-26
1,-3,1,96,-27
1,-3,1,97,-28
1,-3,1,98,-23
1,-3,1,99,-22
1,-3,1,100,-21
1,-3,1,101,-20
1,-3,1,102,-19
1,-3,1,103,-18
1,-3,1,104,-17
1,-3,1,105,-25
1,-3,1,106,-26
1,-3,1,107,-27
1,-3,1,108,-28
1,-3,1,109,-29
1,-3,1,110,-30
1,-3,1,111,-31
1,-3,2,0,-1
1,-3,2,1,1
1,-3,2,2,3
1,-3,2,3,5
1,-3,2,4,7
1,-3,2,5,9
1,-3,2,6,11
1,-3,2,7,-5
1,-3,2,8,-7
1,-3,2,9,-9
1,-3,2,10,-11
1,-3,2,11,-13
1,-3,2,12,-15
1,-3,2,13,-17
1,-3,2,14,-4
1,-3,2,15,-2
1,-3,2,16,0
1,-3,2,17,2
1,-3,2,18,4
1,-3,2,19,6
1,-3,2,20,8
1,-3,2,21,-8
1,-3,2,22,-10
1,-3,2,23,-12
1,-3,2,24,-14
1,-3,2,25,-16
1,-3,2,26,-18
1,-3,2,27,-20
1,-3,2,28,-7
1,-3,2,29,-5
1,-3,2,30,-3
1,-3,2,31,-1
1,-3,2,32,1
1,-3,2,33,3
1,-3,2,34,5
1,-3,2,35,-11
1,-3,2,36,-13
1,-3,2,37,-15
1,-3,2,38,-17
1,-3,2,39,-19
1,-3,2,40,-21
1,-3,2,41,-23
1,-3,2,42,-10
1,-3,2,43,-8
1,-3,2,44,-6
1,-3,2,45,-4
1,-3,2,46,-2
1,-3,2,47,0
1,-3,2,48,2
1,-3,2,49,-14
1,-3,2,50,-16
1,-3,2,51,-18
1,-3,2,52,-20
1,-3,2,53,-22
1,-3,2,54,-24
1,-3,2,55,-26
1,-3,2,56,-13
1,-3,2,57,-11
1,-3,2,58,-9
1,-3,2,59,-7
1,-3,2,60,-5
1,-3,2,61,-3
1,-3,2,62,-1
1,-3,2,63,-17
1,-3,2,64,-19
1,-3,2,65,-21
1,-3,2,66,-23
1,-3,2,67,-25
1,-3,2,68,-27
1,-3,2,69,-29
1,-3,2,70,-16
1,-3,2,71,-14
1,-3,2,72,-12
1,-3,2,73,-10
1,-3,2,74,-8
1,-3,2,75,-6
1,-3,2,76,-4
1,-3,2,77,-20
1,-3,2,78,-22
1,-3,2,79,-24
1,-3,2,80,-26
1,-3,2,81,-28
1,-3,2,82,-30
1,-3,2,83,-32
1,-3,2,84,-19
1,-3,2,85,-17
1,-3,2,86,-15
1,-3,2,87,-13
1,-3,2,88,-11
1,-3,2,89,-9
1,-3,2,90,-7
1,-3,2,91,-23
1,-3,2,92,-25
1,-3,2,93,-27
1,-3,2,94,-29
1,-3,2,95,-31
1,-3,2,96,-33
1,-3,2,97,-35
1,-3,2,98,-22
1,-3,2,99,-20
1,-3,2,100,-18
1,-3,2,101,-16
1,-3,2,102,-14
1,-3,2,103,-12
1,-3,2,104,-10
1,-3,2,105,-26
1,-3,2,106,-28
1,-3,2,107,-30
1,-3,2,108,-32
1,-3,2,109,-34
1,-3,2,110,-36
1,-3,2,111,-38
1,-3,3,0,0
1,-3,3,1,3
1,-3,3,2,6
1,-3,3,3,9
1,-3,3,4,12
1,-3,3,5,15
1,-3,3,6,18
1,-3,3,7,-6
1,-3,3,8,-9
1,-3,3,9,-12
1,-3,3,10,-15
1,-3,3,11,-18
1,-3,3,12,-21
1,-3,3,13,-24
1,-3,3,14,-3
1,-3,3,15,0
1,-3,3,16,3
1,-3,3,17,6
1,-3,3,18,9
1,-3,3,19,12
1,-3,3,20,15
1,-3,3,21,-9
1,-3,3,22,-12
1,-3,3,23,-15
1,-3,3,24,-18
1,-3,3,25,-21
1,-3,3,26,-24
1,-3,3,27,-27
1,-3,3,28,-6
1,-3,3,29,-3
1,-3,3,30,0
1,-3,3,31,3
1,-3,3,32,6
1,-3,3,33,9
1,-3,3,34,12
1,-3,3,35,-12
1,-3,3,36,-15
1,-3,3,37,-18
1,-3,3,38,-21
1,-3,3,39,-24
1,-3,3,40,-27
1,-3,3,41,-30
1,-3,3,42,-9
1,-3,3,43,-6
1,-3,3,44,-3
1,-3,3,45,0
1,-3,3,46,3
1,-3,3,47,6
1,-3,3,48,9
1,-3,3,49,-15
1,-3,3,50,-18
1,-3,3,51,-21
1,-3,3,52,-24
1,-3,3,53,-27
1,-3,3,54,-30
1,-3,3,55,-33
1,-3,3,56,-12
1,-3,3,57,-9
1,-3,3,58,-6
1,-3,3,59,-3
1,-3,3,60,0
1,-3,3,61,3
1,-3,3,62,6
1,-3,3,63,-18
1,-3,3,64,-21
1,-3,3,65,-24
1,-3,3,66,-27
1,-3,3,67,-30
1,-3,3,68,-33
1,-3,3,69,-36
1,-3,3,70,-15
1,-3,3,71,-12
1,-3,3,72,-9
1,-3,3,73,-6
1,-3,3,74,-3
1,-3,3,75,0
1,-3,3,76,3
1,-3,3,77,-21
1,-3,3,78,-24
1,-3,3,79,-27
1,-3,3,80,-30
1,-3,3,81,-33
1,-3,3,82,-36
1,-3,3,83,-39
1,-3,3,84,-18
1,-3,3,85,-15
1,-3,3,86,-12
1,-3,3,87,-9
1,-3,3,88,-6
1,-3,3,89,-3
1,-3,3,90,0
1,-3,3,91,-24
1,-3,3,92,-27
1,-3,3,93,-30
1,-3,3,94,-33
1,-3,3,95,-36
1,-3,3,96,-39
1,-3,3,97,-42
1,-3,3,98,-21
1,-3,3,99,-18
1,-3,3,100,-15
1,-3,3,101,-12
1,-3,3,102,-9
1,-3,3,103,-6
1,-3,3,104,-3
1,-3,3,105,-27
1,-3,3,106,-30
1,-3,3,107,-33
1,-3,3,108,-36
1,-3,3,109,-39
1,-3,3,110,-42
1,-3,3,111,-45
1,-3,4,0,1
1,-3,4,1,5
1,-3,4,2,9
1,-3,4,3,13
1,-3,4,4,17
1,-3,4,5,21
1,-3,4,6,25
1,-3,4,7,-7
1,-3,4,8,-11
1,-3,4,9,-15
1,-3,4,10,-19
1,-3,4,11,-23
1,-3,4,12,-27
1,-3,4,13,-31
1,-3,4,14,-2
1,-3,4,15,2
1,-3,4,16,6
1,-3,4,17,10
1,-3,4,18,14
1,-3,4,19,18
1,-3,4,20,22
1,-3,4,21,-10
1,-3,4,22,-14
1,-3,4,23,-18
1,-3,4,24,-22
1,-3,4,25,-26
1,-3,4,26,-30
1,-3,4,27,-34
1,-3,4,28,-5
1,-3,4,29,-1
1,-3,4,30,3
1,-3,4,31,7
1,-3,4,32,11
1,-3,4,33,15
1,-3,4,34,19
1,-3,4,35,-13
1,-3,4,36,-17
1,-3,4,37,-21
1,-3,4,38,-25
1,-3,4,39,-29
1,-3,4,40,-33
1,-3,4,41,-37
1,-3,4,42,-8
1,-3,4,43,-4
1,-3,4,44,0
1,-3,4,45,4
1,-3,4,46,8
1,-3,4,47,12
1,-3,4,48,16
1,-3,4,49,-16
1,-3,4,50,-20
1,-3,4,51,-24
1,-3,4,52,-28
1,-3,4,53,-32
1,-3,4,54,-36
1,-3,4,55,-40
1,-3,4,56,-11
1,-3,4,57,-7
1,-3,4,58,-3
1,-3,4,59,1
1,-3,4,60,5
1,-3,4,61,9
1,-3,4,62,13
1,-3,4,63,-19
1,-3,4,64,-23
1,-3,4,65,-27
1,-3,4,66,-31
1,-3,4,67,-35
1,-3,4,68,-39
1,-3,4,69,-43
1,-3,4,70,-14
1,-3,4,71,-10
1,-3,4,72,-6
1,-3,4,73,-2
1,-3,4,74,2
1,-3,4,75,6
1,-3,4,76,10
1,-3,4,77,-22
1,-3,4,78,-26
1,-3,4,79,-30
1,-3,4,80,-34
1,-3,4,81,-38
1,-3,4,82,-42
1,-3,4,83,-46
1,-3,4,84,-17
1,-3,4,85,-13
1,-3,4,86,-9
1,-3,4,87,-5
1,-3,4,88,-1
1,-3,4,89,3
1,-3,4,90,7
1,-3,4,91,-25
1,-3,4,92,-29
1,-3,4,93,-33
1,-3,4,94,-37
1,-3,4,95,-41
1,-3,4,96,-45
1,-3,4,97,-49
1,-3,4,98,-20
1,-3,4,99,-16
1,-3,4,100,-12
1,-3,4,101,-8
1,-3,4,102,-4
1,-3,4,103,0
1,-3,4,104,4
1,-3,4,105,-28
1,-3,4,106,-32
1,-3,4,107,-36
1,-3,4,108,-40
1,-3,4,109,-44
1,-3,4,110,-48
1,-3,4,111,-52
1,-3,5,0,2
1,-3,5,1,7
1,-3,5,2,12
1,-3,5,3,17
1,-3,5,4,22
1,-3,5,5,27
1,-3,5,6,32
1,-3,5,7,-8
1,-3,5,8,-13
1,-3,5,9,-18
1,-3,5,10,-23
1,-3,5,11,-28
1,-3,5,12,-33
1,-3,5,13,-38
1,-3,5,14,-1
1,-3,5,15,4
1,-3,5,16,9
1,-3,5,17,14
1,-3,5,18,19
1,-3,5,19,24
1,-3,5,20,29
1,-3,5,21,-11
1,-3,5,22,-16
1,-3,5,23,-21
1,-3,5,24,-26
1,-3,5,25,-31
1,-3,5,26,-36
1,-3,5,27,-41
1,-3,5,28,-4
1,-3,5,29,1
1,-3,5,30,6
1,-3,5,31,11
1,-3,5,32,16
1,-3,5,33,21
1,-3,5,34,26
1,-3,5,35,-14
1,-3,5,36,-19
1,-3,5,37,-24
1,-3,5,38,-29
1,-3,5,39,-34
1,-3,5,40,-39
1,-3,5,41,-44
1,-3,5,42,-7
1,-3,5,43,-2
1,-3,5,44,3
1,-3,5,45,8
1,-3,5,46,13
1,-3,5,47,18
1,-3,5,48,23
1,-3,5,49,-17
1,-3,5,50,-22
1,-3,5,51,-27
1,-3,5,52,-32
1,-3,5,53,-37
1,-3,5,54,-42
1,-3,5,55,-47
1,-3,5,56,-10
1,-3,5,57,-5
1,-3,5,58,0
1,-3,5,59,5
1,-3,5,60,10
1,-3,5,61,15
1,-3,5,62,20
1,-3,5,63,-20
1,-3,5,64,-25
1,-3,5,65,-30
1,-3,5,66,-35
1,-3,5,67,-40
1,-3,5,68,-45
1,-3,5,69,-50
1,-3,5,70,-13
1,-3,5,71,-8
1,-3,5,72,-3
1,-3,5,73,2
1,-3,5,74,7
1,-3,5,75,12
1,-3,5,76,17
1,-3,5,77,-23
1,-3,5,78,-28
1,-3,5,79,-33
1,-3,5,80,-38
1,-3,5,81,-43
1,-3,5,82,-48
1,-3,5,83,-53
1,-3,5,84,-16
1,-3,5,85,-11
1,-3,5,86,-6
1,-3,5,87,-1
1,-3,5,88,4
1,-3,5,89,9
1,-3,5,90,14
1,-3,5,91,-26
1,-3,5,92,-31
1,-3,5,93,-36
1,-3,5,94,-41
1,-3,5,95,-46
1,-3,5,96,-51
1,-3,5,97,-56
1,-3,5,98,-19
1,-3,5,99,-14
1,-3,5,100,-9
1,-3,5,101,-4
1,-3,5,102,1
1,-3,5,103,6
1,-3,5,104,11
1,-3,5,105,-29
1,-3,5,106,-34
1,-3,5,107,-39
1,-3,5,108,-44
1,-3,5,109,-49
1,-3,5,110,-54
1,-3,5,111,-59
1,-3,6,0,3
1,-3,6,1,9
1,-3,6,2,15
1,-3,6,3,21
1,-3,6,4,27
1,-3,6,5,33
1,-3,6,6,39
1,-3,6,7,-9
1,-3,6,8,-15
1,-3,6,9,-21
1,-3,6,10,-27
1,-3,6,11,-33
1,-3,6,12,-39
1,-3,6,13,-45
1,-3,6,14,0
1,-3,6,15,6
1,-3,6,16,12
1,-3,6,17,18
1,-3,6,18,24
1,-3,6,19,30
1,-3,6,20,36
1,-3,6,21,-12
1,-3,6,22,-18
1,-3,6,23,-24
1,-3,6,24,-30
1,-3,6,25,-36
1,-3,6,26,-42
1,-3,6,27,-48
1,-3,6,28,-3
1,-3,6,29,3
1,-3,6,30,9
1,-3,6,31,15
1,-3,6,32,21
1,-3,6,33,27
1,-3,6,34,33
1,-3,6,35,-15
1,-3,6,36,-21
1,-3,6,37,-27
1,-3,6,38,-33
1,-3,6,39,-39
1,-3,6,40,-45
1,-3,6,41,-51
1,-3,6,42,-6
1,-3,6,43,0
1,-3,6,44,6
1,-3,6,45,12
1,-3,6,46,18
1,-3,6,47,24
1,-3,6,48,30
1,-3,6,49,-18
1,-3,6,50,-24
1,-3,6,51,-30
1,-3,6,52,-36
1,-3,6,53,-42
1,-3,6,54,-48
1,-3,6,55,-54
1,-3,6,56,-9
1,-3,6,57,-3
1,-3,6,58,3
1,-3,6,59,9
1,-3,6,60,15
1,-3,6,61,21
1,-3,6,62,27
1,-3,6,63,-21
1,-3,6,64,-27
1,-3,6,65,-33
1,-3,6,66,-39
1,-3,6,67,-45
1,-3,6,68,-51
1,-3,6,69,-57
1,-3,6,70,-12
1,-3,6,71,-6
1,-3,6,72,0
1,-3,6,73,6
1,-3,6,74,12
1,-3,6,75,18
1,-3,6,76,24
1,-3,6,77,-24
1,-3,6,78,-30
1,-3,6,79,-36
1,-3,6,80,-42
1,-3,6,81,-48
1,-3,6,82,-54
1,-3,6,83,-60
1,-3,6,84,-15
1,-3,6,85,-9
1,-3,6,86,-3
1,-3,6,87,3
1,-3,6,88,9
1,-3,6,89,15
1,-3,6,90,21
1,-3,6,91,-27
1,-3,6,92,-33
1,-3,6,93,-39
1,-3,6,94,-45
1,-3,6,95,-51
1,-3,6,96,-57
1,-3,6,97,-63
1,-3,6,98,-18
1,-3,6,99,-12
1,-3,6,100,-6
1,-3,6,101,0
1,-3,6,102,6
1,-3,6,103,12
1,-3,6,104,18
1,-3,6,105,-30
1,-3,6,106,-36
1,-3,6,107,-42
1,-3,6,108,-48
1,-3,6,109,-54
1,-3,6,110,-60
1,-3,6,111,-66
1,-3,7,0,4
1,-3,7,1,11
1,-3,7,2,18
1,-3,7,3,25
1,-3,7,4,32
1,-3,7,5,39
1,-3,7,6,46
1,-3,7,7,-10
1,-3,7,8,-17
1,-3,7,9,-24
1,-3,7,10,-31
1,-3,7,11,-38
1,-3,7,12,-45
1,-3,7,13,-52
1,-3,7,14,1
1,-3,7,15,8
1,-3,7,16,15
1,-3,7,17,22
1,-3,7,18,29
1,-3,7,19,36
1,-3,7,20,43
1,-3,7,21,-13
1,-3,7,22,-20
1,-3,7,23,-27
1,-3,7,24,-34
1,-3,7,25,-41
1,-3,7,26,-48
1,-3,7,27,-55
1,-3,7,28,-2
1,-3,7,29,5
1,-3,7,30,12
1,-3,7,31,19
1,-3,7,32,26
1,-3,7,33,33
1,-3,7,34,40
1,-3,7,35,-16
1,-3,7,36,-23
1,-3,7,37,-30
1,-3,7,38,-37
1,-3,7,39,-44
1,-3,7,40,-51
1,-3,7,41,-58
1,-3,7,42,-5
1,-3,7,43,2
1,-3,7,44,9
1,-3,7,45,16
1,-3,7,46,23
1,-3,7,47,30
1,-3,7,48,37
1,-3,7,49,-19
1,-3,7,50,-26
1,-3,7,51,-33
1,-3,7,52,-40
1,-3,7,53,-47
1,-3,7,54,-54
1,-3,7,55,-61
1,-3,7,56,-8
1,-3,7,57,-1
1,-3,7,58,6
1,-3,7,59,13
1,-3,7,60,20
1,-3,7,61,27
1,-3,7,62,34
1,-3,7,63,-22
1,-3,7,64,-29
1,-3,7,65,-36
1,-3,7,66,-43
1,-3,7,67,-50
1,-3,7,68,-57
1,-3,7,69,-64
1,-3,7,70,-11
1,-3,7,71,-4
1,-3,7,72,3
1,-3,7,73,10
1,-3,7,74,17
1,-3,7,75,24
1,-3,7,76,31
1,-3,7,77,-25
1,-3,7,78,-32
1,-3,7,79,-39
1,-3,7,80,-46
1,-3,7,81,-53
1,-3,7,82,-60
1,-3,7,83,-67
1,-3,7,84,-14
1,-3,7,85,-7
1,-3,7,86,0
1,-3,7,87,7
1,-3,7,88,14
1,-3,7,89,21
1,-3,7,90,28
1,-3,7,91,-28
1,-3,7,92,-35
1,-3,7,93,-42
1,-3,7,94,-49
1,-3,7,95,-56
1,-3,7,96,-63
1,-3,7,97,-70
1,-3,7,98,-17
1,-3,7,99,-10
1,-3,7,100,-3
1,-3,7,101,4
1,-3,7,102,11
1,-3,7,103,18
1,-3,7,104,25
1,-3,7,105,-31
1,-3,7,106,-38
1,-3,7,107,-45
1,-3,7,108,-52
1,-3,7,109,-59
1,-3,7,110,-66
1,-3,7,111,-73
1,-2,-8,0,-10
1,-2,-8,1,-18
1,-2,-8,2,-26
1,-2,-8,3,-34
1,-2,-8,4,-42
1,-2,-8,5,-50
1,-2,-8,6,-58
1,-2,-8,7,6
1,-2,-8,8,14
1,-2,-8,9,22
1,-2,-8,10,30
1,-2,-8,11,38
1,-2,-8,12,46
1,-2,-8,13,54
1,-2,-8,14,-12
1,-2,-8,15,-20
1,-2,-8,16,-28
1,-2,-8,17,-36
1,-2,-8,18,-44
1,-2,-8,19,-52
1,-2,-8,20,-60
1,-2,-8,21,4
1,-2,-8,22,12
1,-2,-8,23,20
1,-2,-8,24,28
1,-2,-8,25,36
1,-2,-8,26,44
1,-2,-8,27,52
1,-2,-8,28,-14
1,-2,-8,29,-22
1,-2,-8,30,-30
1,-2,-8,31,-38
1,-2,-8,32,-46
1,-2,-8,33,-54
1,-2,-8,34,-62
1,-2,-8,35,2
1,-2,-8,36,10
1,-2,-8,37,18
1,-2,-8,38,26
1,-2,-8,39,34
1,-2,-8,40,42
1,-2,-8,41,50
1,-2,-8,42,-16
1,-2,-8,43,-24
1,-2,-8,44,-32
1,-2,-8,45,-40
1,-2,-8,46,-48
1,-2,-8,47,-56
1,-2,-8,48,-64
1,-2,-8,49,0
1,-2,-8,50,8
1,-2,-8,51,16
1,-2,-8,52,24
1,-2,-8,53,32
1,-2,-8,54,40
1,-2,-8,55,48
1,-2,-8,56,-18
1,-2,-8,57,-26
1,-2,-8,58,-34
1,-2,-8,59,-42
1,-2,-8,60,-50
1,-2,-8,61,-58
1,-2,-8,62,-66
1,-2,-8,63,-2
1,-2,-8,64,6
1,-2,-8,65,14
1,-2,-8,66,22
1,-2,-8,67,30
1,-2,-8,68,38
1,-2,-8,69,46
1,-2,-8,70,-20
1,-2,-8,71,-28
1,-2,-8,72,-36
1,-2,-8,73,-44
1,-2,-8,74,-52
1,-2,-8,75,-60
1,-2,-8,76,-68
1,-2,-8,77,-4
1,-2,-8,78,4
1,-2,-8,79,12
1,-2,-8,80,20
1,-2,-8,81,28
1,-2,-8,82,36
1,-2,-8,83,44
1,-2,-8,84,-22
1,-2,-8,85,-30
1,-2,-8,86,-38
1,-2,-8,87,-46
1,-2,-8,88,-54
1,-2,-8,89,-62
1,-2,-8,90,-70
1,-2,-8,91,-6
1,-2,-8,92,2
1,-2,-8,93,10
1,-2,-8,94,18
1,-2,-8,95,26
1,-2,-8,96,34
1,-2,-8,97,42
1,-2,-8,98,-24
1,-2,-8,99,-32
1,-2,-8,100,-40
1,-2,-8,101,-48
1,-2,-8,102,-56
1,-2,-8,103,-64
1,-2,-8,104,-72
1,-2,-8,105,-8
1,-2,-8,106,0
1,-2,-8,107,8
1,-2,-8,108,16
1,-2,-8,109,24
1,-2,-8,110,32
1,-2,-8,111,40
1,-2,-7,0,-9
1,-2,-7,1,-16
1,-2,-7,2,-23
1,-2,-7,3,-30
1,-2,-7,4,-37
1,-2,-7,5,-44
1,-2,-7,6,-51
1,-2,-7,7,5
1,-2,-7,8,12
1,-2,-7,9,19
1,-2,-7,10,26
1,-2,-7,11,33
1,-2,-7,12,40
1,-2,-7,13,47
1,-2,-7,14,-11
1,-2,-7,15,-18
1,-2,-7,16,-25
1,-2,-7,17,-32
1,-2,-7,18,-39
1,-2,-7,19,-46
1,-2,-7,20,-53
1,-2,-7,21,3
1,-2,-7,22,10
1,-2,-7,23,17
1,-2,-7,24,24
1,-2,-7,25,31
1,-2,-7,26,38
1,-2,-7,27,45
1,-2,-7,28,-13
1,-2,-7,29,-20
1,-2,-7,30,-27
1,-2,-7,31,-34
1,-2,-7,32,-41
1,-2,-7,33,-48
1,-2,-7,34,-55
1,-2,-7,35,1
1,-2,-7,36,8
1,-2,-7,37,15
1,-2,-7,38,22
1,-2,-7,39,29
1,-2,-7,40,36
1,-2,-7,41,43
1,-2,-7,42,-15
1,-2,-7,43,-22
1,-2,-7,44,-29
1,-2,-7,45,-36
1,-2,-7,46,-43
1,-2,-7,47,-50
1,-2,-7,48,-57
1,-2,-7,49,-1
1,-2,-7,50,6
1,-2,-7,51,13
1,-2,-7,52,20
1,-2,-7,53,27
1,-2,-7,54,34
1,-2,-7,55,41
1,-2,-7,56,-17
1,-2,-7,57,-24
1,-2,-7,58,-31
1,-2,-7,59,-38
1,-2,-7,60,-45
1,-2,-7,61,-52
1,-2,-7,62,-59
1,-2,-7,63,-3
1,-2,-7,64,4
1,-2,-7,65,11
1,-2,-7,66,18
1,-2,-7,67,25
1,-2,-7,68,32
1,-2,-7,69,39
1,-2,-7,70,-19
1,-2,-7,71,-26
1,-2,-7,72,-33
1,-2,-7,73,-40
1,-2,-7,74,-47
1,-2,-7,75,-54
1,-2,-7,76,-61
1,-2,-7,77,-5
1,-2,-7,78,2
1,-2,-7,79,9
1,-2,-7,80,16
1,-2,-7,81,23
1,-2,-7,82,30
1,-2,-7,83,37
1,-2,-7,84,-21
1,-2,-7,85,-28
1,-2,-7,86,-35
1,-2,-7,87,-42
1,-2,-7,88,-49
1,-2,-7,89,-56
1,-2,-7,90,-63
1,-2,-7,91,-7
1,-2,-7,92,0
1,-2,-7,93,7
1,-2,-7,94,14
1,-2,-7,95,21
1,-2,-7,96,28
1,-2,-7,97,35
1,-2,-7,98,-23
1,-2,-7,99,-30
1,-2,-7,100,-37
1,-2,-7,101,-44
1,-2,-7,102,-51
1,-2,-7,103,-58
1,-2,-7,104,-65
1,-2,-7,105,-9
1,-2,-7,106,-2
1,-2,-7,107,5
1,-2,-7,108,12
1,-2,-7,109,19
1,-2,-7,110,26
1,-2,-7,111,33
1,-2,-6,0,-8
1,-2,-6,1,-14
1,-2,-6,2,-20
1,-2,-6,3,-26
1,-2,-6,4,-32
1,-2,-6,5,-38
1,-2,-6,6,-44
1,-2,-6,7,4
1,-2,-6,8,10
1,-2,-6,9,16
1,-2,-6,10,22
1,-2,-6,11,28
1,-2,-6,12,34
1,-2,-6,13,40
1,-2,-6,14,-10
1,-2,-6,15,-16
1,-2,-6,16,-22
1,-2,-6,17,-28
1,-2,-6,18,-34
1,-2,-6,19,-40
1,-2,-6,20,-46
1,-2,-6,21,2
1,-2,-6,22,8
1,-2,-6,23,14
1,-2,-6,24,20
1,-2,-6,25,26
1,-2,-6,26,32
1,-2,-6,27,38
1,-2,-6,28,-12
1,-2,-6,29,-18
1,-2,-6,30,-24
1,-2,-6,31,-30
1,-2,-6,32,-36
1,-2,-6,33,-42
1,-2,-6,34,-48
1,-2,-6,35,0
1,-2,-6,36,6
1,-2,-6,37,12
1,-2,-6,38,18
1,-2,-6,39,24
1,-2,-6,40,30
1,-2,-6,41,36
1,-2,-6,42,-14
1,-2,-6,43,-20
1,-2,-6,44,-26
1,-2,-6,45,-32
1,-2,-6,46,-38
1,-2,-6,47,-44
1,-2,-6,48,-50
1,-2,-6,49,-2
1,-2,-6,50,4
1,-2,-6,51,10
1,-2,-6,52,16
1,-2,-6,53,22
1,-2,-6,54,28
1,-2,-6,55,34
1,-2,-6,56,-16
1,-2,-6,57,-22
1,-2,-6,58,-28
1,-2,-6,59,-34
1,-2,-6,60,-40
1,-2,-6,61,-46
1,-2,-6,62,-52
1,-2,-6,63,-4
1,-2,-6,64,2
1,-2,-6,65,8
1,-2,-6,66,14
1,-2,-6,67,20
1,-2,-6,68,26
1,-2,-6,69,32
1,-2,-6,70,-18
1,-2,-6,71,-24
1,-2,-6,72,-30
1,-2,-6,73,-36
1,-2,-6,74,-42
1,-2,-6,75,-48
1,-2,-6,76,-54
1,-2,-6,77,-6
1,-2,-6,78,0
1,-2,-6,79,6
1,-2,-6,80,12
1,-2,-6,81,18
1,-2,-6,82,24
1,-2,-6,83,30
1,-2,-6,84,-20
1,-2,-6,85,-26
1,-2,-6,86,-32
1,-2,-6,87,-38
1,-2,-6,88,-44
1,-2,-6,89,-50
1,-2,-6,90,-56
1,-2,-6,91,-8
1,-2,-6,92,-2
1,-2,-6,93,4
1,-2,-6,94,10
1,-2,-6,95,16
1,-2,-6,96,22
1,-2,-6,97,28
1,-2,-6,98,-22
1,-2,-6,99,-28
1,-2,-6,100,-34
1,-2,-6,101,-40
1,-2,-6,102,-46
1,-2,-6,103,-52
1,-2,-6,104,-58
1,-2,-6,105,-10
1,-2,-6,106,-4
1,-2,-6,107,2
1,-2,-6,108,8
1,-2,-6,109,14
1,-2,-6,110,20
1,-2,-6,111,26
1,-2,-5,0,-7
1,-2,-5,1,-12
1,-2,-5,2,-17
1,-2,-5,3,-22
1,-2,-5,4,-27
1,-2,-5,5,-32
1,-2,-5,6,-37
1,-2,-5,7,3
1,-2,-5,8,8
1,-2,-5,9,13
1,-2,-5,10,18
1,-2,-5,11,23
1,-2,-5,12,28
1,-2,-5,13,33
1,-2,-5,14,-9
1,-2,-5,15,-14
1,-2,-5,16,-19
1,-2,-5,17,-24
1,-2,-5,18,-29
1,-2,-5,19,-34
1,-2,-5,20,-39
1,-2,-5,21,1
1,-2,-5,22,6
1,-2,-5,23,11
1,-2,-5,24,16
1,-2,-5,25,21
1,-2,-5,26,26
1,-2,-5,27,31
1,-2,-5,28,-11
1,-2,-5,29,-16
1,-2,-5,30,-21
1,-2,-5,31,-26
1,-2,-5,32,-31
1,-2,-5,33,-36
1,-2,-5,34,-41
1,-2,-5,35,-1
1,-2,-5,36,4
1,-2,-5,37,9
1,-2,-5,38,14
1,-2,-5,39,19
1,-2,-5,40,24
1,-2,-5,41,29
1,-2,-5,42,-13
1,-2,-5,43,-18
1,-2,-5,44,-23
1,-2,-5,45,-28
1,-2,-5,46,-33
1,-2,-5,47,-38
1,-2,-5,48,-43
1,-2,-5,49,-3
1,-2,-5,50,2
1,-2,-5,51,7
1,-2,-5,52,12
1,-2,-5,53,17
1,-2,-5,54,22
1,-2,-5,55,27
1,-2,-5,56,-15
1,-2,-5,57,-20
1,-2,-5,58,-25
1,-2,-5,59,-30
1,-2,-5,60,-35
1,-2,-5,61,-40
1,-2,-5,62,-45
1,-2,-5,63,-5
1,-2,-5,64,0
1,-2,-5,65,5
1,-2,-5,66,10
1,-2,-5,67,15
1,-2,-5,68,20
1,-2,-5,69,25
1,-2,-5,70,-17
1,-2,-5,71,-22
1,-2,-5,72,-27
1,-2,-5,73,-32
1,-2,-5,74,-37
1,-2,-5,75,-42
1,-2,-5,76,-47
1,-2,-5,77,-7
1,-2,-5,78,-2
1,-2,-5,79,3
1,-2,-5,80,8
1,-2,-5,81,13
1,-2,-5,82,18
1,-2,-5,83,23
1,-2,-5,84,-19
1,-2,-5,85,-24
1,-2,-5,86,-29
1,-2,-5,87,-34
1,-2,-5,88,-39
1,-2,-5,89,-44
1,-2,-5,90,-49
1,-2,-5,91,-9
1,-2,-5,92,-4
1,-2,-5,93,1
1,-2,-5,94,6
1,-2,-5,95,11
1,-2,-5,96,16
1,-2,-5,97,21
1,-2,-5,98,-21
1,-2,-5,99,-26
1,-2,-5,100,-31
1,-2,-5,101,-36
1,-2,-5,102,-41
1,-2,-5,103,-46
1,-2,-5,104,-51
1,-2,-5,105,-11
1,-2,-5,106,-6
1,-2,-5,107,-1
1,-2,-5,108,4
1,-2,-5,109,9
1,-2,-5,110,14
1,-2,-5,111,19
1,-2,-4,0,-6
1,-2,-4,1,-10
1,-2,-4,2,-14
1,-2,-4,3,-18
1,-2,-4,4,-22
1,-2,-4,5,-26
1,-2,-4,6,-30
1,-2,-4,7,2
1,-2,-4,8,6
1,-2,-4,9,10
1,-2,-4,10,14
1,-2,-4,11,18
1,-2,-4,12,22
1,-2,-4,13,26
1,-2,-4,14,-8
1,-2,-4,15,-12
1,-2,-4,16,-16
1,-2,-4,17,-20
1,-2,-4,18,-24
1,-2,-4,19,-28
1,-2,-4,20,-32
1,-2,-4,21,0
1,-2,-4,22,4
1,-2,-4,23,8
1,-2,-4,24,12
1,-2,-4,25,16
1,-2,-4,26,20
1,-2,-4,27,24
1,-2,-4,28,-10
1,-2,-4,29,-14
1,-2,-4,30,-18
1,-2,-4,31,-22
1,-2,-4,32,-26
1,-2,-4,33,-30
1,-2,-4,34,-34
1,-2,-4,35,-2
1,-2,-4,36,2
1,-2,-4,37,6
1,-2,-4,38,10
1,-2,-4,39,14
1,-2,-4,40,18
1,-2,-4,41,22
1,-2,-4,42,-12
1,-2,-4,43,-16
1,-2,-4,44,-20
1,-2,-4,45,-24
1,-2,-4,46,-28
1,-2,-4,47,-32
1,-2,-4,48,-36
1,-2,-4,49,-4
1,-2,-4,50,0
1,-2,-4,51,4
1,-2,-4,52,8
1,-2,-4,53,12
1,-2,-4,54,16
1,-2,-4,55,20
1,-2,-4,56,-14
1,-2,-4,57,-18
1,-2,-4,58,-22
1,-2,-4,59,-26
1,-2,-4,60,-30
1,-2,-4,61,-34
1,-2,-4,62,-38
1,-2,-4,63,-6
1,-2,-4,64,-2
1,-2,-4,65,2
1,-2,-4,66,6
1,-2,-4,67,10
1,-2,-4,68,14
1,-2,-4,69,18
1,-2,-4,70,-16
1,-2,-4,71,-20
1,-2,-4,72,-24
1,-2,-4,73,-28
1,-2,-4,74,-32
1,-2,-4,75,-36
1,-2,-4,76,-40
1,-2,-4,77,-8
1,-2,-4,78,-4
1,-2,-4,79,0
1,-2,-4,80,4
1,-2,-4,81,8
1,-2,-4,82,12
1,-2,-4,83,16
1,-2,-4,84,-18
1,-2,-4,85,-22
1,-2,-4,86,-26
1,-2,-4,87,-30
1,-2,-4,88,-34
1,-2,-4,89,-38
1,-2,-4,90,-42
1,-2,-4,91,-10
1,-2,-4,92,-6
1,-2,-4,93,-2
1,-2,-4,94,2
1,-2,-4,95,6
1,-2,-4,96,10
1,-2,-4,97,14
1,-2,-4,98,-20
1,-2,-4,99,-24
1,-2,-4,100,-28
1,-2,-4,101,-32
1,-2,-4,102,-36
1,-2,-4,103,-40
1,-2,-4,104,-44
1,-2,-4,105,-12
1,-2,-4,106,-8
1,-2,-4,107,-4
1,-2,-4,108,0
1,-2,-4,109,4
1,-2,-4,110,8
1,-2,-4,111,12
1,-2,-3,0,-5
1,-2,-3,1,-8
1,-2,-3,2,-11
1,-2,-3,3,-14
1,-2,-3,4,-17
1,-2,-3,5,-20
1,-2,-3,6,-23
1,-2,-3,7,1
1,-2,-3,8,4
1,-2,-3,9,7
1,-2,-3,10,10
1,-2,-3,11,13
1,-2,-3,12,16
1,-2,-3,13,19
1,-2,-3,14,-7
1,-2,-3,15,-10
1,-2,-3,16,-13
1,-2,-3,17,-16
1,-2,-3,18,-19
1,-2,-3,19,-22
1,-2,-3,20,-25
1,-2,-3,21,-1
1,-2,-3,22,2
1,-2,-3,23,5
1,-2,-3,24,8
1,-2,-3,25,11
1,-2,-3,26,14
1,-2,-3,27,17
1,-2,-3,28,-9
1,-2,-3,29,-12
1,-2,-3,30,-15
1,-2,-3,31,-18
1,-2,-3,32,-21
1,-2,-3,33,-24
1,-2,-3,34,-27
1,-2,-3,35,-3
1,-2,-3,36,0
1,-2,-3,37,3
1,-2,-3,38,6
1,-2,-3,39,9
1,-2,-3,40,12
1,-2,-3,41,15
1,-2,-3,42,-11
1,-2,-3,43,-14
1,-2,-3,44,-17
1,-2,-3,45,-20
1,-2,-3,46,-23
1,-2,-3,47,-26
1,-2,-3,48,-29
1,-2,-3,49,-5
1,-2,-3,50,-2
1,-2,-3,51,1
1,-2,-3,52,4
1,-2,-3,53,7
1,-2,-3,54,10
1,-2,-3,55,13
1,-2,-3,56,-13
1,-2,-3,57,-16
1,-2,-3,58,-19
1,-2,-3,59,-22
1,-2,-3,60,-25
1,-2,-3,61,-28
1,-2,-3,62,-31
1,-2,-3,63,-7
1,-2,-3,64,-4
1,-2,-3,65,-1
1,-2,-3,66,2
1,-2,-3,67,5
1,-2,-3,68,8
1,-2,-3,69,11
1,-2,-3,70,-15
1,-2,-3,71,-18
1,-2,-3,72,-21
1,-2,-3,73,-24
1,-2,-3,74,-27
1,-2,-3,75,-30
1,-2,-3,76,-33
1,-2,-3,77,-9
1,-2,-3,78,-6
1,-2,-3,79,-3
1,-2,-3,80,0
1,-2,-3,81,3
1,-2,-3,82,6
1,-2,-3,83,9
1,-2,-3,84,-17
1,-2,-3,85,-20
1,-2,-3,86,-23
1,-2,-3,87,-26
1,-2,-3,88,-29
1,-2,-3,89,-32
1,-2,-3,90,-35
1,-2,-3,91,-11
1,-2,-3,92,-8
1,-2,-3,93,-5
1,-2,-3,94,-2
1,-2,-3,95,1
1,-2,-3,96,4
1,-2,-3,97,7
1,-2,-3,98,-19
1,-2,-3,99,-22
1,-2,-3,100,-25
1,-2,-3,101,-28
1,-2,-3,102,-31
1,-2,-3,103,-34
1,-2,-3,104,-37
1,-2,-3,105,-13
1,-2,-3,106,-10
1,-2,-3,107,-7
1,-2,-3,108,-4
1,-2,-3,109,-1
1,-2,-3,110,2
1,-2,-3,111,5
1,-2,-2,0,-4
1,-2,-2,1,-6
1,-2,-2,2,-8
1,-2,-2,3,-10
1,-2,-2,4,-12
1,-2,-2,5,-14
1,-2,-2,6,-16
1,-2,-2,7,0
1,-2,-2,8,2
1,-2,-2,9,4
1,-2,-2,10,6
1,-2,-2,11,8
1,-2,-2,12,10
1,-2,-2,13,12
1,-2,-2,14,-6
1,-2,-2,15,-8
1,-2,-2,16,-10
1,-2,-2,17,-12
1,-2,-2,18,-14
1,-2,-2,19,-16
1,-2,-2,20,-18
1,-2,-2,21,-2
1,-2,-2,22,0
1,-2,-2,23,2
1,-2,-2,24,4
1,-2,-2,25,6
1,-2,-2,26,8
1,-2,-2,27,10
1,-2,-2,28,-8
1,-2,-2,29,-10
1,-2,-2,30,-12
1,-2,-2,31,-14
1,-2,-2,32,-16
1,-2,-2,33,-18
1,-2,-2,34,-20
1,-2,-2,35,-4
1,-2,-2,36,-2
1,-2,-2,37,0
1,-2,-2,38,2
1,-2,-2,39,4
1,-2,-2,40,6
1,-2,-2,41,8
1,-2,-2,42,-10
1,-2,-2,43,-12
1,-2,-2,44,-14
1,-2,-2,45,-16
1,-2,-2,46,-18
1,-2,-2,47,-20
1,-2,-2,48,-22
1,-2,-2,49,-6
1,-2,-2,50,-4
1,-2,-2,51,-2
1,-2,-2,52,0
1,-2,-2,53,2
1,-2,-2,54,4
1,-2,-2,55,6
1,-2,-2,56,-12
1,-2,-2,57,-14
1,-2,-2,58,-16
1,-2,-2,59,-18
1,-2,-2,60,-20
1,-2,-2,61,-22
1,-2,-2,62,-24
1,-2,-2,63,-8
1,-2,-2,64,-6
1,-2,-2,65,-4
1,-2,-2,66,-2
1,-2,-2,67,0
1,-2,-2,68,2
1,-2,-2,69,4
1,-2,-2,70,-14
1,-2,-2,71,-16
1,-2,-2,72,-18
1,-2,-2,73,-20
1,-2,-2,74,-22
1,-2,-2,75,-24
1,-2,-2,76,-26
1,-2,-2,77,-10
1,-2,-2,78,-8
1,-2,-2,79,-6
1,-2,-2,80,-4
1,-2,-2,81,-2
1,-2,-2,82,0
1,-2,-2,83,2
1,-2,-2,84,-16
1,-2,-2,85,-18
1,-2,-2,86,-20
1,-2,-2,87,-22
1,-2,-2,88,-24
1,-2,-2,89,-26
1,-2,-2,90,-28
1,-2,-2,91,-12
1,-2,-2,92,-10
1,-2,-2,93,-8
1,-2,-2,94,-6
1,-2,-2,95,-4
1,-2,-2,96,-2
1,-2,-2,97,0
1,-2,-2,98,-18
1,-2,-2,99,-20
1,-2,-2,100,-22
1,-2,-2,101,-24
1,-2,-2,102,-26
1,-2,-2,103,-28
1,-2,-2,104,-30
1,-2,-2,105,-14
1,-2,-2,106,-12
1,-2,-2,107,-10
1,-2,-2,108,-8
1,-2,-2,109,-6
1,-2,-2,110,-4
1,-2,-2,111,-2
1,-2,-1,0,-3
1,-2,-1,1,-4
1,-2,-1,2,-5
1,-2,-1,3,-6
1,-2,-1,4,-7
1,-2,-1,5,-8
1,-2,-1,6,-9
1,-2,-1,7,-1
1,-2,-1,8,0
1,-2,-1,9,1
1,-2,-1,10,2
1,-2,-1,11,3
1,-2,-1,12,4
1,-2,-1,13,5
1,-2,-1,14,-5
1,-2,-1,15,-6
1,-2,-1,16,-7
1,-2,-1,17,-8
1,-2,-1,18,-9
1,-2,-1,19,-10
1,-2,-1,20,-11
1,-2,-1,21,-3
1,-2,-1,22,-2
1,-2,-1,23,-1
1,-2,-1,24,0
1,-2,-1,25,1
1,-2,-1,26,2
1,-2,-1,27,3
1,-2,-1,28,-7
1,-2,-1,29,-8
1,-2,-1,30,-9
1,-2,-1,31,-10
1,-2,-1,32,-11
1,-2,-1,33,-12
1,-2,-1,34,-13
1,-2,-1,35,-5
1,-2,-1,36,-4
1,-2,-1,37,-3
1,-2,-1,38,-2
1,-2,-1,39,-1
1,-2,-1,40,0
1,-2,-1,41,1
1,-2,-1,42,-9
1,-2,-1,43,-10
1,-2,-1,44,-11
1,-2,-1,45,-12
1,-2,-1,46,-13
1,-2,-1,47,-14
1,-2,-1,48,-15
1,-2,-1,49,-7
1,-2,-1,50,-6
1,-2,-1,51,-5
1,-2,-1,52,-4
1,-2,-1,53,-3
1,-2,-1,54,-2
1,-2,-1,55,-1
1,-2,-1,56,-11
1,-2,-1,57,-12
1,-2,-1,58,-13
1,-2,-1,59,-14
1,-2,-1,60,-15
1,-2,-1,61,-16
1,-2,-1,62,-17
1,-2,-1,63,-9
1,-2,-1,64,-8
1,-2,-1,65,-7
1,-2,-1,66,-6
1,-2,-1,67,-5
1,-2,-1,68,-4
1,-2,-1,69,-3
1,-2,-1,70,-13
1,-2,-1,71,-14
1,-2,-1,72,-15
1,-2,-1,73,-16
1,-2,-1,74,-17
1,-2,-1,75,-18
1,-2,-1,76,-19
1,-2,-1,77,-11
1,-2,-1,78,-10
1,-2,-1,79,-9
1,-2,-1,80,-8
1,-2,-1,81,-7
1,-2,-1,82,-6
1,-2,-1,83,-5
1,-2,-1,84,-15
1,-2,-1,85,-16
1,-2,-1,86,-17
1,-2,-1,87,-18
1,-2,-1,88,-19
1,-2,-1,89,-20
1,-2,-1,90,-21
1,-2,-1,91,-13
1,-2,-1,92,-12
1,-2,-1,93,-11
1,-2,-1,94,-10
1,-2,-1,95,-9
1,-2,-1,96,-8
1,-2,-1,97,-7
1,-2,-1,98,-17
1,-2,-1,99,-18
1,-2,-1,100,-19
1,-2,-1,101,-20
1,-2,-1,102,-21
1,-2,-1,103,-22
1,-2,-1,104,-23
1,-2,-1,105,-15
1,-2,-1,106,-14
1,-2,-1,107,-13
1,-2,-1,108,-12
1,-2,-1,109,-11
1,-2,-1,110,-10
1,-2,-1,111,-9
1,-2,0,0,-2
1,-2,0,1,-2
1,-2,0,2,-2
1,-2,0,3,-2
1,-2,0,4,-2
1,-2,0,5,-2
1,-2,0,6,-2
1,-2,0,7,-2
1,-2,0,8,-2
1,-2,0,9,-2
1,-2,0,10,-2
1,-2,0,11,-2
1,-2,0,12,-2
1,-2,0,13,-2
1,-2,0,14,-4
1,-2,0,15,-4
1,-2,0,16,-4
1,-2,0,17,-4
1,-2,0,18,-4
1,-2,0,19,-4
1,-2,0,20,-4
1,-2,0,21,-4
1,-2,0,22,-4
1,-2,0,23,-4
1,-2,0,24,-4
1,-2,0,25,-4
1,-2,0,26,-4
1,-2,0,27,-4
1,-2,0,28,-6
1,-2,0,29,-6
1,-2,0,30,-6
1,-2,0,31,-6
1,-2,0,32,-6
1,-2,0,33,-6
1,-2,0,34,-6
1,-2,0,35,-6
1,-2,0,36,-6
1,-2,0,37,-6
1,-2,0,38,-6
1,-2,0,39,-6
1,-2,0,40,-6
1,-2,0,41,-6
1,-2,0,42,-8
1,-2,0,43,-8
1,-2,0,44,-8
1,-2,0,45,-8
1,-2,0,46,-8
1,-2,0,47,-8
1,-2,0,48,-8
1,-2,0,49,-8
1,-2,0,50,-8
1,-2,0,51,-8
1,-2,0,52,-8
1,-2,0,53,-8
1,-2,0,54,-8
1,-2,0,55,-8
1,-2,0,56,-10
1,-2,0,57,-10
1,-2,0,58,-10
1,-2,0,59,-10
1,-2,0,60,-10
1,-2,0,61,-10
1,-2,0,62,-10
1,-2,0,63,-10
1,-2,0,64,-10
1,-2,0,65,-10
1,-2,0,66,-10
1,-2,0,67,-10
1,-2,0,68,-10
1,-2,0,69,-10
1,-2,0,70,-12
1,-2,0,71,-12
1,-2,0,72,-12
1,-2,0,73,-12
1,-2,0,74,-12
1,-2,0,75,-12
1,-2,0,76,-12
1,-2,0,77,-12
1,-2,0,78,-12
1,-2,0,79,-12
1,-2,0,80,-12
1,-2,0,81,-12
1,-2,0,82,-12
1,-2,0,83,-12
1,-2,0,84,-14
1,-2,0,85,-14
1,-2,0,86,-14
1,-2,0,87,-14
1,-2,0,88,-14
1,-2,0,89,-14
1,-2,0,90,-14
1,-2,0,91,-14
1,-2,0,92,-14
1,-2,0,93,-14
1,-2,0,94,-14
1,-2,0,95,-14
1,-2,0,96,-14
1,-2,0,97,-14
1,-2,0,98,-16
1,-2,0,99,-16
1,-2,0,100,-16
1,-2,0,101,-16
1,-2,0,102,-16
1,-2,0,103,-16
1,-2,0,104,-16
1,-2,0,105,-16
1,-2,0,106,-16
1,-2,0,107,-16
1,-2,0,108,-16
1,-2,0,109,-16
1,-2,0,110,-16
1,-2,0,111,-16
1,-2,1,0,-1
1,-2,1,1,0
1,-2,1,2,1
1,-2,1,3,2
1,-2,1,4,3
1,-2,1,5,4
1,-2,1,6,5
1,-2,1,7,-3
1,-2,1,8,-4
1,-2,1,9,-5
1,-2,1,10,-6
1,-2,1,11,-7
1,-2,1,12,-8
1,-2,1,13,-9
1,-2,1,14,-3
1,-2,1,15,-2
1,-2,1,16,-1
1,-2,1,17,0
1,-2,1,18,1
1,-2,1,19,2
1,-2,1,20,3
1,-2,1,21,-5
1,-2,1,22,-6
1,-2,1,23,-7
1,-2,1,24,-8
1,-2,1,25,-9
1,-2,1,26,-10
1,-2,1,27,-11
1,-2,1,28,-5
1,-2,1,29,-4
1,-2,1,30,-3
1,-2,1,31,-2
1,-2,1,32,-1
1,-2,1,33,0
1,-2,1,34,1
1,-2,1,35,-7
1,-2,1,36,-8
1,-2,1,37,-9
1,-2,1,38,-10
1,-2,1,39,-11
1,-2,1,40,-12
1,-2,1,41,-13
1,-2,1,42,-7
1,-2,1,43,-6
1,-2,1,44,-5
1,-2,1,45,-4
1,-2,1,46,-3
1,-2,1,47,-2
1,-2,1,48,-1
1,-2,1,49,-9
1,-2,1,50,-10
1,-2,1,51,-11
1,-2,1,52,-12
1,-2,1,53,-13
1,-2,1,54,-14
1,-2,1,55,-15
1,-2,1,56,-9
1,-2,1,57,-8
1,-2,1,58,-7
1,-2,1,59,-6
1,-2,1,60,-5
1,-2,1,61,-4
1,-2,1,62,-3
1,-2,1,63,-11
1,-2,1,64,-12
1,-2,1,65,-13
1,-2,1,66,-14
1,-2,1,67,-15
1,-2,1,68,-16
1,-2,1,69,-17
1,-2,1,70,-11
1,-2,1,71,-10
1,-2,1,72,-9
1,-2,1,73,-8
1,-2,1,74,-7
1,-2,1,75,-6
1,-2,1,76,-5
1,-2,1,77,-13
1,-2,1,78,-14
1,-2,1,79,-15
1,-2,1,80,-16
1,-2,1,81,-17
1,-2,1,82,-18
1,-2,1,83,-19
1,-2,1,84,-13
1,-2,1,85,-12
1,-2,1,86,-11
1,-2,1,87,-10
1,-2,1,88,-9
1,-2,1,89,-8
1,-2,1,90,-7
1,-2,1,91,-15
1,-2,1,92,-16
1,-2,1,93,-17
1,-2,1,94,-18
1,-2,1,95,-19
1,-2,1,96,-20
1,-2,1,97,-21
1,-2,1,98,-15
1,-2,1,99,-14
1,-2,1,100,-13
1,-2,1,101,-12
1,-2,1,102,-11
1,-2,1,103,-10
1,-2,1,104,-9
1,-2,1,105,-17
1,-2,1,106,-18
1,-2,1,107,-19
1,-2,1,108,-20
1,-2,1,109,-21
1,-2,1,110,-22
1,-2,1,111,-23
1,-2,2,0,0
1,-2,2,1,2
1,-2,2,2,4
1,-2,2,3,6
1,-2,2,4,8
1,-2,2,5,10
1,-2,2,6,12
1,-2,2,7,-4
1,-2,2,8,-6
1,-2,2,9,-8
1,-2,2,10,-10
1,-2,2,11,-12
1,-2,2,12,-14
1,-2,2,13,-16
1,-2,2,14,-2
1,-2,2,15,0
1,-2,2,16,2
1,-2,2,17,4
1,-2,2,18,6
1,-2,2,19,8
1,-2,2,20,10
1,-2,2,21,-6
1,-2,2,22,-8
1,-2,2,23,-10
1,-2,2,24,-12
1,-2,2,25,-14
1,-2,2,26,-16
1,-2,2,27,-18
1,-2,2,28,-4
1,-2,2,29,-2
1,-2,2,30,0
1,-2,2,31,2
1,-2,2,32,4
1,-2,2,33,6
1,-2,2,34,8
1,-2,2,35,-8
1,-2,2,36,-10
1,-2,2,37,-12
1,-2,2,38,-14
1,-2,2,39,-16
1,-2,2,40,-18
1,-2,2,41,-20
1,-2,2,42,-6
1,-2,2,43,-4
1,-2,2,44,-2
1,-2,2,45,0
1,-2,2,46,2
1,-2,2,47,4
1,-2,2,48,6
1,-2,2,49,-10
1,-2,2,50,-12
1,-2,2,51,-14
1,-2,2,52,-16
1,-2,2,53,-18
1,-2,2,54,-20
1,-2,2,55,-22
1,-2,2,56,-8
1,-2,2,57,-6
1,-2,2,58,-4
1,-2,2,59,-2
1,-2,2,60,0
1,-2,2,61,2
1,-2,2,62,4
1,-2,2,63,-12
1,-2,2,64,-14
1,-2,2,65,-16
1,-2,2,66,-18
1,-2,2,67,-20
1,-2,2,68,-22
1,-2,2,69,-24
1,-2,2,70,-10
1,-2,2,71,-8
1,-2,2,72,-6
1,-2,2,73,-4
1,-2,2,74,-2
1,-2,2,75,0
1,-2,2,76,2
1,-2,2,77,-14
1,-2,2,78,-16
1,-2,2,79,-18
1,-2,2,80,-20
1,-2,2,81,-22
1,-2,2,82,-24
1,-2,2,83,-26
1,-2,2,84,-12
1,-2,2,85,-10
1,-2,2,86,-8
1,-2,2,87,-6
1,-2,2,88,-4
1,-2,2,89,-2
1,-2,2,90,0
1,-2,2,91,-16
1,-2,2,92,-18
1,-2,2,93,-20
1,-2,2,94,-22
1,-2,2,95,-24
1,-2,2,96,-26
1,-2,2,97,-28
1,-2,2,98,-14
1,-2,2,99,-12
1,-2,2,100,-10
1,-2,2,101,-8
1,-2,2,102,-6
1,-2,2,103,-4
1,-2,2,104,-2
1,-2,2,105,-18
1,-2,2,106,-20
1,-2,2,107,-22
1,-2,2,108,-24
1,-2,2,109,-26
1,-2,2,110,-28
1,-2,2,111,-30
1,-2,3,0,1
1,-2,3,1,4
1,-2,3,2,7
1,-2,3,3,10
1,-2,3,4,13
1,-2,3,5,16
1,-2,3,6,19
1,-2,3,7,-5
1,-2,3,8,-8
1,-2,3,9,-11
1,-2,3,10,-14
1,-2,3,11,-17
1,-2,3,12,-20
1,-2,3,13,-23
1,-2,3,14,-1
1,-2,3,15,2
1,-2,3,16,5
1,-2,3,17,8
1,-2,3,18,11
1,-2,3,19,14
1,-2,3,20,17
1,-2,3,21,-7
1,-2,3,22,-10
1,-2,3,23,-13
1,-2,3,24,-16
1,-2,3,25,-19
1,-2,3,26,-22
1,-2,3,27,-25
1,-2,3,28,-3
1,-2,3,29,0
1,-2,3,30,3
1,-2,3,31,6
1,-2,3,32,9
1,-2,3,33,12
1,-2,3,34,15
1,-2,3,35,-9
1,-2,3,36,-12
1,-2,3,37,-15
1,-2,3,38,-18
1,-2,3,39,-21
1,-2,3,40,-24
1,-2,3,41,-27
1,-2,3,42,-5
1,-2,3,43,-2
1,-2,3,44,1
1,-2,3,45,4
1,-2,3,46,7
1,-2,3,47,10
1,-2,3,48,13
1,-2,3,49,-11
1,-2,3,50,-14
1,-2,3,51,-17
1,-2,3,52,-20
1,-2,3,53,-23
1,-2,3,54,-26
1,-2,3,55,-29
1,-2,3,56,-7
1,-2,3,57,-4
1,-2,3,58,-1
1,-2,3,59,2
1,-2,3,60,5
1,-2,3,61,8
1,-2,3,62,11
1,-2,3,63,-13
1,-2,3,64,-16
1,-2,3,65,-19
1,-2,3,66,-22
1,-2,3,67,-25
1,-2,3,68,-28
1,-2,3,69,-31
1,-2,3,70,-9
1,-2,3,71,-6
1,-2,3,72,-3
1,-2,3,73,0
1,-2,3,74,3
1,-2,3,75,6
1,-2,3,76,9
1,-2,3,77,-15
1,-2,3,78,-18
1,-2,3,79,-21
1,-2,3,80,-24
1,-2,3,81,-27
1,-2,3,82,-30
1,-2,3,83,-33
1,-2,3,84,-11
1,-2,3,85,-8
1,-2,3,86,-5
1,-2,3,87,-2
1,-2,3,88,1
1,-2,3,89,4
1,-2,3,90,7
1,-2,3,91,-17
1,-2,3,92,-20
1,-2,3,93,-23
1,-2,3,94,-26
1,-2,3,95,-29
1,-2,3,96,-32
1,-2,3,97,-35
1,-2,3,98,-13
1,-2,3,99,-10
1,-2,3,100,-7
1,-2,3,101,-4
1,-2,3,102,-1
1,-2,3,103,2
1,-2,3,104,5
1,-2,3,105,-19
1,-2,3,106,-22
1,-2,3,107,-25
1,-2,3,108,-28
1,-2,3,109,-31
1,-2,3,110,-34
1,-2,3,111,-37
1,-2,4,0,2
1,-2,4,1,6
1,-2,4,2,10
1,-2,4,3,14
1,-2,4,4,18
1,-2,4,5,22
1,-2,4,6,26
1,-2,4,7,-6
1,-2,4,8,-10
1,-2,4,9,-14
1,-2,4,10,-18
1,-2,4,11,-22
1,-2,4,12,-26
1,-2,4,13,-30
1,-2,4,14,0
1,-2,4,15,4
1,-2,4,16,8
1,-2,4,17,12
1,-2,4,18,16
1,-2,4,19,20
1,-2,4,20,24
1,-2,4,21,-8
1,-2,4,22,-12
1,-2,4,23,-16
1,-2,4,24,-20
1,-2,4,25,-24
1,-2,4,26,-28
1,-2,4,27,-32
1,-2,4,28,-2
1,-2,4,29,2
1,-2,4,30,6
1,-2,4,31,10
1,-2,4,32,14
1,-2,4,33,18
1,-2,4,34,22
1,-2,4,35,-10
1,-2,4,36,-14
1,-2,4,37,-18
1,-2,4,38,-22
1,-2,4,39,-26
1,-2,4,40,-30
1,-2,4,41,-34
1,-2,4,42,-4
1,-2,4,43,0
1,-2,4,44,4
1,-2,4,45,8
1,-2,4,46,12
1,-2,4,47,16
1,-2,4,48,20
1,-2,4,49,-12
1,-2,4,50,-16
1,-2,4,51,-20
1,-2,4,52,-24
1,-2,4,53,-28
1,-2,4,54,-32
1,-2,4,55,-36
1,-2,4,56,-6
1,-2,4,57,-2
1,-2,4,58,2
1,-2,4,59,6
1,-2,4,60,10
1,-2,4,61,14
1,-2,4,62,18
1,-2,4,63,-14
1,-2,4,64,-18
1,-2,4,65,-22
1,-2,4,66,-26
1,-2,4,67,-30
1,-2,4,68,-34
1,-2,4,69,-38
1,-2,4,70,-8
1,-2,4,71,-4
1,-2,4,72,0
1,-2,4,73,4
1,-2,4,74,8
1,-2,4,75,12
1,-2,4,76,16
1,-2,4,77,-16
1,-2,4,78,-20
1,-2,4,79,-24
1,-2,4,80,-28
1,-2,4,81,-32
1,-2,4,82,-36
1,-2,4,83,-40
1,-2,4,84,-10
1,-2,4,85,-6
1,-2,4,86,-2
1,-2,4,87,2
1,-2,4,88,6
1,-2,4,89,10
1,-2,4,90,14
1,-2,4,91,-18
1,-2,4,92,-22
1,-2,4,93,-26
1,-2,4,94,-30
1,-2,4,95,-34
1,-2,4,96,-38
1,-2,4,97,-42
1,-2,4,98,-12
1,-2,4,99,-8
1,-2,4,100,-4
1,-2,4,101,0
1,-2,4,102,4
1,-2,4,103,8
1,-2,4,104,12
1,-2,4,105,-20
1,-2,4,106,-24
1,-2,4,107,-28
1,-2,4,108,-32
1,-2,4,109,-36
1,-2,4,110,-40
1,-2,4,111,-44
1,-2,5,0,3
1,-2,5,1,8
1,-2,5,2,13
1,-2,5,3,18
1,-2,5,4,23
1,-2,5,5,28
1,-2,5,6,33
1,-2,5,7,-7
1,-2,5,8,-12
1,-2,5,9,-17
1,-2,5,10,-22
1,-2,5,11,-27
1,-2,5,12,-32
1,-2,5,13,-37
1,-2,5,14,1
1,-2,5,15,6
1,-2,5,16,11
1,-2,5,17,16
1,-2,5,18,21
1,-2,5,19,26
1,-2,5,20,31
1,-2,5,21,-9
1,-2,5,22,-14
1,-2,5,23,-19
1,-2,5,24,-24
1,-2,5,25,-29
1,-2,5,26,-34
1,-2,5,27,-39
1,-2,5,28,-1
1,-2,5,29,4
1,-2,5,30,9
1,-2,5,31,14
1,-2,5,32,19
1,-2,5,33,24
1,-2,5,34,29
1,-2,5,35,-11
1,-2,5,36,-16
1,-2,5,37,-21
1,-2,5,38,-26
1,-2,5,39,-31
1,-2,5,40,-36
1,-2,5,41,-41
1,-2,5,42,-3
1,-2,5,43,2
1,-2,5,44,7
1,-2,5,45,12
1,-2,5,46,17
1,-2,5,47,22
1,-2,5,48,27
1,-2,5,49,-13
1,-2,5,50,-18
1,-2,5,51,-23
1,-2,5,52,-28
1,-2,5,53,-33
1,-2,5,54,-38
1,-2,5,55,-43
1,-2,5,56,-5
1,-2,5,57,0
1,-2,5,58,5
1,-2,5,59,10
1,-2,5,60,15
1,-2,5,61,20
1,-2,5,62,25
1,-2,5,63,-15
1,-2,5,64,-20
1,-2,5,65,-25
1,-2,5,66,-30
1,-2,5,67,-35
1,-2,5,68,-40
1,-2,5,69,-45
1,-2,5,70,-7
1,-2,5,71,-2
1,-2,5,72,3
1,-2,5,73,8
1,-2,5,74,13
1,-2,5,75,18
1,-2,5,76,23
1,-2,5,77,-17
1,-2,5,78,-22
1,-2,5,79,-27
1,-2,5,80,-32
1,-2,5,81,-37
1,-2,5,82,-42
1,-2,5,83,-47
1,-2,5,84,-9
1,-2,5,85,-4
1,-2,5,86,1
1,-2,5,87,6
1,-2,5,88,11
1,-2,5,89,16
1,-2,5,90,21
1,-2,5,91,-19
1,-2,5,92,-24
1,-2,5,93,-29
1,-2,5,94,-34
1,-2,5,95,-39
1,-2,5,96,-44
1,-2,5,97,-49
1,-2,5,98,-11
1,-2,5,99,-6
1,-2,5,100,-1
1,-2,5,101,4
1,-2,5,102,9
1,-2,5,103,14
1,-2,5,104,19
1,-2,5,105,-21
1,-2,5,106,-26
1,-2,5,107,-31
1,-2,5,108,-36
1,-2,5,109,-41
1,-2,5,110,-46
1,-2,5,111,-51
1,-2,6,0,4
1,-2,6,1,10
1,-2,6,2,16
1,-2,6,3,22
1,-2,6,4,28
1,-2,6,5,34
1,-2,6,6,40
1,-2,6,7,-8
1,-2,6,8,-14
1,-2,6,9,-20
1,-2,6,10,-26
1,-2,6,11,-32
1,-2,6,12,-38
1,-2,6,13,-44
1,-2,6,14,2
1,-2,6,15,8
1,-2,6,16,14
1,-2,6,17,20
1,-2,6,18,26
1,-2,6,19,32
1,-2,6,20,38
1,-2,6,21,-10
1,-2,6,22,-16
1,-2,6,23,-22
1,-2,6,24,-28
1,-2,6,25,-34
1,-2,6,26,-40
1,-2,6,27,-46
1,-2,6,28,0
1,-2,6,29,6
1,-2,6,30,12
1,-2,6,31,18
1,-2,6,32,24
1,-2,6,33,30
1,-2,6,34,36
1,-2,6,35,-12
1,-2,6,36,-18
1,-2,6,37,-24
1,-2,6,38,-30
1,-2,6,39,-36
1,-2,6,40,-42
1,-2,6,41,-48
1,-2,6,42,-2
1,-2,6,43,4
1,-2,6,44,10
1,-2,6,45,16
1,-2,6,46,22
1,-2,6,47,28
1,-2,6,48,34
1,-2,6,49,-14
1,-2,6,50,-20
1,-2,6,51,-26
1,-2,6,52,-32
1,-2,6,53,-38
1,-2,6,54,-44
1,-2,6,55,-50
1,-2,6,56,-4
1,-2,6,57,2
1,-2,6,58,8
1,-2,6,59,14
1,-2,6,60,20
1,-2,6,61,26
1,-2,6,62,32
1,-2,6,63,-16
1,-2,6,64,-22
1,-2,6,65,-28
1,-2,6,66,-34
1,-2,6,67,-40
1,-2,6,68,-46
1,-2,6,69,-52
1,-2,6,70,-6
1,-2,6,71,0
1,-2,6,72,6
1,-2,6,73,12
1,-2,6,74,18
1,-2,6,75,24
1,-2,6,76,30
1,-2,6,77,-18
1,-2,6,78,-24
1,-2,6,79,-30
1,-2,6,80,-36
1,-2,6,81,-42
1,-2,6,82,-48
1,-2,6,83,-54
1,-2,6,84,-8
1,-2,6,85,-2
1,-2,6,86,4
1,-2,6,87,10
1,-2,6,88,16
1,-2,6,89,22
1,-2,6,90,28
1,-2,6,91,-20
1,-2,6,92,-26
1,-2,6,93,-32
1,-2,6,94,-38
1,-2,6,95,-44
1,-2,6,96,-50
1,-2,6,97,-56
1,-2,6,98,-10
1,-2,6,99,-4
1,-2,6,100,2
1,-2,6,101,8
1,-2,6,102,14
1,-2,6,103,20
1,-2,6,104,26
1,-2,6,105,-22
1,-2,6,106,-28
1,-2,6,107,-34
1,-2,6,108,-40
1,-2,6,109,-46
1,-2,6,110,-52
1,-2,6,111,-58
1,-2,7,0,5
1,-2,7,1,12
1,-2,7,2,19
1,-2,7,3,26
1,-2,7,4,33
1,-2,7,5,40
1,-2,7,6,47
1,-2,7,7,-9
1,-2,7,8,-16
1,-2,7,9,-23
1,-2,7,10,-30
1,-2,7,11,-37
1,-2,7,12,-44
1,-2,7,13,-51
1,-2,7,14,3
1,-2,7,15,10
1,-2,7,16,17
1,-2,7,17,24
1,-2,7,18,31
1,-2,7,19,38
1,-2,7,20,45
1,-2,7,21,-11
1,-2,7,22,-18
1,-2,7,23,-25
1,-2,7,24,-32
1,-2,7,25,-39
1,-2,7,26,-46
1,-2,7,27,-53
1,-2,7,28,1
1,-2,7,29,8
1,-2,7,30,15
1,-2,7,31,22
1,-2,7,32,29
1,-2,7,33,36
1,-2,7,34,43
1,-2,7,35,-13
1,-2,7,36,-20
1,-2,7,37,-27
1,-2,7,38,-34
1,-2,7,39,-41
1,-2,7,40,-48
1,-2,7,41,-55
1,-2,7,42,-1
1,-2,7,43,6
1,-2,7,44,13
1,-2,7,45,20
1,-2,7,46,27
1,-2,7,47,34
1,-2,7,48,41
1,-2,7,49,-15
1,-2,7,50,-22
1,-2,7,51,-29
1,-2,7,52,-36
1,-2,7,53,-43
1,-2,7,54,-50
1,-2,7,55,-57
1,-2,7,56,-3
1,-2,7,57,4
1,-2,7,58,11
1,-2,7,59,18
1,-2,7,60,25
1,-2,7,61,32
1,-2,7,62,39
1,-2,7,63,-17
1,-2,7,64,-24
1,-2,7,65,-31
1,-2,7,66,-38
1,-2,7,67,-45
1,-2,7,68,-52
1,-2,7,69,-59
1,-2,7,70,-5
1,-2,7,71,2
1,-2,7,72,9
1,-2,7,73,16
1,-2,7,74,23
1,-2,7,75,30
1,-2,7,76,37
1,-2,7,77,-19
1,-2,7,78,-26
1,-2,7,79,-33
1,-2,7,80,-40
1,-2,7,81,-47
1,-2,7,82,-54
1,-2,7,83,-61
1,-2,7,84,-7
1,-2,7,85,0
1,-2,7,86,7
1,-2,7,87,14
1,-2,7,88,21
1,-2,7,89,28
1,-2,7,90,35
1,-2,7,91,-21
1,-2,7,92,-28
1,-2,7,93,-35
1,-2,7,94,-42
1,-2,7,95,-49
1,-2,7,96,-56
1,-2,7,97,-63
1,-2,7,98,-9
1,-2,7,99,-2
1,-2,7,100,5
1,-2,7,101,12
1,-2,7,102,19
1,-2,7,103,26
1,-2,7,104,33
1,-2,7,105,-23
1,-2,7,106,-30
1,-2,7,107,-37
1,-2,7,108,-44
1,-2,7,109,-51
1,-2,7,110,-58
1,-2,7,111,-65
1,-1,-8,0,-9
1,-1,-8,1,-17
1,-1,-8,2,-25
1,-1,-8,3,-33
1,-1,-8,4,-41
1,-1,-8,5,-49
1,-1,-8,6,-57
1,-1,-8,7,7
1,-1,-8,8,15
1,-1,-8,9,23
1,-1,-8,10,31
1,-1,-8,11,39
1,-1,-8,12,47
1,-1,-8,13,55
1,-1,-8,14,-10
1,-1,-8,15,-18
1,-1,-8,16,-26
1,-1,-8,17,-34
1,-1,-8,18,-42
1,-1,-8,19,-50
1,-1,-8,20,-58
1,-1,-8,21,6
1,-1,-8,22,14
1,-1,-8,23,22
1,-1,-8,24,30
1,-1,-8,25,38
1,-1,-8,26,46
1,-1,-8,27,54
1,-1,-8,28,-11
1,-1,-8,29,-19
1,-1,-8,30,-27
1,-1,-8,31,-35
1,-1,-8,32,-43
1,-1,-8,33,-51
1,-1,-8,34,-59
1,-1,-8,35,5
1,-1,-8,36,13
1,-1,-8,37,21
1,-1,-8,38,29
1,-1,-8,39,37
1,-1,-8,40,45
1,-1,-8,41,53
1,-1,-8,42,-12
1,-1,-8,43,-20
1,-1,-8,44,-28
1,-1,-8,45,-36
1,-1,-8,46,-44
1,-1,-8,47,-52
1,-1,-8,48,-60
1,-1,-8,49,4
1,-1,-8,50,12
1,-1,-8,51,20
1,-1,-8,52,28
1,-1,-8,53,36
1,-1,-8,54,44
1,-1,-8,55,52
1,-1,-8,56,-13
1,-1,-8,57,-21
1,-1,-8,58,-29
1,-1,-8,59,-37
1,-1,-8,60,-45
1,-1,-8,61,-53
1,-1,-8,62,-61
1,-1,-8,63,3
1,-1,-8,64,11
1,-1,-8,65,19
1,-1,-8,66,27
1,-1,-8,67,35
1,-1,-8,68,43
1,-1,-8,69,51
1,-1,-8,70,-14
1,-1,-8,71,-22
1,-1,-8,72,-30
1,-1,-8,73,-38
1,-1,-8,74,-46
1,-1,-8,75,-54
1,-1,-8,76,-62
1,-1,-8,77,2
1,-1,-8,78,10
1,-1,-8,79,18
1,-1,-8,80,26
1,-1,-8,81,34
1,-1,-8,82,42
1,-1,-8,83,50
1,-1,-8,84,-15
1,-1,-8,85,-23
1,-1,-8,86,-31
1,-1,-8,87,-39
1,-1,-8,88,-47
1,-1,-8,89,-55
1,-1,-8,90,-63
1,-1,-8,91,1
1,-1,-8,92,9
1,-1,-8,93,17
1,-1,-8,94,25
1,-1,-8,95,33
1,-1,-8,96,41
1,-1,-8,97,49
1,-1,-8,98,-16
1,-1,-8,99,-24
1,-1,-8,100,-32
1,-1,-8,101,-40
1,-1,-8,102,-48
1,-1,-8,103,-56
1,-1,-8,104,-64
1,-1,-8,105,0
1,-1,-8,106,8
1,-1,-8,107,16
1,-1,-8,108,24
1,-1,-8,109,32
1,-1,-8,110,40
1,-1,-8,111,48
1,-1,-7,0,-8
1,-1,-7,1,-15
1,-1,-7,2,-22
1,-1,-7,3,-29
1,-1,-7,4,-36
1,-1,-7,5,-43
1,-1,-7,6,-50
1,-1,-7,7,6
1,-1,-7,8,13
1,-1,-7,9,20
1,-1,-7,10,27
1,-1,-7,11,34
1,-1,-7,12,41
1,-1,-7,13,48
1,-1,-7,14,-9
1,-1,-7,15,-16
1,-1,-7,16,-23
1,-1,-7,17,-30
1,-1,-7,18,-37
1,-1,-7,19,-44
1,-1,-7,20,-51
1,-1,-7,21,5
1,-1,-7,22,12
1,-1,-7,23,19
1,-1,-7,24,26
1,-1,-7,25,33
1,-1,-7,26,40
1,-1,-7,27,47
1,-1,-7,28,-10
1,-1,-7,29,-17
1,-1,-7,30,-24
1,-1,-7,31,-31
1,-1,-7,32,-38
1,-1,-7,33,-45
1,-1,-7,34,-52
1,-1,-7,35,4
1,-1,-7,36,11
1,-1,-7,37,18
1,-1,-7,38,25
1,-1,-7,39,32
1,-1,-7,40,39
1,-1,-7,41,46
1,-1,-7,42,-11
1,-1,-7,43,-18
1,-1,-7,44,-25
1,-1,-7,45,-32
1,-1,-7,46,-39
1,-1,-7,47,-46
1,-1,-7,48,-53
1,-1,-7,49,3
1,-1,-7,50,10
1,-1,-7,51,17
1,-1,-7,52,24
1,-1,-7,53,31
1,-1,-7,54,38
1,-1,-7,55,45
1,-1,-7,56,-12
1,-1,-7,57,-19
1,-1,-7,58,-26
1,-1,-7,59,-33
1,-1,-7,60,-40
1,-1,-7,61,-47
1,-1,-7,62,-54
1,-1,-7,63,2
1,-1,-7,64,9
1,-1,-7,65,16
1,-1,-7,66,23
1,-1,-7,67,30
1,-1,-7,68,37
1,-1,-7,69,44
1,-1,-7,70,-13
1,-1,-7,71,-20
1,-1,-7,72,-27
1,-1,-7,73,-34
1,-1,-7,74,-41
1,-1,-7,75,-48
1,-1,-7,76,-55
1,-1,-7,77,1
1,-1,-7,78,8
1,-1,-7,79,15
1,-1,-7,80,22
1,-1,-7,81,29
1,-1,-7,82,36
1,-1,-7,83,43
1,-1,-7,84,-14
1,-1,-7,85,-21
1,-1,-7,86,-28
1,-1,-7,87,-35
1,-1,-7,88,-42
1,-1,-7,89,-49
1,-1,-7,90,-56
1,-1,-7,91,0
1,-1,-7,92,7
1,-1,-7,93,14
1,-1,-7,94,21
1,-1,-7,95,28
1,-1,-7,96,35
1,-1,-7,97,42
1,-1,-7,98,-15
1,-1,-7,99,-22
1,-1,-7,100,-29
1,-1,-7,101,-36
1,-1,-7,102,-43
1,-1,-7,103,-50
1,-1,-7,104,-57
1,-1,-7,105,-1
1,-1,-7,106,6
1,-1,-7,107,13
1,-1,-7,108,20
1,-1,-7,109,27
1,-1,-7,110,34
1,-1,-7,111,41
1,-1,-6,0,-7
1,-1,-6,1,-13
1,-1,-6,2,-19
1,-1,-6,3,-25
1,-1,-6,4,-31
1,-1,-6,5,-37
1,-1,-6,6,-43
1,-1,-6,7,5
1,-1,-6,8,11
1,-1,-6,9,17
1,-1,-6,10,23
1,-1,-6,11,29
1,-1,-6,12,35
1,-1,-6,13,41
1,-1,-6,14,-8
1,-1,-6,15,-14
1,-1,-6,16,-20
1,-1,-6,17,-26
1,-1,-6,18,-32
1,-1,-6,19,-38
1,-1,-6,20,-44
1,-1,-6,21,4
1,-1,-6,22,10
1,-1,-6,23,16
1,-1,-6,24,22
1,-1,-6,25,28
1,-1,-6,26,34
1,-1,-6,27,40
1,-1,-6,28,-9
1,-1,-6,29,-15
1,-1,-6,30,-21
1,-1,-6,31,-27
1,-1,-6,32,-33
1,-1,-6,33,-39
1,-1,-6,34,-45
1,-1,-6,35,3
1,-1,-6,36,9
1,-1,-6,37,15
1,-1,-6,38,21
1,-1,-6,39,27
1,-1,-6,40,33
1,-1,-6,41,39
1,-1,-6,42,-10
1,-1,-6,43,-16
1,-1,-6,44,-22
1,-1,-6,45,-28
1,-1,-6,46,-34
1,-1,-6,47,-40
1,-1,-6,48,-46
1,-1,-6,49,2
1,-1,-6,50,8
1,-1,-6,51,14
1,-1,-6,52,20
1,-1,-6,53,26
1,-1,-6,54,32
1,-1,-6,55,38
1,-1,-6,56,-11
1,-1,-6,57,-17
1,-1,-6,58,-23
1,-1,-6,59,-29
1,-1,-6,60,-35
1,-1,-6,61,-41
1,-1,-6,62,-47
1,-1,-6,63,1
1,-1,-6,64,7
1,-1,-6,65,13
1,-1,-6,66,19
1,-1,-6,67,25
1,-1,-6,68,31
1,-1,-6,69,37
1,-1,-6,70,-12
1,-1,-6,71,-18
1,-1,-6,72,-24
1,-1,-6,73,-30
1,-1,-6,74,-36
1,-1,-6,75,-42
1,-1,-6,76,-48
1,-1,-6,77,0
1,-1,-6,78,6
1,-1,-6,79,12
1,-1,-6,80,18
1,-1,-6,81,24
1,-1,-6,82,30
1,-1,-6,83,36
1,-1,-6,84,-13
1,-1,-6,85,-19
1,-1,-6,86,-25
1,-1,-6,87,-31
1,-1,-6,88,-37
1,-1,-6,89,-43
1,-1,-6,90,-49
1,-1,-6,91,-1
1,-1,-6,92,5
1,-1,-6,93,11
1,-1,-6,94,17
1,-1,-6,95,23
1,-1,-6,96,29
1,-1,-6,97,35
1,-1,-6,98,-14
1,-1,-6,99,-20
1,-1,-6,100,-26
1,-1,-6,101,-32
1,-1,-6,102,-38
1,-1,-6,103,-44
1,-1,-6,104,-50
1,-1,-6,105,-2
1,-1,-6,106,4
1,-1,-6,107,10
1,-1,-6,108,16
1,-1,-6,109,22
1,-1,-6,110,28
1,-1,-6,111,34
1,-1,-5,0,-6
1,-1,-5,1,-11
1,-1,-5,2,-16
1,-1,-5,3,-21
1,-1,-5,4,-26
1,-1,-5,5,-31
1,-1,-5,6,-36
1,-1,-5,7,4
1,-1,-5,8,9
1,-1,-5,9,14
1,-1,-5,10,19
1,-1,-5,11,24
1,-1,-5,12,29
1,-1,-5,13,34
1,-1,-5,14,-7
1,-1,-5,15,-12
1,-1,-5,16,-17
1,-1,-5,17,-22
1,-1,-5,18,-27
1,-1,-5,19,-32
1,-1,-5,20,-37
1,-1,-5,21,3
1,-1,-5,22,8
1,-1,-5,23,13
1,-1,-5,24,18
1,-1,-5,25,23
1,-1,-5,26,28
1,-1,-5,27,33
1,-1,-5,28,-8
1,-1,-5,29,-13
1,-1,-5,30,-18
1,-1,-5,31,-23
1,-1,-5,32,-28
1,-1,-5,33,-33
1,-1,-5,34,-38
1,-1,-5,35,2
1,-1,-5,36,7
1,-1,-5,37,12
1,-1,-5,38,17
1,-1,-5,39,22
1,-1,-5,40,27
1,-1,-5,41,32
1,-1,-5,42,-9
1,-1,-5,43,-14
1,-1,-5,44,-19
1,-1,-5,45,-24
1,-1,-5,46,-29
1,-1,-5,47,-34
1,-1,-5,48,-39
1,-1,-5,49,1
1,-1,-5,50,6
1,-1,-5,51,11
1,-1,-5,52,16
1,-1,-5,53,21
1,-1,-5,54,26
1,-1,-5,55,31
1,-1,-5,56,-10
1,-1,-5,57,-15
1,-1,-5,58,-20
1,-1,-5,59,-25
1,-1,-5,60,-30
1,-1,-5,61,-35
1,-1,-5,62,-40
1,-1,-5,63,0
1,-1,-5,64,5
1,-1,-5,65,10
1,-1,-5,66,15
1,-1,-5,67,20
1,-1,-5,68,25
1,-1,-5,69,30
1,-1,-5,70,-11
1,-1,-5,71,-16
1,-1,-5,72,-21
1,-1,-5,73,-26
1,-1,-5,74,-31
1,-1,-5,75,-36
1,-1,-5,76,-41
1,-1,-5,77,-1
1,-1,-5,78,4
1,-1,-5,79,9
1,-1,-5,80,14
1,-1,-5,81,19
1,-1,-5,82,24
1,-1,-5,83,29
1,-1,-5,84,-12
1,-1,-5,85,-17
1,-1,-5,86,-22
1,-1,-5,87,-27
1,-1,-5,88,-32
1,-1,-5,89,-37
1,-1,-5,90,-42
1,-1,-5,91,-2
1,-1,-5,92,3
1,-1,-5,93,8
1,-1,-5,94,13
1,-1,-5,95,18
1,-1,-5,96,23
1,-1,-5,97,28
1,-1,-5,98,-13
1,-1,-5,99,-18
1,-1,-5,100,-23
1,-1,-5,101,-28
1,-1,-5,102,-33
1,-1,-5,103,-38
1,-1,-5,104,-43
1,-1,-5,105,-3
1,-1,-5,106,2
1,-1,-5,107,7
1,-1,-5,108,12
1,-1,-5,109,17
1,-1,-5,110,22
1,-1,-5,111,27
1,-1,-4,0,-5
1,-1,-4,1,-9
1,-1,-4,2,-13
1,-1,-4,3,-17
1,-1,-4,4,-21
1,-1,-4,5,-25
1,-1,-4,6,-29
1,-1,-4,7,3
1,-1,-4,8,7
1,-1,-4,9,11
1,-1,-4,10,15
1,-1,-4,11,19
1,-1,-4,12,23
1,-1,-4,13,27
1,-1,-4,14,-6
1,-1,-4,15,-10
1,-1,-4,16,-14
1,-1,-4,17,-18
1,-1,-4,18,-22
1,-1,-4,19,-26
1,-1,-4,20,-30
1,-1,-4,21,2
1,-1,-4,22,6
1,-1,-4,23,10
1,-1,-4,24,14
1,-1,-4,25,18
1,-1,-4,26,22
1,-1,-4,27,26
1,-1,-4,28,-7
1,-1,-4,29,-11
1,-1,-4,30,-15
1,-1,-4,31,-19
1,-1,-4,32,-23
1,-1,-4,33,-27
1,-1,-4,34,-31
1,-1,-4,35,1
1,-1,-4,36,5
1,-1,-4,37,9
1,-1,-4,38,13
1,-1,-4,39,17
1,-1,-4,40,21
1,-1,-4,41,25
1,-1,-4,42,-8
1,-1,-4,43,-12
1,-1,-4,44,-16
1,-1,-4,45,-20
1,-1,-4,46,-24
1,-1,-4,47,-28
1,-1,-4,48,-32
1,-1,-4,49,0
1,-1,-4,50,4
1,-1,-4,51,8
1,-1,-4,52,12
1,-1,-4,53,16
1,-1,-4,54,20
1,-1,-4,55,24
1,-1,-4,56,-9
1,-1,-4,57,-13
1,-1,-4,58,-17
1,-1,-4,59,-21
1,-1,-4,60,-25
1,-1,-4,61,-29
1,-1,-4,62,-33
1,-1,-4,63,-1
1,-1,-4,64,3
1,-1,-4,65,7
1,-1,-4,66,11
1,-1,-4,67,15
1,-1,-4,68,19
1,-1,-4,69,23
1,-1,-4,70,-10
1,-1,-4,71,-14
1,-1,-4,72,-18
1,-1,-4,73,-22
1,-1,-4,74,-26
1,-1,-4,75,-30
1,-1,-4,76,-34
1,-1,-4,77,-2
1,-1,-4,78,2
1,-1,-4,79,6
1,-1,-4,80,10
1,-1,-4,81,14
1,-1,-4,82,18
1,-1,-4,83,22
1,-1,-4,84,-11
1,-1,-4,85,-15
1,-1,-4,86,-19
1,-1,-4,87,-23
1,-1,-4,88,-27
1,-1,-4,89,-31
1,-1,-4,90,-35
1,-1,-4,91,-3
1,-1,-4,92,1
1,-1,-4,93,5
1,-1,-4,94,9
1,-1,-4,95,13
1,-1,-4,96,17
1,-1,-4,97,21
1,-1,-4,98,-12
1,-1,-4,99,-16
1,-1,-4,100,-20
1,-1,-4,101,-24
1,-1,-4,102,-28
1,-1,-4,103,-32
1,-1,-4,104,-36
1,-1,-4,105,-4
1,-1,-4,106,0
1,-1,-4,107,4
1,-1,-4,108,8
1,-1,-4,109,12
1,-1,-4,110,16
1,-1,-4,111,20
1,-1,-3,0,-4
1,-1,-3,1,-7
1,-1,-3,2,-10
1,-1,-3,3,-13
1,-1,-3,4,-16
1,-1,-3,5,-19
1,-1,-3,6,-22
1,-1,-3,7,2
1,-1,-3,8,5
1,-1,-3,9,8
1,-1,-3,10,11
1,-1,-3,11,14
1,-1,-3,12,17
1,-1,-3,13,20
1,-1,-3,14,-5
1,-1,-3,15,-8
1,-1,-3,16,-11
1,-1,-3,17,-14
1,-1,-3,18,-17
1,-1,-3,19,-20
1,-1,-3,20,-23
1,-1,-3,21,1
1,-1,-3,22,4
1,-1,-3,23,7
1,-1,-3,24,10
1,-1,-3,25,13
1,-1,-3,26,16
1,-1,-3,27,19
1,-1,-3,28,-6
1,-1,-3,29,-9
1,-1,-3,30,-12
1,-1,-3,31,-15
1,-1,-3,32,-18
1,-1,-3,33,-21
1,-1,-3,34,-24
1,-1,-3,35,0
1,-1,-3,36,3
1,-1,-3,37,6
1,-1,-3,38,9
1,-1,-3,39,12
1,-1,-3,40,15
1,-1,-3,41,18
1,-1,-3,42,-7
1,-1,-3,43,-10
1,-1,-3,44,-13
1,-1,-3,45,-16
1,-1,-3,46,-19
1,-1,-3,47,-22
1,-1,-3,48,-25
1,-1,-3,49,-1
1,-1,-3,50,2
1,-1,-3,51,5
1,-1,-3,52,8
1,-1,-3,53,11
1,-1,-3,54,14
1,-1,-3,55,17
1,-1,-3,56,-8
1,-1,-3,57,-11
1,-1,-3,58,-14
1,-1,-3,59,-17
1,-1,-3,60,-20
1,-1,-3,61,-23
1,-1,-3,62,-26
1,-1,-3,63,-2
1,-1,-3,64,1
1,-1,-3,65,4
1,-1,-3,66,7
1,-1,-3,67,10
1,-1,-3,68,13
1,-1,-3,69,16
1,-1,-3,70,-9
1,-1,-3,71,-12
1,-1,-3,72,-15
1,-1,-3,73,-18
1,-1,-3,74,-21
1,-1,-3,75,-24
1,-1,-3,76,-27
1,-1,-3,77,-3
1,-1,-3,78,0
1,-1,-3,79,3
1,-1,-3,80,6
1,-1,-3,81,9
1,-1,-3,82,12
1,-1,-3,83,15
1,-1,-3,84,-10
1,-1,-3,85,-13
1,-1,-3,86,-16
1,-1,-3,87,-19
1,-1,-3,88,-22
1,-1,-3,89,-25
1,-1,-3,90,-28
1,-1,-3,91,-4
1,-1,-3,92,-1
1,-1,-3,93,2
1,-1,-3,94,5
1,-1,-3,95,8
1,-1,-3,96,11
1,-1,-3,97,14
1,-1,-3,98,-11
1,-1,-3,99,-14
1,-1,-3,100,-17
1,-1,-3,101,-20
1,-1,-3,102,-23
1,-1,-3,103,-26
1,-1,-3,104,-29
1,-1,-3,105,-5
1,-1,-3,106,-2
1,-1,-3,107,1
1,-1,-3,108,4
1,-1,-3,109,7
1,-1,-3,110,10
1,-1,-3,111,13
1,-1,-2,0,-3
1,-1,-2,1,-5
1,-1,-2,2,-7
1,-1,-2,3,-9
1,-1,-2,4,-11
1,-1,-2,5,-13
1,-1,-2,6,-15
1,-1,-2,7,1
1,-1,-2,8,3
1,-1,-2,9,5
1,-1,-2,10,7
1,-1,-2,11,9
1,-1,-2,12,11
1,-1,-2,13,13
1,-1,-2,14,-4
1,-1,-2,15,-6
1,-1,-2,16,-8
1,-1,-2,17,-10
1,-1,-2,18,-12
1,-1,-2,19,-14
1,-1,-2,20,-16
1,-1,-2,21,0
1,-1,-2,22,2
1,-1,-2,23,4
1,-1,-2,24,6
1,-1,-2,25,8
1,-1,-2,26,10
1,-1,-2,27,12
1,-1,-2,28,-5
1,-1,-2,29,-7
1,-1,-2,30,-9
1,-1,-2,31,-11
1,-1,-2,32,-13
1,-1,-2,33,-15
1,-1,-2,34,-17
1,-1,-2,35,-1
1,-1,-2,36,1
1,-1,-2,37,3
1,-1,-2,38,5
1,-1,-2,39,7
1,-1,-2,40,9
1,-1,-2,41,11
1,-1,-2,42,-6
1,-1,-2,43,-8
1,-1,-2,44,-10
1,-1,-2,45,-12
1,-1,-2,46,-14
1,-1,-2,47,-16
1,-1,-2,48,-18
1,-1,-2,49,-2
1,-1,-2,50,0
1,-1,-2,51,2
1,-1,-2,52,4
1,-1,-2,53,6
1,-1,-2,54,8
1,-1,-2,55,10
1,-1,-2,56,-7
1,-1,-2,57,-9
1,-1,-2,58,-11
1,-1,-2,59,-13
1,-1,-2,60,-15
1,-1,-2,61,-17
1,-1,-2,62,-19
1,-1,-2,63,-3
1,-1,-2,64,-1
1,-1,-2,65,1
1,-1,-2,66,3
1,-1,-2,67,5
1,-1,-2,68,7
1,-1,-2,69,9
1,-1,-2,70,-8
1,-1,-2,71,-10
1,-1,-2,72,-12
1,-1,-2,73,-14
1,-1,-2,74,-16
1,-1,-2,75,-18
1,-1,-2,76,-20
1,-1,-2,77,-4
1,-1,-2,78,-2
1,-1,-2,79,0
1,-1,-2,80,2
1,-1,-2,81,4
1,-1,-2,82,6
1,-1,-2,83,8
1,-1,-2,84,-9
1,-1,-2,85,-11
1,-1,-2,86,-13
1,-1,-2,87,-15
1,-1,-2,88,-17
1,-1,-2,89,-19
1,-1,-2,90,-21
1,-1,-2,91,-5
1,-1,-2,92,-3
1,-1,-2,93,-1
1,-1,-2,94,1
1,-1,-2,95,3
1,-1,-2,96,5
1,-1,-2,97,7
1,-1,-2,98,-10
1,-1,-2,99,-12
1,-1,-2,100,-14
1,-1,-2,101,-16
1,-1,-2,102,-18
1,-1,-2,103,-20
1,-1,-2,104,-22
1,-1,-2,105,-6
1,-1,-2,106,-4
1,-1,-2,107,-2
1,-1,-2,108,0
1,-1,-2,109,2
1,-1,-2,110,4
1,-1,-2,111,6
1,-1,-1,0,-2
1,-1,-1,1,-3
1,-1,-1,2,-4
1,-1,-1,3,-5
1,-1,-1,4,-6
1,-1,-1,5,-7
1,-1,-1,6,-8
1,-1,-1,7,0
1,-1,-1,8,1
1,-1,-1,9,2
1,-1,-1,10,3
1,-1,-1,11,4
1,-1,-1,12,5
1,-1,-1,13,6
1,-1,-1,14,-3
1,-1,-1,15,-4
1,-1,-1,16,-5
1,-1,-1,17,-6
1,-1,-1,18,-7
1,-1,-1,19,-8
1,-1,-1,20,-9
1,-1,-1,21,-1
1,-1,-1,22,0
1,-1,-1,23,1
1,-1,-1,24,2
1,-1,-1,25,3
1,-1,-1,26,4
1,-1,-1,27,5
1,-1,-1,28,-4
1,-1,-1,29,-5
1,-1,-1,30,-6
1,-1,-1,31,-7
1,-1,-1,32,-8
1,-1,-1,33,-9
1,-1,-1,34,-10
1,-1,-1,35,-2
1,-1,-1,36,-1
1,-1,-1,37,0
1,-1,-1,38,1
1,-1,-1,39,2
1,-1,-1,40,3
1,-1,-1,41,4
1,-1,-1,42,-5
1,-1,-1,43,-6
1,-1,-1,44,-7
1,-1,-1,45,-8
1,-1,-1,46,-9
1,-1,-1,47,-10
1,-1,-1,48,-11
1,-1,-1,49,-3
1,-1,-1,50,-2
1,-1,-1,51,-1
1,-1,-1,52,0
1,-1,-1,53,1
1,-1,-1,54,2
1,-1,-1,55,3
1,-1,-1,56,-6
1,-1,-1,57,-7
1,-1,-1,58,-8
1,-1,-1,59,-9
1,-1,-1,60,-10
1,-1,-1,61,-11
1,-1,-1,62,-12
1,-1,-1,63,-4
1,-1,-1,64,-3
1,-1,-1,65,-2
1,-1,-1,66,-1
1,-1,-1,67,0
1,-1,-1,68,1
1,-1,-1,69,2
1,-1,-1,70,-7
1,-1,-1,71,-8
1,-1,-1,72,-9
1,-1,-1,73,-10
1,-1,-1,74,-11
1,-1,-1,75,-12
1,-1,-1,76,-13
1,-1,-1,77,-5
1,-1,-1,78,-4
1,-1,-1,79,-3
1,-1,-1,80,-2
1,-1,-1,81,-1
1,-1,-1,82,0
1,-1,-1,83,1
1,-1,-1,84,-8
1,-1,-1,85,-9
1,-1,-1,86,-10
1,-1,-1,87,-11
1,-1,-1,88,-12
1,-1,-1,89,-13
1,-1,-1,90,-14
1,-1,-1,91,-6
1,-1,-1,92,-5
1,-1,-1,93,-4
1,-1,-1,94,-3
1,-1,-1,95,-2
1,-1,-1,96,-1
1,-1,-1,97,0
1,-1,-1,98,-9
1,-1,-1,99,-10
1,-1,-1,100,-11
1,-1,-1,101,-12
1,-1,-1,102,-13
1,-1,-1,103,-14
1,-1,-1,104,-15
1,-1,-1,105,-7
1,-1,-1,106,-6
1,-1,-1,107,-5
1,-1,-1,108,-4
1,-1,-1,109,-3
1,-1,-1,110,-2
1,-1,-1,111,-1
1,-1,0,0,-1
1,-1,0,1,-1
1,-1,0,2,-1
1,-1,0,3,-1
1,-1,0,4,-1
1,-1,0,5,-1
1,-1,0,6,-1
1,-1,0,7,-1
1,-1,0,8,-1
1,-1,0,9,-1
1,-1,0,10,-1
1,-1,0,11,-1
1,-1,0,12,-1
1,-1,0,13,-1
1,-1,0,14,-2
1,-1,0,15,-2
1,-1,0,16,-2
1,-1,0,17,-2
1,-1,0,18,-2
1,-1,0,19,-2
1,-1,0,20,-2
1,-1,0,21,-2
1,-1,0,22,-2
1,-1,0,23,-2
1,-1,0,24,-2
1,-1,0,25,-2
1,-1,0,26,-2
1,-1,0,27,-2
1,-1,0,28,-3
1,-1,0,29,-3
1,-1,0,30,-3
1,-1,0,31,-3
1,-1,0,32,-3
1,-1,0,33,-3
1,-1,0,34,-3
1,-1,0,35,-3
1,-1,0,36,-3
1,-1,0,37,-3
1,-1,0,38,-3
1,-1,0,39,-3
1,-1,0,40,-3
1,-1,0,41,-3
1,-1,0,42,-4
1,-1,0,43,-4
1,-1,0,44,-4
1,-1,0,45,-4
1,-1,0,46,-4
1,-1,0,47,-4
1,-1,0,48,-4
1,-1,0,49,-4
1,-1,0,50,-4
1,-1,0,51,-4
1,-1,0,52,-4
1,-1,0,53,-4
1,-1,0,54,-4
1,-1,0,55,-4
1,-1,0,56,-5
1,-1,0,57,-5
1,-1,0,58,-5
1,-1,0,59,-5
1,-1,0,60,-5
1,-1,0,61,-5
1,-1,0,62,-5
1,-1,0,63,-5
1,-1,0,64,-5
1,-1,0,65,-5
1,-1,0,66,-5
1,-1,0,67,-5
1,-1,0,68,-5
1,-1,0,69,-5
1,-1,0,70,-6
1,-1,0,71,-6
1,-1,0,72,-6
1,-1,0,73,-6
1,-1,0,74,-6
1,-1,0,75,-6
1,-1,0,76,-6
1,-1,0,77,-6
1,-1,0,78,-6
1,-1,0,79,-6
1,-1,0,80,-6
1,-1,0,81,-6
1,-1,0,82,-6
1,-1,0,83,-6
1,-1,0,84,-7
1,-1,0,85,-7
1,-1,0,86,-7
1,-1,0,87,-7
1,-1,0,88,-7
1,-1,0,89,-7
1,-1,0,90,-7
1,-1,0,91,-7
1,-1,0,92,-7
1,-1,0,93,-7
1,-1,0,94,-7
1,-1,0,95,-7
1,-1,0,96,-7
1,-1,0,97,-7
1,-1,0,98,-8
1,-1,0,99,-8
1,-1,0,100,-8
1,-1,0,101,-8
1,-1,0,102,-8
1,-1,0,103,-8
1,-1,0,104,-8
1,-1,0,105,-8
1,-1,0,106,-8
1,-1,0,107,-8
1,-1,0,108,-8
1,-1,0,109,-8
1,-1,0,110,-8
1,-1,0,111,-8
1,-1,1,0,0
1,-1,1,1,1
1,-1,1,2,2
1,-1,1,3,3
1,-1,1,4,4
1,-1,1,5,5
1,-1,1,6,6
1,-1,1,7,-2
1,-1,1,8,-3
1,-1,1,9,-4
1,-1,1,10,-5
1,-1,1,11,-6
1,-1,1,12,-7
1,-1,1,13,-8
1,-1,1,14,-1
1,-1,1,15,0
1,-1,1,16,1
1,-1,1,17,2
1,-1,1,18,3
1,-1,1,19,4
1,-1,1,20,5
1,-1,1,21,-3
1,-1,1,22,-4
1,-1,1,23,-5
1,-1,1,24,-6
1,-1,1,25,-7
1,-1,1,26,-8
1,-1,1,27,-9
1,-1,1,28,-2
1,-1,1,29,-1
1,-1,1,30,0
1,-1,1,31,1
1,-1,1,32,2
1,-1,1,33,3
1,-1,1,34,4
1,-1,1,35,-4
1,-1,1,36,-5
1,-1,1,37,-6
1,-1,1,38,-7
1,-1,1,39,-8
1,-1,1,40,-9
1,-1,1,41,-10
1,-1,1,42,-3
1,-1,1,43,-2
1,-1,1,44,-1
1,-1,1,45,0
1,-1,1,46,1
1,-1,1,47,2
1,-1,1,48,3
1,-1,1,49,-5
1,-1,1,50,-6
1,-1,1,51,-7
1,-1,1,52,-8
1,-1,1,53,-9
1,-1,1,54,-10
1,-1,1,55,-11
1,-1,1,56,-4
1,-1,1,57,-3
1,-1,1,58,-2
1,-1,1,59,-1
1,-1,1,60,0
1,-1,1,61,1
1,-1,1,62,2
1,-1,1,63,-6
1,-1,1,64,-7
1,-1,1,65,-8
1,-1,1,66,-9
1,-1,1,67,-10
1,-1,1,68,-11
1,-1,1,69,-12
1,-1,1,70,-5
1,-1,1,71,-4
1,-1,1,72,-3
1,-1,1,73,-2
1,-1,1,74,-1
1,-1,1,75,0
1,-1,1,76,1
1,-1,1,77,-7
1,-1,1,78,-8
1,-1,1,79,-9
1,-1,1,80,-10
1,-1,1,81,-11
1,-1,1,82,-12
1,-1,1,83,-13
1,-1,1,84,-6
1,-1,1,85,-5
1,-1,1,86,-4
1,-1,1,87,-3
1,-1,1,88,-2
1,-1,1,89,-1
1,-1,1,90,0
1,-1,1,91,-8
1,-1,1,92,-9
1,-1,1,93,-10
1,-1,1,94,-11
1,-1,1,95,-12
1,-1,1,96,-13
1,-1,1,97,-14
1,-1,1,98,-7
1,-1,1,99,-6
1,-1,1,100,-5
1,-1,1,101,-4
1,-1,1,102,-3
1,-1,1,103,-2
1,-1,1,104,-1
1,-1,1,105,-9
1,-1,1,106,-10
1,-1,1,107,-11
1,-1,1,108,-12
1,-1,1,109,-13
1,-1,1,110,-14
1,-1,1,111,-15
1,-1,2,0,1
1,-1,2,1,3
1,-1,2,2,5
1,-1,2,3,7
1,-1,2,4,9
1,-1,2,5,11
1,-1,2,6,13
1,-1,2,7,-3
1,-1,2,8,-5
1,-1,2,9,-7
1,-1,2,10,-9
1,-1,2,11,-11
1,-1,2,12,-13
1,-1,2,13,-15
1,-1,2,14,0
1,-1,2,15,2
1,-1,2,16,4
1,-1,2,17,6
1,-1,2,18,8
1,-1,2,19,10
1,-1,2,20,12
1,-1,2,21,-4
1,-1,2,22,-6
1,-1,2,23,-8
1,-1,2,24,-10
1,-1,2,25,-12
1,-1,2,26,-14
1,-1,2,27,-16
1,-1,2,28,-1
1,-1,2,29,1
1,-1,2,30,3
1,-1,2,31,5
1,-1,2,32,7
1,-1,2,33,9
1,-1,2,34,11
1,-1,2,35,-5
1,-1,2,36,-7
1,-1,2,37,-9
1,-1,2,38,-11
1,-1,2,39,-13
1,-1,2,40,-15
1,-1,2,41,-17
1,-1,2,42,-2
1,-1,2,43,0
1,-1,2,44,2
1,-1,2,45,4
1,-1,2,46,6
1,-1,2,47,8
1,-1,2,48,10
1,-1,2,49,-6
1,-1,2,50,-8
1,-1,2,51,-10
1,-1,2,52,-12
1,-1,2,53,-14
1,-1,2,54,-16
1,-1,2,55,-18
1,-1,2,56,-3
1,-1,2,57,-1
1,-1,2,58,1
1,-1,2,59,3
1,-1,2,60,5
1,-1,2,61,7
1,-1,2,62,9
1,-1,2,63,-7
1,-1,2,64,-9
1,-1,2,65,-11
1,-1,2,66,-13
1,-1,2,67,-15
1,-1,2,68,-17
1,-1,2,69,-19
1,-1,2,70,-4
1,-1,2,71,-2
1,-1,2,72,0
1,-1,2,73,2
1,-1,2,74,4
1,-1,2,75,6
1,-1,2,76,8
1,-1,2,77,-8
1,-1,2,78,-10
1,-1,2,79,-12
1,-1,2,80,-14
1,-1,2,81,-16
1,-1,2,82,-18
1,-1,2,83,-20
1,-1,2,84,-5
1,-1,2,85,-3
1,-1,2,86,-1
1,-1,2,87,1
1,-1,2,88,3
1,-1,2,89,5
1,-1,2,90,7
1,-1,2,91,-9
1,-1,2,92,-11
1,-1,2,93,-13
1,-1,2,94,-15
1,-1,2,95,-17
1,-1,2,96,-19
1,-1,2,97,-21
1,-1,2,98,-6
1,-1,2,99,-4
1,-1,2,100,-2
1,-1,2,101,0
1,-1,2,102,2
1,-1,2,103,4
1,-1,2,104,6
1,-1,2,105,-10
1,-1,2,106,-12
1,-1,2,107,-14
1,-1,2,108,-16
1,-1,2,109,-18
1,-1,2,110,-20
1,-1,2,111,-22
1,-1,3,0,2
1,-1,3,1,5
1,-1,3,2,8
1,-1,3,3,11
1,-1,3,4,14
1,-1,3,5,17
1,-1,3,6,20
1,-1,3,7,-4
1,-1,3,8,-7
1,-1,3,9,-10
1,-1,3,10,-13
1,-1,3,11,-16
1,-1,3,12,-19
1,-1,3,13,-22
1,-1,3,14,1
1,-1,3,15,4
1,-1,3,16,7
1,-1,3,17,10
1,-1,3,18,13
1,-1,3,19,16
1,-1,3,20,19
1,-1,3,21,-5
1,-1,3,22,-8
1,-1,3,23,-11
1,-1,3,24,-14
1,-1,3,25,-17
1,-1,3,26,-20
1,-1,3,27,-23
1,-1,3,28,0
1,-1,3,29,3
1,-1,3,30,6
1,-1,3,31,9
1,-1,3,32,12
1,-1,3,33,15
1,-1,3,34,18
1,-1,3,35,-6
1,-1,3,36,-9
1,-1,3,37,-12
1,-1,3,38,-15
1,-1,3,39,-18
1,-1,3,40,-21
1,-1,3,41,-24
1,-1,3,42,-1
1,-1,3,43,2
1,-1,3,44,5
1,-1,3,45,8
1,-1,3,46,11
1,-1,3,47,14
1,-1,3,48,17
1,-1,3,49,-7
1,-1,3,50,-10
1,-1,3,51,-13
1,-1,3,52,-16
1,-1,3,53,-19
1,-1,3,54,-22
1,-1,3,55,-25
1,-1,3,56,-2
1,-1,3,57,1
1,-1,3,58,4
1,-1,3,59,7
1,-1,3,60,10
1,-1,3,61,13
1,-1,3,62,16
1,-1,3,63,-8
1,-1,3,64,-11
1,-1,3,65,-14
1,-1,3,66,-17
1,-1,3,67,-20
1,-1,3,68,-23
1,-1,3,69,-26
1,-1,3,70,-3
1,-1,3,71,0
1,-1,3,72,3
1,-1,3,73,6
1,-1,3,74,9
1,-1,3,75,12
1,-1,3,76,15
1,-1,3,77,-9
1,-1,3,78,-12
1,-1,3,79,-15
1,-1,3,80,-18
1,-1,3,81,-21
1,-1,3,82,-24
1,-1,3,83,-27
1,-1,3,84,-4
1,-1,3,85,-1
1,-1,3,86,2
1,-1,3,87,5
1,-1,3,88,8
1,-1,3,89,11
1,-1,3,90,14
1,-1,3,91,-10
1,-1,3,92,-13
1,-1,3,93,-16
1,-1,3,94,-19
1,-1,3,95,-22
1,-1,3,96,-25
1,-1,3,97,-28
1,-1,3,98,-5
1,-1,3,99,-2
1,-1,3,100,1
1,-1,3,101,4
1,-1,3,102,7
1,-1,3,103,10
1,-1,3,104,13
1,-1,3,105,-11
1,-1,3,106,-14
1,-1,3,107,-17
1,-1,3,108,-20
1,-1,3,109,-23
1,-1,3,110,-26
1,-1,3,111,-29
1,-1,4,0,3
1,-1,4,1,7
1,-1,4,2,11
1,-1,4,3,15
1,-1,4,4,19
1,-1,4,5,23
1,-1,4,6,27
1,-1,4,7,-5
1,-1,4,8,-9
1,-1,4,9,-13
1,-1,4,10,-17
1,-1,4,11,-21
1,-1,4,12,-25
1,-1,4,13,-29
1,-1,4,14,2
1,-1,4,15,6
1,-1,4,16,10
1,-1,4,17,14
1,-1,4,18,18
1,-1,4,19,22
1,-1,4,20,26
1,-1,4,21,-6
1,-1,4,22,-10
1,-1,4,23,-14
1,-1,4,24,-18
1,-1,4,25,-22
1,-1,4,26,-26
1,-1,4,27,-30
1,-1,4,28,1
1,-1,4,29,5
1,-1,4,30,9
1,-1,4,31,13
1,-1,4,32,17
1,-1,4,33,21
1,-1,4,34,25
1,-1,4,35,-7
1,-1,4,36,-11
1,-1,4,37,-15
1,-1,4,38,-19
1,-1,4,39,-23
1,-1,4,40,-27
1,-1,4,41,-31
1,-1,4,42,0
1,-1,4,43,4
1,-1,4,44,8
1,-1,4,45,12
1,-1,4,46,16
1,-1,4,47,20
1,-1,4,48,24
1,-1,4,49,-8
1,-1,4,50,-12
1,-1,4,51,-16
1,-1,4,52,-20
1,-1,4,53,-24
1,-1,4,54,-28
1,-1,4,55,-32
1,-1,4,56,-1
1,-1,4,57,3
1,-1,4,58,7
1,-1,4,59,11
1,-1,4,60,15
1,-1,4,61,19
1,-1,4,62,23
1,-1,4,63,-9
1,-1,4,64,-13
1,-1,4,65,-17
1,-1,4,66,-21
1,-1,4,67,-25
1,-1,4,68,-29
1,-1,4,69,-33
1,-1,4,70,-2
1,-1,4,71,2
1,-1,4,72,6
1,-1,4,73,10
1,-1,4,74,14
1,-1,4,75,18
1,-1,4,76,22
1,-1,4,77,-10
1,-1,4,78,-14
1,-1,4,79,-18
1,-1,4,80,-22
1,-1,4,81,-26
1,-1,4,82,-30
1,-1,4,83,-34
1,-1,4,84,-3
1,-1,4,85,1
1,-1,4,86,5
1,-1,4,87,9
1,-1,4,88,13
1,-1,4,89,17
1,-1,4,90,21
1,-1,4,91,-11
1,-1,4,92,-15
1,-1,4,93,-19
1,-1,4,94,-23
1,-1,4,95,-27
1,-1,4,96,-31
1,-1,4,97,-35
1,-1,4,98,-4
1,-1,4,99,0
1,-1,4,100,4
1,-1,4,101,8
1,-1,4,102,12
1,-1,4,103,16
1,-1,4,104,20
1,-1,4,105,-12
1,-1,4,106,-16
1,-1,4,107,-20
1,-1,4,108,-24
1,-1,4,109,-28
1,-1,4,110,-32
1,-1,4,111,-36
1,-1,5,0,4
1,-1,5,1,9
1,-1,5,2,14
1,-1,5,3,19
1,-1,5,4,24
1,-1,5,5,29
1,-1,5,6,34
1,-1,5,7,-6
1,-1,5,8,-11
1,-1,5,9,-16
1,-1,5,10,-21
1,-1,5,11,-26
1,-1,5,12,-31
1,-1,5,13,-36
1,-1,5,14,3
1,-1,5,15,8
1,-1,5,16,13
1,-1,5,17,18
1,-1,5,18,23
1,-1,5,19,28
1,-1,5,20,33
1,-1,5,21,-7
1,-1,5,22,-12
1,-1,5,23,-17
1,-1,5,24,-22
1,-1,5,25,-27
1,-1,5,26,-32
1,-1,5,27,-37
1,-1,5,28,2
1,-1,5,29,7
1,-1,5,30,12
1,-1,5,31,17
1,-1,5,32,22
1,-1,5,33,27
1,-1,5,34,32
1,-1,5,35,-8
1,-1,5,36,-13
1,-1,5,37,-18
1,-1,5,38,-23
1,-1,5,39,-28
1,-1,5,40,-33
1,-1,5,41,-38
1,-1,5,42,1
1,-1,5,43,6
1,-1,5,44,11
1,-1,5,45,16
1,-1,5,46,21
1,-1,5,47,26
1,-1,5,48,31
1,-1,5,49,-9
1,-1,5,50,-14
1,-1,5,51,-19
1,-1,5,52,-24
1,-1,5,53,-29
1,-1,5,54,-34
1,-1,5,55,-39
1,-1,5,56,0
1,-1,5,57,5
1,-1,5,58,10
1,-1,5,59,15
1,-1,5,60,20
1,-1,5,61,25
1,-1,5,62,30
1,-1,5,63,-10
1,-1,5,64,-15
1,-1,5,65,-20
1,-1,5,66,-25
1,-1,5,67,-30
1,-1,5,68,-35
1,-1,5,69,-40
1,-1,5,70,-1
1,-1,5,71,4
1,-1,5,72,9
1,-1,5,73,14
1,-1,5,74,19
1,-1,5,75,24
1,-1,5,76,29
1,-1,5,77,-11
1,-1,5,78,-16
1,-1,5,79,-21
1,-1,5,80,-26
1,-1,5,81,-31
1,-1,5,82,-36
1,-1,5,83,-41
1,-1,5,84,-2
1,-1,5,85,3
1,-1,5,86,8
1,-1,5,87,13
1,-1,5,88,18
1,-1,5,89,23
1,-1,5,90,28
1,-1,5,91,-12
1,-1,5,92,-17
1,-1,5,93,-22
1,-1,5,94,-27
1,-1,5,95,-32
1,-1,5,96,-37
1,-1,5,97,-42
1,-1,5,98,-3
1,-1,5,99,2
1,-1,5,100,7
1,-1,5,101,12
1,-1,5,102,17
1,-1,5,103,22
1,-1,5,104,27
1,-1,5,105,-13
1,-1,5,106,-18
1,-1,5,107,-23
1,-1,5,108,-28
1,-1,5,109,-33
1,-1,5,110,-38
1,-1,5,111,-43
1,-1,6,0,5
1,-1,6,1,11
1,-1,6,2,17
1,-1,6,3,23
1,-1,6,4,29
1,-1,6,5,35
1,-1,6,6,41
1,-1,6,7,-7
1,-1,6,8,-13
1,-1,6,9,-19
1,-1,6,10,-25
1,-1,6,11,-31
1,-1,6,12,-37
1,-1,6,13,-43
1,-1,6,14,4
1,-1,6,15,10
1,-1,6,16,16
1,-1,6,17,22
1,-1,6,18,28
1,-1,6,19,34
1,-1,6,20,40
1,-1,6,21,-8
1,-1,6,22,-14
1,-1,6,23,-20
1,-1,6,24,-26
1,-1,6,25,-32
1,-1,6,26,-38
1,-1,6,27,-44
1,-1,6,28,3
1,-1,6,29,9
1,-1,6,30,15
1,-1,6,31,21
1,-1,6,32,27
1,-1,6,33,33
1,-1,6,34,39
1,-1,6,35,-9
1,-1,6,36,-15
1,-1,6,37,-21
1,-1,6,38,-27
1,-1,6,39,-33
1,-1,6,40,-39
1,-1,6,41,-45
1,-1,6,42,2
1,-1,6,43,8
1,-1,6,44,14
1,-1,6,45,20
1,-1,6,46,26
1,-1,6,47,32
1,-1,6,48,38
1,-1,6,49,-10
1,-1,6,50,-16
1,-1,6,51,-22
1,-1,6,52,-28
1,-1,6,53,-34
1,-1,6,54,-40
1,-1,6,55,-46
1,-1,6,56,1
1,-1,6,57,7
1,-1,6,58,13
1,-1,6,59,19
1,-1,6,60,25
1,-1,6,61,31
1,-1,6,62,37
1,-1,6,63,-11
1,-1,6,64,-17
1,-1,6,65,-23
1,-1,6,66,-29
1,-1,6,67,-35
1,-1,6,68,-41
1,-1,6,69,-47
1,-1,6,70,0
1,-1,6,71,6
1,-1,6,72,12
1,-1,6,73,18
1,-1,6,74,24
1,-1,6,75,30
1,-1,6,76,36
1,-1,6,77,-12
1,-1,6,78,-18
1,-1,6,79,-24
1,-1,6,80,-30
1,-1,6,81,-36
1,-1,6,82,-42
1,-1,6,83,-48
1,-1,6,84,-1
1,-1,6,85,5
1,-1,6,86,11
1,-1,6,87,17
1,-1,6,88,23
1,-1,6,89,29
1,-1,6,90,35
1,-1,6,91,-13
1,-1,6,92,-19
1,-1,6,93,-25
1,-1,6,94,-31
1,-1,6,95,-37
1,-1,6,96,-43
1,-1,6,97,-49
1,-1,6,98,-2
1,-1,6,99,4
1,-1,6,100,10
1,-1,6,101,16
1,-1,6,102,22
1,-1,6,103,28
1,-1,6,104,34
1,-1,6,105,-14
1,-1,6,106,-20
1,-1,6,107,-26
1,-1,6,108,-32
1,-1,6,109,-38
1,-1,6,110,-44
1,-1,6,111,-50
1,-1,7,0,6
1,-1,7,1,13
1,-1,7,2,20
1,-1,7,3,27
1,-1,7,4,34
1,-1,7,5,41
1,-1,7,6,48
1,-1,7,7,-8
1,-1,7,8,-15
1,-1,7,9,-22
1,-1,7,10,-29
1,-1,7,11,-36
1,-1,7,12,-43
1,-1,7,13,-50
1,-1,7,14,5
1,-1,7,15,12
1,-1,7,16,19
1,-1,7,17,26
1,-1,7,18,33
1,-1,7,19,40
1,-1,7,20,47
1,-1,7,21,-9
1,-1,7,22,-16
1,-1,7,23,-23
1,-1,7,24,-30
1,-1,7,25,-37
1,-1,7,26,-44
1,-1,7,27,-51
1,-1,7,28,4
1,-1,7,29,11
1,-1,7,30,18
1,-1,7,31,25
1,-1,7,32,32
1,-1,7,33,39
1,-1,7,34,46
1,-1,7,35,-10
1,-1,7,36,-17
1,-1,7,37,-24
1,-1,7,38,-31
1,-1,7,39,-38
1,-1,7,40,-45
1,-1,7,41,-52
1,-1,7,42,3
1,-1,7,43,10
1,-1,7,44,17
1,-1,7,45,24
1,-1,7,46,31
1,-1,7,47,38
1,-1,7,48,45
1,-1,7,49,-11
1,-1,7,50,-18
1,-1,7,51,-25
1,-1,7,52,-32
1,-1,7,53,-39
1,-1,7,54,-46
1,-1,7,55,-53
1,-1,7,56,2
1,-1,7,57,9
1,-1,7,58,16
1,-1,7,59,23
1,-1,7,60,30
1,-1,7,61,37
1,-1,7,62,44
1,-1,7,63,-12
1,-1,7,64,-19
1,-1,7,65,-26
1,-1,7,66,-33
1,-1,7,67,-40
1,-1,7,68,-47
1,-1,7,69,-54
1,-1,7,70,1
1,-1,7,71,8
1,-1,7,72,15
1,-1,7,73,22
1,-1,7,74,29
1,-1,7,75,36
1,-1,7,76,43
1,-1,7,77,-13
1,-1,7,78,-20
1,-1,7,79,-27
1,-1,7,80,-34
1,-1,7,81,-41
1,-1,7,82,-48
1,-1,7,83,-55
1,-1,7,84,0
1,-1,7,85,7
1,-1,7,86,14
1,-1,7,87,21
1,-1,7,88,28
1,-1,7,89,35
1,-1,7,90,42
1,-1,7,91,-14
1,-1,7,92,-21
1,-1,7,93,-28
1,-1,7,94,-35
1,-1,7,95,-42
1,-1,7,96,-49
1,-1,7,97,-56
1,-1,7,98,-1
1,-1,7,99,6
1,-1,7,100,13
1,-1,7,101,20
1,-1,7,102,27
1,-1,7,103,34
1,-1,7,104,41
1,-1,7,105,-15
1,-1,7,106,-22
1,-1,7,107,-29
1,-1,7,108,-36
1,-1,7,109,-43
1,-1,7,110,-50
1,-1,7,111,-57
1,0,-8,0,-8
1,0,-8,1,-16
1,0,-8,2,-24
1,0,-8,3,-32
1,0,-8,4,-40
1,0,-8,5,-48
1,0,-8,6,-56
1,0,-8,7,8
1,0,-8,8,16
1,0,-8,9,24
1,0,-8,10,32
1,0,-8,11,40
1,0,-8,12,48
1,0,-8,13,56
1,0,-8,14,-8
1,0,-8,15,-16
1,0,-8,16,-24
1,0,-8,17,-32
1,0,-8,18,-40
1,0,-8,19,-48
1,0,-8,20,-56
1,0,-8,21,8
1,0,-8,22,16
1,0,-8,23,24
1,0,-8,24,32
1,0,-8,25,40
1,0,-8,26,48
1,0,-8,27,56
1,0,-8,28,-8
1,0,-8,29,-16
1,0,-8,30,-24
1,0,-8,31,-32
1,0,-8,32,-40
1,0,-8,33,-48
1,0,-8,34,-56
1,0,-8,35,8
1,0,-8,36,16
1,0,-8,37,24
1,0,-8,38,32
1,0,-8,39,40
1,0,-8,40,48
1,0,-8,41,56
1,0,-8,42,-8
1,0,-8,43,-16
1,0,-8,44,-24
1,0,-8,45,-32
1,0,-8,46,-40
1,0,-8,47,-48
1,0,-8,48,-56
1,0,-8,49,8
1,0,-8,50,16
1,0,-8,51,24
1,0,-8,52,32
1,0,-8,53,40
1,0,-8,54,48
1,0,-8,55,56
1,0,-8,56,-8
1,0,-8,57,-16
1,0,-8,58,-24
1,0,-8,59,-32
1,0,-8,60,-40
1,0,-8,61,-48
1,0,-8,62,-56
1,0,-8,63,8
1,0,-8,64,16
1,0,-8,65,24
1,0,-8,66,32
1,0,-8,67,40
1,0,-8,68,48
1,0,-8,69,56
1,0,-8,70,-8
1,0,-8,71,-16
1,0,-8,72,-24
1,0,-8,73,-32
1,0,-8,74,-40
1,0,-8,75,-48
1,0,-8,76,-56
1,0,-8,77,8
1,0,-8,78,16
1,0,-8,79,24
1,0,-8,80,32
1,0,-8,81,40
1,0,-8,82,48
1,0,-8,83,56
1,0,-8,84,-8
1,0,-8,85,-16
1,0,-8,86,-24
1,0,-8,87,-32
1,0,-8,88,-40
1,0,-8,89,-48
1,0,-8,90,-56
1,0,-8,91,8
1,0,-8,92,16
1,0,-8,93,24
1,0,-8,94,32
1,0,-8,95,40
1,0,-8,96,48
1,0,-8,97,56
1,0,-8,98,-8
1,0,-8,99,-16
1,0,-8,100,-24
1,0,-8,101,-32
1,0,-8,102,-40
1,0,-8,103,-48
1,0,-8,104,-56
1,0,-8,105,8
1,0,-8,106,16
1,0,-8,107,24
1,0,-8,108,32
1,0,-8,109,40
1,0,-8,110,48
1,0,-8,111,56
1,0,-7,0,-7
1,0,-7,1,-14
1,0,-7,2,-21
1,0,-7,3,-28
1,0,-7,4,-35
1,0,-7,5,-42
1,0,-7,6,-49
1,0,-7,7,7
1,0,-7,8,14
1,0,-7,9,21
1,0,-7,10,28
1,0,-7,11,35
1,0,-7,12,42
1,0,-7,13,49
1,0,-7,14,-7
1,0,-7,15,-14
1,0,-7,16,-21
1,0,-7,17,-28
1,0,-7,18,-35
1,0,-7,19,-42
1,0,-7,20,-49
1,0,-7,21,7
1,0,-7,22,14
1,0,-7,23,21
1,0,-7,24,28
1,0,-7,25,35
1,0,-7,26,42
1,0,-7,27,49
1,0,-7,28,-7
1,0,-7,29,-14
1,0,-7,30,-21
1,0,-7,31,-28
1,0,-7,32,-35
1,0,-7,33,-42
1,0,-7,34,-49
1,0,-7,35,7
1,0,-7,36,14
1,0,-7,37,21
1,0,-7,38,28
1,0,-7,39,35
1,0,-7,40,42
1,0,-7,41,49
1,0,-7,42,-7
1,0,-7,43,-14
1,0,-7,44,-21
1,0,-7,45,-28
1,0,-7,46,-35
1,0,-7,47,-42
1,0,-7,48,-49
1,0,-7,49,7
1,0,-7,50,14
1,0,-7,51,21
1,0,-7,52,28
1,0,-7,53,35
1,0,-7,54,42
1,0,-7,55,49
1,0,-7,56,-7
1,0,-7,57,-14
1,0,-7,58,-21
1,0,-7,59,-28
1,0,-7,60,-35
1,0,-7,61,-42
1,0,-7,62,-49
1,0,-7,63,7
1,0,-7,64,14
1,0,-7,65,21
1,0,-7,66,28
1,0,-7,67,35
1,0,-7,68,42
1,0,-7,69,49
1,0,-7,70,-7
1,0,-7,71,-14
1,0,-7,72,-21
1,0,-7,73,-28
1,0,-7,74,-35
1,0,-7,75,-42
1,0,-7,76,-49
1,0,-7,77,7
1,0,-7,78,14
1,0,-7,79,21
1,0,-7,80,28
1,0,-7,81,35
1,0,-7,82,42
1,0,-7,83,49
1,0,-7,84,-7
1,0,-7,85,-14
1,0,-7,86,-21
1,0,-7,87,-28
1,0,-7,88,-35
1,0,-7,89,-42
1,0,-7,90,-49
1,0,-7,91,7
1,0,-7,92,14
1,0,-7,93,21
1,0,-7,94,28
1,0,-7,95,35
1,0,-7,96,42
1,0,-7,97,49
1,0,-7,98,-7
1,0,-7,99,-14
1,0,-7,100,-21
1,0,-7,101,-28
1,0,-7,102,-35
1,0,-7,103,-42
1,0,-7,104,-49
1,0,-7,105,7
1,0,-7,106,14
1,0,-7,107,21
1,0,-7,108,28
1,0,-7,109,35
1,0,-7,110,42
1,0,-7,111,49
1,0,-6,0,-6
1,0,-6,1,-12
1,0,-6,2,-18
1,0,-6,3,-24
1,0,-6,4,-30
1,0,-6,5,-36
1,0,-6,6,-42
1,0,-6,7,6
1,0,-6,8,12
1,0,-6,9,18
1,0,-6,10,24
1,0,-6,11,30
1,0,-6,12,36
1,0,-6,13,42
1,0,-6,14,-6
1,0,-6,15,-12
1,0,-6,16,-18
1,0,-6,17,-24
1,0,-6,18,-30
1,0,-6,19,-36
1,0,-6,20,-42
1,0,-6,21,6
1,0,-6,22,12
1,0,-6,23,18
1,0,-6,24,24
1,0,-6,25,30
1,0,-6,26,36
1,0,-6,27,42
1,0,-6,28,-6
1,0,-6,29,-12
1,0,-6,30,-18
1,0,-6,31,-24
1,0,-6,32,-30
1,0,-6,33,-36
1,0,-6,34,-42
1,0,-6,35,6
1,0,-6,36,12
1,0,-6,37,18
1,0,-6,38,24
1,0,-6,39,30
1,0,-6,40,36
1,0,-6,41,42
1,0,-6,42,-6
1,0,-6,43,-12
1,0,-6,44,-18
1,0,-6,45,-24
1,0,-6,46,-30
1,0,-6,47,-36
1,0,-6,48,-42
1,0,-6,49,6
1,0,-6,50,12
1,0,-6,51,18
1,0,-6,52,24
1,0,-6,53,30
1,0,-6,54,36
1,0,-6,55,42
1,0,-6,56,-6
1,0,-6,57,-12
1,0,-6,58,-18
1,0,-6,59,-24
1,0,-6,60,-30
1,0,-6,61,-36
1,0,-6,62,-42
1,0,-6,63,6
1,0,-6,64,12
1,0,-6,65,18
1,0,-6,66,24
1,0,-6,67,30
1,0,-6,68,36
1,0,-6,69,42
1,0,-6,70,-6
1,0,-6,71,-12
1,0,-6,72,-18
1,0,-6,73,-24
1,0,-6,74,-30
1,0,-6,75,-36
1,0,-6,76,-42
1,0,-6,77,6
1,0,-6,78,12
1,0,-6,79,18
1,0,-6,80,24
1,0,-6,81,30
1,0,-6,82,36
1,0,-6,83,42
1,0,-6,84,-6
1,0,-6,85,-12
1,0,-6,86,-18
1,0,-6,87,-24
1,0,-6,88,-30
1,0,-6,89,-36
1,0,-6,90,-42
1,0,-6,91,6
1,0,-6,92,12
1,0,-6,93,18
1,0,-6,94,24
1,0,-6,95,30
1,0,-6,96,36
1,0,-6,97,42
1,0,-6,98,-6
1,0,-6,99,-12
1,0,-6,100,-18
1,0,-6,101,-24
1,0,-6,102,-30
1,0,-6,103,-36
1,0,-6,104,-42
1,0,-6,105,6
1,0,-6,106,12
1,0,-6,107,18
1,0,-6,108,24
1,0,-6,109,30
1,0,-6,110,36
1,0,-6,111,42
1,0,-5,0,-5
1,0,-5,1,-10
1,0,-5,2,-15
1,0,-5,3,-20
1,0,-5,4,-25
1,0,-5,5,-30
1,0,-5,6,-35
1,0,-5,7,5
1,0,-5,8,10
1,0,-5,9,15
1,0,-5,10,20
1,0,-5,11,25
1,0,-5,12,30
1,0,-5,13,35
1,0,-5,14,-5
1,0,-5,15,-10
1,0,-5,16,-15
1,0,-5,17,-20
1,0,-5,18,-25
1,0,-5,19,-30
1,0,-5,20,-35
1,0,-5,21,5
1,0,-5,22,10
1,0,-5,23,15
1,0,-5,24,20
1,0,-5,25,25
1,0,-5,26,30
1,0,-5,27,35
1,0,-5,28,-5
1,0,-5,29,-10
1,0,-5,30,-15
1,0,-5,31,-20
1,0,-5,32,-25
1,0,-5,33,-30
1,0,-5,34,-35
1,0,-5,35,5
1,0,-5,36,10
1,0,-5,37,15
1,0,-5,38,20
1,0,-5,39,25
1,0,-5,40,30
1,0,-5,41,35
1,0,-5,42,-5
1,0,-5,43,-10
1,0,-5,44,-15
1,0,-5,45,-20
1,0,-5,46,-25
1,0,-5,47,-30
1,0,-5,48,-35
1,0,-5,49,5
1,0,-5,50,10
1,0,-5,51,15
1,0,-5,52,20
1,0,-5,53,25
1,0,-5,54,30
1,0,-5,55,35
1,0,-5,56,-5
1,0,-5,57,-10
1,0,-5,58,-15
1,0,-5,59,-20
1,0,-5,60,-25
1,0,-5,61,-30
1,0,-5,62,-35
1,0,-5,63,5
1,0,-5,64,10
1,0,-5,65,15
1,0,-5,66,20
1,0,-5,67,25
1,0,-5,68,30
1,0,-5,69,35
1,0,-5,70,-5
1,0,-5,71,-10
1,0,-5,72,-15
1,0,-5,73,-20
1,0,-5,74,-25
1,0,-5,75,-30
1,0,-5,76,-35
1,0,-5,77,5
1,0,-5,78,10
1,0,-5,79,15
1,0,-5,80,20
1,0,-5,81,25
1,0,-5,82,30
1,0,-5,83,35
1,0,-5,84,-5
1,0,-5,85,-10
1,0,-5,86,-15
1,0,-5,87,-20
1,0,-5,88,-25
1,0,-5,89,-30
1,0,-5,90,-35
1,0,-5,91,5
1,0,-5,92,10
1,0,-5,93,15
1,0,-5,94,20
1,0,-5,95,25
1,0,-5,96,30
1,0,-5,97,35
1,0,-5,98,-5
1,0,-5,99,-10
1,0,-5,100,-15
1,0,-5,101,-20
1,0,-5,102,-25
1,0,-5,103,-30
1,0,-5,104,-35
1,0,-5,105,5
1,0,-5,106,10
1,0,-5,107,15
1,0,-5,108,20
1,0,-5,109,25
1,0,-5,110,30
1,0,-5,111,35
1,0,-4,0,-4
1,0,-4,1,-8
1,0,-4,2,-12
1,0,-4,3,-16
1,0,-4,4,-20
1,0,-4,5,-24
1,0,-4,6,-28
1,0,-4,7,4
1,0,-4,8,8
1,0,-4,9,12
1,0,-4,10,16
1,0,-4,11,20
1,0,-4,12,24
1,0,-4,13,28
1,0,-4,14,-4
1,0,-4,15,-8
1,0,-4,16,-12
1,0,-4,17,-16
1,0,-4,18,-20
1,0,-4,19,-24
1,0,-4,20,-28
1,0,-4,21,4
1,0,-4,22,8
1,0,-4,23,12
1,0,-4,24,16
1,0,-4,25,20
1,0,-4,26,24
1,0,-4,27,28
1,0,-4,28,-4
1,0,-4,29,-8
1,0,-4,30,-12
1,0,-4,31,-16
1,0,-4,32,-20
1,0,-4,33,-24
1,0,-4,34,-28
1,0,-4,35,4
1,0,-4,36,8
1,0,-4,37,12
1,0,-4,38,16
1,0,-4,39,20
1,0,-4,40,24
1,0,-4,41,28
1,0,-4,42,-4
1,0,-4,43,-8
1,0,-4,44,-12
1,0,-4,45,-16
1,0,-4,46,-20
1,0,-4,47,-24
1,0,-4,48,-28
1,0,-4,49,4
1,0,-4,50,8
1,0,-4,51,12
1,0,-4,52,16
1,0,-4,53,20
1,0,-4,54,24
1,0,-4,55,28
1,0,-4,56,-4
1,0,-4,57,-8
1,0,-4,58,-12
1,0,-4,59,-16
1,0,-4,60,-20
1,0,-4,61,-24
1,0,-4,62,-28
1,0,-4,63,4
1,0,-4,64,8
1,0,-4,65,12
1,0,-4,66,16
1,0,-4,67,20
1,0,-4,68,24
1,0,-4,69,28
1,0,-4,70,-4
1,0,-4,71,-8
1,0,-4,72,-12
1,0,-4,73,-16
1,0,-4,74,-20
1,0,-4,75,-24
1,0,-4,76,-28
1,0,-4,77,4
1,0,-4,78,8
1,0,-4,79,12
1,0,-4,80,16
1,0,-4,81,20
1,0,-4,82,24
1,0,-4,83,28
1,0,-4,84,-4
1,0,-4,85,-8
1,0,-4,86,-12
1,0,-4,87,-16
1,0,-4,88,-20
1,0,-4,89,-24
1,0,-4,90,-28
1,0,-4,91,4
1,0,-4,92,8
1,0,-4,93,12
1,0,-4,94,16
1,0,-4,95,20
1,0,-4,96,24
1,0,-4,97,28
1,0,-4,98,-4
1,0,-4,99,-8
1,0,-4,100,-12
1,0,-4,101,-16
1,0,-4,102,-20
1,0,-4,103,-24
1,0,-4,104,-28
1,0,-4,105,4
1,0,-4,106,8
1,0,-4,107,12
1,0,-4,108,16
1,0,-4,109,20
1,0,-4,110,24
1,0,-4,111,28
1,0,-3,0,-3
1,0,-3,1,-6
1,0,-3,2,-9
1,0,-3,3,-12
1,0,-3,4,-15
1,0,-3,5,-18
1,0,-3,6,-21
1,0,-3,7,3
1,0,-3,8,6
1,0,-3,9,9
1,0,-3,10,12
1,0,-3,11,15
1,0,-3,12,18
1,0,-3,13,21
1,0,-3,14,-3
1,0,-3,15,-6
1,0,-3,16,-9
1,0,-3,17,-12
1,0,-3,18,-15
1,0,-3,19,-18
1,0,-3,20,-21
1,0,-3,21,3
1,0,-3,22,6
1,0,-3,23,9
1,0,-3,24,12
1,0,-3,25,15
1,0,-3,26,18
1,0,-3,27,21
1,0,-3,28,-3
1,0,-3,29,-6
1,0,-3,30,-9
1,0,-3,31,-12
1,0,-3,32,-15
1,0,-3,33,-18
1,0,-3,34,-21
1,0,-3,35,3
1,0,-3,36,6
1,0,-3,37,9
1,0,-3,38,12
1,0,-3,39,15
1,0,-3,40,18
1,0,-3,41,21
1,0,-3,42,-3
1,0,-3,43,-6
1,0,-3,44,-9
1,0,-3,45,-12
1,0,-3,46,-15
1,0,-3,47,-18
1,0,-3,48,-21
1,0,-3,49,3
1,0,-3,50,6
1,0,-3,51,9
1,0,-3,52,12
1,0,-3,53,15
1,0,-3,54,18
1,0,-3,55,21
1,0,-3,56,-3
1,0,-3,57,-6
1,0,-3,58,-9
1,0,-3,59,-12
1,0,-3,60,-15
1,0,-3,61,-18
1,0,-3,62,-21
1,0,-3,63,3
1,0,-3,64,6
1,0,-3,65,9
1,0,-3,66,12
1,0,-3,67,15
1,0,-3,68,18
1,0,-3,69,21
1,0,-3,70,-3
1,0,-3,71,-6
1,0,-3,72,-9
1,0,-3,73,-12
1,0,-3,74,-15
1,0,-3,75,-18
1,0,-3,76,-21
1,0,-3,77,3
1,0,-3,78,6
1,0,-3,79,9
1,0,-3,80,12
1,0,-3,81,15
1,0,-3,82,18
1,0,-3,83,21
1,0,-3,84,-3
1,0,-3,85,-6
1,0,-3,86,-9
1,0,-3,87,-12
1,0,-3,88,-15
1,0,-3,89,-18
1,0,-3,90,-21
1,0,-3,91,3
1,0,-3,92,6
1,0,-3,93,9
1,0,-3,94,12
1,0,-3,95,15
1,0,-3,96,18
1,0,-3,97,21
1,0,-3,98,-3
1,0,-3,99,-6
1,0,-3,100,-9
1,0,-3,101,-12
1,0,-3,102,-15
1,0,-3,103,-18
1,0,-3,104,-21
1,0,-3,105,3
1,0,-3,106,6
1,0,-3,107,9
1,0,-3,108,12
1,0,-3,109,15
1,0,-3,110,18
1,0,-3,111,21
1,0,-2,0,-2
1,0,-2,1,-4
1,0,-2,2,-6
1,0,-2,3,-8
1,0,-2,4,-10
1,0,-2,5,-12
1,0,-2,6,-14
1,0,-2,7,2
1,0,-2,8,4
1,0,-2,9,6
1,0,-2,10,8
1,0,-2,11,10
1,0,-2,12,12
1,0,-2,13,14
1,0,-2,14,-2
1,0,-2,15,-4
1,0,-2,16,-6
1,0,-2,17,-8
1,0,-2,18,-10
1,0,-2,19,-12
1,0,-2,20,-14
1,0,-2,21,2
1,0,-2,22,4
1,0,-2,23,6
1,0,-2,24,8
1,0,-2,25,10
1,0,-2,26,12
1,0,-2,27,14
1,0,-2,28,-2
1,0,-2,29,-4
1,0,-2,30,-6
1,0,-2,31,-8
1,0,-2,32,-10
1,0,-2,33,-12
1,0,-2,34,-14
1,0,-2,35,2
1,0,-2,36,4
1,0,-2,37,6
1,0,-2,38,8
1,0,-2,39,10
1,0,-2,40,12
1,0,-2,41,14
1,0,-2,42,-2
1,0,-2,43,-4
1,0,-2,44,-6
1,0,-2,45,-8
1,0,-2,46,-10
1,0,-2,47,-12
1,0,-2,48,-14
1,0,-2,49,2
1,0,-2,50,4
1,0,-2,51,6
1,0,-2,52,8
1,0,-2,53,10
1,0,-2,54,12
1,0,-2,55,14
1,0,-2,56,-2
1,0,-2,57,-4
1,0,-2,58,-6
1,0,-2,59,-8
1,0,-2,60,-10
1,0,-2,61,-12
1,0,-2,62,-14
1,0,-2,63,2
1,0,-2,64,4
1,0,-2,65,6
1,0,-2,66,8
1,0,-2,67,10
1,0,-2,68,12
1,0,-2,69,14
1,0,-2,70,-2
1,0,-2,71,-4
1,0,-2,72,-6
1,0,-2,73,-8
1,0,-2,74,-10
1,0,-2,75,-12
1,0,-2,76,-14
1,0,-2,77,2
1,0,-2,78,4
1,0,-2,79,6
1,0,-2,80,8
1,0,-2,81,10
1,0,-2,82,12
1,0,-2,83,14
1,0,-2,84,-2
1,0,-2,85,-4
1,0,-2,86,-6
1,0,-2,87,-8
1,0,-2,88,-10
1,0,-2,89,-12
1,0,-2,90,-14
1,0,-2,91,2
1,0,-2,92,4
1,0,-2,93,6
1,0,-2,94,8
1,0,-2,95,10
1,0,-2,96,12
1,0,-2,97,14
1,0,-2,98,-2
1,0,-2,99,-4
1,0,-2,100,-6
1,0,-2,101,-8
1,0,-2,102,-10
1,0,-2,103,-12
1,0,-2,104,-14
1,0,-2,105,2
1,0,-2,106,4
1,0,-2,107,6
1,0,-2,108,8
1,0,-2,109,10
1,0,-2,110,12
1,0,-2,111,14
1,0,-1,0,-1
1,0,-1,1,-2
1,0,-1,2,-3
1,0,-1,3,-4
1,0,-1,4,-5
1,0,-1,5,-6
1,0,-1,6,-7
1,0,-1,7,1
1,0,-1,8,2
1,0,-1,9,3
1,0,-1,10,4
1,0,-1,11,5
1,0,-1,12,6
1,0,-1,13,7
1,0,-1,14,-1
1,0,-1,15,-2
1,0,-1,16,-3
1,0,-1,17,-4
1,0,-1,18,-5
1,0,-1,19,-6
1,0,-1,20,-7
1,0,-1,21,1
1,0,-1,22,2
1,0,-1,23,3
1,0,-1,24,4
1,0,-1,25,5
1,0,-1,26,6
1,0,-1,27,7
1,0,-1,28,-1
1,0,-1,29,-2
1,0,-1,30,-3
1,0,-1,31,-4
1,0,-1,32,-5
1,0,-1,33,-6
1,0,-1,34,-7
1,0,-1,35,1
1,0,-1,36,2
1,0,-1,37,3
1,0,-1,38,4
1,0,-1,39,5
1,0,-1,40,6
1,0,-1,41,7
1,0,-1,42,-1
1,0,-1,43,-2
1,0,-1,44,-3
1,0,-1,45,-4
1,0,-1,46,-5
1,0,-1,47,-6
1,0,-1,48,-7
1,0,-1,49,1
1,0,-1,50,2
1,0,-1,51,3
1,0,-1,52,4
1,0,-1,53,5
1,0,-1,54,6
1,0,-1,55,7
1,0,-1,56,-1
1,0,-1,57,-2
1,0,-1,58,-3
1,0,-1,59,-4
1,0,-1,60,-5
1,0,-1,61,-6
1,0,-1,62,-7
1,0,-1,63,1
1,0,-1,64,2
1,0,-1,65,3
1,0,-1,66,4
1,0,-1,67,5
1,0,-1,68,6
1,0,-1,69,7
1,0,-1,70,-1
1,0,-1,71,-2
1,0,-1,72,-3
1,0,-1,73,-4
1,0,-1,74,-5
1,0,-1,75,-6
1,0,-1,76,-7
1,0,-1,77,1
1,0,-1,78,2
1,0,-1,79,3
1,0,-1,80,4
1,0,-1,81,5
1,0,-1,82,6
1,0,-1,83,7
1,0,-1,84,-1
1,0,-1,85,-2
1,0,-1,86,-3
1,0,-1,87,-4
1,0,-1,88,-5
1,0,-1,89,-6
1,0,-1,90,-7
1,0,-1,91,1
1,0,-1,92,2
1,0,-1,93,3
1,0,-1,94,4
1,0,-1,95,5
1,0,-1,96,6
1,0,-1,97,7
1,0,-1,98,-1
1,0,-1,99,-2
1,0,-1,100,-3
1,0,-1,101,-4
1,0,-1,102,-5
1,0,-1,103,-6
1,0,-1,104,-7
1,0,-1,105,1
1,0,-1,106,2
1,0,-1,107,3
1,0,-1,108,4
1,0,-1,109,5
1,0,-1,110,6
1,0,-1,111,7
1,0,0,0,0
1,0,0,1,0
1,0,0,2,0
1,0,0,3,0
1,0,0,4,0
1,0,0,5,0
1,0,0,6,0
1,0,0,7,0
1,0,0,8,0
1,0,0,9,0
1,0,0,10,0
1,0,0,11,0
1,0,0,12,0
1,0,0,13,0
1,0,0,14,0
1,0,0,15,0
1,0,0,16,0
1,0,0,17,0
1,0,0,18,0
1,0,0,19,0
1,0,0,20,0
1,0,0,21,0
1,0,0,22,0
1,0,0,23,0
1,0,0,24,0
1,0,0,25,0
1,0,0,26,0
1,0,0,27,0
1,0,0,28,0
1,0,0,29,0
1,0,0,30,0
1,0,0,31,0
1,0,0,32,0
1,0,0,33,0
1,0,0,34,0
1,0,0,35,0
1,0,0,36,0
1,0,0,37,0
1,0,0,38,0
1,0,0,39,0
1,0,0,40,0
1,0,0,41,0
1,0,0,42,0
1,0,0,43,0
1,0,0,44,0
1,0,0,45,0
1,0,0,46,0
1,0,0,47,0
1,0,0,48,0
1,0,0,49,0
1,0,0,50,0
1,0,0,51,0
1,0,0,52,0
1,0,0,53,0
1,0,0,54,0
1,0,0,55,0
1,0,0,56,0
1,0,0,57,0
1,0,0,58,0
1,0,0,59,0
1,0,0,60,0
1,0,0,61,0
1,0,0,62,0
1,0,0,63,0
1,0,0,64,0
1,0,0,65,0
1,0,0,66,0
1,0,0,67,0
1,0,0,68,0
1,0,0,69,0
1,0,0,70,0
1,0,0,71,0
1,0,0,72,0
1,0,0,73,0
1,0,0,74,0
1,0,0,75,0
1,0,0,76,0
1,0,0,77,0
1,0,0,78,0
1,0,0,79,0
1,0,0,80,0
1,0,0,81,0
1,0,0,82,0
1,0,0,83,0
1,0,0,84,0
1,0,0,85,0
1,0,0,86,0
1,0,0,87,0
1,0,0,88,0
1,0,0,89,0
1,0,0,90,0
1,0,0,91,0
1,0,0,92,0
1,0,0,93,0
1,0,0,94,0
1,0,0,95,0
1,0,0,96,0
1,0,0,97,0
1,0,0,98,0
1,0,0,99,0
1,0,0,100,0
1,0,0,101,0
1,0,0,102,0
1,0,0,103,0
1,0,0,104,0
1,0,0,105,0
1,0,0,106,0
1,0,0,107,0
1,0,0,108,0
1,0,0,109,0
1,0,0,110,0
1,0,0,111,0
1,0,1,0,1
1,0,1,1,2
1,0,1,2,3
1,0,1,3,4
1,0,1,4,5
1,0,1,5,6
1,0,1,6,7
1,0,1,7,-1
1,0,1,8,-2
1,0,1,9,-3
1,0,1,10,-4
1,0,1,11,-5
1,0,1,12,-6
1,0,1,13,-7
1,0,1,14,1
1,0,1,15,2
1,0,1,16,3
1,0,1,17,4
1,0,1,18,5
1,0,1,19,6
1,0,1,20,7
1,0,1,21,-1
1,0,1,22,-2
1,0,1,23,-3
1,0,1,24,-4
1,0,1,25,-5
1,0,1,26,-6
1,0,1,27,-7
1,0,1,28,1
1,0,1,29,2
1,0,1,30,3
1,0,1,31,4
1,0,1,32,5
1,0,1,33,6
1,0,1,34,7
1,0,1,35,-1
1,0,1,36,-2
1,0,1,37,-3
1,0,1,38,-4
1,0,1,39,-5
1,0,1,40,-6
1,0,1,41,-7
1,0,1,42,1
1,0,1,43,2
1,0,1,44,3
1,0,1,45,4
1,0,1,46,5
1,0,1,47,6
1,0,1,48,7
1,0,1,49,-1
1,0,1,50,-2
1,0,1,51,-3
1,0,1,52,-4
1,0,1,53,-5
1,0,1,54,-6
1,0,1,55,-7
1,0,1,56,1
1,0,1,57,2
1,0,1,58,3
1,0,1,59,4
1,0,1,60,5
1,0,1,61,6
1,0,1,62,7
1,0,1,63,-1
1,0,1,64,-2
1,0,1,65,-3
1,0,1,66,-4
1,0,1,67,-5
1,0,1,68,-6
1,0,1,69,-7
1,0,1,70,1
1,0,1,71,2
1,0,1,72,3
1,0,1,73,4
1,0,1,74,5
1,0,1,75,6
1,0,1,76,7
1,0,1,77,-1
1,0,1,78,-2
1,0,1,79,-3
1,0,1,80,-4
1,0,1,81,-5
1,0,1,82,-6
1,0,1,83,-7
1,0,1,84,1
1,0,1,85,2
1,0,1,86,3
1,0,1,87,4
1,0,1,88,5
1,0,1,89,6
1,0,1,90,7
1,0,1,91,-1
1,0,1,92,-2
1,0,1,93,-3
1,0,1,94,-4
1,0,1,95,-5
1,0,1,96,-6
1,0,1,97,-7
1,0,1,98,1
1,0,1,99,2
1,0,1,100,3
1,0,1,101,4
1,0,1,102,5
1,0,1,103,6
1,0,1,104,7
1,0,1,105,-1
1,0,1,106,-2
1,0,1,107,-3
1,0,1,108,-4
1,0,1,109,-5
1,0,1,110,-6
1,0,1,111,-7
1,0,2,0,2
1,0,2,1,4
1,0,2,2,6
1,0,2,3,8
1,0,2,4,10
1,0,2,5,12
1,0,2,6,14
1,0,2,7,-2
1,0,2,8,-4
1,0,2,9,-6
1,0,2,10,-8
1,0,2,11,-10
1,0,2,12,-12
1,0,2,13,-14
1,0,2,14,2
1,0,2,15,4
1,0,2,16,6
1,0,2,17,8
1,0,2,18,10
1,0,2,19,12
1,0,2,20,14
1,0,2,21,-2
1,0,2,22,-4
1,0,2,23,-6
1,0,2,24,-8
1,0,2,25,-10
1,0,2,26,-12
1,0,2,27,-14
1,0,2,28,2
1,0,2,29,4
1,0,2,30,6
1,0,2,31,8
1,0,2,32,10
1,0,2,33,12
1,0,2,34,14
1,0,2,35,-2
1,0,2,36,-4
1,0,2,37,-6
1,0,2,38,-8
1,0,2,39,-10
1,0,2,40,-12
1,0,2,41,-14
1,0,2,42,2
1,0,2,43,4
1,0,2,44,6
1,0,2,45,8
1,0,2,46,10
1,0,2,47,12
1,0,2,48,14
1,0,2,49,-2
1,0,2,50,-4
1,0,2,51,-6
1,0,2,52,-8
1,0,2,53,-10
1,0,2,54,-12
1,0,2,55,-14
1,0,2,56,2
1,0,2,57,4
1,0,2,58,6
1,0,2,59,8
1,0,2,60,10
1,0,2,61,12
1,0,2,62,14
1,0,2,63,-2
1,0,2,64,-4
1,0,2,65,-6
1,0,2,66,-8
1,0,2,67,-10
1,0,2,68,-12
1,0,2,69,-14
1,0,2,70,2
1,0,2,71,4
1,0,2,72,6
1,0,2,73,8
1,0,2,74,10
1,0,2,75,12
1,0,2,76,14
1,0,2,77,-2
1,0,2,78,-4
1,0,2,79,-6
1,0,2,80,-8
1,0,2,81,-10
1,0,2,82,-12
1,0,2,83,-14
1,0,2,84,2
1,0,2,85,4
1,0,2,86,6
1,0,2,87,8
1,0,2,88,10
1,0,2,89,12
1,0,2,90,14
1,0,2,91,-2
1,0,2,92,-4
1,0,2,93,-6
1,0,2,94,-8
1,0,2,95,-10
1,0,2,96,-12
1,0,2,97,-14
1,0,2,98,2
1,0,2,99,4
1,0,2,100,6
1,0,2,101,8
1,0,2,102,10
1,0,2,103,12
1,0,2,104,14
1,0,2,105,-2
1,0,2,106,-4
1,0,2,107,-6
1,0,2,108,-8
1,0,2,109,-10
1,0,2,110,-12
1,0,2,111,-14
1,0,3,0,3
1,0,3,1,6
1,0,3,2,9
1,0,3,3,12
1,0,3,4,15
1,0,3,5,18
1,0,3,6,21
1,0,3,7,-3
1,0,3,8,-6
1,0,3,9,-9
1,0,3,10,-12
1,0,3,11,-15
1,0,3,12,-18
1,0,3,13,-21
1,0,3,14,3
1,0,3,15,6
1,0,3,16,9
1,0,3,17,12
1,0,3,18,15
1,0,3,19,18
1,0,3,20,21
1,0,3,21,-3
1,0,3,22,-6
1,0,3,23,-9
1,0,3,24,-12
1,0,3,25,-15
1,0,3,26,-18
1,0,3,27,-21
1,0,3,28,3
1,0,3,29,6
1,0,3,30,9
1,0,3,31,12
1,0,3,32,15
1,0,3,33,18
1,0,3,34,21
1,0,3,35,-3
1,0,3,36,-6
1,0,3,37,-9
1,0,3,38,-12
1,0,3,39,-15
1,0,3,40,-18
1,0,3,41,-21
1,0,3,42,3
1,0,3,43,6
1,0,3,44,9
1,0,3,45,12
1,0,3,46,15
1,0,3,47,18
1,0,3,48,21
1,0,3,49,-3
1,0,3,50,-6
1,0,3,51,-9
1,0,3,52,-12
1,0,3,53,-15
1,0,3,54,-18
1,0,3,55,-21
1,0,3,56,3
1,0,3,57,6
1,0,3,58,9
1,0,3,59,12
1,0,3,60,15
1,0,3,61,18
1,0,3,62,21
1,0,3,63,-3
1,0,3,64,-6
1,0,3,65,-9
1,0,3,66,-12
1,0,3,67,-15
1,0,3,68,-18
1,0,3,69,-21
1,0,3,70,3
1,0,3,71,6
1,0,3,72,9
1,0,3,73,12
1,0,3,74,15
1,0,3,75,18
1,0,3,76,21
1,0,3,77,-3
1,0,3,78,-6
1,0,3,79,-9
1,0,3,80,-12
1,0,3,81,-15
1,0,3,82,-18
1,0,3,83,-21
1,0,3,84,3
1,0,3,85,6
1,0,3,86,9
1,0,3,87,12
1,0,3,88,15
1,0,3,89,18
1,0,3,90,21
1,0,3,91,-3
1,0,3,92,-6
1,0,3,93,-9
1,0,3,94,-12
1,0,3,95,-15
1,0,3,96,-18
1,0,3,97,-21
1,0,3,98,3
1,0,3,99,6
1,0,3,100,9
1,0,3,101,12
1,0,3,102,15
1,0,3,103,18
1,0,3,104,21
1,0,3,105,-3
1,0,3,106,-6
1,0,3,107,-9
1,0,3,108,-12
1,0,3,109,-15
1,0,3,110,-18
1,0,3,111,-21
1,0,4,0,4
1,0,4,1,8
1,0,4,2,12
1,0,4,3,16
1,0,4,4,20
1,0,4,5,24
1,0,4,6,28
1,0,4,7,-4
1,0,4,8,-8
1,0,4,9,-12
1,0,4,10,-16
1,0,4,11,-20
1,0,4,12,-24
1,0,4,13,-28
1,0,4,14,4
1,0,4,15,8
1,0,4,16,12
1,0,4,17,16
1,0,4,18,20
1,0,4,19,24
1,0,4,20,28
1,0,4,21,-4
1,0,4,22,-8
1,0,4,23,-12
1,0,4,24,-16
1,0,4,25,-20
1,0,4,26,-24
1,0,4,27,-28
1,0,4,28,4
1,0,4,29,8
1,0,4,30,12
1,0,4,31,16
1,0,4,32,20
1,0,4,33,24
1,0,4,34,28
1,0,4,35,-4
1,0,4,36,-8
1,0,4,37,-12
1,0,4,38,-16
1,0,4,39,-20
1,0,4,40,-24
1,0,4,41,-28
1,0,4,42,4
1,0,4,43,8
1,0,4,44,12
1,0,4,45,16
1,0,4,46,20
1,0,4,47,24
1,0,4,48,28
1,0,4,49,-4
1,0,4,50,-8
1,0,4,51,-12
1,0,4,52,-16
1,0,4,53,-20
1,0,4,54,-24
1,0,4,55,-28
1,0,4,56,4
1,0,4,57,8
1,0,4,58,12
1,0,4,59,16
1,0,4,60,20
1,0,4,61,24
1,0,4,62,28
1,0,4,63,-4
1,0,4,64,-8
1,0,4,65,-12
1,0,4,66,-16
1,0,4,67,-20
1,0,4,68,-24
1,0,4,69,-28
1,0,4,70,4
1,0,4,71,8
1,0,4,72,12
1,0,4,73,16
1,0,4,74,20
1,0,4,75,24
1,0,4,76,28
1,0,4,77,-4
1,0,4,78,-8
1,0,4,79,-12
1,0,4,80,-16
1,0,4,81,-20
1,0,4,82,-24
1,0,4,83,-28
1,0,4,84,4
1,0,4,85,8
1,0,4,86,12
1,0,4,87,16
1,0,4,88,20
1,0,4,89,24
1,0,4,90,28
1,0,4,91,-4
1,0,4,92,-8
1,0,4,93,-12
1,0,4,94,-16
1,0,4,95,-20
1,0,4,96,-24
1,0,4,97,-28
1,0,4,98,4
1,0,4,99,8
1,0,4,100,12
1,0,4,101,16
1,0,4,102,20
1,0,4,103,24
1,0,4,104,28
1,0,4,105,-4
1,0,4,106,-8
1,0,4,107,-12
1,0,4,108,-16
1,0,4,109,-20
1,0,4,110,-24
1,0,4,111,-28
1,0,5,0,5
1,0,5,1,10
1,0,5,2,15
1,0,5,3,20
1,0,5,4,25
1,0,5,5,30
1,0,5,6,35
1,0,5,7,-5
1,0,5,8,-10
1,0,5,9,-15
1,0,5,10,-20
1,0,5,11,-25
1,0,5,12,-30
1,0,5,13,-35
1,0,5,14,5
1,0,5,15,10
1,0,5,16,15
1,0,5,17,20
1,0,5,18,25
1,0,5,19,30
1,0,5,20,35
1,0,5,21,-5
1,0,5,22,-10
1,0,5,23,-15
1,0,5,24,-20
1,0,5,25,-25
1,0,5,26,-30
1,0,5,27,-35
1,0,5,28,5
1,0,5,29,10
1,0,5,30,15
1,0,5,31,20
1,0,5,32,25
1,0,5,33,30
1,0,5,34,35
1,0,5,35,-5
1,0,5,36,-10
1,0,5,37,-15
1,0,5,38,-20
1,0,5,39,-25
1,0,5,40,-30
1,0,5,41,-35
1,0,5,42,5
1,0,5,43,10
1,0,5,44,15
1,0,5,45,20
1,0,5,46,25
1,0,5,47,30
1,0,5,48,35
1,0,5,49,-5
1,0,5,50,-10
1,0,5,51,-15
1,0,5,52,-20
1,0,5,53,-25
1,0,5,54,-30
1,0,5,55,-35
1,0,5,56,5
1,0,5,57,10
1,0,5,58,15
1,0,5,59,20
1,0,5,60,25
1,0,5,61,30
1,0,5,62,35
1,0,5,63,-5
1,0,5,64,-10
1,0,5,65,-15
1,0,5,66,-20
1,0,5,67,-25
1,0,5,68,-30
1,0,5,69,-35
1,0,5,70,5
1,0,5,71,10
1,0,5,72,15
1,0,5,73,20
1,0,5,74,25
1,0,5,75,30
1,0,5,76,35
1,0,5,77,-5
1,0,5,78,-10
1,0,5,79,-15
1,0,5,80,-20
1,0,5,81,-25
1,0,5,82,-30
1,0,5,83,-35
1,0,5,84,5
1,0,5,85,10
1,0,5,86,15
1,0,5,87,20
1,0,5,88,25
1,0,5,89,30
1,0,5,90,35
1,0,5,91,-5
1,0,5,92,-10
1,0,5,93,-15
1,0,5,94,-20
1,0,5,95,-25
1,0,5,96,-30
1,0,5,97,-35
1,0,5,98,5
1,0,5,99,10
1,0,5,100,15
1,0,5,101,20
1,0,5,102,25
1,0,5,103,30
1,0,5,104,35
1,0,5,105,-5
1,0,5,106,-10
1,0,5,107,-15
1,0,5,108,-20
1,0,5,109,-25
1,0,5,110,-30
1,0,5,111,-35
1,0,6,0,6
1,0,6,1,12
1,0,6,2,18
1,0,6,3,24
1,0,6,4,30
1,0,6,5,36
1,0,6,6,42
1,0,6,7,-6
1,0,6,8,-12
1,0,6,9,-18
1,0,6,10,-24
1,0,6,11,-30
1,0,6,12,-36
1,0,6,13,-42
1,0,6,14,6
1,0,6,15,12
1,0,6,16,18
1,0,6,17,24
1,0,6,18,30
1,0,6,19,36
1,0,6,20,42
1,0,6,21,-6
1,0,6,22,-12
1,0,6,23,-18
1,0,6,24,-24
1,0,6,25,-30
1,0,6,26,-36
1,0,6,27,-42
1,0,6,28,6
1,0,6,29,12
1,0,6,30,18
1,0,6,31,24
1,0,6,32,30
1,0,6,33,36
1,0,6,34,42
1,0,6,35,-6
1,0,6,36,-12
1,0,6,37,-18
1,0,6,38,-24
1,0,6,39,-30
1,0,6,40,-36
1,0,6,41,-42
1,0,6,42,6
1,0,6,43,12
1,0,6,44,18
1,0,6,45,24
1,0,6,46,30
1,0,6,47,36
1,0,6,48,42
1,0,6,49,-6
1,0,6,50,-12
1,0,6,51,-18
1,0,6,52,-24
1,0,6,53,-30
1,0,6,54,-36
1,0,6,55,-42
1,0,6,56,6
1,0,6,57,12
1,0,6,58,18
1,0,6,59,24
1,0,6,60,30
1,0,6,61,36
1,0,6,62,42
1,0,6,63,-6
1,0,6,64,-12
1,0,6,65,-18
1,0,6,66,-24
1,0,6,67,-30
1,0,6,68,-36
1,0,6,69,-42
1,0,6,70,6
1,0,6,71,12
1,0,6,72,18
1,0,6,73,24
1,0,6,74,30
1,0,6,75,36
1,0,6,76,42
1,0,6,77,-6
1,0,6,78,-12
1,0,6,79,-18
1,0,6,80,-24
1,0,6,81,-30
1,0,6,82,-36
1,0,6,83,-42
1,0,6,84,6
1,0,6,85,12
1,0,6,86,18
1,0,6,87,24
1,0,6,88,30
1,0,6,89,36
1,0,6,90,42
1,0,6,91,-6
1,0,6,92,-12
1,0,6,93,-18
1,0,6,94,-24
1,0,6,95,-30
1,0,6,96,-36
1,0,6,97,-42
1,0,6,98,6
1,0,6,99,12
1,0,6,100,18
1,0,6,101,24
1,0,6,102,30
1,0,6,103,36
1,0,6,104,42
1,0,6,105,-6
1,0,6,106,-12
1,0,6,107,-18
1,0,6,108,-24
1,0,6,109,-30
1,0,6,110,-36
1,0,6,111,-42
1,0,7,0,7
1,0,7,1,14
1,0,7,2,21
1,0,7,3,28
1,0,7,4,35
1,0,7,5,42
1,0,7,6,49
1,0,7,7,-7
1,0,7,8,-14
1,0,7,9,-21
1,0,7,10,-28
1,0,7,11,-35
1,0,7,12,-42
1,0,7,13,-49
1,0,7,14,7
1,0,7,15,14
1,0,7,16,21
1,0,7,17,28
1,0,7,18,35
1,0,7,19,42
1,0,7,20,49
1,0,7,21,-7
1,0,7,22,-14
1,0,7,23,-21
1,0,7,24,-28
1,0,7,25,-35
1,0,7,26,-42
1,0,7,27,-49
1,0,7,28,7
1,0,7,29,14
1,0,7,30,21
1,0,7,31,28
1,0,7,32,35
1,0,7,33,42
1,0,7,34,49
1,0,7,35,-7
1,0,7,36,-14
1,0,7,37,-21
1,0,7,38,-28
1,0,7,39,-35
1,0,7,40,-42
1,0,7,41,-49
1,0,7,42,7
1,0,7,43,14
1,0,7,44,21
1,0,7,45,28
1,0,7,46,35
1,0,7,47,42
1,0,7,48,49
1,0,7,49,-7
1,0,7,50,-14
1,0,7,51,-21
1,0,7,52,-28
1,0,7,53,-35
1,0,7,54,-42
1,0,7,55,-49
1,0,7,56,7
1,0,7,57,14
1,0,7,58,21
1,0,7,59,28
1,0,7,60,35
1,0,7,61,42
1,0,7,62,49
1,0,7,63,-7
1,0,7,64,-14
1,0,7,65,-21
1,0,7,66,-28
1,0,7,67,-35
1,0,7,68,-42
1,0,7,69,-49
1,0,7,70,7
1,0,7,71,14
1,0,7,72,21
1,0,7,73,28
1,0,7,74,35
1,0,7,75,42
1,0,7,76,49
1,0,7,77,-7
1,0,7,78,-14
1,0,7,79,-21
1,0,7,80,-28
1,0,7,81,-35
1,0,7,82,-42
1,0,7,83,-49
1,0,7,84,7
1,0,7,85,14
1,0,7,86,21
1,0,7,87,28
1,0,7,88,35
1,0,7,89,42
1,0,7,90,49
1,0,7,91,-7
1,0,7,92,-14
1,0,7,93,-21
1,0,7,94,-28
1,0,7,95,-35
1,0,7,96,-42
1,0,7,97,-49
1,0,7,98,7
1,0,7,99,14
1,0,7,100,21
1,0,7,101,28
1,0,7,102,35
1,0,7,103,42
1,0,7,104,49
1,0,7,105,-7
1,0,7,106,-14
1,0,7,107,-21
1,0,7,108,-28
1,0,7,109,-35
1,0,7,110,-42
1,0,7,111,-49
1,1,-8,0,-7
1,1,-8,1,-15
1,1,-8,2,-23
1,1,-8,3,-31
1,1,-8,4,-39
1,1,-8,5,-47
1,1,-8,6,-55
1,1,-8,7,9
1,1,-8,8,17
1,1,-8,9,25
1,1,-8,10,33
1,1,-8,11,41
1,1,-8,12,49
1,1,-8,13,57
1,1,-8,14,-6
1,1,-8,15,-14
1,1,-8,16,-22
1,1,-8,17,-30
1,1,-8,18,-38
1,1,-8,19,-46
1,1,-8,20,-54
1,1,-8,21,10
1,1,-8,22,18
1,1,-8,23,26
1,1,-8,24,34
1,1,-8,25,42
1,1,-8,26,50
1,1,-8,27,58
1,1,-8,28,-5
1,1,-8,29,-13
1,1,-8,30,-21
1,1,-8,31,-29
1,1,-8,32,-37
1,1,-8,33,-45
1,1,-8,34,-53
1,1,-8,35,11
1,1,-8,36,19
1,1,-8,37,27
1,1,-8,38,35
1,1,-8,39,43
1,1,-8,40,51
1,1,-8,41,59
1,1,-8,42,-4
1,1,-8,43,-12
1,1,-8,44,-20
1,1,-8,45,-28
1,1,-8,46,-36
1,1,-8,47,-44
1,1,-8,48,-52
1,1,-8,49,12
1,1,-8,50,20
1,1,-8,51,28
1,1,-8,52,36
1,1,-8,53,44
1,1,-8,54,52
1,1,-8,55,60
1,1,-8,56,-3
1,1,-8,57,-11
1,1,-8,58,-19
1,1,-8,59,-27
1,1,-8,60,-35
1,1,-8,61,-43
1,1,-8,62,-51
1,1,-8,63,13
1,1,-8,64,21
1,1,-8,65,29
1,1,-8,66,37
1,1,-8,67,45
1,1,-8,68,53
1,1,-8,69,61
1,1,-8,70,-2
1,1,-8,71,-10
1,1,-8,72,-18
1,1,-8,73,-26
1,1,-8,74,-34
1,1,-8,75,-42
1,1,-8,76,-50
1,1,-8,77,14
1,1,-8,78,22
1,1,-8,79,30
1,1,-8,80,38
1,1,-8,81,46
1,1,-8,82,54
1,1,-8,83,62
1,1,-8,84,-1
1,1,-8,85,-9
1,1,-8,86,-17
1,1,-8,87,-25
1,1,-8,88,-33
1,1,-8,89,-41
1,1,-8,90,-49
1,1,-8,91,15
1,1,-8,92,23
1,1,-8,93,31
1,1,-8,94,39
1,1,-8,95,47
1,1,-8,96,55
1,1,-8,97,63
1,1,-8,98,0
1,1,-8,99,-8
1,1,-8,100,-16
1,1,-8,101,-24
1,1,-8,102,-32
1,1,-8,103,-40
1,1,-8,104,-48
1,1,-8,105,16
1,1,-8,106,24
1,1,-8,107,32
1,1,-8,108,40
1,1,-8,109,48
1,1,-8,110,56
1,1,-8,111,64
1,1,-7,0,-6
1,1,-7,1,-13
1,1,-7,2,-20
1,1,-7,3,-27
1,1,-7,4,-34
1,1,-7,5,-41
1,1,-7,6,-48
1,1,-7,7,8
1,1,-7,8,15
1,1,-7,9,22
1,1,-7,10,29
1,1,-7,11,36
1,1,-7,12,43
1,1,-7,13,50
1,1,-7,14,-5
1,1,-7,15,-12
1,1,-7,16,-19
1,1,-7,17,-26
1,1,-7,18,-33
1,1,-7,19,-40
1,1,-7,20,-47
1,1,-7,21,9
1,1,-7,22,16
1,1,-7,23,23
1,1,-7,24,30
1,1,-7,25,37
1,1,-7,26,44
1,1,-7,27,51
1,1,-7,28,-4
1,1,-7,29,-11
1,1,-7,30,-18
1,1,-7,31,-25
1,1,-7,32,-32
1,1,-7,33,-39
1,1,-7,34,-46
1,1,-7,35,10
1,1,-7,36,17
1,1,-7,37,24
1,1,-7,38,31
1,1,-7,39,38
1,1,-7,40,45
1,1,-7,41,52
1,1,-7,42,-3
1,1,-7,43,-10
1,1,-7,44,-17
1,1,-7,45,-24
1,1,-7,46,-31
1,1,-7,47,-38
1,1,-7,48,-45
1,1,-7,49,11
1,1,-7,50,18
1,1,-7,51,25
1,1,-7,52,32
1,1,-7,53,39
1,1,-7,54,46
1,1,-7,55,53
1,1,-7,56,-2
1,1,-7,57,-9
1,1,-7,58,-16
1,1,-7,59,-23
1,1,-7,60,-30
1,1,-7,61,-37
1,1,-7,62,-44
1,1,-7,63,12
1,1,-7,64,19
1,1,-7,65,26
1,1,-7,66,33
1,1,-7,67,40
1,1,-7,68,47
1,1,-7,69,54
1,1,-7,70,-1
1,1,-7,71,-8
1,1,-7,72,-15
1,1,-7,73,-22
1,1,-7,74,-29
1,1,-7,75,-36
1,1,-7,76,-43
1,1,-7,77,13
1,1,-7,78,20
1,1,-7,79,27
1,1,-7,80,34
1,1,-7,81,41
1,1,-7,82,48
1,1,-7,83,55
1,1,-7,84,0
1,1,-7,85,-7
1,1,-7,86,-14
1,1,-7,87,-21
1,1,-7,88,-28
1,1,-7,89,-35
1,1,-7,90,-42
1,1,-7,91,14
1,1,-7,92,21
1,1,-7,93,28
1,1,-7,94,35
1,1,-7,95,42
1,1,-7,96,49
1,1,-7,97,56
1,1,-7,98,1
1,1,-7,99,-6
1,1,-7,100,-13
1,1,-7,101,-20
1,1,-7,102,-27
1,1,-7,103,-34
1,1,-7,104,-41
1,1,-7,105,15
1,1,-7,106,22
1,1,-7,107,29
1,1,-7,108,36
1,1,-7,109,43
1,1,-7,110,50
1,1,-7,111,57
1,1,-6,0,-5
1,1,-6,1,-11
1,1,-6,2,-17
1,1,-6,3,-23
1,1,-6,4,-29
1,1,-6,5,-35
1,1,-6,6,-41
1,1,-6,7,7
1,1,-6,8,13
1,1,-6,9,19
1,1,-6,10,25
1,1,-6,11,31
1,1,-6,12,37
1,1,-6,13,43
1,1,-6,14,-4
1,1,-6,15,-10
1,1,-6,16,-16
1,1,-6,17,-22
1,1,-6,18,-28
1,1,-6,19,-34
1,1,-6,20,-40
1,1,-6,21,8
1,1,-6,22,14
1,1,-6,23,20
1,1,-6,24,26
1,1,-6,25,32
1,1,-6,26,38
1,1,-6,27,44
1,1,-6,28,-3
1,1,-6,29,-9
1,1,-6,30,-15
1,1,-6,31,-21
1,1,-6,32,-27
1,1,-6,33,-33
1,1,-6,34,-39
1,1,-6,35,9
1,1,-6,36,15
1,1,-6,37,21
1,1,-6,38,27
1,1,-6,39,33
1,1,-6,40,39
1,1,-6,41,45
1,1,-6,42,-2
1,1,-6,43,-8
1,1,-6,44,-14
1,1,-6,45,-20
1,1,-6,46,-26
1,1,-6,47,-32
1,1,-6,48,-38
1,1,-6,49,10
1,1,-6,50,16
1,1,-6,51,22
1,1,-6,52,28
1,1,-6,53,34
1,1,-6,54,40
1,1,-6,55,46
1,1,-6,56,-1
1,1,-6,57,-7
1,1,-6,58,-13
1,1,-6,59,-19
1,1,-6,60,-25
1,1,-6,61,-31
1,1,-6,62,-37
1,1,-6,63,11
1,1,-6,64,17
1,1,-6,65,23
1,1,-6,66,29
1,1,-6,67,35
1,1,-6,68,41
1,1,-6,69,47
1,1,-6,70,0
1,1,-6,71,-6
1,1,-6,72,-12
1,1,-6,73,-18
1,1,-6,74,-24
1,1,-6,75,-30
1,1,-6,76,-36
1,1,-6,77,12
1,1,-6,78,18
1,1,-6,79,24
1,1,-6,80,30
1,1,-6,81,36
1,1,-6,82,42
1,1,-6,83,48
1,1,-6,84,1
1,1,-6,85,-5
1,1,-6,86,-11
1,1,-6,87,-17
1,1,-6,88,-23
1,1,-6,89,-29
1,1,-6,90,-35
1,1,-6,91,13
1,1,-6,92,19
1,1,-6,93,25
1,1,-6,94,31
1,1,-6,95,37
1,1,-6,96,43
1,1,-6,97,49
1,1,-6,98,2
1,1,-6,99,-4
1,1,-6,100,-10
1,1,-6,101,-16
1,1,-6,102,-22
1,1,-6,103,-28
1,1,-6,104,-34
1,1,-6,105,14
1,1,-6,106,20
1,1,-6,107,26
1,1,-6,108,32
1,1,-6,109,38
1,1,-6,110,44
1,1,-6,111,50
1,1,-5,0,-4
1,1,-5,1,-9
1,1,-5,2,-14
1,1,-5,3,-19
1,1,-5,4,-24
1,1,-5,5,-29
1,1,-5,6,-34
1,1,-5,7,6
1,1,-5,8,11
1,1,-5,9,16
1,1,-5,10,21
1,1,-5,11,26
1,1,-5,12,31
1,1,-5,13,36
1,1,-5,14,-3
1,1,-5,15,-8
1,1,-5,16,-13
1,1,-5,17,-18
1,1,-5,18,-23
1,1,-5,19,-28
1,1,-5,20,-33
1,1,-5,21,7
1,1,-5,22,12
1,1,-5,23,17
1,1,-5,24,22
1,1,-5,25,27
1,1,-5,26,32
1,1,-5,27,37
1,1,-5,28,-2
1,1,-5,29,-7
1,1,-5,30,-12
1,1,-5,31,-17
1,1,-5,32,-22
1,1,-5,33,-27
1,1,-5,34,-32
1,1,-5,35,8
1,1,-5,36,13
1,1,-5,37,18
1,1,-5,38,23
1,1,-5,39,28
1,1,-5,40,33
1,1,-5,41,38
1,1,-5,42,-1
1,1,-5,43,-6
1,1,-5,44,-11
1,1,-5,45,-16
1,1,-5,46,-21
1,1,-5,47,-26
1,1,-5,48,-31
1,1,-5,49,9
1,1,-5,50,14
1,1,-5,51,19
1,1,-5,52,24
1,1,-5,53,29
1,1,-5,54,34
1,1,-5,55,39
1,1,-5,56,0
1,1,-5,57,-5
1,1,-5,58,-10
1,1,-5,59,-15
1,1,-5,60,-20
1,1,-5,61,-25
1,1,-5,62,-30
1,1,-5,63,10
1,1,-5,64,15
1,1,-5,65,20
1,1,-5,66,25
1,1,-5,67,30
1,1,-5,68,35
1,1,-5,69,40
1,1,-5,70,1
1,1,-5,71,-4
1,1,-5,72,-9
1,1,-5,73,-14
1,1,-5,74,-19
1,1,-5,75,-24
1,1,-5,76,-29
1,1,-5,77,11
1,1,-5,78,16
1,1,-5,79,21
1,1,-5,80,26
1,1,-5,81,31
1,1,-5,82,36
1,1,-5,83,41
1,1,-5,84,2
1,1,-5,85,-3
1,1,-5,86,-8
1,1,-5,87,-13
1,1,-5,88,-18
1,1,-5,89,-23
1,1,-5,90,-28
1,1,-5,91,12
1,1,-5,92,17
1,1,-5,93,22
1,1,-5,94,27
1,1,-5,95,32
1,1,-5,96,37
1,1,-5,97,42
1,1,-5,98,3
1,1,-5,99,-2
1,1,-5,100,-7
1,1,-5,101,-12
1,1,-5,102,-17
1,1,-5,103,-22
1,1,-5,104,-27
1,1,-5,105,13
1,1,-5,106,18
1,1,-5,107,23
1,1,-5,108,28
1,1,-5,109,33
1,1,-5,110,38
1,1,-5,111,43
1,1,-4,0,-3
1,1,-4,1,-7
1,1,-4,2,-11
1,1,-4,3,-15
1,1,-4,4,-19
1,1,-4,5,-23
1,1,-4,6,-27
1,1,-4,7,5
1,1,-4,8,9
1,1,-4,9,13
1,1,-4,10,17
1,1,-4,11,21
1,1,-4,12,25
1,1,-4,13,29
1,1,-4,14,-2
1,1,-4,15,-6
1,1,-4,16,-10
1,1,-4,17,-14
1,1,-4,18,-18
1,1,-4,19,-22
1,1,-4,20,-26
1,1,-4,21,6
1,1,-4,22,10
1,1,-4,23,14
1,1,-4,24,18
1,1,-4,25,22
1,1,-4,26,26
1,1,-4,27,30
1,1,-4,28,-1
1,1,-4,29,-5
1,1,-4,30,-9
1,1,-4,31,-13
1,1,-4,32,-17
1,1,-4,33,-21
1,1,-4,34,-25
1,1,-4,35,7
1,1,-4,36,11
1,1,-4,37,15
1,1,-4,38,19
1,1,-4,39,23
1,1,-4,40,27
1,1,-4,41,31
1,1,-4,42,0
1,1,-4,43,-4
1,1,-4,44,-8
1,1,-4,45,-12
1,1,-4,46,-16
1,1,-4,47,-20
1,1,-4,48,-24
1,1,-4,49,8
1,1,-4,50,12
1,1,-4,51,16
1,1,-4,52,20
1,1,-4,53,24
1,1,-4,54,28
1,1,-4,55,32
1,1,-4,56,1
1,1,-4,57,-3
1,1,-4,58,-7
1,1,-4,59,-11
1,1,-4,60,-15
1,1,-4,61,-19
1,1,-4,62,-23
1,1,-4,63,9
1,1,-4,64,13
1,1,-4,65,17
1,1,-4,66,21
1,1,-4,67,25
1,1,-4,68,29
1,1,-4,69,33
1,1,-4,70,2
1,1,-4,71,-2
1,1,-4,72,-6
1,1,-4,73,-10
1,1,-4,74,-14
1,1,-4,75,-18
1,1,-4,76,-22
1,1,-4,77,10
1,1,-4,78,14
1,1,-4,79,18
1,1,-4,80,22
1,1,-4,81,26
1,1,-4,82,30
1,1,-4,83,34
1,1,-4,84,3
1,1,-4,85,-1
1,1,-4,86,-5
1,1,-4,87,-9
1,1,-4,88,-13
1,1,-4,89,-17
1,1,-4,90,-21
1,1,-4,91,11
1,1,-4,92,15
1,1,-4,93,19
1,1,-4,94,23
1,1,-4,95,27
1,1,-4,96,31
1,1,-4,97,35
1,1,-4,98,4
1,1,-4,99,0
1,1,-4,100,-4
1,1,-4,101,-8
1,1,-4,102,-12
1,1,-4,103,-16
1,1,-4,104,-20
1,1,-4,105,12
1,1,-4,106,16
1,1,-4,107,20
1,1,-4,108,24
1,1,-4,109,28
1,1,-4,110,32
1,1,-4,111,36
1,1,-3,0,-2
1,1,-3,1,-5
1,1,-3,2,-8
1,1,-3,3,-11
1,1,-3,4,-14
1,1,-3,5,-17
1,1,-3,6,-20
1,1,-3,7,4
1,1,-3,8,7
1,1,-3,9,10
1,1,-3,10,13
1,1,-3,11,16
1,1,-3,12,19
1,1,-3,13,22
1,1,-3,14,-1
1,1,-3,15,-4
1,1,-3,16,-7
1,1,-3,17,-10
1,1,-3,18,-13
1,1,-3,19,-16
1,1,-3,20,-19
1,1,-3,21,5
1,1,-3,22,8
1,1,-3,23,11
1,1,-3,24,14
1,1,-3,25,17
1,1,-3,26,20
1,1,-3,27,23
1,1,-3,28,0
1,1,-3,29,-3
1,1,-3,30,-6
1,1,-3,31,-9
1,1,-3,32,-12
1,1,-3,33,-15
1,1,-3,34,-18
1,1,-3,35,6
1,1,-3,36,9
1,1,-3,37,12
1,1,-3,38,15
1,1,-3,39,18
1,1,-3,40,21
1,1,-3,41,24
1,1,-3,42,1
1,1,-3,43,-2
1,1,-3,44,-5
1,1,-3,45,-8
1,1,-3,46,-11
1,1,-3,47,-14
1,1,-3,48,-17
1,1,-3,49,7
1,1,-3,50,10
1,1,-3,51,13
1,1,-3,52,16
1,1,-3,53,19
1,1,-3,54,22
1,1,-3,55,25
1,1,-3,56,2
1,1,-3,57,-1
1,1,-3,58,-4
1,1,-3,59,-7
1,1,-3,60,-10
1,1,-3,61,-13
1,1,-3,62,-16
1,1,-3,63,8
1,1,-3,64,11
1,1,-3,65,14
1,1,-3,66,17
1,1,-3,67,20
1,1,-3,68,23
1,1,-3,69,26
1,1,-3,70,3
1,1,-3,71,0
1,1,-3,72,-3
1,1,-3,73,-6
1,1,-3,74,-9
1,1,-3,75,-12
1,1,-3,76,-15
1,1,-3,77,9
1,1,-3,78,12
1,1,-3,79,15
1,1,-3,80,18
1,1,-3,81,21
1,1,-3,82,24
1,1,-3,83,27
1,1,-3,84,4
1,1,-3,85,1
1,1,-3,86,-2
1,1,-3,87,-5
1,1,-3,88,-8
1,1,-3,89,-11
1,1,-3,90,-14
1,1,-3,91,10
1,1,-3,92,13
1,1,-3,93,16
1,1,-3,94,19
1,1,-3,95,22
1,1,-3,96,25
1,1,-3,97,28
1,1,-3,98,5
1,1,-3,99,2
1,1,-3,100,-1
1,1,-3,101,-4
1,1,-3,102,-7
1,1,-3,103,-10
1,1,-3,104,-13
1,1,-3,105,11
1,1,-3,106,14
1,1,-3,107,17
1,1,-3,108,20
1,1,-3,109,23
1,1,-3,110,26
1,1,-3,111,29
1,1,-2,0,-1
1,1,-2,1,-3
1,1,-2,2,-5
1,1,-2,3,-7
1,1,-2,4,-9
1,1,-2,5,-11
1,1,-2,6,-13
1,1,-2,7,3
1,1,-2,8,5
1,1,-2,9,7
1,1,-2,10,9
1,1,-2,11,11
1,1,-2,12,13
1,1,-2,13,15
1,1,-2,14,0
1,1,-2,15,-2
1,1,-2,16,-4
1,1,-2,17,-6
1,1,-2,18,-8
1,1,-2,19,-10
1,1,-2,20,-12
1,1,-2,21,4
1,1,-2,22,6
1,1,-2,23,8
1,1,-2,24,10
1,1,-2,25,12
1,1,-2,26,14
1,1,-2,27,16
1,1,-2,28,1
1,1,-2,29,-1
1,1,-2,30,-3
1,1,-2,31,-5
1,1,-2,32,-7
1,1,-2,33,-9
1,1,-2,34,-11
1,1,-2,35,5
1,1,-2,36,7
1,1,-2,37,9
1,1,-2,38,11
1,1,-2,39,13
1,1,-2,40,15
1,1,-2,41,17
1,1,-2,42,2
1,1,-2,43,0
1,1,-2,44,-2
1,1,-2,45,-4
1,1,-2,46,-6
1,1,-2,47,-8
1,1,-2,48,-10
1,1,-2,49,6
1,1,-2,50,8
1,1,-2,51,10
1,1,-2,52,12
1,1,-2,53,14
1,1,-2,54,16
1,1,-2,55,18
1,1,-2,56,3
1,1,-2,57,1
1,1,-2,58,-1
1,1,-2,59,-3
1,1,-2,60,-5
1,1,-2,61,-7
1,1,-2,62,-9
1,1,-2,63,7
1,1,-2,64,9
1,1,-2,65,11
1,1,-2,66,13
1,1,-2,67,15
1,1,-2,68,17
1,1,-2,69,19
1,1,-2,70,4
1,1,-2,71,2
1,1,-2,72,0
1,1,-2,73,-2
1,1,-2,74,-4
1,1,-2,75,-6
1,1,-2,76,-8
1,1,-2,77,8
1,1,-2,78,10
1,1,-2,79,12
1,1,-2,80,14
1,1,-2,81,16
1,1,-2,82,18
1,1,-2,83,20
1,1,-2,84,5
1,1,-2,85,3
1,1,-2,86,1
1,1,-2,87,-1
1,1,-2,88,-3
1,1,-2,89,-5
1,1,-2,90,-7
1,1,-2,91,9
1,1,-2,92,11
1,1,-2,93,13
1,1,-2,94,15
1,1,-2,95,17
1,1,-2,96,19
1,1,-2,97,21
1,1,-2,98,6
1,1,-2,99,4
1,1,-2,100,2
1,1,-2,101,0
1,1,-2,102,-2
1,1,-2,103,-4
1,1,-2,104,-6
1,1,-2,105,10
1,1,-2,106,12
1,1,-2,107,14
1,1,-2,108,16
1,1,-2,109,18
1,1,-2,110,20
1,1,-2,111,22
1,1,-1,0,0
1,1,-1,1,-1
1,1,-1,2,-2
1,1,-1,3,-3
1,1,-1,4,-4
1,1,-1,5,-5
1,1,-1,6,-6
1,1,-1,7,2
1,1,-1,8,3
1,1,-1,9,4
1,1,-1,10,5
1,1,-1,11,6
1,1,-1,12,7
1,1,-1,13,8
1,1,-1,14,1
1,1,-1,15,0
1,1,-1,16,-1
1,1,-1,17,-2
1,1,-1,18,-3
1,1,-1,19,-4
1,1,-1,20,-5
1,1,-1,21,3
1,1,-1,22,4
1,1,-1,23,5
1,1,-1,24,6
1,1,-1,25,7
1,1,-1,26,8
1,1,-1,27,9
1,1,-1,28,2
1,1,-1,29,1
1,1,-1,30,0
1,1,-1,31,-1
1,1,-1,32,-2
1,1,-1,33,-3
1,1,-1,34,-4
1,1,-1,35,4
1,1,-1,36,5
1,1,-1,37,6
1,1,-1,38,7
1,1,-1,39,8
1,1,-1,40,9
1,1,-1,41,10
1,1,-1,42,3
1,1,-1,43,2
1,1,-1,44,1
1,1,-1,45,0
1,1,-1,46,-1
1,1,-1,47,-2
1,1,-1,48,-3
1,1,-1,49,5
1,1,-1,50,6
1,1,-1,51,7
1,1,-1,52,8
1,1,-1,53,9
1,1,-1,54,10
1,1,-1,55,11
1,1,-1,56,4
1,1,-1,57,3
1,1,-1,58,2
1,1,-1,59,1
1,1,-1,60,0
1,1,-1,61,-1
1,1,-1,62,-2
1,1,-1,63,6
1,1,-1,64,7
1,1,-1,65,8
1,1,-1,66,9
1,1,-1,67,10
1,1,-1,68,11
1,1,-1,69,12
1,1,-1,70,5
1,1,-1,71,4
1,1,-1,72,3
1,1,-1,73,2
1,1,-1,74,1
1,1,-1,75,0
1,1,-1,76,-1
1,1,-1,77,7
1,1,-1,78,8
1,1,-1,79,9
1,1,-1,80,10
1,1,-1,81,11
1,1,-1,82,12
1,1,-1,83,13
1,1,-1,84,6
1,1,-1,85,5
1,1,-1,86,4
1,1,-1,87,3
1,1,-1,88,2
1,1,-1,89,1
1,1,-1,90,0
1,1,-1,91,8
1,1,-1,92,9
1,1,-1,93,10
1,1,-1,94,11
1,1,-1,95,12
1,1,-1,96,13
1,1,-1,97,14
1,1,-1,98,7
1,1,-1,99,6
1,1,-1,100,5
1,1,-1,101,4
1,1,-1,102,3
1,1,-1,103,2
1,1,-1,104,1
1,1,-1,105,9
1,1,-1,106,10
1,1,-1,107,11
1,1,-1,108,12
1,1,-1,109,13
1,1,-1,110,14
1,1,-1,111,15
1,1,0,0,1
1,1,0,1,1
1,1,0,2,1
1,1,0,3,1
1,1,0,4,1
1,1,0,5,1
1,1,0,6,1
1,1,0,7,1
1,1,0,8,1
1,1,0,9,1
1,1,0,10,1
1,1,0,11,1
1,1,0,12,1
1,1,0,13,1
1,1,0,14,2
1,1,0,15,2
1,1,0,16,2
1,1,0,17,2
1,1,0,18,2
1,1,0,19,2
1,1,0,20,2
1,1,0,21,2
1,1,0,22,2
1,1,0,23,2
1,1,0,24,2
1,1,0,25,2
1,1,0,26,2
1,1,0,27,2
1,1,0,28,3
1,1,0,29,3
1,1,0,30,3
1,1,0,31,3
1,1,0,32,3
1,1,0,33,3
1,1,0,34,3
1,1,0,35,3
1,1,0,36,3
1,1,0,37,3
1,1,0,38,3
1,1,0,39,3
1,1,0,40,3
1,1,0,41,3
1,1,0,42,4
1,1,0,43,4
1,1,0,44,4
1,1,0,45,4
1,1,0,46,4
1,1,0,47,4
1,1,0,48,4
1,1,0,49,4
1,1,0,50,4
1,1,0,51,4
1,1,0,52,4
1,1,0,53,4
1,1,0,54,4
1,1,0,55,4
1,1,0,56,5
1,1,0,57,5
1,1,0,58,5
1,1,0,59,5
1,1,0,60,5
1,1,0,61,5
1,1,0,62,5
1,1,0,63,5
1,1,0,64,5
1,1,0,65,5
1,1,0,66,5
1,1,0,67,5
1,1,0,68,5
1,1,0,69,5
1,1,0,70,6
1,1,0,71,6
1,1,0,72,6
1,1,0,73,6
1,1,0,74,6
1,1,0,75,6
1,1,0,76,6
1,1,0,77,6
1,1,0,78,6
1,1,0,79,6
1,1,0,80,6
1,1,0,81,6
1,1,0,82,6
1,1,0,83,6
1,1,0,84,7
1,1,0,85,7
1,1,0,86,7
1,1,0,87,7
1,1,0,88,7
1,1,0,89,7
1,1,0,90,7
1,1,0,91,7
1,1,0,92,7
1,1,0,93,7
1,1,0,94,7
1,1,0,95,7
1,1,0,96,7
1,1,0,97,7
1,1,0,98,8
1,1,0,99,8
1,1,0,100,8
1,1,0,101,8
1,1,0,102,8
1,1,0,103,8
1,1,0,104,8
1,1,0,105,8
1,1,0,106,8
1,1,0,107,8
1,1,0,108,8
1,1,0,109,8
1,1,0,110,8
1,1,0,111,8
1,1,1,0,2
1,1,1,1,3
1,1,1,2,4
1,1,1,3,5
1,1,1,4,6
1,1,1,5,7
1,1,1,6,8
1,1,1,7,0
1,1,1,8,-1
1,1,1,9,-2
1,1,1,10,-3
1,1,1,11,-4
1,1,1,12,-5
1,1,1,13,-6
1,1,1,14,3
1,1,1,15,4
1,1,1,16,5
1,1,1,17,6
1,1,1,18,7
1,1,1,19,8
1,1,1,20,9
1,1,1,21,1
1,1,1,22,0
1,1,1,23,-1
1,1,1,24,-2
1,1,1,25,-3
1,1,1,26,-4
1,1,1,27,-5
1,1,1,28,4
1,1,1,29,5
1,1,1,30,6
1,1,1,31,7
1,1,1,32,8
1,1,1,33,9
1,1,1,34,10
1,1,1,35,2
1,1,1,36,1
1,1,1,37,0
1,1,1,38,-1
1,1,1,39,-2
1,1,1,40,-3
1,1,1,41,-4
1,1,1,42,5
1,1,1,43,6
1,1,1,44,7
1,1,1,45,8
1,1,1,46,9
1,1,1,47,10
1,1,1,48,11
1,1,1,49,3
1,1,1,50,2
1,1,1,51,1
1,1,1,52,0
1,1,1,53,-1
1,1,1,54,-2
1,1,1,55,-3
1,1,1,56,6
1,1,1,57,7
1,1,1,58,8
1,1,1,59,9
1,1,1,60,10
1,1,1,61,11
1,1,1,62,12
1,1,1,63,4
1,1,1,64,3
1,1,1,65,2
1,1,1,66,1
1,1,1,67,0
1,1,1,68,-1
1,1,1,69,-2
1,1,1,70,7
1,1,1,71,8
1,1,1,72,9
1,1,1,73,10
1,1,1,74,11
1,1,1,75,12
1,1,1,76,13
1,1,1,77,5
1,1,1,78,4
1,1,1,79,3
1,1,1,80,2
1,1,1,81,1
1,1,1,82,0
1,1,1,83,-1
1,1,1,84,8
1,1,1,85,9
1,1,1,86,10
1,1,1,87,11
1,1,1,88,12
1,1,1,89,13
1,1,1,90,14
1,1,1,91,6
1,1,1,92,5
1,1,1,93,4
1,1,1,94,3
1,1,1,95,2
1,1,1,96,1
1,1,1,97,0
1,1,1,98,9
1,1,1,99,10
1,1,1,100,11
1,1,1,101,12
1,1,1,102,13
1,1,1,103,14
1,1,1,104,15
1,1,1,105,7
1,1,1,106,6
1,1,1,107,5
1,1,1,108,4
1,1,1,109,3
1,1,1,110,2
1,1,1,111,1
1,1,2,0,3
1,1,2,1,5
1,1,2,2,7
1,1,2,3,9
1,1,2,4,11
1,1,2,5,13
1,1,2,6,15
1,1,2,7,-1
1,1,2,8,-3
1,1,2,9,-5
1,1,2,10,-7
1,1,2,11,-9
1,1,2,12,-11
1,1,2,13,-13
1,1,2,14,4
1,1,2,15,6
1,1,2,16,8
1,1,2,17,10
1,1,2,18,12
1,1,2,19,14
1,1,2,20,16
1,1,2,21,0
1,1,2,22,-2
1,1,2,23,-4
1,1,2,24,-6
1,1,2,25,-8
1,1,2,26,-10
1,1,2,27,-12
1,1,2,28,5
1,1,2,29,7
1,1,2,30,9
1,1,2,31,11
1,1,2,32,13
1,1,2,33,15
1,1,2,34,17
1,1,2,35,1
1,1,2,36,-1
1,1,2,37,-3
1,1,2,38,-5
1,1,2,39,-7
1,1,2,40,-9
1,1,2,41,-11
1,1,2,42,6
1,1,2,43,8
1,1,2,44,10
1,1,2,45,12
1,1,2,46,14
1,1,2,47,16
1,1,2,48,18
1,1,2,49,2
1,1,2,50,0
1,1,2,51,-2
1,1,2,52,-4
1,1,2,53,-6
1,1,2,54,-8
1,1,2,55,-10
1,1,2,56,7
1,1,2,57,9
1,1,2,58,11
1,1,2,59,13
1,1,2,60,15
1,1,2,61,17
1,1,2,62,19
1,1,2,63,3
1,1,2,64,1
1,1,2,65,-1
1,1,2,66,-3
1,1,2,67,-5
1,1,2,68,-7
1,1,2,69,-9
1,1,2,70,8
1,1,2,71,10
1,1,2,72,12
1,1,2,73,14
1,1,2,74,16
1,1,2,75,18
1,1,2,76,20
1,1,2,77,4
1,1,2,78,2
1,1,2,79,0
1,1,2,80,-2
1,1,2,81,-4
1,1,2,82,-6
1,1,2,83,-8
1,1,2,84,9
1,1,2,85,11
1,1,2,86,13
1,1,2,87,15
1,1,2,88,17
1,1,2,89,19
1,1,2,90,21
1,1,2,91,5
1,1,2,92,3
1,1,2,93,1
1,1,2,94,-1
1,1,2,95,-3
1,1,2,96,-5
1,1,2,97,-7
1,1,2,98,10
1,1,2,99,12
1,1,2,100,14
1,1,2,101,16
1,1,2,102,18
1,1,2,103,20
1,1,2,104,22
1,1,2,105,6
1,1,2,106,4
1,1,2,107,2
1,1,2,108,0
1,1,2,109,-2
1,1,2,110,-4
1,1,2,111,-6
1,1,3,0,4
1,1,3,1,7
1,1,3,2,10
1,1,3,3,13
1,1,3,4,16
1,1,3,5,19
1,1,3,6,22
1,1,3,7,-2
1,1,3,8,-5
1,1,3,9,-8
1,1,3,10,-11
1,1,3,11,-14
1,1,3,12,-17
1,1,3,13,-20
1,1,3,14,5
1,1,3,15,8
1,1,3,16,11
1,1,3,17,14
1,1,3,18,17
1,1,3,19,20
1,1,3,20,23
1,1,3,21,-1
1,1,3,22,-4
1,1,3,23,-7
1,1,3,24,-10
1,1,3,25,-13
1,1,3,26,-16
1,1,3,27,-19
1,1,3,28,6
1,1,3,29,9
1,1,3,30,12
1,1,3,31,15
1,1,3,32,18
1,1,3,33,21
1,1,3,34,24
1,1,3,35,0
1,1,3,36,-3
1,1,3,37,-6
1,1,3,38,-9
1,1,3,39,-12
1,1,3,40,-15
1,1,3,41,-18
1,1,3,42,7
1,1,3,43,10
1,1,3,44,13
1,1,3,45,16
1,1,3,46,19
1,1,3,47,22
1,1,3,48,25
1,1,3,49,1
1,1,3,50,-2
1,1,3,51,-5
1,1,3,52,-8
1,1,3,53,-11
1,1,3,54,-14
1,1,3,55,-17
1,1,3,56,8
1,1,3,57,11
1,1,3,58,14
1,1,3,59,17
1,1,3,60,20
1,1,3,61,23
1,1,3,62,26
1,1,3,63,2
1,1,3,64,-1
1,1,3,65,-4
1,1,3,66,-7
1,1,3,67,-10
1,1,3,68,-13
1,1,3,69,-16
1,1,3,70,9
1,1,3,71,12
1,1,3,72,15
1,1,3,73,18
1,1,3,74,21
1,1,3,75,24
1,1,3,76,27
1,1,3,77,3
1,1,3,78,0
1,1,3,79,-3
1,1,3,80,-6
1,1,3,81,-9
1,1,3,82,-12
1,1,3,83,-15
1,1,3,84,10
1,1,3,85,13
1,1,3,86,16
1,1,3,87,19
1,1,3,88,22
1,1,3,89,25
1,1,3,90,28
1,1,3,91,4
1,1,3,92,1
1,1,3,93,-2
1,1,3,94,-5
1,1,3,95,-8
1,1,3,96,-11
1,1,3,97,-14
1,1,3,98,11
1,1,3,99,14
1,1,3,100,17
1,1,3,101,20
1,1,3,102,23
1,1,3,103,26
1,1,3,104,29
1,1,3,105,5
1,1,3,106,2
1,1,3,107,-1
1,1,3,108,-4
1,1,3,109,-7
1,1,3,110,-10
1,1,3,111,-13
1,1,4,0,5
1,1,4,1,9
1,1,4,2,13
1,1,4,3,17
1,1,4,4,21
1,1,4,5,25
1,1,4,6,29
1,1,4,7,-3
1,1,4,8,-7
1,1,4,9,-11
1,1,4,10,-15
1,1,4,11,-19
1,1,4,12,-23
1,1,4,13,-27
1,1,4,14,6
1,1,4,15,10
1,1,4,16,14
1,1,4,17,18
1,1,4,18,22
1,1,4,19,26
1,1,4,20,30
1,1,4,21,-2
1,1,4,22,-6
1,1,4,23,-10
1,1,4,24,-14
1,1,4,25,-18
1,1,4,26,-22
1,1,4,27,-26
1,1,4,28,7
1,1,4,29,11
1,1,4,30,15
1,1,4,31,19
1,1,4,32,23
1,1,4,33,27
1,1,4,34,31
1,1,4,35,-1
1,1,4,36,-5
1,1,4,37,-9
1,1,4,38,-13
1,1,4,39,-17
1,1,4,40,-21
1,1,4,41,-25
1,1,4,42,8
1,1,4,43,12
1,1,4,44,16
1,1,4,45,20
1,1,4,46,24
1,1,4,47,28
1,1,4,48,32
1,1,4,49,0
1,1,4,50,-4
1,1,4,51,-8
1,1,4,52,-12
1,1,4,53,-16
1,1,4,54,-20
1,1,4,55,-24
1,1,4,56,9
1,1,4,57,13
1,1,4,58,17
1,1,4,59,21
1,1,4,60,25
1,1,4,61,29
1,1,4,62,33
1,1,4,63,1
1,1,4,64,-3
1,1,4,65,-7
1,1,4,66,-11
1,1,4,67,-15
1,1,4,68,-19
1,1,4,69,-23
1,1,4,70,10
1,1,4,71,14
1,1,4,72,18
1,1,4,73,22
1,1,4,74,26
1,1,4,75,30
1,1,4,76,34
1,1,4,77,2
1,1,4,78,-2
1,1,4,79,-6
1,1,4,80,-10
1,1,4,81,-14
1,1,4,82,-18
1,1,4,83,-22
1,1,4,84,11
1,1,4,85,15
1,1,4,86,19
1,1,4,87,23
1,1,4,88,27
1,1,4,89,31
1,1,4,90,35
1,1,4,91,3
1,1,4,92,-1
1,1,4,93,-5
1,1,4,94,-9
1,1,4,95,-13
1,1,4,96,-17
1,1,4,97,-21
1,1,4,98,12
1,1,4,99,16
1,1,4,100,20
1,1,4,101,24
1,1,4,102,28
1,1,4,103,32
1,1,4,104,36
1,1,4,105,4
1,1,4,106,0
1,1,4,107,-4
1,1,4,108,-8
1,1,4,109,-12
1,1,4,110,-16
1,1,4,111,-20
1,1,5,0,6
1,1,5,1,11
1,1,5,2,16
1,1,5,3,21
1,1,5,4,26
1,1,5,5,31
1,1,5,6,36
1,1,5,7,-4
1,1,5,8,-9
1,1,5,9,-14
1,1,5,10,-19
1,1,5,11,-24
1,1,5,12,-29
1,1,5,13,-34
1,1,5,14,7
1,1,5,15,12
1,1,5,16,17
1,1,5,17,22
1,1,5,18,27
1,1,5,19,32
1,1,5,20,37
1,1,5,21,-3
1,1,5,22,-8
1,1,5,23,-13
1,1,5,24,-18
1,1,5,25,-23
1,1,5,26,-28
1,1,5,27,-33
1,1,5,28,8
1,1,5,29,13
1,1,5,30,18
1,1,5,31,23
1,1,5,32,28
1,1,5,33,33
1,1,5,34,38
1,1,5,35,-2
1,1,5,36,-7
1,1,5,37,-12
1,1,5,38,-17
1,1,5,39,-22
1,1,5,40,-27
1,1,5,41,-32
1,1,5,42,9
1,1,5,43,14
1,1,5,44,19
1,1,5,45,24
1,1,5,46,29
1,1,5,47,34
1,1,5,48,39
1,1,5,49,-1
1,1,5,50,-6
1,1,5,51,-11
1,1,5,52,-16
1,1,5,53,-21
1,1,5,54,-26
1,1,5,55,-31
1,1,5,56,10
1,1,5,57,15
1,1,5,58,20
1,1,5,59,25
1,1,5,60,30
1,1,5,61,35
1,1,5,62,40
1,1,5,63,0
1,1,5,64,-5
1,1,5,65,-10
1,1,5,66,-15
1,1,5,67,-20
1,1,5,68,-25
1,1,5,69,-30
1,1,5,70,11
1,1,5,71,16
1,1,5,72,21
1,1,5,73,26
1,1,5,74,31
1,1,5,75,36
1,1,5,76,41
1,1,5,77,1
1,1,5,78,-4
1,1,5,79,-9
1,1,5,80,-14
1,1,5,81,-19
1,1,5,82,-24
1,1,5,83,-29
1,1,5,84,12
1,1,5,85,17
1,1,5,86,22
1,1,5,87,27
1,1,5,88,32
1,1,5,89,37
1,1,5,90,42
1,1,5,91,2
1,1,5,92,-3
1,1,5,93,-8
1,1,5,94,-13
1,1,5,95,-18
1,1,5,96,-23
1,1,5,97,-28
1,1,5,98,13
1,1,5,99,18
1,1,5,100,23
1,1,5,101,28
1,1,5,102,33
1,1,5,103,38
1,1,5,104,43
1,1,5,105,3
1,1,5,106,-2
1,1,5,107,-7
1,1,5,108,-12
1,1,5,109,-17
1,1,5,110,-22
1,1,5,111,-27
1,1,6,0,7
1,1,6,1,13
1,1,6,2,19
1,1,6,3,25
1,1,6,4,31
1,1,6,5,37
1,1,6,6,43
1,1,6,7,-5
1,1,6,8,-11
1,1,6,9,-17
1,1,6,10,-23
1,1,6,11,-29
1,1,6,12,-35
1,1,6,13,-41
1,1,6,14,8
1,1,6,15,14
1,1,6,16,20
1,1,6,17,26
1,1,6,18,32
1,1,6,19,38
1,1,6,20,44
1,1,6,21,-4
1,1,6,22,-10
1,1,6,23,-16
1,1,6,24,-22
1,1,6,25,-28
1,1,6,26,-34
1,1,6,27,-40
1,1,6,28,9
1,1,6,29,15
1,1,6,30,21
1,1,6,31,27
1,1,6,32,33
1,1,6,33,39
1,1,6,34,45
1,1,6,35,-3
1,1,6,36,-9
1,1,6,37,-15
1,1,6,38,-21
1,1,6,39,-27
1,1,6,40,-33
1,1,6,41,-39
1,1,6,42,10
1,1,6,43,16
1,1,6,44,22
1,1,6,45,28
1,1,6,46,34
1,1,6,47,40
1,1,6,48,46
1,1,6,49,-2
1,1,6,50,-8
1,1,6,51,-14
1,1,6,52,-20
1,1,6,53,-26
1,1,6,54,-32
1,1,6,55,-38
1,1,6,56,11
1,1,6,57,17
1,1,6,58,23
1,1,6,59,29
1,1,6,60,35
1,1,6,61,41
1,1,6,62,47
1,1,6,63,-1
1,1,6,64,-7
1,1,6,65,-13
1,1,6,66,-19
1,1,6,67,-25
1,1,6,68,-31
1,1,6,69,-37
1,1,6,70,12
1,1,6,71,18
1,1,6,72,24
1,1,6,73,30
1,1,6,74,36
1,1,6,75,42
1,1,6,76,48
1,1,6,77,0
1,1,6,78,-6
1,1,6,79,-12
1,1,6,80,-18
1,1,6,81,-24
1,1,6,82,-30
1,1,6,83,-36
1,1,6,84,13
1,1,6,85,19
1,1,6,86,25
1,1,6,87,31
1,1,6,88,37
1,1,6,89,43
1,1,6,90,49
1,1,6,91,1
1,1,6,92,-5
1,1,6,93,-11
1,1,6,94,-17
1,1,6,95,-23
1,1,6,96,-29
1,1,6,97,-35
1,1,6,98,14
1,1,6,99,20
1,1,6,100,26
1,1,6,101,32
1,1,6,102,38
1,1,6,103,44
1,1,6,104,50
1,1,6,105,2
1,1,6,106,-4
1,1,6,107,-10
1,1,6,108,-16
1,1,6,109,-22
1,1,6,110,-28
1,1,6,111,-34
1,1,7,0,8
1,1,7,1,15
1,1,7,2,22
1,1,7,3,29
1,1,7,4,36
1,1,7,5,43
1,1,7,6,50
1,1,7,7,-6
1,1,7,8,-13
1,1,7,9,-20
1,1,7,10,-27
1,1,7,11,-34
1,1,7,12,-41
1,1,7,13,-48
1,1,7,14,9
1,1,7,15,16
1,1,7,16,23
1,1,7,17,30
1,1,7,18,37
1,1,7,19,44
1,1,7,20,51
1,1,7,21,-5
1,1,7,22,-12
1,1,7,23,-19
1,1,7,24,-26
1,1,7,25,-33
1,1,7,26,-40
1,1,7,27,-47
1,1,7,28,10
1,1,7,29,17
1,1,7,30,24
1,1,7,31,31
1,1,7,32,38
1,1,7,33,45
1,1,7,34,52
1,1,7,35,-4
1,1,7,36,-11
1,1,7,37,-18
1,1,7,38,-25
1,1,7,39,-32
1,1,7,40,-39
1,1,7,41,-46
1,1,7,42,11
1,1,7,43,18
1,1,7,44,25
1,1,7,45,32
1,1,7,46,39
1,1,7,47,46
1,1,7,48,53
1,1,7,49,-3
1,1,7,50,-10
1,1,7,51,-17
1,1,7,52,-24
1,1,7,53,-31
1,1,7,54,-38
1,1,7,55,-45
1,1,7,56,12
1,1,7,57,19
1,1,7,58,26
1,1,7,59,33
1,1,7,60,40
1,1,7,61,47
1,1,7,62,54
1,1,7,63,-2
1,1,7,64,-9
1,1,7,65,-16
1,1,7,66,-23
1,1,7,67,-30
1,1,7,68,-37
1,1,7,69,-44
1,1,7,70,13
1,1,7,71,20
1,1,7,72,27
1,1,7,73,34
1,1,7,74,41
1,1,7,75,48
1,1,7,76,55
1,1,7,77,-1
1,1,7,78,-8
1,1,7,79,-15
1,1,7,80,-22
1,1,7,81,-29
1,1,7,82,-36
1,1,7,83,-43
1,1,7,84,14
1,1,7,85,21
1,1,7,86,28
1,1,7,87,35
1,1,7,88,42
1,1,7,89,49
1,1,7,90,56
1,1,7,91,0
1,1,7,92,-7
1,1,7,93,-14
1,1,7,94,-21
1,1,7,95,-28
1,1,7,96,-35
1,1,7,97,-42
1,1,7,98,15
1,1,7,99,22
1,1,7,100,29
1,1,7,101,36
1,1,7,102,43
1,1,7,103,50
1,1,7,104,57
1,1,7,105,1
1,1,7,106,-6
1,1,7,107,-13
1,1,7,108,-20
1,1,7,109,-27
1,1,7,110,-34
1,1,7,111,-41
1,2,-8,0,-6
1,2,-8,1,-14
1,2,-8,2,-22
1,2,-8,3,-30
1,2,-8,4,-38
1,2,-8,5,-46
1,2,-8,6,-54
1,2,-8,7,10
1,2,-8,8,18
1,2,-8,9,26
1,2,-8,10,34
1,2,-8,11,42
1,2,-8,12,50
1,2,-8,13,58
1,2,-8,14,-4
1,2,-8,15,-12
1,2,-8,16,-20
1,2,-8,17,-28
1,2,-8,18,-36
1,2,-8,19,-44
1,2,-8,20,-52
1,2,-8,21,12
1,2,-8,22,20
1,2,-8,23,28
1,2,-8,24,36
1,2,-8,25,44
1,2,-8,26,52
1,2,-8,27,60
1,2,-8,28,-2
1,2,-8,29,-10
1,2,-8,30,-18
1,2,-8,31,-26
1,2,-8,32,-34
1,2,-8,33,-42
1,2,-8,34,-50
1,2,-8,35,14
1,2,-8,36,22
1,2,-8,37,30
1,2,-8,38,38
1,2,-8,39,46
1,2,-8,40,54
1,2,-8,41,62
1,2,-8,42,0
1,2,-8,43,-8
1,2,-8,44,-16
1,2,-8,45,-24
1,2,-8,46,-32
1,2,-8,47,-40
1,2,-8,48,-48
1,2,-8,49,16
1,2,-8,50,24
1,2,-8,51,32
1,2,-8,52,40
1,2,-8,53,48
1,2,-8,54,56
1,2,-8,55,64
1,2,-8,56,2
1,2,-8,57,-6
1,2,-8,58,-14
1,2,-8,59,-22
1,2,-8,60,-30
1,2,-8,61,-38
1,2,-8,62,-46
1,2,-8,63,18
1,2,-8,64,26
1,2,-8,65,34
1,2,-8,66,42
1,2,-8,67,50
1,2,-8,68,58
1,2,-8,69,66
1,2,-8,70,4
1,2,-8,71,-4
1,2,-8,72,-12
1,2,-8,73,-20
1,2,-8,74,-28
1,2,-8,75,-36
1,2,-8,76,-44
1,2,-8,77,20
1,2,-8,78,28
1,2,-8,79,36
1,2,-8,80,44
1,2,-8,81,52
1,2,-8,82,60
1,2,-8,83,68
1,2,-8,84,6
1,2,-8,85,-2
1,2,-8,86,-10
1,2,-8,87,-18
1,2,-8,88,-26
1,2,-8,89,-34
1,2,-8,90,-42
1,2,-8,91,22
1,2,-8,92,30
1,2,-8,93,38
1,2,-8,94,46
1,2,-8,95,54
1,2,-8,96,62
1,2,-8,97,70
1,2,-8,98,8
1,2,-8,99,0
1,2,-8,100,-8
1,2,-8,101,-16
1,2,-8,102,-24
1,2,-8,103,-32
1,2,-8,104,-40
1,2,-8,105,24
1,2,-8,106,32
1,2,-8,107,40
1,2,-8,108,48
1,2,-8,109,56
1,2,-8,110,64
1,2,-8,111,72
1,2,-7,0,-5
1,2,-7,1,-12
1,2,-7,2,-19
1,2,-7,3,-26
1,2,-7,4,-33
1,2,-7,5,-40
1,2,-7,6,-47
1,2,-7,7,9
1,2,-7,8,16
1,2,-7,9,23
1,2,-7,10,30
1,2,-7,11,37
1,2,-7,12,44
1,2,-7,13,51
1,2,-7,14,-3
1,2,-7,15,-10
1,2,-7,16,-17
1,2,-7,17,-24
1,2,-7,18,-31
1,2,-7,19,-38
1,2,-7,20,-45
1,2,-7,21,11
1,2,-7,22,18
1,2,-7,23,25
1,2,-7,24,32
1,2,-7,25,39
1,2,-7,26,46
1,2,-7,27,53
1,2,-7,28,-1
1,2,-7,29,-8
1,2,-7,30,-15
1,2,-7,31,-22
1,2,-7,32,-29
1,2,-7,33,-36
1,2,-7,34,-43
1,2,-7,35,13
1,2,-7,36,20
1,2,-7,37,27
1,2,-7,38,34
1,2,-7,39,41
1,2,-7,40,48
1,2,-7,41,55
1,2,-7,42,1
1,2,-7,43,-6
1,2,-7,44,-13
1,2,-7,45,-20
1,2,-7,46,-27
1,2,-7,47,-34
1,2,-7,48,-41
1,2,-7,49,15
1,2,-7,50,22
1,2,-7,51,29
1,2,-7,52,36
1,2,-7,53,43
1,2,-7,54,50
1,2,-7,55,57
1,2,-7,56,3
1,2,-7,57,-4
1,2,-7,58,-11
1,2,-7,59,-18
1,2,-7,60,-25
1,2,-7,61,-32
1,2,-7,62,-39
1,2,-7,63,17
1,2,-7,64,24
1,2,-7,65,31
1,2,-7,66,38
1,2,-7,67,45
1,2,-7,68,52
1,2,-7,69,59
1,2,-7,70,5
1,2,-7,71,-2
1,2,-7,72,-9
1,2,-7,73,-16
1,2,-7,74,-23
1,2,-7,75,-30
1,2,-7,76,-37
1,2,-7,77,19
1,2,-7,78,26
1,2,-7,79,33
1,2,-7,80,40
1,2,-7,81,47
1,2,-7,82,54
1,2,-7,83,61
1,2,-7,84,7
1,2,-7,85,0
1,2,-7,86,-7
1,2,-7,87,-14
1,2,-7,88,-21
1,2,-7,89,-28
1,2,-7,90,-35
1,2,-7,91,21
1,2,-7,92,28
1,2,-7,93,35
1,2,-7,94,42
1,2,-7,95,49
1,2,-7,96,56
1,2,-7,97,63
1,2,-7,98,9
1,2,-7,99,2
1,2,-7,100,-5
1,2,-7,101,-12
1,2,-7,102,-19
1,2,-7,103,-26
1,2,-7,104,-33
1,2,-7,105,23
1,2,-7,106,30
1,2,-7,107,37
1,2,-7,108,44
1,2,-7,109,51
1,2,-7,110,58
1,2,-7,111,65
1,2,-6,0,-4
1,2,-6,1,-10
1,2,-6,2,-16
1,2,-6,3,-22
1,2,-6,4,-28
1,2,-6,5,-34
1,2,-6,6,-40
1,2,-6,7,8
1,2,-6,8,14
1,2,-6,9,20
1,2,-6,10,26
1,2,-6,11,32
1,2,-6,12,38
1,2,-6,13,44
1,2,-6,14,-2
1,2,-6,15,-8
1,2,-6,16,-14
1,2,-6,17,-20
1,2,-6,18,-26
1,2,-6,19,-32
1,2,-6,20,-38
1,2,-6,21,10
1,2,-6,22,16
1,2,-6,23,22
1,2,-6,24,28
1,2,-6,25,34
1,2,-6,26,40
1,2,-6,27,46
1,2,-6,28,0
1,2,-6,29,-6
1,2,-6,30,-12
1,2,-6,31,-18
1,2,-6,32,-24
1,2,-6,33,-30
1,2,-6,34,-36
1,2,-6,35,12
1,2,-6,36,18
1,2,-6,37,24
1,2,-6,38,30
1,2,-6,39,36
1,2,-6,40,42
1,2,-6,41,48
1,2,-6,42,2
1,2,-6,43,-4
1,2,-6,44,-10
1,2,-6,45,-16
1,2,-6,46,-22
1,2,-6,47,-28
1,2,-6,48,-34
1,2,-6,49,14
1,2,-6,50,20
1,2,-6,51,26
1,2,-6,52,32
1,2,-6,53,38
1,2,-6,54,44
1,2,-6,55,50
1,2,-6,56,4
1,2,-6,57,-2
1,2,-6,58,-8
1,2,-6,59,-14
1,2,-6,60,-20
1,2,-6,61,-26
1,2,-6,62,-32
1,2,-6,63,16
1,2,-6,64,22
1,2,-6,65,28
1,2,-6,66,34
1,2,-6,67,40
1,2,-6,68,46
1,2,-6,69,52
1,2,-6,70,6
1,2,-6,71,0
1,2,-6,72,-6
1,2,-6,73,-12
1,2,-6,74,-18
1,2,-6,75,-24
1,2,-6,76,-30
1,2,-6,77,18
1,2,-6,78,24
1,2,-6,79,30
1,2,-6,80,36
1,2,-6,81,42
1,2,-6,82,48
1,2,-6,83,54
1,2,-6,84,8
1,2,-6,85,2
1,2,-6,86,-4
1,2,-6,87,-10
1,2,-6,88,-16
1,2,-6,89,-22
1,2,-6,90,-28
1,2,-6,91,20
1,2,-6,92,26
1,2,-6,93,32
1,2,-6,94,38
1,2,-6,95,44
1,2,-6,96,50
1,2,-6,97,56
1,2,-6,98,10
1,2,-6,99,4
1,2,-6,100,-2
1,2,-6,101,-8
1,2,-6,102,-14
1,2,-6,103,-20
1,2,-6,104,-26
1,2,-6,105,22
1,2,-6,106,28
1,2,-6,107,34
1,2,-6,108,40
1,2,-6,109,46
1,2,-6,110,52
1,2,-6,111,58
1,2,-5,0,-3
1,2,-5,1,-8
1,2,-5,2,-13
1,2,-5,3,-18
1,2,-5,4,-23
1,2,-5,5,-28
1,2,-5,6,-33
1,2,-5,7,7
1,2,-5,8,12
1,2,-5,9,17
1,2,-5,10,22
1,2,-5,11,27
1,2,-5,12,32
1,2,-5,13,37
1,2,-5,14,-1
1,2,-5,15,-6
1,2,-5,16,-11
1,2,-5,17,-16
1,2,-5,18,-21
1,2,-5,19,-26
1,2,-5,20,-31
1,2,-5,21,9
1,2,-5,22,14
1,2,-5,23,19
1,2,-5,24,24
1,2,-5,25,29
1,2,-5,26,34
1,2,-5,27,39
1,2,-5,28,1
1,2,-5,29,-4
1,2,-5,30,-9
1,2,-5,31,-14
1,2,-5,32,-19
1,2,-5,33,-24
1,2,-5,34,-29
1,2,-5,35,11
1,2,-5,36,16
1,2,-5,37,21
1,2,-5,38,26
1,2,-5,39,31
1,2,-5,40,36
1,2,-5,41,41
1,2,-5,42,3
1,2,-5,43,-2
1,2,-5,44,-7
1,2,-5,45,-12
1,2,-5,46,-17
1,2,-5,47,-22
1,2,-5,48,-27
1,2,-5,49,13
1,2,-5,50,18
1,2,-5,51,23
1,2,-5,52,28
1,2,-5,53,33
1,2,-5,54,38
1,2,-5,55,43
1,2,-5,56,5
1,2,-5,57,0
1,2,-5,58,-5
1,2,-5,59,-10
1,2,-5,60,-15
1,2,-5,61,-20
1,2,-5,62,-25
1,2,-5,63,15
1,2,-5,64,20
1,2,-5,65,25
1,2,-5,66,30
1,2,-5,67,35
1,2,-5,68,40
1,2,-5,69,45
1,2,-5,70,7
1,2,-5,71,2
1,2,-5,72,-3
1,2,-5,73,-8
1,2,-5,74,-13
1,2,-5,75,-18
1,2,-5,76,-23
1,2,-5,77,17
1,2,-5,78,22
1,2,-5,79,27
1,2,-5,80,32
1,2,-5,81,37
1,2,-5,82,42
1,2,-5,83,47
1,2,-5,84,9
1,2,-5,85,4
1,2,-5,86,-1
1,2,-5,87,-6
1,2,-5,88,-11
1,2,-5,89,-16
1,2,-5,90,-21
1,2,-5,91,19
1,2,-5,92,24
1,2,-5,93,29
1,2,-5,94,34
1,2,-5,95,39
1,2,-5,96,44
1,2,-5,97,49
1,2,-5,98,11
1,2,-5,99,6
1,2,-5,100,1
1,2,-5,101,-4
1,2,-5,102,-9
1,2,-5,103,-14
1,2,-5,104,-19
1,2,-5,105,21
1,2,-5,106,26
1,2,-5,107,31
1,2,-5,108,36
1,2,-5,109,41
1,2,-5,110,46
1,2,-5,111,51
1,2,-4,0,-2
1,2,-4,1,-6
1,2,-4,2,-10
1,2,-4,3,-14
1,2,-4,4,-18
1,2,-4,5,-22
1,2,-4,6,-26
1,2,-4,7,6
1,2,-4,8,10
1,2,-4,9,14
1,2,-4,10,18
1,2,-4,11,22
1,2,-4,12,26
1,2,-4,13,30
1,2,-4,14,0
1,2,-4,15,-4
1,2,-4,16,-8
1,2,-4,17,-12
1,2,-4,18,-16
1,2,-4,19,-20
1,2,-4,20,-24
1,2,-4,21,8
1,2,-4,22,12
1,2,-4,23,16
1,2,-4,24,20
1,2,-4,25,24
1,2,-4,26,28
1,2,-4,27,32
1,2,-4,28,2
1,2,-4,29,-2
1,2,-4,30,-6
1,2,-4,31,-10
1,2,-4,32,-14
1,2,-4,33,-18
1,2,-4,34,-22
1,2,-4,35,10
1,2,-4,36,14
1,2,-4,37,18
1,2,-4,38,22
1,2,-4,39,26
1,2,-4,40,30
1,2,-4,41,34
1,2,-4,42,4
1,2,-4,43,0
1,2,-4,44,-4
1,2,-4,45,-8
1,2,-4,46,-12
1,2,-4,47,-16
1,2,-4,48,-20
1,2,-4,49,12
1,2,-4,50,16
1,2,-4,51,20
1,2,-4,52,24
1,2,-4,53,28
1,2,-4,54,32
1,2,-4,55,36
1,2,-4,56,6
1,2,-4,57,2
1,2,-4,58,-2
1,2,-4,59,-6
1,2,-4,60,-10
1,2,-4,61,-14
1,2,-4,62,-18
1,2,-4,63,14
1,2,-4,64,18
1,2,-4,65,22
1,2,-4,66,26
1,2,-4,67,30
1,2,-4,68,34
1,2,-4,69,38
1,2,-4,70,8
1,2,-4,71,4
1,2,-4,72,0
1,2,-4,73,-4
1,2,-4,74,-8
1,2,-4,75,-12
1,2,-4,76,-16
1,2,-4,77,16
1,2,-4,78,20
1,2,-4,79,24
1,2,-4,80,28
1,2,-4,81,32
1,2,-4,82,36
1,2,-4,83,40
1,2,-4,84,10
1,2,-4,85,6
1,2,-4,86,2
1,2,-4,87,-2
1,2,-4,88,-6
1,2,-4,89,-10
1,2,-4,90,-14
1,2,-4,91,18
1,2,-4,92,22
1,2,-4,93,26
1,2,-4,94,30
1,2,-4,95,34
1,2,-4,96,38
1,2,-4,97,42
1,2,-4,98,12
1,2,-4,99,8
1,2,-4,100,4
1,2,-4,101,0
1,2,-4,102,-4
1,2,-4,103,-8
1,2,-4,104,-12
1,2,-4,105,20
1,2,-4,106,24
1,2,-4,107,28
1,2,-4,108,32
1,2,-4,109,36
1,2,-4,110,40
1,2,-4,111,44
1,2,-3,0,-1
1,2,-3,1,-4
1,2,-3,2,-7
1,2,-3,3,-10
1,2,-3,4,-13
1,2,-3,5,-16
1,2,-3,6,-19
1,2,-3,7,5
1,2,-3,8,8
1,2,-3,9,11
1,2,-3,10,14
1,2,-3,11,17
1,2,-3,12,20
1,2,-3,13,23
1,2,-3,14,1
1,2,-3,15,-2
1,2,-3,16,-5
1,2,-3,17,-8
1,2,-3,18,-11
1,2,-3,19,-14
1,2,-3,20,-17
1,2,-3,21,7
1,2,-3,22,10
1,2,-3,23,13
1,2,-3,24,16
1,2,-3,25,19
1,2,-3,26,22
1,2,-3,27,25
1,2,-3,28,3
1,2,-3,29,0
1,2,-3,30,-3
1,2,-3,31,-6
1,2,-3,32,-9
1,2,-3,33,-12
1,2,-3,34,-15
1,2,-3,35,9
1,2,-3,36,12
1,2,-3,37,15
1,2,-3,38,18
1,2,-3,39,21
1,2,-3,40,24
1,2,-3,41,27
1,2,-3,42,5
1,2,-3,43,2
1,2,-3,44,-1
1,2,-3,45,-4
1,2,-3,46,-7
1,2,-3,47,-10
1,2,-3,48,-13
1,2,-3,49,11
1,2,-3,50,14
1,2,-3,51,17
1,2,-3,52,20
1,2,-3,53,23
1,2,-3,54,26
1,2,-3,55,29
1,2,-3,56,7
1,2,-3,57,4
1,2,-3,58,1
1,2,-3,59,-2
1,2,-3,60,-5
1,2,-3,61,-8
1,2,-3,62,-11
1,2,-3,63,13
1,2,-3,64,16
1,2,-3,65,19
1,2,-3,66,22
1,2,-3,67,25
1,2,-3,68,28
1,2,-3,69,31
1,2,-3,70,9
1,2,-3,71,6
1,2,-3,72,3
1,2,-3,73,0
1,2,-3,74,-3
1,2,-3,75,-6
1,2,-3,76,-9
1,2,-3,77,15
1,2,-3,78,18
1,2,-3,79,21
1,2,-3,80,24
1,2,-3,81,27
1,2,-3,82,30
1,2,-3,83,33
1,2,-3,84,11
1,2,-3,85,8
1,2,-3,86,5
1,2,-3,87,2
1,2,-3,88,-1
1,2,-3,89,-4
1,2,-3,90,-7
1,2,-3,91,17
1,2,-3,92,20
1,2,-3,93,23
1,2,-3,94,26
1,2,-3,95,29
1,2,-3,96,32
1,2,-3,97,35
1,2,-3,98,13
1,2,-3,99,10
1,2,-3,100,7
1,2,-3,101,4
1,2,-3,102,1
1,2,-3,103,-2
1,2,-3,104,-5
1,2,-3,105,19
1,2,-3,106,22
1,2,-3,107,25
1,2,-3,108,28
1,2,-3,109,31
1,2,-3,110,34
1,2,-3,111,37
1,2,-2,0,0
1,2,-2,1,-2
1,2,-2,2,-4
1,2,-2,3,-6
1,2,-2,4,-8
1,2,-2,5,-10
1,2,-2,6,-12
1,2,-2,7,4
1,2,-2,8,6
1,2,-2,9,8
1,2,-2,10,10
1,2,-2,11,12
1,2,-2,12,14
1,2,-2,13,16
1,2,-2,14,2
1,2,-2,15,0
1,2,-2,16,-2
1,2,-2,17,-4
1,2,-2,18,-6
1,2,-2,19,-8
1,2,-2,20,-10
1,2,-2,21,6
1,2,-2,22,8
1,2,-2,23,10
1,2,-2,24,12
1,2,-2,25,14
1,2,-2,26,16
1,2,-2,27,18
1,2,-2,28,4
1,2,-2,29,2
1,2,-2,30,0
1,2,-2,31,-2
1,2,-2,32,-4
1,2,-2,33,-6
1,2,-2,34,-8
1,2,-2,35,8
1,2,-2,36,10
1,2,-2,37,12
1,2,-2,38,14
1,2,-2,39,16
1,2,-2,40,18
1,2,-2,41,20
1,2,-2,42,6
1,2,-2,43,4
1,2,-2,44,2
1,2,-2,45,0
1,2,-2,46,-2
1,2,-2,47,-4
1,2,-2,48,-6
1,2,-2,49,10
1,2,-2,50,12
1,2,-2,51,14
1,2,-2,52,16
1,2,-2,53,18
1,2,-2,54,20
1,2,-2,55,22
1,2,-2,56,8
1,2,-2,57,6
1,2,-2,58,4
1,2,-2,59,2
1,2,-2,60,0
1,2,-2,61,-2
1,2,-2,62,-4
1,2,-2,63,12
1,2,-2,64,14
1,2,-2,65,16
1,2,-2,66,18
1,2,-2,67,20
1,2,-2,68,22
1,2,-2,69,24
1,2,-2,70,10
1,2,-2,71,8
1,2,-2,72,6
1,2,-2,73,4
1,2,-2,74,2
1,2,-2,75,0
1,2,-2,76,-2
1,2,-2,77,14
1,2,-2,78,16
1,2,-2,79,18
1,2,-2,80,20
1,2,-2,81,22
1,2,-2,82,24
1,2,-2,83,26
1,2,-2,84,12
1,2,-2,85,10
1,2,-2,86,8
1,2,-2,87,6
1,2,-2,88,4
1,2,-2,89,2
1,2,-2,90,0
1,2,-2,91,16
1,2,-2,92,18
1,2,-2,93,20
1,2,-2,94,22
1,2,-2,95,24
1,2,-2,96,26
1,2,-2,97,28
1,2,-2,98,14
1,2,-2,99,12
1,2,-2,100,10
1,2,-2,101,8
1,2,-2,102,6
1,2,-2,103,4
1,2,-2,104,2
1,2,-2,105,18
1,2,-2,106,20
1,2,-2,107,22
1,2,-2,108,24
1,2,-2,109,26
1,2,-2,110,28
1,2,-2,111,30
1,2,-1,0,1
1,2,-1,1,0
1,2,-1,2,-1
1,2,-1,3,-2
1,2,-1,4,-3
1,2,-1,5,-4
1,2,-1,6,-5
1,2,-1,7,3
1,2,-1,8,4
1,2,-1,9,5
1,2,-1,10,6
1,2,-1,11,7
1,2,-1,12,8
1,2,-1,13,9
1,2,-1,14,3
1,2,-1,15,2
1,2,-1,16,1
1,2,-1,17,0
1,2,-1,18,-1
1,2,-1,19,-2
1,2,-1,20,-3
1,2,-1,21,5
1,2,-1,22,6
1,2,-1,23,7
1,2,-1,24,8
1,2,-1,25,9
1,2,-1,26,10
1,2,-1,27,11
1,2,-1,28,5
1,2,-1,29,4
1,2,-1,30,3
1,2,-1,31,2
1,2,-1,32,1
1,2,-1,33,0
1,2,-1,34,-1
1,2,-1,35,7
1,2,-1,36,8
1,2,-1,37,9
1,2,-1,38,10
1,2,-1,39,11
1,2,-1,40,12
1,2,-1,41,13
1,2,-1,42,7
1,2,-1,43,6
1,2,-1,44,5
1,2,-1,45,4
1,2,-1,46,3
1,2,-1,47,2
1,2,-1,48,1
1,2,-1,49,9
1,2,-1,50,10
1,2,-1,51,11
1,2,-1,52,12
1,2,-1,53,13
1,2,-1,54,14
1,2,-1,55,15
1,2,-1,56,9
1,2,-1,57,8
1,2,-1,58,7
1,2,-1,59,6
1,2,-1,60,5
1,2,-1,61,4
1,2,-1,62,3
1,2,-1,63,11
1,2,-1,64,12
1,2,-1,65,13
1,2,-1,66,14
1,2,-1,67,15
1,2,-1,68,16
1,2,-1,69,17
1,2,-1,70,11
1,2,-1,71,10
1,2,-1,72,9
1,2,-1,73,8
1,2,-1,74,7
1,2,-1,75,6
1,2,-1,76,5
1,2,-1,77,13
1,2,-1,78,14
1,2,-1,79,15
1,2,-1,80,16
1,2,-1,81,17
1,2,-1,82,18
1,2,-1,83,19
1,2,-1,84,13
1,2,-1,85,12
1,2,-1,86,11
1,2,-1,87,10
1,2,-1,88,9
1,2,-1,89,8
1,2,-1,90,7
1,2,-1,91,15
1,2,-1,92,16
1,2,-1,93,17
1,2,-1,94,18
1,2,-1,95,19
1,2,-1,96,20
1,2,-1,97,21
1,2,-1,98,15
1,2,-1,99,14
1,2,-1,100,13
1,2,-1,101,12
1,2,-1,102,11
1,2,-1,103,10
1,2,-1,104,9
1,2,-1,105,17
1,2,-1,106,18
1,2,-1,107,19
1,2,-1,108,20
1,2,-1,109,21
1,2,-1,110,22
1,2,-1,111,23
1,2,0,0,2
1,2,0,1,2
1,2,0,2,2
1,2,0,3,2
1,2,0,4,2
1,2,0,5,2
1,2,0,6,2
1,2,0,7,2
1,2,0,8,2
1,2,0,9,2
1,2,0,10,2
1,2,0,11,2
1,2,0,12,2
1,2,0,13,2
1,2,0,14,4
1,2,0,15,4
1,2,0,16,4
1,2,0,17,4
1,2,0,18,4
1,2,0,19,4
1,2,0,20,4
1,2,0,21,4
1,2,0,22,4
1,2,0,23,4
1,2,0,24,4
1,2,0,25,4
1,2,0,26,4
1,2,0,27,4
1,2,0,28,6
1,2,0,29,6
1,2,0,30,6
1,2,0,31,6
1,2,0,32,6
1,2,0,33,6
1,2,0,34,6
1,2,0,35,6
1,2,0,36,6
1,2,0,37,6
1,2,0,38,6
1,2,0,39,6
1,2,0,40,6
1,2,0,41,6
1,2,0,42,8
1,2,0,43,8
1,2,0,44,8
1,2,0,45,8
1,2,0,46,8
1,2,0,47,8
1,2,0,48,8
1,2,0,49,8
1,2,0,50,8
1,2,0,51,8
1,2,0,52,8
1,2,0,53,8
1,2,0,54,8
1,2,0,55,8
1,2,0,56,10
1,2,0,57,10
1,2,0,58,10
1,2,0,59,10
1,2,0,60,10
1,2,0,61,10
1,2,0,62,10
1,2,0,63,10
1,2,0,64,10
1,2,0,65,10
1,2,0,66,10
1,2,0,67,10
1,2,0,68,10
1,2,0,69,10
1,2,0,70,12
1,2,0,71,12
1,2,0,72,12
1,2,0,73,12
1,2,0,74,12
1,2,0,75,12
1,2,0,76,12
1,2,0,77,12
1,2,0,78,12
1,2,0,79,12
1,2,0,80,12
1,2,0,81,12
1,2,0,82,12
1,2,0,83,12
1,2,0,84,14
1,2,0,85,14
1,2,0,86,14
1,2,0,87,14
1,2,0,88,14
1,2,0,89,14
1,2,0,90,14
1,2,0,91,14
1,2,0,92,14
1,2,0,93,14
1,2,0,94,14
1,2,0,95,14
1,2,0,96,14
1,2,0,97,14
1,2,0,98,16
1,2,0,99,16
1,2,0,100,16
1,2,0,101,16
1,2,0,102,16
1,2,0,103,16
1,2,0,104,16
1,2,0,105,16
1,2,0,106,16
1,2,0,107,16
1,2,0,108,16
1,2,0,109,16
1,2,0,110,16
1,2,0,111,16
1,2,1,0,3
1,2,1,1,4
1,2,1,2,5
1,2,1,3,6
1,2,1,4,7
1,2,1,5,8
1,2,1,6,9
1,2,1,7,1
1,2,1,8,0
1,2,1,9,-1
1,2,1,10,-2
1,2,1,11,-3
1,2,1,12,-4
1,2,1,13,-5
1,2,1,14,5
1,2,1,15,6
1,2,1,16,7
1,2,1,17,8
1,2,1,18,9
1,2,1,19,10
1,2,1,20,11
1,2,1,21,3
1,2,1,22,2
1,2,1,23,1
1,2,1,24,0
1,2,1,25,-1
1,2,1,26,-2
1,2,1,27,-3
1,2,1,28,7
1,2,1,29,8
1,2,1,30,9
1,2,1,31,10
1,2,1,32,11
1,2,1,33,12
1,2,1,34,13
1,2,1,35,5
1,2,1,36,4
1,2,1,37,3
1,2,1,38,2
1,2,1,39,1
1,2,1,40,0
1,2,1,41,-1
1,2,1,42,9
1,2,1,43,10
1,2,1,44,11
1,2,1,45,12
1,2,1,46,13
1,2,1,47,14
1,2,1,48,15
1,2,1,49,7
1,2,1,50,6
1,2,1,51,5
1,2,1,52,4
1,2,1,53,3
1,2,1,54,2
1,2,1,55,1
1,2,1,56,11
1,2,1,57,12
1,2,1,58,13
1,2,1,59,14
1,2,1,60,15
1,2,1,61,16
1,2,1,62,17
1,2,1,63,9
1,2,1,64,8
1,2,1,65,7
1,2,1,66,6
1,2,1,67,5
1,2,1,68,4
1,2,1,69,3
1,2,1,70,13
1,2,1,71,14
1,2,1,72,15
1,2,1,73,16
1,2,1,74,17
1,2,1,75,18
1,2,1,76,19
1,2,1,77,11
1,2,1,78,10
1,2,1,79,9
1,2,1,80,8
1,2,1,81,7
1,2,1,82,6
1,2,1,83,5
1,2,1,84,15
1,2,1,85,16
1,2,1,86,17
1,2,1,87,18
1,2,1,88,19
1,2,1,89,20
1,2,1,90,21
1,2,1,91,13
1,2,1,92,12
1,2,1,93,11
1,2,1,94,10
1,2,1,95,9
1,2,1,96,8
1,2,1,97,7
1,2,1,98,17
1,2,1,99,18
1,2,1,100,19
1,2,1,101,20
1,2,1,102,21
1,2,1,103,22
1,2,1,104,23
1,2,1,105,15
1,2,1,106,14
1,2,1,107,13
1,2,1,108,12
1,2,1,109,11
1,2,1,110,10
1,2,1,111,9
1,2,2,0,4
1,2,2,1,6
1,2,2,2,8
1,2,2,3,10
1,2,2,4,12
1,2,2,5,14
1,2,2,6,16
1,2,2,7,0
1,2,2,8,-2
1,2,2,9,-4
1,2,2,10,-6
1,2,2,11,-8
1,2,2,12,-10
1,2,2,13,-12
1,2,2,14,6
1,2,2,15,8
1,2,2,16,10
1,2,2,17,12
1,2,2,18,14
1,2,2,19,16
1,2,2,20,18
1,2,2,21,2
1,2,2,22,0
1,2,2,23,-2
1,2,2,24,-4
1,2,2,25,-6
1,2,2,26,-8
1,2,2,27,-10
1,2,2,28,8
1,2,2,29,10
1,2,2,30,12
1,2,2,31,14
1,2,2,32,16
1,2,2,33,18
1,2,2,34,20
1,2,2,35,4
1,2,2,36,2
1,2,2,37,0
1,2,2,38,-2
1,2,2,39,-4
1,2,2,40,-6
1,2,2,41,-8
1,2,2,42,10
1,2,2,43,12
1,2,2,44,14
1,2,2,45,16
1,2,2,46,18
1,2,2,47,20
1,2,2,48,22
1,2,2,49,6
1,2,2,50,4
1,2,2,51,2
1,2,2,52,0
1,2,2,53,-2
1,2,2,54,-4
1,2,2,55,-6
1,2,2,56,12
1,2,2,57,14
1,2,2,58,16
1,2,2,59,18
1,2,2,60,20
1,2,2,61,22
1,2,2,62,24
1,2,2,63,8
1,2,2,64,6
1,2,2,65,4
1,2,2,66,2
1,2,2,67,0
1,2,2,68,-2
1,2,2,69,-4
1,2,2,70,14
1,2,2,71,16
1,2,2,72,18
1,2,2,73,20
1,2,2,74,22
1,2,2,75,24
1,2,2,76,26
1,2,2,77,10
1,2,2,78,8
1,2,2,79,6
1,2,2,80,4
1,2,2,81,2
1,2,2,82,0
1,2,2,83,-2
1,2,2,84,16
1,2,2,85,18
1,2,2,86,20
1,2,2,87,22
1,2,2,88,24
1,2,2,89,26
1,2,2,90,28
1,2,2,91,12
1,2,2,92,10
1,2,2,93,8
1,2,2,94,6
1,2,2,95,4
1,2,2,96,2
1,2,2,97,0
1,2,2,98,18
1,2,2,99,20
1,2,2,100,22
1,2,2,101,24
1,2,2,102,26
1,2,2,103,28
1,2,2,104,30
1,2,2,105,14
1,2,2,106,12
1,2,2,107,10
1,2,2,108,8
1,2,2,109,6
1,2,2,110,4
1,2,2,111,2
1,2,3,0,5
1,2,3,1,8
1,2,3,2,11
1,2,3,3,14
1,2,3,4,17
1,2,3,5,20
1,2,3,6,23
1,2,3,7,-1
1,2,3,8,-4
1,2,3,9,-7
1,2,3,10,-10
1,2,3,11,-13
1,2,3,12,-16
1,2,3,13,-19
1,2,3,14,7
1,2,3,15,10
1,2,3,16,13
1,2,3,17,16
1,2,3,18,19
1,2,3,19,22
1,2,3,20,25
1,2,3,21,1
1,2,3,22,-2
1,2,3,23,-5
1,2,3,24,-8
1,2,3,25,-11
1,2,3,26,-14
1,2,3,27,-17
1,2,3,28,9
1,2,3,29,12
1,2,3,30,15
1,2,3,31,18
1,2,3,32,21
1,2,3,33,24
1,2,3,34,27
1,2,3,35,3
1,2,3,36,0
1,2,3,37,-3
1,2,3,38,-6
1,2,3,39,-9
1,2,3,40,-12
1,2,3,41,-15
1,2,3,42,11
1,2,3,43,14
1,2,3,44,17
1,2,3,45,20
1,2,3,46,23
1,2,3,47,26
1,2,3,48,29
1,2,3,49,5
1,2,3,50,2
1,2,3,51,-1
1,2,3,52,-4
1,2,3,53,-7
1,2,3,54,-10
1,2,3,55,-13
1,2,3,56,13
1,2,3,57,16
1,2,3,58,19
1,2,3,59,22
1,2,3,60,25
1,2,3,61,28
1,2,3,62,31
1,2,3,63,7
1,2,3,64,4
1,2,3,65,1
1,2,3,66,-2
1,2,3,67,-5
1,2,3,68,-8
1,2,3,69,-11
1,2,3,70,15
1,2,3,71,18
1,2,3,72,21
1,2,3,73,24
1,2,3,74,27
1,2,3,75,30
1,2,3,76,33
1,2,3,77,9
1,2,3,78,6
1,2,3,79,3
1,2,3,80,0
1,2,3,81,-3
1,2,3,82,-6
1,2,3,83,-9
1,2,3,84,17
1,2,3,85,20
1,2,3,86,23
1,2,3,87,26
1,2,3,88,29
1,2,3,89,32
1,2,3,90,35
1,2,3,91,11
1,2,3,92,8
1,2,3,93,5
1,2,3,94,2
1,2,3,95,-1
1,2,3,96,-4
1,2,3,97,-7
1,2,3,98,19
1,2,3,99,22
1,2,3,100,25
1,2,3,101,28
1,2,3,102,31
1,2,3,103,34
1,2,3,104,37
1,2,3,105,13
1,2,3,106,10
1,2,3,107,7
1,2,3,108,4
1,2,3,109,1
1,2,3,110,-2
1,2,3,111,-5
1,2,4,0,6
1,2,4,1,10
1,2,4,2,14
1,2,4,3,18
1,2,4,4,22
1,2,4,5,26
1,2,4,6,30
1,2,4,7,-2
1,2,4,8,-6
1,2,4,9,-10
1,2,4,10,-14
1,2,4,11,-18
1,2,4,12,-22
1,2,4,13,-26
1,2,4,14,8
1,2,4,15,12
1,2,4,16,16
1,2,4,17,20
1,2,4,18,24
1,2,4,19,28
1,2,4,20,32
1,2,4,21,0
1,2,4,22,-4
1,2,4,23,-8
1,2,4,24,-12
1,2,4,25,-16
1,2,4,26,-20
1,2,4,27,-24
1,2,4,28,10
1,2,4,29,14
1,2,4,30,18
1,2,4,31,22
1,2,4,32,26
1,2,4,33,30
1,2,4,34,34
1,2,4,35,2
1,2,4,36,-2
1,2,4,37,-6
1,2,4,38,-10
1,2,4,39,-14
1,2,4,40,-18
1,2,4,41,-22
1,2,4,42,12
1,2,4,43,16
1,2,4,44,20
1,2,4,45,24
1,2,4,46,28
1,2,4,47,32
1,2,4,48,36
1,2,4,49,4
1,2,4,50,0
1,2,4,51,-4
1,2,4,52,-8
1,2,4,53,-12
1,2,4,54,-16
1,2,4,55,-20
1,2,4,56,14
1,2,4,57,18
1,2,4,58,22
1,2,4,59,26
1,2,4,60,30
1,2,4,61,34
1,2,4,62,38
1,2,4,63,6
1,2,4,64,2
1,2,4,65,-2
1,2,4,66,-6
1,2,4,67,-10
1,2,4,68,-14
1,2,4,69,-18
1,2,4,70,16
1,2,4,71,20
1,2,4,72,24
1,2,4,73,28
1,2,4,74,32
1,2,4,75,36
1,2,4,76,40
1,2,4,77,8
1,2,4,78,4
1,2,4,79,0
1,2,4,80,-4
1,2,4,81,-8
1,2,4,82,-12
1,2,4,83,-16
1,2,4,84,18
1,2,4,85,22
1,2,4,86,26
1,2,4,87,30
1,2,4,88,34
1,2,4,89,38
1,2,4,90,42
1,2,4,91,10
1,2,4,92,6
1,2,4,93,2
1,2,4,94,-2
1,2,4,95,-6
1,2,4,96,-10
1,2,4,97,-14
1,2,4,98,20
1,2,4,99,24
1,2,4,100,28
1,2,4,101,32
1,2,4,102,36
1,2,4,103,40
1,2,4,104,44
1,2,4,105,12
1,2,4,106,8
1,2,4,107,4
1,2,4,108,0
1,2,4,109,-4
1,2,4,110,-8
1,2,4,111,-12
1,2,5,0,7
1,2,5,1,12
1,2,5,2,17
1,2,5,3,22
1,2,5,4,27
1,2,5,5,32
1,2,5,6,37
1,2,5,7,-3
1,2,5,8,-8
1,2,5,9,-13
1,2,5,10,-18
1,2,5,11,-23
1,2,5,12,-28
1,2,5,13,-33
1,2,5,14,9
1,2,5,15,14
1,2,5,16,19
1,2,5,17,24
1,2,5,18,29
1,2,5,19,34
1,2,5,20,39
1,2,5,21,-1
1,2,5,22,-6
1,2,5,23,-11
1,2,5,24,-16
1,2,5,25,-21
1,2,5,26,-26
1,2,5,27,-31
1,2,5,28,11
1,2,5,29,16
1,2,5,30,21
1,2,5,31,26
1,2,5,32,31
1,2,5,33,36
1,2,5,34,41
1,2,5,35,1
1,2,5,36,-4
1,2,5,37,-9
1,2,5,38,-14
1,2,5,39,-19
1,2,5,40,-24
1,2,5,41,-29
1,2,5,42,13
1,2,5,43,18
1,2,5,44,23
1,2,5,45,28
1,2,5,46,33
1,2,5,47,38
1,2,5,48,43
1,2,5,49,3
1,2,5,50,-2
1,2,5,51,-7
1,2,5,52,-12
1,2,5,53,-17
1,2,5,54,-22
1,2,5,55,-27
1,2,5,56,15
1,2,5,57,20
1,2,5,58,25
1,2,5,59,30
1,2,5,60,35
1,2,5,61,40
1,2,5,62,45
1,2,5,63,5
1,2,5,64,0
1,2,5,65,-5
1,2,5,66,-10
1,2,5,67,-15
1,2,5,68,-20
1,2,5,69,-25
1,2,5,70,17
1,2,5,71,22
1,2,5,72,27
1,2,5,73,32
1,2,5,74,37
1,2,5,75,42
1,2,5,76,47
1,2,5,77,7
1,2,5,78,2
1,2,5,79,-3
1,2,5,80,-8
1,2,5,81,-13
1,2,5,82,-18
1,2,5,83,-23
1,2,5,84,19
1,2,5,85,24
1,2,5,86,29
1,2,5,87,34
1,2,5,88,39
1,2,5,89,44
1,2,5,90,49
1,2,5,91,9
1,2,5,92,4
1,2,5,93,-1
1,2,5,94,-6
1,2,5,95,-11
1,2,5,96,-16
1,2,5,97,-21
1,2,5,98,21
1,2,5,99,26
1,2,5,100,31
1,2,5,101,36
1,2,5,102,41
1,2,5,103,46
1,2,5,104,51
1,2,5,105,11
1,2,5,106,6
1,2,5,107,1
1,2,5,108,-4
1,2,5,109,-9
1,2,5,110,-14
1,2,5,111,-19
1,2,6,0,8
1,2,6,1,14
1,2,6,2,20
1,2,6,3,26
1,2,6,4,32
1,2,6,5,38
1,2,6,6,44
1,2,6,7,-4
1,2,6,8,-10
1,2,6,9,-16
1,2,6,10,-22
1,2,6,11,-28
1,2,6,12,-34
1,2,6,13,-40
1,2,6,14,10
1,2,6,15,16
1,2,6,16,22
1,2,6,17,28
1,2,6,18,34
1,2,6,19,40
1,2,6,20,46
1,2,6,21,-2
1,2,6,22,-8
1,2,6,23,-14
1,2,6,24,-20
1,2,6,25,-26
1,2,6,26,-32
1,2,6,27,-38
1,2,6,28,12
1,2,6,29,18
1,2,6,30,24
1,2,6,31,30
1,2,6,32,36
1,2,6,33,42
1,2,6,34,48
1,2,6,35,0
1,2,6,36,-6
1,2,6,37,-12
1,2,6,38,-18
1,2,6,39,-24
1,2,6,40,-30
1,2,6,41,-36
1,2,6,42,14
1,2,6,43,20
1,2,6,44,26
1,2,6,45,32
1,2,6,46,38
1,2,6,47,44
1,2,6,48,50
1,2,6,49,2
1,2,6,50,-4
1,2,6,51,-10
1,2,6,52,-16
1,2,6,53,-22
1,2,6,54,-28
1,2,6,55,-34
1,2,6,56,16
1,2,6,57,22
1,2,6,58,28
1,2,6,59,34
1,2,6,60,40
1,2,6,61,46
1,2,6,62,52
1,2,6,63,4
1,2,6,64,-2
1,2,6,65,-8
1,2,6,66,-14
1,2,6,67,-20
1,2,6,68,-26
1,2,6,69,-32
1,2,6,70,18
1,2,6,71,24
1,2,6,72,30
1,2,6,73,36
1,2,6,74,42
1,2,6,75,48
1,2,6,76,54
1,2,6,77,6
1,2,6,78,0
1,2,6,79,-6
1,2,6,80,-12
1,2,6,81,-18
1,2,6,82,-24
1,2,6,83,-30
1,2,6,84,20
1,2,6,85,26
1,2,6,86,32
1,2,6,87,38
1,2,6,88,44
1,2,6,89,50
1,2,6,90,56
1,2,6,91,8
1,2,6,92,2
1,2,6,93,-4
1,2,6,94,-10
1,2,6,95,-16
1,2,6,96,-22
1,2,6,97,-28
1,2,6,98,22
1,2,6,99,28
1,2,6,100,34
1,2,6,101,40
1,2,6,102,46
1,2,6,103,52
1,2,6,104,58
1,2,6,105,10
1,2,6,106,4
1,2,6,107,-2
1,2,6,108,-8
1,2,6,109,-14
1,2,6,110,-20
1,2,6,111,-26
1,2,7,0,9
1,2,7,1,16
1,2,7,2,23
1,2,7,3,30
1,2,7,4,37
1,2,7,5,44
1,2,7,6,51
1,2,7,7,-5
1,2,7,8,-12
1,2,7,9,-19
1,2,7,10,-26
1,2,7,11,-33
1,2,7,12,-40
1,2,7,13,-47
1,2,7,14,11
1,2,7,15,18
1,2,7,16,25
1,2,7,17,32
1,2,7,18,39
1,2,7,19,46
1,2,7,20,53
1,2,7,21,-3
1,2,7,22,-10
1,2,7,23,-17
1,2,7,24,-24
1,2,7,25,-31
1,2,7,26,-38
1,2,7,27,-45
1,2,7,28,13
1,2,7,29,20
1,2,7,30,27
1,2,7,31,34
1,2,7,32,41
1,2,7,33,48
1,2,7,34,55
1,2,7,35,-1
1,2,7,36,-8
1,2,7,37,-15
1,2,7,38,-22
1,2,7,39,-29
1,2,7,40,-36
1,2,7,41,-43
1,2,7,42,15
1,2,7,43,22
1,2,7,44,29
1,2,7,45,36
1,2,7,46,43
1,2,7,47,50
1,2,7,48,57
1,2,7,49,1
1,2,7,50,-6
1,2,7,51,-13
1,2,7,52,-20
1,2,7,53,-27
1,2,7,54,-34
1,2,7,55,-41
1,2,7,56,17
1,2,7,57,24
1,2,7,58,31
1,2,7,59,38
1,2,7,60,45
1,2,7,61,52
1,2,7,62,59
1,2,7,63,3
1,2,7,64,-4
1,2,7,65,-11
1,2,7,66,-18
1,2,7,67,-25
1,2,7,68,-32
1,2,7,69,-39
1,2,7,70,19
1,2,7,71,26
1,2,7,72,33
1,2,7,73,40
1,2,7,74,47
1,2,7,75,54
1,2,7,76,61
1,2,7,77,5
1,2,7,78,-2
1,2,7,79,-9
1,2,7,80,-16
1,2,7,81,-23
1,2,7,82,-30
1,2,7,83,-37
1,2,7,84,21
1,2,7,85,28
1,2,7,86,35
1,2,7,87,42
1,2,7,88,49
1,2,7,89,56
1,2,7,90,63
1,2,7,91,7
1,2,7,92,0
1,2,7,93,-7
1,2,7,94,-14
1,2,7,95,-21
1,2,7,96,-28
1,2,7,97,-35
1,2,7,98,23
1,2,7,99,30
1,2,7,100,37
1,2,7,101,44
1,2,7,102,51
1,2,7,103,58
1,2,7,104,65
1,2,7,105,9
1,2,7,106,2
1,2,7,107,-5
1,2,7,108,-12
1,2,7,109,-19
1,2,7,110,-26
1,2,7,111,-33
1,3,-8,0,-5
1,3,-8,1,-13
1,3,-8,2,-21
1,3,-8,3,-29
1,3,-8,4,-37
1,3,-8,5,-45
1,3,-8,6,-53
1,3,-8,7,11
1,3,-8,8,19
1,3,-8,9,27
1,3,-8,10,35
1,3,-8,11,43
1,3,-8,12,51
1,3,-8,13,59
1,3,-8,14,-2
1,3,-8,15,-10
1,3,-8,16,-18
1,3,-8,17,-26
1,3,-8,18,-34
1,3,-8,19,-42
1,3,-8,20,-50
1,3,-8,21,14
1,3,-8,22,22
1,3,-8,23,30
1,3,-8,24,38
1,3,-8,25,46
1,3,-8,26,54
1,3,-8,27,62
1,3,-8,28,1
1,3,-8,29,-7
1,3,-8,30,-15
1,3,-8,31,-23
1,3,-8,32,-31
1,3,-8,33,-39
1,3,-8,34,-47
1,3,-8,35,17
1,3,-8,36,25
1,3,-8,37,33
1,3,-8,38,41
1,3,-8,39,49
1,3,-8,40,57
1,3,-8,41,65
1,3,-8,42,4
1,3,-8,43,-4
1,3,-8,44,-12
1,3,-8,45,-20
1,3,-8,46,-28
1,3,-8,47,-36
1,3,-8,48,-44
1,3,-8,49,20
1,3,-8,50,28
1,3,-8,51,36
1,3,-8,52,44
1,3,-8,53,52
1,3,-8,54,60
1,3,-8,55,68
1,3,-8,56,7
1,3,-8,57,-1
1,3,-8,58,-9
1,3,-8,59,-17
1,3,-8,60,-25
1,3,-8,61,-33
1,3,-8,62,-41
1,3,-8,63,23
1,3,-8,64,31
1,3,-8,65,39
1,3,-8,66,47
1,3,-8,67,55
1,3,-8,68,63
1,3,-8,69,71
1,3,-8,70,10
1,3,-8,71,2
1,3,-8,72,-6
1,3,-8,73,-14
1,3,-8,74,-22
1,3,-8,75,-30
1,3,-8,76,-38
1,3,-8,77,26
1,3,-8,78,34
1,3,-8,79,42
1,3,-8,80,50
1,3,-8,81,58
1,3,-8,82,66
1,3,-8,83,74
1,3,-8,84,13
1,3,-8,85,5
1,3,-8,86,-3
1,3,-8,87,-11
1,3,-8,88,-19
1,3,-8,89,-27
1,3,-8,90,-35
1,3,-8,91,29
1,3,-8,92,37
1,3,-8,93,45
1,3,-8,94,53
1,3,-8,95,61
1,3,-8,96,69
1,3,-8,97,77
1,3,-8,98,16
1,3,-8,99,8
1,3,-8,100,0
1,3,-8,101,-8
1,3,-8,102,-16
1,3,-8,103,-24
1,3,-8,104,-32
1,3,-8,105,32
1,3,-8,106,40
1,3,-8,107,48
1,3,-8,108,56
1,3,-8,109,64
1,3,-8,110,72
1,3,-8,111,80
1,3,-7,0,-4
1,3,-7,1,-11
1,3,-7,2,-18
1,3,-7,3,-25
1,3,-7,4,-32
1,3,-7,5,-39
1,3,-7,6,-46
1,3,-7,7,10
1,3,-7,8,17
1,3,-7,9,24
1,3,-7,10,31
1,3,-7,11,38
1,3,-7,12,45
1,3,-7,13,52
1,3,-7,14,-1
1,3,-7,15,-8
1,3,-7,16,-15
1,3,-7,17,-22
1,3,-7,18,-29
1,3,-7,19,-36
1,3,-7,20,-43
1,3,-7,21,13
1,3,-7,22,20
1,3,-7,23,27
1,3,-7,24,34
1,3,-7,25,41
1,3,-7,26,48
1,3,-7,27,55
1,3,-7,28,2
1,3,-7,29,-5
1,3,-7,30,-12
1,3,-7,31,-19
1,3,-7,32,-26
1,3,-7,33,-33
1,3,-7,34,-40
1,3,-7,35,16
1,3,-7,36,23
1,3,-7,37,30
1,3,-7,38,37
1,3,-7,39,44
1,3,-7,40,51
1,3,-7,41,58
1,3,-7,42,5
1,3,-7,43,-2
1,3,-7,44,-9
1,3,-7,45,-16
1,3,-7,46,-23
1,3,-7,47,-30
1,3,-7,48,-37
1,3,-7,49,19
1,3,-7,50,26
1,3,-7,51,33
1,3,-7,52,40
1,3,-7,53,47
1,3,-7,54,54
1,3,-7,55,61
1,3,-7,56,8
1,3,-7,57,1
1,3,-7,58,-6
1,3,-7,59,-13
1,3,-7,60,-20
1,3,-7,61,-27
1,3,-7,62,-34
1,3,-7,63,22
1,3,-7,64,29
1,3,-7,65,36
1,3,-7,66,43
1,3,-7,67,50
1,3,-7,68,57
1,3,-7,69,64
1,3,-7,70,11
1,3,-7,71,4
1,3,-7,72,-3
1,3,-7,73,-10
1,3,-7,74,-17
1,3,-7,75,-24
1,3,-7,76,-31
1,3,-7,77,25
1,3,-7,78,32
1,3,-7,79,39
1,3,-7,80,46
1,3,-7,81,53
1,3,-7,82,60
1,3,-7,83,67
1,3,-7,84,14
1,3,-7,85,7
1,3,-7,86,0
1,3,-7,87,-7
1,3,-7,88,-14
1,3,-7,89,-21
1,3,-7,90,-28
1,3,-7,91,28
1,3,-7,92,35
1,3,-7,93,42
1,3,-7,94,49
1,3,-7,95,56
1,3,-7,96,63
1,3,-7,97,70
1,3,-7,98,17
1,3,-7,99,10
1,3,-7,100,3
1,3,-7,101,-4
1,3,-7,102,-11
1,3,-7,103,-18
1,3,-7,104,-25
1,3,-7,105,31
1,3,-7,106,38
1,3,-7,107,45
1,3,-7,108,52
1,3,-7,109,59
1,3,-7,110,66
1,3,-7,111,73
1,3,-6,0,-3
1,3,-6,1,-9
1,3,-6,2,-15
1,3,-6,3,-21
1,3,-6,4,-27
1,3,-6,5,-33
1,3,-6,6,-39
1,3,-6,7,9
1,3,-6,8,15
1,3,-6,9,21
1,3,-6,10,27
1,3,-6,11,33
1,3,-6,12,39
1,3,-6,13,45
1,3,-6,14,0
1,3,-6,15,-6
1,3,-6,16,-12
1,3,-6,17,-18
1,3,-6,18,-24
1,3,-6,19,-30
1,3,-6,20,-36
1,3,-6,21,12
1,3,-6,22,18
1,3,-6,23,24
1,3,-6,24,30
1,3,-6,25,36
1,3,-6,26,42
1,3,-6,27,48
1,3,-6,28,3
1,3,-6,29,-3
1,3,-6,30,-9
1,3,-6,31,-15
1,3,-6,32,-21
1,3,-6,33,-27
1,3,-6,34,-33
1,3,-6,35,15
1,3,-6,36,21
1,3,-6,37,27
1,3,-6,38,33
1,3,-6,39,39
1,3,-6,40,45
1,3,-6,41,51
1,3,-6,42,6
1,3,-6,43,0
1,3,-6,44,-6
1,3,-6,45,-12
1,3,-6,46,-18
1,3,-6,47,-24
1,3,-6,48,-30
1,3,-6,49,18
1,3,-6,50,24
1,3,-6,51,30
1,3,-6,52,36
1,3,-6,53,42
1,3,-6,54,48
1,3,-6,55,54
1,3,-6,56,9
1,3,-6,57,3
1,3,-6,58,-3
1,3,-6,59,-9
1,3,-6,60,-15
1,3,-6,61,-21
1,3,-6,62,-27
1,3,-6,63,21
1,3,-6,64,27
1,3,-6,65,33
1,3,-6,66,39
1,3,-6,67,45
1,3,-6,68,51
1,3,-6,69,57
1,3,-6,70,12
1,3,-6,71,6
1,3,-6,72,0
1,3,-6,73,-6
1,3,-6,74,-12
1,3,-6,75,-18
1,3,-6,76,-24
1,3,-6,77,24
1,3,-6,78,30
1,3,-6,79,36
1,3,-6,80,42
1,3,-6,81,48
1,3,-6,82,54
1,3,-6,83,60
1,3,-6,84,15
1,3,-6,85,9
1,3,-6,86,3
1,3,-6,87,-3
1,3,-6,88,-9
1,3,-6,89,-15
1,3,-6,90,-21
1,3,-6,91,27
1,3,-6,92,33
1,3,-6,93,39
1,3,-6,94,45
1,3,-6,95,51
1,3,-6,96,57
1,3,-6,97,63
1,3,-6,98,18
1,3,-6,99,12
1,3,-6,100,6
1,3,-6,101,0
1,3,-6,102,-6
1,3,-6,103,-12
1,3,-6,104,-18
1,3,-6,105,30
1,3,-6,106,36
1,3,-6,107,42
1,3,-6,108,48
1,3,-6,109,54
1,3,-6,110,60
1,3,-6,111,66
1,3,-5,0,-2
1,3,-5,1,-7
1,3,-5,2,-12
1,3,-5,3,-17
1,3,-5,4,-22
1,3,-5,5,-27
1,3,-5,6,-32
1,3,-5,7,8
1,3,-5,8,13
1,3,-5,9,18
1,3,-5,10,23
1,3,-5,11,28
1,3,-5,12,33
1,3,-5,13,38
1,3,-5,14,1
1,3,-5,15,-4
1,3,-5,16,-9
1,3,-5,17,-14
1,3,-5,18,-19
1,3,-5,19,-24
1,3,-5,20,-29
1,3,-5,21,11
1,3,-5,22,16
1,3,-5,23,21
1,3,-5,24,26
1,3,-5,25,31
1,3,-5,26,36
1,3,-5,27,41
1,3,-5,28,4
1,3,-5,29,-1
1,3,-5,30,-6
1,3,-5,31,-11
1,3,-5,32,-16
1,3,-5,33,-21
1,3,-5,34,-26
1,3,-5,35,14
1,3,-5,36,19
1,3,-5,37,24
1,3,-5,38,29
1,3,-5,39,34
1,3,-5,40,39
1,3,-5,41,44
1,3,-5,42,7
1,3,-5,43,2
1,3,-5,44,-3
1,3,-5,45,-8
1,3,-5,46,-13
1,3,-5,47,-18
1,3,-5,48,-23
1,3,-5,49,17
1,3,-5,50,22
1,3,-5,51,27
1,3,-5,52,32
1,3,-5,53,37
1,3,-5,54,42
1,3,-5,55,47
1,3,-5,56,10
1,3,-5,57,5
1,3,-5,58,0
1,3,-5,59,-5
1,3,-5,60,-10
1,3,-5,61,-15
1,3,-5,62,-20
1,3,-5,63,20
1,3,-5,64,25
1,3,-5,65,30
1,3,-5,66,35
1,3,-5,67,40
1,3,-5,68,45
1,3,-5,69,50
1,3,-5,70,13
1,3,-5,71,8
1,3,-5,72,3
1,3,-5,73,-2
1,3,-5,74,-7
1,3,-5,75,-12
1,3,-5,76,-17
1,3,-5,77,23
1,3,-5,78,28
1,3,-5,79,33
1,3,-5,80,38
1,3,-5,81,43
1,3,-5,82,48
1,3,-5,83,53
1,3,-5,84,16
1,3,-5,85,11
1,3,-5,86,6
1,3,-5,87,1
1,3,-5,88,-4
1,3,-5,89,-9
1,3,-5,90,-14
1,3,-5,91,26
1,3,-5,92,31
1,3,-5,93,36
1,3,-5,94,41
1,3,-5,95,46
1,3,-5,96,51
1,3,-5,97,56
1,3,-5,98,19
1,3,-5,99,14
1,3,-5,100,9
1,3,-5,101,4
1,3,-5,102,-1
1,3,-5,103,-6
1,3,-5,104,-11
1,3,-5,105,29
1,3,-5,106,34
1,3,-5,107,39
1,3,-5,108,44
1,3,-5,109,49
1,3,-5,110,54
1,3,-5,111,59
1,3,-4,0,-1
1,3,-4,1,-5
1,3,-4,2,-9
1,3,-4,3,-13
1,3,-4,4,-17
1,3,-4,5,-21
1,3,-4,6,-25
1,3,-4,7,7
1,3,-4,8,11
1,3,-4,9,15
1,3,-4,10,19
1,3,-4,11,23
1,3,-4,12,27
1,3,-4,13,31
1,3,-4,14,2
1,3,-4,15,-2
1,3,-4,16,-6
1,3,-4,17,-10
1,3,-4,18,-14
1,3,-4,19,-18
1,3,-4,20,-22
1,3,-4,21,10
1,3,-4,22,14
1,3,-4,23,18
1,3,-4,24,22
1,3,-4,25,26
1,3,-4,26,30
1,3,-4,27,34
1,3,-4,28,5
1,3,-4,29,1
1,3,-4,30,-3
1,3,-4,31,-7
1,3,-4,32,-11
1,3,-4,33,-15
1,3,-4,34,-19
1,3,-4,35,13
1,3,-4,36,17
1,3,-4,37,21
1,3,-4,38,25
1,3,-4,39,29
1,3,-4,40,33
1,3,-4,41,37
1,3,-4,42,8
1,3,-4,43,4
1,3,-4,44,0
1,3,-4,45,-4
1,3,-4,46,-8
1,3,-4,47,-12
1,3,-4,48,-16
1,3,-4,49,16
1,3,-4,50,20
1,3,-4,51,24
1,3,-4,52,28
1,3,-4,53,32
1,3,-4,54,36
1,3,-4,55,40
1,3,-4,56,11
1,3,-4,57,7
1,3,-4,58,3
1,3,-4,59,-1
1,3,-4,60,-5
1,3,-4,61,-9
1,3,-4,62,-13
1,3,-4,63,19
1,3,-4,64,23
1,3,-4,65,27
1,3,-4,66,31
1,3,-4,67,35
1,3,-4,68,39
1,3,-4,69,43
1,3,-4,70,14
1,3,-4,71,10
1,3,-4,72,6
1,3,-4,73,2
1,3,-4,74,-2
1,3,-4,75,-6
1,3,-4,76,-10
1,3,-4,77,22
1,3,-4,78,26
1,3,-4,79,30
1,3,-4,80,34
1,3,-4,81,38
1,3,-4,82,42
1,3,-4,83,46
1,3,-4,84,17
1,3,-4,85,13
1,3,-4,86,9
1,3,-4,87,5
1,3,-4,88,1
1,3,-4,89,-3
1,3,-4,90,-7
1,3,-4,91,25
1,3,-4,92,29
1,3,-4,93,33
1,3,-4,94,37
1,3,-4,95,41
1,3,-4,96,45
1,3,-4,97,49
1,3,-4,98,20
1,3,-4,99,16
1,3,-4,100,12
1,3,-4,101,8
1,3,-4,102,4
1,3,-4,103,0
1,3,-4,104,-4
1,3,-4,105,28
1,3,-4,106,32
1,3,-4,107,36
1,3,-4,108,40
1,3,-4,109,44
1,3,-4,110,48
1,3,-4,111,52
1,3,-3,0,0
1,3,-3,1,-3
1,3,-3,2,-6
1,3,-3,3,-9
1,3,-3,4,-12
1,3,-3,5,-15
1,3,-3,6,-18
1,3,-3,7,6
1,3,-3,8,9
1,3,-3,9,12
1,3,-3,10,15
1,3,-3,11,18
1,3,-3,12,21
1,3,-3,13,24
1,3,-3,14,3
1,3,-3,15,0
1,3,-3,16,-3
1,3,-3,17,-6
1,3,-3,18,-9
1,3,-3,19,-12
1,3,-3,20,-15
1,3,-3,21,9
1,3,-3,22,12
1,3,-3,23,15
1,3,-3,24,18
1,3,-3,25,21
1,3,-3,26,24
1,3,-3,27,27
1,3,-3,28,6
1,3,-3,29,3
1,3,-3,30,0
1,3,-3,31,-3
1,3,-3,32,-6
1,3,-3,33,-9
1,3,-3,34,-12
1,3,-3,35,12
1,3,-3,36,15
1,3,-3,37,18
1,3,-3,38,21
1,3,-3,39,24
1,3,-3,40,27
1,3,-3,41,30
1,3,-3,42,9
1,3,-3,43,6
1,3,-3,44,3
1,3,-3,45,0
1,3,-3,46,-3
1,3,-3,47,-6
1,3,-3,48,-9
1,3,-3,49,15
1,3,-3,50,18
1,3,-3,51,21
1,3,-3,52,24
1,3,-3,53,27
1,3,-3,54,30
1,3,-3,55,33
1,3,-3,56,12
1,3,-3,57,9
1,3,-3,58,6
1,3,-3,59,3
1,3,-3,60,0
1,3,-3,61,-3
1,3,-3,62,-6
1,3,-3,63,18
1,3,-3,64,21
1,3,-3,65,24
1,3,-3,66,27
1,3,-3,67,30
1,3,-3,68,33
1,3,-3,69,36
1,3,-3,70,15
1,3,-3,71,12
1,3,-3,72,9
1,3,-3,73,6
1,3,-3,74,3
1,3,-3,75,0
1,3,-3,76,-3
1,3,-3,77,21
1,3,-3,78,24
1,3,-3,79,27
1,3,-3,80,30
1,3,-3,81,33
1,3,-3,82,36
1,3,-3,83,39
1,3,-3,84,18
1,3,-3,85,15
1,3,-3,86,12
1,3,-3,87,9
1,3,-3,88,6
1,3,-3,89,3
1,3,-3,90,0
1,3,-3,91,24
1,3,-3,92,27
1,3,-3,93,30
1,3,-3,94,33
1,3,-3,95,36
1,3,-3,96,39
1,3,-3,97,42
1,3,-3,98,21
1,3,-3,99,18
1,3,-3,100,15
1,3,-3,101,12
1,3,-3,102,9
1,3,-3,103,6
1,3,-3,104,3
1,3,-3,105,27
1,3,-3,106,30
1,3,-3,107,33
1,3,-3,108,36
1,3,-3,109,39
1,3,-3,110,42
1,3,-3,111,45
1,3,-2,0,1
1,3,-2,1,-1
1,3,-2,2,-3
1,3,-2,3,-5
1,3,-2,4,-7
1,3,-2,5,-9
1,3,-2,6,-11
1,3,-2,7,5
1,3,-2,8,7
1,3,-2,9,9
1,3,-2,10,11
1,3,-2,11,13
1,3,-2,12,15
1,3,-2,13,17
1,3,-2,14,4
1,3,-2,15,2
1,3,-2,16,0
1,3,-2,17,-2
1,3,-2,18,-4
1,3,-2,19,-6
1,3,-2,20,-8
1,3,-2,21,8
1,3,-2,22,10
1,3,-2,23,12
1,3,-2,24,14
1,3,-2,25,16
1,3,-2,26,18
1,3,-2,27,20
1,3,-2,28,7
1,3,-2,29,5
1,3,-2,30,3
1,3,-2,31,1
1,3,-2,32,-1
1,3,-2,33,-3
1,3,-2,34,-5
1,3,-2,35,11
1,3,-2,36,13
1,3,-2,37,15
1,3,-2,38,17
1,3,-2,39,19
1,3,-2,40,21
1,3,-2,41,23
1,3,-2,42,10
1,3,-2,43,8
1,3,-2,44,6
1,3,-2,45,4
1,3,-2,46,2
1,3,-2,47,0
1,3,-2,48,-2
1,3,-2,49,14
1,3,-2,50,16
1,3,-2,51,18
1,3,-2,52,20
1,3,-2,53,22
1,3,-2,54,24
1,3,-2,55,26
1,3,-2,56,13
1,3,-2,57,11
1,3,-2,58,9
1,3,-2,59,7
1,3,-2,60,5
1,3,-2,61,3
1,3,-2,62,1
1,3,-2,63,17
1,3,-2,64,19
1,3,-2,65,21
1,3,-2,66,23
1,3,-2,67,25
1,3,-2,68,27
1,3,-2,69,29
1,3,-2,70,16
1,3,-2,71,14
1,3,-2,72,12
1,3,-2,73,10
1,3,-2,74,8
1,3,-2,75,6
1,3,-2,76,4
1,3,-2,77,20
1,3,-2,78,22
1,3,-2,79,24
1,3,-2,80,26
1,3,-2,81,28
1,3,-2,82,30
1,3,-2,83,32
1,3,-2,84,19
1,3,-2,85,17
1,3,-2,86,15
1,3,-2,87,13
1,3,-2,88,11
1,3,-2,89,9
1,3,-2,90,7
1,3,-2,91,23
1,3,-2,92,25
1,3,-2,93,27
1,3,-2,94,29
1,3,-2,95,31
1,3,-2,96,33
1,3,-2,97,35
1,3,-2,98,22
1,3,-2,99,20
1,3,-2,100,18
1,3,-2,101,16
1,3,-2,102,14
1,3,-2,103,12
1,3,-2,104,10
1,3,-2,105,26
1,3,-2,106,28
1,3,-2,107,30
1,3,-2,108,32
1,3,-2,109,34
1,3,-2,110,36
1,3,-2,111,38
1,3,-1,0,2
1,3,-1,1,1
1,3,-1,2,0
1,3,-1,3,-1
1,3,-1,4,-2
1,3,-1,5,-3
1,3,-1,6,-4
1,3,-1,7,4
1,3,-1,8,5
1,3,-1,9,6
1,3,-1,10,7
1,3,-1,11,8
1,3,-1,12,9
1,3,-1,13,10
1,3,-1,14,5
1,3,-1,15,4
1,3,-1,16,3
1,3,-1,17,2
1,3,-1,18,1
1,3,-1,19,0
1,3,-1,20,-1
1,3,-1,21,7
1,3,-1,22,8
1,3,-1,23,9
1,3,-1,24,10
1,3,-1,25,11
1,3,-1,26,12
1,3,-1,27,13
1,3,-1,28,8
1,3,-1,29,7
1,3,-1,30,6
1,3,-1,31,5
1,3,-1,32,4
1,3,-1,33,3
1,3,-1,34,2
1,3,-1,35,10
1,3,-1,36,11
1,3,-1,37,12
1,3,-1,38,13
1,3,-1,39,14
1,3,-1,40,15
1,3,-1,41,16
1,3,-1,42,11
1,3,-1,43,10
1,3,-1,44,9
1,3,-1,45,8
1,3,-1,46,7
1,3,-1,47,6
1,3,-1,48,5
1,3,-1,49,13
1,3,-1,50,14
1,3,-1,51,15
1,3,-1,52,16
1,3,-1,53,17
1,3,-1,54,18
1,3,-1,55,19
1,3,-1,56,14
1,3,-1,57,13
1,3,-1,58,12
1,3,-1,59,11
1,3,-1,60,10
1,3,-1,61,9
1,3,-1,62,8
1,3,-1,63,16
1,3,-1,64,17
1,3,-1,65,18
1,3,-1,66,19
1,3,-1,67,20
1,3,-1,68,21
1,3,-1,69,22
1,3,-1,70,17
1,3,-1,71,16
1,3,-1,72,15
1,3,-1,73,14
1,3,-1,74,13
1,3,-1,75,12
1,3,-1,76,11
1,3,-1,77,19
1,3,-1,78,20
1,3,-1,79,21
1,3,-1,80,22
1,3,-1,81,23
1,3,-1,82,24
1,3,-1,83,25
1,3,-1,84,20
1,3,-1,85,19
1,3,-1,86,18
1,3,-1,87,17
1,3,-1,88,16
1,3,-1,89,15
1,3,-1,90,14
1,3,-1,91,22
1,3,-1,92,23
1,3,-1,93,24
1,3,-1,94,25
1,3,-1,95,26
1,3,-1,96,27
1,3,-1,97,28
1,3,-1,98,23
1,3,-1,99,22
1,3,-1,100,21
1,3,-1,101,20
1,3,-1,102,19
1,3,-1,103,18
1,3,-1,104,17
1,3,-1,105,25
1,3,-1,106,26
1,3,-1,107,27
1,3,-1,108,28
1,3,-1,109,29
1,3,-1,110,30
1,3,-1,111,31
1,3,0,0,3
1,3,0,1,3
1,3,0,2,3
1,3,0,3,3
1,3,0,4,3
1,3,0,5,3
1,3,0,6,3
1,3,0,7,3
1,3,0,8,3
1,3,0,9,3
1,3,0,10,3
1,3,0,11,3
1,3,0,12,3
1,3,0,13,3
1,3,0,14,6
1,3,0,15,6
1,3,0,16,6
1,3,0,17,6
1,3,0,18,6
1,3,0,19,6
1,3,0,20,6
1,3,0,21,6
1,3,0,22,6
1,3,0,23,6
1,3,0,24,6
1,3,0,25,6
1,3,0,26,6
1,3,0,27,6
1,3,0,28,9
1,3,0,29,9
1,3,0,30,9
1,3,0,31,9
1,3,0,32,9
1,3,0,33,9
1,3,0,34,9
1,3,0,35,9
1,3,0,36,9
1,3,0,37,9
1,3,0,38,9
1,3,0,39,9
1,3,0,40,9
1,3,0,41,9
1,3,0,42,12
1,3,0,43,12
1,3,0,44,12
1,3,0,45,12
1,3,0,46,12
1,3,0,47,12
1,3,0,48,12
1,3,0,49,12
1,3,0,50,12
1,3,0,51,12
1,3,0,52,12
1,3,0,53,12
1,3,0,54,12
1,3,0,55,12
1,3,0,56,15
1,3,0,57,15
1,3,0,58,15
1,3,0,59,15
1,3,0,60,15
1,3,0,61,15
1,3,0,62,15
1,3,0,63,15
1,3,0,64,15
1,3,0,65,15
1,3,0,66,15
1,3,0,67,15
1,3,0,68,15
1,3,0,69,15
1,3,0,70,18
1,3,0,71,18
1,3,0,72,18
1,3,0,73,18
1,3,0,74,18
1,3,0,75,18
1,3,0,76,18
1,3,0,77,18
1,3,0,78,18
1,3,0,79,18
1,3,0,80,18
1,3,0,81,18
1,3,0,82,18
1,3,0,83,18
1,3,0,84,21
1,3,0,85,21
1,3,0,86,21
1,3,0,87,21
1,3,0,88,21
1,3,0,89,21
1,3,0,90,21
1,3,0,91,21
1,3,0,92,21
1,3,0,93,21
1,3,0,94,21
1,3,0,95,21
1,3,0,96,21
1,3,0,97,21
1,3,0,98,24
1,3,0,99,24
1,3,0,100,24
1,3,0,101,24
1,3,0,102,24
1,3,0,103,24
1,3,0,104,24
1,3,0,105,24
1,3,0,106,24
1,3,0,107,24
1,3,0,108,24
1,3,0,109,24
1,3,0,110,24
1,3,0,111,24
1,3,1,0,4
1,3,1,1,5
1,3,1,2,6
1,3,1,3,7
1,3,1,4,8
1,3,1,5,9
1,3,1,6,10
1,3,1,7,2
1,3,1,8,1
1,3,1,9,0
1,3,1,10,-1
1,3,1,11,-2
1,3,1,12,-3
1,3,1,13,-4
1,3,1,14,7
1,3,1,15,8
1,3,1,16,9
1,3,1,17,10
1,3,1,18,11
1,3,1,19,12
1,3,1,20,13
1,3,1,21,5
1,3,1,22,4
1,3,1,23,3
1,3,1,24,2
1,3,1,25,1
1,3,1,26,0
1,3,1,27,-1
1,3,1,28,10
1,3,1,29,11
1,3,1,30,12
1,3,1,31,13
1,3,1,32,14
1,3,1,33,15
1,3,1,34,16
1,3,1,35,8
1,3,1,36,7
1,3,1,37,6
1,3,1,38,5
1,3,1,39,4
1,3,1,40,3
1,3,1,41,2
1,3,1,42,13
1,3,1,43,14
1,3,1,44,15
1,3,1,45,16
1,3,1,46,17
1,3,1,47,18
1,3,1,48,19
1,3,1,49,11
1,3,1,50,10
1,3,1,51,9
1,3,1,52,8
1,3,1,53,7
1,3,1,54,6
1,3,1,55,5
1,3,1,56,16
1,3,1,57,17
1,3,1,58,18
1,3,1,59,19
1,3,1,60,20
1,3,1,61,21
1,3,1,62,22
1,3,1,63,14
1,3,1,64,13
1,3,1,65,12
1,3,1,66,11
1,3,1,67,10
1,3,1,68,9
1,3,1,69,8
1,3,1,70,19
1,3,1,71,20
1,3,1,72,21
1,3,1,73,22
1,3,1,74,23
1,3,1,75,24
1,3,1,76,25
1,3,1,77,17
1,3,1,78,16
1,3,1,79,15
1,3,1,80,14
1,3,1,81,13
1,3,1,82,12
1,3,1,83,11
1,3,1,84,22
1,3,1,85,23
1,3,1,86,24
1,3,1,87,25
1,3,1,88,26
1,3,1,89,27
1,3,1,90,28
1,3,1,91,20
1,3,1,92,19
1,3,1,93,18
1,3,1,94,17
1,3,1,95,16
1,3,1,96,15
1,3,1,97,14
1,3,1,98,25
1,3,1,99,26
1,3,1,100,27
1,3,1,101,28
1,3,1,102,29
1,3,1,103,30
1,3,1,104,31
1,3,1,105,23
1,3,1,106,22
1,3,1,107,21
1,3,1,108,20
1,3,1,109,19
1,3,1,110,18
1,3,1,111,17
1,3,2,0,5
1,3,2,1,7
1,3,2,2,9
1,3,2,3,11
1,3,2,4,13
1,3,2,5,15
1,3,2,6,17
1,3,2,7,1
1,3,2,8,-1
1,3,2,9,-3
1,3,2,10,-5
1,3,2,11,-7
1,3,2,12,-9
1,3,2,13,-11
1,3,2,14,8
1,3,2,15,10
1,3,2,16,12
1,3,2,17,14
1,3,2,18,16
1,3,2,19,18
1,3,2,20,20
1,3,2,21,4
1,3,2,22,2
1,3,2,23,0
1,3,2,24,-2
1,3,2,25,-4
1,3,2,26,-6
1,3,2,27,-8
1,3,2,28,11
1,3,2,29,13
1,3,2,30,15
1,3,2,31,17
1,3,2,32,19
1,3,2,33,21
1,3,2,34,23
1,3,2,35,7
1,3,2,36,5
1,3,2,37,3
1,3,2,38,1
1,3,2,39,-1
1,3,2,40,-3
1,3,2,41,-5
1,3,2,42,14
1,3,2,43,16
1,3,2,44,18
1,3,2,45,20
1,3,2,46,22
1,3,2,47,24
1,3,2,48,26
1,3,2,49,10
1,3,2,50,8
1,3,2,51,6
1,3,2,52,4
1,3,2,53,2
1,3,2,54,0
1,3,2,55,-2
1,3,2,56,17
1,3,2,57,19
1,3,2,58,21
1,3,2,59,23
1,3,2,60,25
1,3,2,61,27
1,3,2,62,29
1,3,2,63,13
1,3,2,64,11
1,3,2,65,9
1,3,2,66,7
1,3,2,67,5
1,3,2,68,3
1,3,2,69,1
1,3,2,70,20
1,3,2,71,22
1,3,2,72,24
1,3,2,73,26
1,3,2,74,28
1,3,2,75,30
1,3,2,76,32
1,3,2,77,16
1,3,2,78,14
1,3,2,79,12
1,3,2,80,10
1,3,2,81,8
1,3,2,82,6
1,3,2,83,4
1,3,2,84,23
1,3,2,85,25
1,3,2,86,27
1,3,2,87,29
1,3,2,88,31
1,3,2,89,33
1,3,2,90,35
1,3,2,91,19
1,3,2,92,17
1,3,2,93,15
1,3,2,94,13
1,3,2,95,11
1,3,2,96,9
1,3,2,97,7
1,3,2,98,26
1,3,2,99,28
1,3,2,100,30
1,3,2,101,32
1,3,2,102,34
1,3,2,103,36
1,3,2,104,38
1,3,2,105,22
1,3,2,106,20
1,3,2,107,18
1,3,2,108,16
1,3,2,109,14
1,3,2,110,12
1,3,2,111,10
1,3,3,0,6
1,3,3,1,9
1,3,3,2,12
1,3,3,3,15
1,3,3,4,18
1,3,3,5,21
1,3,3,6,24
1,3,3,7,0
1,3,3,8,-3
1,3,3,9,-6
1,3,3,10,-9
1,3,3,11,-12
1,3,3,12,-15
1,3,3,13,-18
1,3,3,14,9
1,3,3,15,12
1,3,3,16,15
1,3,3,17,18
1,3,3,18,21
1,3,3,19,24
1,3,3,20,27
1,3,3,21,3
1,3,3,22,0
1,3,3,23,-3
1,3,3,24,-6
1,3,3,25,-9
1,3,3,26,-12
1,3,3,27,-15
1,3,3,28,12
1,3,3,29,15
1,3,3,30,18
1,3,3,31,21
1,3,3,32,24
1,3,3,33,27
1,3,3,34,30
1,3,3,35,6
1,3,3,36,3
1,3,3,37,0
1,3,3,38,-3
1,3,3,39,-6
1,3,3,40,-9
1,3,3,41,-12
1,3,3,42,15
1,3,3,43,18
1,3,3,44,21
1,3,3,45,24
1,3,3,46,27
1,3,3,47,30
1,3,3,48,33
1,3,3,49,9
1,3,3,50,6
1,3,3,51,3
1,3,3,52,0
1,3,3,53,-3
1,3,3,54,-6
1,3,3,55,-9
1,3,3,56,18
1,3,3,57,21
1,3,3,58,24
1,3,3,59,27
1,3,3,60,30
1,3,3,61,33
1,3,3,62,36
1,3,3,63,12
1,3,3,64,9
1,3,3,65,6
1,3,3,66,3
1,3,3,67,0
1,3,3,68,-3
1,3,3,69,-6
1,3,3,70,21
1,3,3,71,24
1,3,3,72,27
1,3,3,73,30
1,3,3,74,33
1,3,3,75,36
1,3,3,76,39
1,3,3,77,15
1,3,3,78,12
1,3,3,79,9
1,3,3,80,6
1,3,3,81,3
1,3,3,82,0
1,3,3,83,-3
1,3,3,84,24
1,3,3,85,27
1,3,3,86,30
1,3,3,87,33
1,3,3,88,36
1,3,3,89,39
1,3,3,90,42
1,3,3,91,18
1,3,3,92,15
1,3,3,93,12
1,3,3,94,9
1,3,3,95,6
1,3,3,96,3
1,3,3,97,0
1,3,3,98,27
1,3,3,99,30
1,3,3,100,33
1,3,3,101,36
1,3,3,102,39
1,3,3,103,42
1,3,3,104,45
1,3,3,105,21
1,3,3,106,18
1,3,3,107,15
1,3,3,108,12
1,3,3,109,9
1,3,3,110,6
1,3,3,111,3
1,3,4,0,7
1,3,4,1,11
1,3,4,2,15
1,3,4,3,19
1,3,4,4,23
1,3,4,5,27
1,3,4,6,31
1,3,4,7,-1
1,3,4,8,-5
1,3,4,9,-9
1,3,4,10,-13
1,3,4,11,-17
1,3,4,12,-21
1,3,4,13,-25
1,3,4,14,10
1,3,4,15,14
1,3,4,16,18
1,3,4,17,22
1,3,4,18,26
1,3,4,19,30
1,3,4,20,34
1,3,4,21,2
1,3,4,22,-2
1,3,4,23,-6
1,3,4,24,-10
1,3,4,25,-14
1,3,4,26,-18
1,3,4,27,-22
1,3,4,28,13
1,3,4,29,17
1,3,4,30,21
1,3,4,31,25
1,3,4,32,29
1,3,4,33,33
1,3,4,34,37
1,3,4,35,5
1,3,4,36,1
1,3,4,37,-3
1,3,4,38,-7
1,3,4,39,-11
1,3,4,40,-15
1,3,4,41,-19
1,3,4,42,16
1,3,4,43,20
1,3,4,44,24
1,3,4,45,28
1,3,4,46,32
1,3,4,47,36
1,3,4,48,40
1,3,4,49,8
1,3,4,50,4
1,3,4,51,0
1,3,4,52,-4
1,3,4,53,-8
1,3,4,54,-12
1,3,4,55,-16
1,3,4,56,19
1,3,4,57,23
1,3,4,58,27
1,3,4,59,31
1,3,4,60,35
1,3,4,61,39
1,3,4,62,43
1,3,4,63,11
1,3,4,64,7
1,3,4,65,3
1,3,4,66,-1
1,3,4,67,-5
1,3,4,68,-9
1,3,4,69,-13
1,3,4,70,22
1,3,4,71,26
1,3,4,72,30
1,3,4,73,34
1,3,4,74,38
1,3,4,75,42
1,3,4,76,46
1,3,4,77,14
1,3,4,78,10
1,3,4,79,6
1,3,4,80,2
1,3,4,81,-2
1,3,4,82,-6
1,3,4,83,-10
1,3,4,84,25
1,3,4,85,29
1,3,4,86,33
1,3,4,87,37
1,3,4,88,41
1,3,4,89,45
1,3,4,90,49
1,3,4,91,17
1,3,4,92,13
1,3,4,93,9
1,3,4,94,5
1,3,4,95,1
1,3,4,96,-3
1,3,4,97,-7
1,3,4,98,28
1,3,4,99,32
1,3,4,100,36
1,3,4,101,40
1,3,4,102,44
1,3,4,103,48
1,3,4,104,52
1,3,4,105,20
1,3,4,106,16
1,3,4,107,12
1,3,4,108,8
1,3,4,109,4
1,3,4,110,0
1,3,4,111,-4
1,3,5,0,8
1,3,5,1,13
1,3,5,2,18
1,3,5,3,23
1,3,5,4,28
1,3,5,5,33
1,3,5,6,38
1,3,5,7,-2
1,3,5,8,-7
1,3,5,9,-12
1,3,5,10,-17
1,3,5,11,-22
1,3,5,12,-27
1,3,5,13,-32
1,3,5,14,11
1,3,5,15,16
1,3,5,16,21
1,3,5,17,26
1,3,5,18,31
1,3,5,19,36
1,3,5,20,41
1,3,5,21,1
1,3,5,22,-4
1,3,5,23,-9
1,3,5,24,-14
1,3,5,25,-19
1,3,5,26,-24
1,3,5,27,-29
1,3,5,28,14
1,3,5,29,19
1,3,5,30,24
1,3,5,31,29
1,3,5,32,34
1,3,5,33,39
1,3,5,34,44
1,3,5,35,4
1,3,5,36,-1
1,3,5,37,-6
1,3,5,38,-11
1,3,5,39,-16
1,3,5,40,-21
1,3,5,41,-26
1,3,5,42,17
1,3,5,43,22
1,3,5,44,27
1,3,5,45,32
1,3,5,46,37
1,3,5,47,42
1,3,5,48,47
1,3,5,49,7
1,3,5,50,2
1,3,5,51,-3
1,3,5,52,-8
1,3,5,53,-13
1,3,5,54,-18
1,3,5,55,-23
1,3,5,56,20
1,3,5,57,25
1,3,5,58,30
1,3,5,59,35
1,3,5,60,40
1,3,5,61,45
1,3,5,62,50
1,3,5,63,10
1,3,5,64,5
1,3,5,65,0
1,3,5,66,-5
1,3,5,67,-10
1,3,5,68,-15
1,3,5,69,-20
1,3,5,70,23
1,3,5,71,28
1,3,5,72,33
1,3,5,73,38
1,3,5,74,43
1,3,5,75,48
1,3,5,76,53
1,3,5,77,13
1,3,5,78,8
1,3,5,79,3
1,3,5,80,-2
1,3,5,81,-7
1,3,5,82,-12
1,3,5,83,-17
1,3,5,84,26
1,3,5,85,31
1,3,5,86,36
1,3,5,87,41
1,3,5,88,46
1,3,5,89,51
1,3,5,90,56
1,3,5,91,16
1,3,5,92,11
1,3,5,93,6
1,3,5,94,1
1,3,5,95,-4
1,3,5,96,-9
1,3,5,97,-14
1,3,5,98,29
1,3,5,99,34
1,3,5,100,39
1,3,5,101,44
1,3,5,102,49
1,3,5,103,54
1,3,5,104,59
1,3,5,105,19
1,3,5,106,14
1,3,5,107,9
1,3,5,108,4
1,3,5,109,-1
1,3,5,110,-6
1,3,5,111,-11
1,3,6,0,9
1,3,6,1,15
1,3,6,2,21
1,3,6,3,27
1,3,6,4,33
1,3,6,5,39
1,3,6,6,45
1,3,6,7,-3
1,3,6,8,-9
1,3,6,9,-15
1,3,6,10,-21
1,3,6,11,-27
1,3,6,12,-33
1,3,6,13,-39
1,3,6,14,12
1,3,6,15,18
1,3,6,16,24
1,3,6,17,30
1,3,6,18,36
1,3,6,19,42
1,3,6,20,48
1,3,6,21,0
1,3,6,22,-6
1,3,6,23,-12
1,3,6,24,-18
1,3,6,25,-24
1,3,6,26,-30
1,3,6,27,-36
1,3,6,28,15
1,3,6,29,21
1,3,6,30,27
1,3,6,31,33
1,3,6,32,39
1,3,6,33,45
1,3,6,34,51
1,3,6,35,3
1,3,6,36,-3
1,3,6,37,-9
1,3,6,38,-15
1,3,6,39,-21
1,3,6,40,-27
1,3,6,41,-33
1,3,6,42,18
1,3,6,43,24
1,3,6,44,30
1,3,6,45,36
1,3,6,46,42
1,3,6,47,48
1,3,6,48,54
1,3,6,49,6
1,3,6,50,0
1,3,6,51,-6
1,3,6,52,-12
1,3,6,53,-18
1,3,6,54,-24
1,3,6,55,-30
1,3,6,56,21
1,3,6,57,27
1,3,6,58,33
1,3,6,59,39
1,3,6,60,45
1,3,6,61,51
1,3,6,62,57
1,3,6,63,9
1,3,6,64,3
1,3,6,65,-3
1,3,6,66,-9
1,3,6,67,-15
1,3,6,68,-21
1,3,6,69,-27
1,3,6,70,24
1,3,6,71,30
1,3,6,72,36
1,3,6,73,42
1,3,6,74,48
1,3,6,75,54
1,3,6,76,60
1,3,6,77,12
1,3,6,78,6
1,3,6,79,0
1,3,6,80,-6
1,3,6,81,-12
1,3,6,82,-18
1,3,6,83,-24
1,3,6,84,27
1,3,6,85,33
1,3,6,86,39
1,3,6,87,45
1,3,6,88,51
1,3,6,89,57
1,3,6,90,63
1,3,6,91,15
1,3,6,92,9
1,3,6,93,3
1,3,6,94,-3
1,3,6,95,-9
1,3,6,96,-15
1,3,6,97,-21
1,3,6,98,30
1,3,6,99,36
1,3,6,100,42
1,3,6,101,48
1,3,6,102,54
1,3,6,103,60
1,3,6,104,66
1,3,6,105,18
1,3,6,106,12
1,3,6,107,6
1,3,6,108,0
1,3,6,109,-6
1,3,6,110,-12
1,3,6,111,-18
1,3,7,0,10
1,3,7,1,17
1,3,7,2,24
1,3,7,3,31
1,3,7,4,38
1,3,7,5,45
1,3,7,6,52
1,3,7,7,-4
1,3,7,8,-11
1,3,7,9,-18
1,3,7,10,-25
1,3,7,11,-32
1,3,7,12,-39
1,3,7,13,-46
1,3,7,14,13
1,3,7,15,20
1,3,7,16,27
1,3,7,17,34
1,3,7,18,41
1,3,7,19,48
1,3,7,20,55
1,3,7,21,-1
1,3,7,22,-8
1,3,7,23,-15
1,3,7,24,-22
1,3,7,25,-29
1,3,7,26,-36
1,3,7,27,-43
1,3,7,28,16
1,3,7,29,23
1,3,7,30,30
1,3,7,31,37
1,3,7,32,44
1,3,7,33,51
1,3,7,34,58
1,3,7,35,2
1,3,7,36,-5
1,3,7,37,-12
1,3,7,38,-19
1,3,7,39,-26
1,3,7,40,-33
1,3,7,41,-40
1,3,7,42,19
1,3,7,43,26
1,3,7,44,33
1,3,7,45,40
1,3,7,46,47
1,3,7,47,54
1,3,7,48,61
1,3,7,49,5
1,3,7,50,-2
1,3,7,51,-9
1,3,7,52,-16
1,3,7,53,-23
1,3,7,54,-30
1,3,7,55,-37
1,3,7,56,22
1,3,7,57,29
1,3,7,58,36
1,3,7,59,43
1,3,7,60,50
1,3,7,61,57
1,3,7,62,64
1,3,7,63,8
1,3,7,64,1
1,3,7,65,-6
1,3,7,66,-13
1,3,7,67,-20
1,3,7,68,-27
1,3,7,69,-34
1,3,7,70,25
1,3,7,71,32
1,3,7,72,39
1,3,7,73,46
1,3,7,74,53
1,3,7,75,60
1,3,7,76,67
1,3,7,77,11
1,3,7,78,4
1,3,7,79,-3
1,3,7,80,-10
1,3,7,81,-17
1,3,7,82,-24
1,3,7,83,-31
1,3,7,84,28
1,3,7,85,35
1,3,7,86,42
1,3,7,87,49
1,3,7,88,56
1,3,7,89,63
1,3,7,90,70
1,3,7,91,14
1,3,7,92,7
1,3,7,93,0
1,3,7,94,-7
1,3,7,95,-14
1,3,7,96,-21
1,3,7,97,-28
1,3,7,98,31
1,3,7,99,38
1,3,7,100,45
1,3,7,101,52
1,3,7,102,59
1,3,7,103,66
1,3,7,104,73
1,3,7,105,17
1,3,7,106,10
1,3,7,107,3
1,3,7,108,-4
1,3,7,109,-11
1,3,7,110,-18
1,3,7,111,-25
1,4,-8,0,-4
1,4,-8,1,-12
1,4,-8,2,-20
1,4,-8,3,-28
1,4,-8,4,-36
1,4,-8,5,-44
1,4,-8,6,-52
1,4,-8,7,12
1,4,-8,8,20
1,4,-8,9,28
1,4,-8,10,36
1,4,-8,11,44
1,4,-8,12,52
1,4,-8,13,60
1,4,-8,14,0
1,4,-8,15,-8
1,4,-8,16,-16
1,4,-8,17,-24
1,4,-8,18,-32
1,4,-8,19,-40
1,4,-8,20,-48
1,4,-8,21,16
1,4,-8,22,24
1,4,-8,23,32
1,4,-8,24,40
1,4,-8,25,48
1,4,-8,26,56
1,4,-8,27,64
1,4,-8,28,4
1,4,-8,29,-4
1,4,-8,30,-12
1,4,-8,31,-20
1,4,-8,32,-28
1,4,-8,33,-36
1,4,-8,34,-44
1,4,-8,35,20
1,4,-8,36,28
1,4,-8,37,36
1,4,-8,38,44
1,4,-8,39,52
1,4,-8,40,60
1,4,-8,41,68
1,4,-8,42,8
1,4,-8,43,0
1,4,-8,44,-8
1,4,-8,45,-16
1,4,-8,46,-24
1,4,-8,47,-32
1,4,-8,48,-40
1,4,-8,49,24
1,4,-8,50,32
1,4,-8,51,40
1,4,-8,52,48
1,4,-8,53,56
1,4,-8,54,64
1,4,-8,55,72
1,4,-8,56,12
1,4,-8,57,4
1,4,-8,58,-4
1,4,-8,59,-12
1,4,-8,60,-20
1,4,-8,61,-28
1,4,-8,62,-36
1,4,-8,63,28
1,4,-8,64,36
1,4,-8,65,44
1,4,-8,66,52
1,4,-8,67,60
1,4,-8,68,68
1,4,-8,69,76
1,4,-8,70,16
1,4,-8,71,8
1,4,-8,72,0
1,4,-8,73,-8
1,4,-8,74,-16
1,4,-8,75,-24
1,4,-8,76,-32
1,4,-8,77,32
1,4,-8,78,40
1,4,-8,79,48
1,4,-8,80,56
1,4,-8,81,64
1,4,-8,82,72
1,4,-8,83,80
1,4,-8,84,20
1,4,-8,85,12
1,4,-8,86,4
1,4,-8,87,-4
1,4,-8,88,-12
1,4,-8,89,-20
1,4,-8,90,-28
1,4,-8,91,36
1,4,-8,92,44
1,4,-8,93,52
1,4,-8,94,60
1,4,-8,95,68
1,4,-8,96,76
1,4,-8,97,84
1,4,-8,98,24
1,4,-8,99,16
1,4,-8,100,8
1,4,-8,101,0
1,4,-8,102,-8
1,4,-8,103,-16
1,4,-8,104,-24
1,4,-8,105,40
1,4,-8,106,48
1,4,-8,107,56
1,4,-8,108,64
1,4,-8,109,72
1,4,-8,110,80
1,4,-8,111,88
1,4,-7,0,-3
1,4,-7,1,-10
1,4,-7,2,-17
1,4,-7,3,-24
1,4,-7,4,-31
1,4,-7,5,-38
1,4,-7,6,-45
1,4,-7,7,11
1,4,-7,8,18
1,4,-7,9,25
1,4,-7,10,32
1,4,-7,11,39
1,4,-7,12,46
1,4,-7,13,53
1,4,-7,14,1
1,4,-7,15,-6
1,4,-7,16,-13
1,4,-7,17,-20
1,4,-7,18,-27
1,4,-7,19,-34
1,4,-7,20,-41
1,4,-7,21,15
1,4,-7,22,22
1,4,-7,23,29
1,4,-7,24,36
1,4,-7,25,43
1,4,-7,26,50
1,4,-7,27,57
1,4,-7,28,5
1,4,-7,29,-2
1,4,-7,30,-9
1,4,-7,31,-16
1,4,-7,32,-23
1,4,-7,33,-30
1,4,-7,34,-37
1,4,-7,35,19
1,4,-7,36,26
1,4,-7,37,33
1,4,-7,38,40
1,4,-7,39,47
1,4,-7,40,54
1,4,-7,41,61
1,4,-7,42,9
1,4,-7,43,2
1,4,-7,44,-5
1,4,-7,45,-12
1,4,-7,46,-19
1,4,-7,47,-26
1,4,-7,48,-33
1,4,-7,49,23
1,4,-7,50,30
1,4,-7,51,37
1,4,-7,52,44
1,4,-7,53,51
1,4,-7,54,58
1,4,-7,55,65
1,4,-7,56,13
1,4,-7,57,6
1,4,-7,58,-1
1,4,-7,59,-8
1,4,-7,60,-15
1,4,-7,61,-22
1,4,-7,62,-29
1,4,-7,63,27
1,4,-7,64,34
1,4,-7,65,41
1,4,-7,66,48
1,4,-7,67,55
1,4,-7,68,62
1,4,-7,69,69
1,4,-7,70,17
1,4,-7,71,10
1,4,-7,72,3
1,4,-7,73,-4
1,4,-7,74,-11
1,4,-7,75,-18
1,4,-7,76,-25
1,4,-7,77,31
1,4,-7,78,38
1,4,-7,79,45
1,4,-7,80,52
1,4,-7,81,59
1,4,-7,82,66
1,4,-7,83,73
1,4,-7,84,21
1,4,-7,85,14
1,4,-7,86,7
1,4,-7,87,0
1,4,-7,88,-7
1,4,-7,89,-14
1,4,-7,90,-21
1,4,-7,91,35
1,4,-7,92,42
1,4,-7,93,49
1,4,-7,94,56
1,4,-7,95,63
1,4,-7,96,70
1,4,-7,97,77
1,4,-7,98,25
1,4,-7,99,18
1,4,-7,100,11
1,4,-7,101,4
1,4,-7,102,-3
1,4,-7,103,-10
1,4,-7,104,-17
1,4,-7,105,39
1,4,-7,106,46
1,4,-7,107,53
1,4,-7,108,60
1,4,-7,109,67
1,4,-7,110,74
1,4,-7,111,81
1,4,-6,0,-2
1,4,-6,1,-8
1,4,-6,2,-14
1,4,-6,3,-20
1,4,-6,4,-26
1,4,-6,5,-32
1,4,-6,6,-38
1,4,-6,7,10
1,4,-6,8,16
1,4,-6,9,22
1,4,-6,10,28
1,4,-6,11,34
1,4,-6,12,40
1,4,-6,13,46
1,4,-6,14,2
1,4,-6,15,-4
1,4,-6,16,-10
1,4,-6,17,-16
1,4,-6,18,-22
1,4,-6,19,-28
1,4,-6,20,-34
1,4,-6,21,14
1,4,-6,22,20
1,4,-6,23,26
1,4,-6,24,32
1,4,-6,25,38
1,4,-6,26,44
1,4,-6,27,50
1,4,-6,28,6
1,4,-6,29,0
1,4,-6,30,-6
1,4,-6,31,-12
1,4,-6,32,-18
1,4,-6,33,-24
1,4,-6,34,-30
1,4,-6,35,18
1,4,-6,36,24
1,4,-6,37,30
1,4,-6,38,36
1,4,-6,39,42
1,4,-6,40,48
1,4,-6,41,54
1,4,-6,42,10
1,4,-6,43,4
1,4,-6,44,-2
1,4,-6,45,-8
1,4,-6,46,-14
1,4,-6,47,-20
1,4,-6,48,-26
1,4,-6,49,22
1,4,-6,50,28
1,4,-6,51,34
1,4,-6,52,40
1,4,-6,53,46
1,4,-6,54,52
1,4,-6,55,58
1,4,-6,56,14
1,4,-6,57,8
1,4,-6,58,2
1,4,-6,59,-4
1,4,-6,60,-10
1,4,-6,61,-16
1,4,-6,62,-22
1,4,-6,63,26
1,4,-6,64,32
1,4,-6,65,38
1,4,-6,66,44
1,4,-6,67,50
1,4,-6,68,56
1,4,-6,69,62
1,4,-6,70,18
1,4,-6,71,12
1,4,-6,72,6
1,4,-6,73,0
1,4,-6,74,-6
1,4,-6,75,-12
1,4,-6,76,-18
1,4,-6,77,30
1,4,-6,78,36
1,4,-6,79,42
1,4,-6,80,48
1,4,-6,81,54
1,4,-6,82,60
1,4,-6,83,66
1,4,-6,84,22
1,4,-6,85,16
1,4,-6,86,10
1,4,-6,87,4
1,4,-6,88,-2
1,4,-6,89,-8
1,4,-6,90,-14
1,4,-6,91,34
1,4,-6,92,40
1,4,-6,93,46
1,4,-6,94,52
1,4,-6,95,58
1,4,-6,96,64
1,4,-6,97,70
1,4,-6,98,26
1,4,-6,99,20
1,4,-6,100,14
1,4,-6,101,8
1,4,-6,102,2
1,4,-6,103,-4
1,4,-6,104,-10
1,4,-6,105,38
1,4,-6,106,44
1,4,-6,107,50
1,4,-6,108,56
1,4,-6,109,62
1,4,-6,110,68
1,4,-6,111,74
1,4,-5,0,-1
1,4,-5,1,-6
1,4,-5,2,-11
1,4,-5,3,-16
1,4,-5,4,-21
1,4,-5,5,-26
1,4,-5,6,-31
1,4,-5,7,9
1,4,-5,8,14
1,4,-5,9,19
1,4,-5,10,24
1,4,-5,11,29
1,4,-5,12,34
1,4,-5,13,39
1,4,-5,14,3
1,4,-5,15,-2
1,4,-5,16,-7
1,4,-5,17,-12
1,4,-5,18,-17
1,4,-5,19,-22
1,4,-5,20,-27
1,4,-5,21,13
1,4,-5,22,18
1,4,-5,23,23
1,4,-5,24,28
1,4,-5,25,33
1,4,-5,26,38
1,4,-5,27,43
1,4,-5,28,7
1,4,-5,29,2
1,4,-5,30,-3
1,4,-5,31,-8
1,4,-5,32,-13
1,4,-5,33,-18
1,4,-5,34,-23
1,4,-5,35,17
1,4,-5,36,22
1,4,-5,37,27
1,4,-5,38,32
1,4,-5,39,37
1,4,-5,40,42
1,4,-5,41,47
1,4,-5,42,11
1,4,-5,43,6
1,4,-5,44,1
1,4,-5,45,-4
1,4,-5,46,-9
1,4,-5,47,-14
1,4,-5,48,-19
1,4,-5,49,21
1,4,-5,50,26
1,4,-5,51,31
1,4,-5,52,36
1,4,-5,53,41
1,4,-5,54,46
1,4,-5,55,51
1,4,-5,56,15
1,4,-5,57,10
1,4,-5,58,5
1,4,-5,59,0
1,4,-5,60,-5
1,4,-5,61,-10
1,4,-5,62,-15
1,4,-5,63,25
1,4,-5,64,30
1,4,-5,65,35
1,4,-5,66,40
1,4,-5,67,45
1,4,-5,68,50
1,4,-5,69,55
1,4,-5,70,19
1,4,-5,71,14
1,4,-5,72,9
1,4,-5,73,4
1,4,-5,74,-1
1,4,-5,75,-6
1,4,-5,76,-11
1,4,-5,77,29
1,4,-5,78,34
1,4,-5,79,39
1,4,-5,80,44
1,4,-5,81,49
1,4,-5,82,54
1,4,-5,83,59
1,4,-5,84,23
1,4,-5,85,18
1,4,-5,86,13
1,4,-5,87,8
1,4,-5,88,3
1,4,-5,89,-2
1,4,-5,90,-7
1,4,-5,91,33
1,4,-5,92,38
1,4,-5,93,43
1,4,-5,94,48
1,4,-5,95,53
1,4,-5,96,58
1,4,-5,97,63
1,4,-5,98,27
1,4,-5,99,22
1,4,-5,100,17
1,4,-5,101,12
1,4,-5,102,7
1,4,-5,103,2
1,4,-5,104,-3
1,4,-5,105,37
1,4,-5,106,42
1,4,-5,107,47
1,4,-5,108,52
1,4,-5,109,57
1,4,-5,110,62
1,4,-5,111,67
1,4,-4,0,0
1,4,-4,1,-4
1,4,-4,2,-8
1,4,-4,3,-12
1,4,-4,4,-16
1,4,-4,5,-20
1,4,-4,6,-24
1,4,-4,7,8
1,4,-4,8,12
1,4,-4,9,16
1,4,-4,10,20
1,4,-4,11,24
1,4,-4,12,28
1,4,-4,13,32
1,4,-4,14,4
1,4,-4,15,0
1,4,-4,16,-4
1,4,-4,17,-8
1,4,-4,18,-12
1,4,-4,19,-16
1,4,-4,20,-20
1,4,-4,21,12
1,4,-4,22,16
1,4,-4,23,20
1,4,-4,24,24
1,4,-4,25,28
1,4,-4,26,32
1,4,-4,27,36
1,4,-4,28,8
1,4,-4,29,4
1,4,-4,30,0
1,4,-4,31,-4
1,4,-4,32,-8
1,4,-4,33,-12
1,4,-4,34,-16
1,4,-4,35,16
1,4,-4,36,20
1,4,-4,37,24
1,4,-4,38,28
1,4,-4,39,32
1,4,-4,40,36
1,4,-4,41,40
1,4,-4,42,12
1,4,-4,43,8
1,4,-4,44,4
1,4,-4,45,0
1,4,-4,46,-4
1,4,-4,47,-8
1,4,-4,48,-12
1,4,-4,49,20
1,4,-4,50,24
1,4,-4,51,28
1,4,-4,52,32
1,4,-4,53,36
1,4,-4,54,40
1,4,-4,55,44
1,4,-4,56,16
1,4,-4,57,12
1,4,-4,58,8
1,4,-4,59,4
1,4,-4,60,0
1,4,-4,61,-4
1,4,-4,62,-8
1,4,-4,63,24
1,4,-4,64,28
1,4,-4,65,32
1,4,-4,66,36
1,4,-4,67,40
1,4,-4,68,44
1,4,-4,69,48
1,4,-4,70,20
1,4,-4,71,16
1,4,-4,72,12
1,4,-4,73,8
1,4,-4,74,4
1,4,-4,75,0
1,4,-4,76,-4
1,4,-4,77,28
1,4,-4,78,32
1,4,-4,79,36
1,4,-4,80,40
1,4,-4,81,44
1,4,-4,82,48
1,4,-4,83,52
1,4,-4,84,24
1,4,-4,85,20
1,4,-4,86,16
1,4,-4,87,12
1,4,-4,88,8
1,4,-4,89,4
1,4,-4,90,0
1,4,-4,91,32
1,4,-4,92,36
1,4,-4,93,40
1,4,-4,94,44
1,4,-4,95,48
1,4,-4,96,52
1,4,-4,97,56
1,4,-4,98,28
1,4,-4,99,24
1,4,-4,100,20
1,4,-4,101,16
1,4,-4,102,12
1,4,-4,103,8
1,4,-4,104,4
1,4,-4,105,36
1,4,-4,106,40
1,4,-4,107,44
1,4,-4,108,48
1,4,-4,109,52
1,4,-4,110,56
1,4,-4,111,60
1,4,-3,0,1
1,4,-3,1,-2
1,4,-3,2,-5
1,4,-3,3,-8
1,4,-3,4,-11
1,4,-3,5,-14
1,4,-3,6,-17
1,4,-3,7,7
1,4,-3,8,10
1,4,-3,9,13
1,4,-3,10,16
1,4,-3,11,19
1,4,-3,12,22
1,4,-3,13,25
1,4,-3,14,5
1,4,-3,15,2
1,4,-3,16,-1
1,4,-3,17,-4
1,4,-3,18,-7
1,4,-3,19,-10
1,4,-3,20,-13
1,4,-3,21,11
1,4,-3,22,14
1,4,-3,23,17
1,4,-3,24,20
1,4,-3,25,23
1,4,-3,26,26
1,4,-3,27,29
1,4,-3,28,9
1,4,-3,29,6
1,4,-3,30,3
1,4,-3,31,0
1,4,-3,32,-3
1,4,-3,33,-6
1,4,-3,34,-9
1,4,-3,35,15
1,4,-3,36,18
1,4,-3,37,21
1,4,-3,38,24
1,4,-3,39,27
1,4,-3,40,30
1,4,-3,41,33
1,4,-3,42,13
1,4,-3,43,10
1,4,-3,44,7
1,4,-3,45,4
1,4,-3,46,1
1,4,-3,47,-2
1,4,-3,48,-5
1,4,-3,49,19
1,4,-3,50,22
1,4,-3,51,25
1,4,-3,52,28
1,4,-3,53,31
1,4,-3,54,34
1,4,-3,55,37
1,4,-3,56,17
1,4,-3,57,14
1,4,-3,58,11
1,4,-3,59,8
1,4,-3,60,5
1,4,-3,61,2
1,4,-3,62,-1
1,4,-3,63,23
1,4,-3,64,26
1,4,-3,65,29
1,4,-3,66,32
1,4,-3,67,35
1,4,-3,68,38
1,4,-3,69,41
1,4,-3,70,21
1,4,-3,71,18
1,4,-3,72,15
1,4,-3,73,12
1,4,-3,74,9
1,4,-3,75,6
1,4,-3,76,3
1,4,-3,77,27
1,4,-3,78,30
1,4,-3,79,33
1,4,-3,80,36
1,4,-3,81,39
1,4,-3,82,42
1,4,-3,83,45
1,4,-3,84,25
1,4,-3,85,22
1,4,-3,86,19
1,4,-3,87,16
1,4,-3,88,13
1,4,-3,89,10
1,4,-3,90,7
1,4,-3,91,31
1,4,-3,92,34
1,4,-3,93,37
1,4,-3,94,40
1,4,-3,95,43
1,4,-3,96,46
1,4,-3,97,49
1,4,-3,98,29
1,4,-3,99,26
1,4,-3,100,23
1,4,-3,101,20
1,4,-3,102,17
1,4,-3,103,14
1,4,-3,104,11
1,4,-3,105,35
1,4,-3,106,38
1,4,-3,107,41
1,4,-3,108,44
1,4,-3,109,47
1,4,-3,110,50
1,4,-3,111,53
1,4,-2,0,2
1,4,-2,1,0
1,4,-2,2,-2
1,4,-2,3,-4
1,4,-2,4,-6
1,4,-2,5,-8
1,4,-2,6,-10
1,4,-2,7,6
1,4,-2,8,8
1,4,-2,9,10
1,4,-2,10,12
1,4,-2,11,14
1,4,-2,12,16
1,4,-2,13,18
1,4,-2,14,6
1,4,-2,15,4
1,4,-2,16,2
1,4,-2,17,0
1,4,-2,18,-2
1,4,-2,19,-4
1,4,-2,20,-6
1,4,-2,21,10
1,4,-2,22,12
1,4,-2,23,14
1,4,-2,24,16
1,4,-2,25,18
1,4,-2,26,20
1,4,-2,27,22
1,4,-2,28,10
1,4,-2,29,8
1,4,-2,30,6
1,4,-2,31,4
1,4,-2,32,2
1,4,-2,33,0
1,4,-2,34,-2
1,4,-2,35,14
1,4,-2,36,16
1,4,-2,37,18
1,4,-2,38,20
1,4,-2,39,22
1,4,-2,40,24
1,4,-2,41,26
1,4,-2,42,14
1,4,-2,43,12
1,4,-2,44,10
1,4,-2,45,8
1,4,-2,46,6
1,4,-2,47,4
1,4,-2,48,2
1,4,-2,49,18
1,4,-2,50,20
1,4,-2,51,22
1,4,-2,52,24
1,4,-2,53,26
1,4,-2,54,28
1,4,-2,55,30
1,4,-2,56,18
1,4,-2,57,16
1,4,-2,58,14
1,4,-2,59,12
1,4,-2,60,10
1,4,-2,61,8
1,4,-2,62,6
1,4,-2,63,22
1,4,-2,64,24
1,4,-2,65,26
1,4,-2,66,28
1,4,-2,67,30
1,4,-2,68,32
1,4,-2,69,34
1,4,-2,70,22
1,4,-2,71,20
1,4,-2,72,18
1,4,-2,73,16
1,4,-2,74,14
1,4,-2,75,12
1,4,-2,76,10
1,4,-2,77,26
1,4,-2,78,28
1,4,-2,79,30
1,4,-2,80,32
1,4,-2,81,34
1,4,-2,82,36
1,4,-2,83,38
1,4,-2,84,26
1,4,-2,85,24
1,4,-2,86,22
1,4,-2,87,20
1,4,-2,88,18
1,4,-2,89,16
1,4,-2,90,14
1,4,-2,91,30
1,4,-2,92,32
1,4,-2,93,34
1,4,-2,94,36
1,4,-2,95,38
1,4,-2,96,40
1,4,-2,97,42
1,4,-2,98,30
1,4,-2,99,28
1,4,-2,100,26
1,4,-2,101,24
1,4,-2,102,22
1,4,-2,103,20
1,4,-2,104,18
1,4,-2,105,34
1,4,-2,106,36
1,4,-2,107,38
1,4,-2,108,40
1,4,-2,109,42
1,4,-2,110,44
1,4,-2,111,46
1,4,-1,0,3
1,4,-1,1,2
1,4,-1,2,1
1,4,-1,3,0
1,4,-1,4,-1
1,4,-1,5,-2
1,4,-1,6,-3
1,4,-1,7,5
1,4,-1,8,6
1,4,-1,9,7
1,4,-1,10,8
1,4,-1,11,9
1,4,-1,12,10
1,4,-1,13,11
1,4,-1,14,7
1,4,-1,15,6
1,4,-1,16,5
1,4,-1,17,4
1,4,-1,18,3
1,4,-1,19,2
1,4,-1,20,1
1,4,-1,21,9
1,4,-1,22,10
1,4,-1,23,11
1,4,-1,24,12
1,4,-1,25,13
1,4,-1,26,14
1,4,-1,27,15
1,4,-1,28,11
1,4,-1,29,10
1,4,-1,30,9
1,4,-1,31,8
1,4,-1,32,7
1,4,-1,33,6
1,4,-1,34,5
1,4,-1,35,13
1,4,-1,36,14
1,4,-1,37,15
1,4,-1,38,16
1,4,-1,39,17
1,4,-1,40,18
1,4,-1,41,19
1,4,-1,42,15
1,4,-1,43,14
1,4,-1,44,13
1,4,-1,45,12
1,4,-1,46,11
1,4,-1,47,10
1,4,-1,48,9
1,4,-1,49,17
1,4,-1,50,18
1,4,-1,51,19
1,4,-1,52,20
1,4,-1,53,21
1,4,-1,54,22
1,4,-1,55,23
1,4,-1,56,19
1,4,-1,57,18
1,4,-1,58,17
1,4,-1,59,16
1,4,-1,60,15
1,4,-1,61,14
1,4,-1,62,13
1,4,-1,63,21
1,4,-1,64,22
1,4,-1,65,23
1,4,-1,66,24
1,4,-1,67,25
1,4,-1,68,26
1,4,-1,69,27
1,4,-1,70,23
1,4,-1,71,22
1,4,-1,72,21
1,4,-1,73,20
1,4,-1,74,19
1,4,-1,75,18
1,4,-1,76,17
1,4,-1,77,25
1,4,-1,78,26
1,4,-1,79,27
1,4,-1,80,28
1,4,-1,81,29
1,4,-1,82,30
1,4,-1,83,31
1,4,-1,84,27
1,4,-1,85,26
1,4,-1,86,25
1,4,-1,87,24
1,4,-1,88,23
1,4,-1,89,22
1,4,-1,90,21
1,4,-1,91,29
1,4,-1,92,30
1,4,-1,93,31
1,4,-1,94,32
1,4,-1,95,33
1,4,-1,96,34
1,4,-1,97,35
1,4,-1,98,31
1,4,-1,99,30
1,4,-1,100,29
1,4,-1,101,28
1,4,-1,102,27
1,4,-1,103,26
1,4,-1,104,25
1,4,-1,105,33
1,4,-1,106,34
1,4,-1,107,35
1,4,-1,108,36
1,4,-1,109,37
1,4,-1,110,38
1,4,-1,111,39
1,4,0,0,4
1,4,0,1,4
1,4,0,2,4
1,4,0,3,4
1,4,0,4,4
1,4,0,5,4
1,4,0,6,4
1,4,0,7,4
1,4,0,8,4
1,4,0,9,4
1,4,0,10,4
1,4,0,11,4
1,4,0,12,4
1,4,0,13,4
1,4,0,14,8
1,4,0,15,8
1,4,0,16,8
1,4,0,17,8
1,4,0,18,8
1,4,0,19,8
1,4,0,20,8
1,4,0,21,8
1,4,0,22,8
1,4,0,23,8
1,4,0,24,8
1,4,0,25,8
1,4,0,26,8
1,4,0,27,8
1,4,0,28,12
1,4,0,29,12
1,4,0,30,12
1,4,0,31,12
1,4,0,32,12
1,4,0,33,12
1,4,0,34,12
1,4,0,35,12
1,4,0,36,12
1,4,0,37,12
1,4,0,38,12
1,4,0,39,12
1,4,0,40,12
1,4,0,41,12
1,4,0,42,16
1,4,0,43,16
1,4,0,44,16
1,4,0,45,16
1,4,0,46,16
1,4,0,47,16
1,4,0,48,16
1,4,0,49,16
1,4,0,50,16
1,4,0,51,16
1,4,0,52,16
1,4,0,53,16
1,4,0,54,16
1,4,0,55,16
1,4,0,56,20
1,4,0,57,20
1,4,0,58,20
1,4,0,59,20
1,4,0,60,20
1,4,0,61,20
1,4,0,62,20
1,4,0,63,20
1,4,0,64,20
1,4,0,65,20
1,4,0,66,20
1,4,0,67,20
1,4,0,68,20
1,4,0,69,20
1,4,0,70,24
1,4,0,71,24
1,4,0,72,24
1,4,0,73,24
1,4,0,74,24
1,4,0,75,24
1,4,0,76,24
1,4,0,77,24
1,4,0,78,24
1,4,0,79,24
1,4,0,80,24
1,4,0,81,24
1,4,0,82,24
1,4,0,83,24
1,4,0,84,28
1,4,0,85,28
1,4,0,86,28
1,4,0,87,28
1,4,0,88,28
1,4,0,89,28
1,4,0,90,28
1,4,0,91,28
1,4,0,92,28
1,4,0,93,28
1,4,0,94,28
1,4,0,95,28
1,4,0,96,28
1,4,0,97,28
1,4,0,98,32
1,4,0,99,32
1,4,0,100,32
1,4,0,101,32
1,4,0,102,32
1,4,0,103,32
1,4,0,104,32
1,4,0,105,32
1,4,0,106,32
1,4,0,107,32
1,4,0,108,32
1,4,0,109,32
1,4,0,110,32
1,4,0,111,32
1,4,1,0,5
1,4,1,1,6
1,4,1,2,7
1,4,1,3,8
1,4,1,4,9
1,4,1,5,10
1,4,1,6,11
1,4,1,7,3
1,4,1,8,2
1,4,1,9,1
1,4,1,10,0
1,4,1,11,-1
1,4,1,12,-2
1,4,1,13,-3
1,4,1,14,9
1,4,1,15,10
1,4,1,16,11
1,4,1,17,12
1,4,1,18,13
1,4,1,19,14
1,4,1,20,15
1,4,1,21,7
1,4,1,22,6
1,4,1,23,5
1,4,1,24,4
1,4,1,25,3
1,4,1,26,2
1,4,1,27,1
1,4,1,28,13
1,4,1,29,14
1,4,1,30,15
1,4,1,31,16
1,4,1,32,17
1,4,1,33,18
1,4,1,34,19
1,4,1,35,11
1,4,1,36,10
1,4,1,37,9
1,4,1,38,8
1,4,1,39,7
1,4,1,40,6
1,4,1,41,5
1,4,1,42,17
1,4,1,43,18
1,4,1,44,19
1,4,1,45,20
1,4,1,46,21
1,4,1,47,22
1,4,1,48,23
1,4,1,49,15
1,4,1,50,14
1,4,1,51,13
1,4,1,52,12
1,4,1,53,11
1,4,1,54,10
1,4,1,55,9
1,4,1,56,21
1,4,1,57,22
1,4,1,58,23
1,4,1,59,24
1,4,1,60,25
1,4,1,61,26
1,4,1,62,27
1,4,1,63,19
1,4,1,64,18
1,4,1,65,17
1,4,1,66,16
1,4,1,67,15
1,4,1,68,14
1,4,1,69,13
1,4,1,70,25
1,4,1,71,26
1,4,1,72,27
1,4,1,73,28
1,4,1,74,29
1,4,1,75,30
1,4,1,76,31
1,4,1,77,23
1,4,1,78,22
1,4,1,79,21
1,4,1,80,20
1,4,1,81,19
1,4,1,82,18
1,4,1,83,17
1,4,1,84,29
1,4,1,85,30
1,4,1,86,31
1,4,1,87,32
1,4,1,88,33
1,4,1,89,34
1,4,1,90,35
1,4,1,91,27
1,4,1,92,26
1,4,1,93,25
1,4,1,94,24
1,4,1,95,23
1,4,1,96,22
1,4,1,97,21
1,4,1,98,33
1,4,1,99,34
1,4,1,100,35
1,4,1,101,36
1,4,1,102,37
1,4,1,103,38
1,4,1,104,39
1,4,1,105,31
1,4,1,106,30
1,4,1,107,29
1,4,1,108,28
1,4,1,109,27
1,4,1,110,26
1,4,1,111,25
1,4,2,0,6
1,4,2,1,8
1,4,2,2,10
1,4,2,3,12
1,4,2,4,14
1,4,2,5,16
1,4,2,6,18
1,4,2,7,2
1,4,2,8,0
1,4,2,9,-2
1,4,2,10,-4
1,4,2,11,-6
1,4,2,12,-8
1,4,2,13,-10
1,4,2,14,10
1,4,2,15,12
1,4,2,16,14
1,4,2,17,16
1,4,2,18,18
1,4,2,19,20
1,4,2,20,22
1,4,2,21,6
1,4,2,22,4
1,4,2,23,2
1,4,2,24,0
1,4,2,25,-2
1,4,2,26,-4
1,4,2,27,-6
1,4,2,28,14
1,4,2,29,16
1,4,2,30,18
1,4,2,31,20
1,4,2,32,22
1,4,2,33,24
1,4,2,34,26
1,4,2,35,10
1,4,2,36,8
1,4,2,37,6
1,4,2,38,4
1,4,2,39,2
1,4,2,40,0
1,4,2,41,-2
1,4,2,42,18
1,4,2,43,20
1,4,2,44,22
1,4,2,45,24
1,4,2,46,26
1,4,2,47,28
1,4,2,48,30
1,4,2,49,14
1,4,2,50,12
1,4,2,51,10
1,4,2,52,8
1,4,2,53,6
1,4,2,54,4
1,4,2,55,2
1,4,2,56,22
1,4,2,57,24
1,4,2,58,26
1,4,2,59,28
1,4,2,60,30
1,4,2,61,32
1,4,2,62,34
1,4,2,63,18
1,4,2,64,16
1,4,2,65,14
1,4,2,66,12
1,4,2,67,10
1,4,2,68,8
1,4,2,69,6
1,4,2,70,26
1,4,2,71,28
1,4,2,72,30
1,4,2,73,32
1,4,2,74,34
1,4,2,75,36
1,4,2,76,38
1,4,2,77,22
1,4,2,78,20
1,4,2,79,18
1,4,2,80,16
1,4,2,81,14
1,4,2,82,12
1,4,2,83,10
1,4,2,84,30
1,4,2,85,32
1,4,2,86,34
1,4,2,87,36
1,4,2,88,38
1,4,2,89,40
1,4,2,90,42
1,4,2,91,26
1,4,2,92,24
1,4,2,93,22
1,4,2,94,20
1,4,2,95,18
1,4,2,96,16
1,4,2,97,14
1,4,2,98,34
1,4,2,99,36
1,4,2,100,38
1,4,2,101,40
1,4,2,102,42
1,4,2,103,44
1,4,2,104,46
1,4,2,105,30
1,4,2,106,28
1,4,2,107,26
1,4,2,108,24
1,4,2,109,22
1,4,2,110,20
1,4,2,111,18
1,4,3,0,7
1,4,3,1,10
1,4,3,2,13
1,4,3,3,16
1,4,3,4,19
1,4,3,5,22
1,4,3,6,25
1,4,3,7,1
1,4,3,8,-2
1,4,3,9,-5
1,4,3,10,-8
1,4,3,11,-11
1,4,3,12,-14
1,4,3,13,-17
1,4,3,14,11
1,4,3,15,14
1,4,3,16,17
1,4,3,17,20
1,4,3,18,23
1,4,3,19,26
1,4,3,20,29
1,4,3,21,5
1,4,3,22,2
1,4,3,23,-1
1,4,3,24,-4
1,4,3,25,-7
1,4,3,26,-10
1,4,3,27,-13
1,4,3,28,15
1,4,3,29,18
1,4,3,30,21
1,4,3,31,24
1,4,3,32,27
1,4,3,33,30
1,4,3,34,33
1,4,3,35,9
1,4,3,36,6
1,4,3,37,3
1,4,3,38,0
1,4,3,39,-3
1,4,3,40,-6
1,4,3,41,-9
1,4,3,42,19
1,4,3,43,22
1,4,3,44,25
1,4,3,45,28
1,4,3,46,31
1,4,3,47,34
1,4,3,48,37
1,4,3,49,13
1,4,3,50,10
1,4,3,51,7
1,4,3,52,4
1,4,3,53,1
1,4,3,54,-2
1,4,3,55,-5
1,4,3,56,23
1,4,3,57,26
1,4,3,58,29
1,4,3,59,32
1,4,3,60,35
1,4,3,61,38
1,4,3,62,41
1,4,3,63,17
1,4,3,64,14
1,4,3,65,11
1,4,3,66,8
1,4,3,67,5
1,4,3,68,2
1,4,3,69,-1
1,4,3,70,27
1,4,3,71,30
1,4,3,72,33
1,4,3,73,36
1,4,3,74,39
1,4,3,75,42
1,4,3,76,45
1,4,3,77,21
1,4,3,78,18
1,4,3,79,15
1,4,3,80,12
1,4,3,81,9
1,4,3,82,6
1,4,3,83,3
1,4,3,84,31
1,4,3,85,34
1,4,3,86,37
1,4,3,87,40
1,4,3,88,43
1,4,3,89,46
1,4,3,90,49
1,4,3,91,25
1,4,3,92,22
1,4,3,93,19
1,4,3,94,16
1,4,3,95,13
1,4,3,96,10
1,4,3,97,7
1,4,3,98,35
1,4,3,99,38
1,4,3,100,41
1,4,3,101,44
1,4,3,102,47
1,4,3,103,50
1,4,3,104,53
1,4,3,105,29
1,4,3,106,26
1,4,3,107,23
1,4,3,108,20
1,4,3,109,17
1,4,3,110,14
1,4,3,111,11
1,4,4,0,8
1,4,4,1,12
1,4,4,2,16
1,4,4,3,20
1,4,4,4,24
1,4,4,5,28
1,4,4,6,32
1,4,4,7,0
1,4,4,8,-4
1,4,4,9,-8
1,4,4,10,-12
1,4,4,11,-16
1,4,4,12,-20
1,4,4,13,-24
1,4,4,14,12
1,4,4,15,16
1,4,4,16,20
1,4,4,17,24
1,4,4,18,28
1,4,4,19,32
1,4,4,20,36
1,4,4,21,4
1,4,4,22,0
1,4,4,23,-4
1,4,4,24,-8
1,4,4,25,-12
1,4,4,26,-16
1,4,4,27,-20
1,4,4,28,16
1,4,4,29,20
1,4,4,30,24
1,4,4,31,28
1,4,4,32,32
1,4,4,33,36
1,4,4,34,40
1,4,4,35,8
1,4,4,36,4
1,4,4,37,0
1,4,4,38,-4
1,4,4,39,-8
1,4,4,40,-12
1,4,4,41,-16
1,4,4,42,20
1,4,4,43,24
1,4,4,44,28
1,4,4,45,32
1,4,4,46,36
1,4,4,47,40
1,4,4,48,44
1,4,4,49,12
1,4,4,50,8
1,4,4,51,4
1,4,4,52,0
1,4,4,53,-4
1,4,4,54,-8
1,4,4,55,-12
1,4,4,56,24
1,4,4,57,28
1,4,4,58,32
1,4,4,59,36
1,4,4,60,40
1,4,4,61,44
1,4,4,62,48
1,4,4,63,16
1,4,4,64,12
1,4,4,65,8
1,4,4,66,4
1,4,4,67,0
1,4,4,68,-4
1,4,4,69,-8
1,4,4,70,28
1,4,4,71,32
1,4,4,72,36
1,4,4,73,40
1,4,4,74,44
1,4,4,75,48
1,4,4,76,52
1,4,4,77,20
1,4,4,78,16
1,4,4,79,12
1,4,4,80,8
1,4,4,81,4
1,4,4,82,0
1,4,4,83,-4
1,4,4,84,32
1,4,4,85,36
1,4,4,86,40
1,4,4,87,44
1,4,4,88,48
1,4,4,89,52
1,4,4,90,56
1,4,4,91,24
1,4,4,92,20
1,4,4,93,16
1,4,4,94,12
1,4,4,95,8
1,4,4,96,4
1,4,4,97,0
1,4,4,98,36
1,4,4,99,40
1,4,4,100,44
1,4,4,101,48
1,4,4,102,52
1,4,4,103,56
1,4,4,104,60
1,4,4,105,28
1,4,4,106,24
1,4,4,107,20
1,4,4,108,16
1,4,4,109,12
1,4,4,110,8
1,4,4,111,4
1,4,5,0,9
1,4,5,1,14
1,4,5,2,19
1,4,5,3,24
1,4,5,4,29
1,4,5,5,34
1,4,5,6,39
1,4,5,7,-1
1,4,5,8,-6
1,4,5,9,-11
1,4,5,10,-16
1,4,5,11,-21
1,4,5,12,-26
1,4,5,13,-31
1,4,5,14,13
1,4,5,15,18
1,4,5,16,23
1,4,5,17,28
1,4,5,18,33
1,4,5,19,38
1,4,5,20,43
1,4,5,21,3
1,4,5,22,-2
1,4,5,23,-7
1,4,5,24,-12
1,4,5,25,-17
1,4,5,26,-22
1,4,5,27,-27
1,4,5,28,17
1,4,5,29,22
1,4,5,30,27
1,4,5,31,32
1,4,5,32,37
1,4,5,33,42
1,4,5,34,47
1,4,5,35,7
1,4,5,36,2
1,4,5,37,-3
1,4,5,38,-8
1,4,5,39,-13
1,4,5,40,-18
1,4,5,41,-23
1,4,5,42,21
1,4,5,43,26
1,4,5,44,31
1,4,5,45,36
1,4,5,46,41
1,4,5,47,46
1,4,5,48,51
1,4,5,49,11
1,4,5,50,6
1,4,5,51,1
1,4,5,52,-4
1,4,5,53,-9
1,4,5,54,-14
1,4,5,55,-19
1,4,5,56,25
1,4,5,57,30
1,4,5,58,35
1,4,5,59,40
1,4,5,60,45
1,4,5,61,50
1,4,5,62,55
1,4,5,63,15
1,4,5,64,10
1,4,5,65,5
1,4,5,66,0
1,4,5,67,-5
1,4,5,68,-10
1,4,5,69,-15
1,4,5,70,29
1,4,5,71,34
1,4,5,72,39
1,4,5,73,44
1,4,5,74,49
1,4,5,75,54
1,4,5,76,59
1,4,5,77,19
1,4,5,78,14
1,4,5,79,9
1,4,5,80,4
1,4,5,81,-1
1,4,5,82,-6
1,4,5,83,-11
1,4,5,84,33
1,4,5,85,38
1,4,5,86,43
1,4,5,87,48
1,4,5,88,53
1,4,5,89,58
1,4,5,90,63
1,4,5,91,23
1,4,5,92,18
1,4,5,93,13
1,4,5,94,8
1,4,5,95,3
1,4,5,96,-2
1,4,5,97,-7
1,4,5,98,37
1,4,5,99,42
1,4,5,100,47
1,4,5,101,52
1,4,5,102,57
1,4,5,103,62
1,4,5,104,67
1,4,5,105,27
1,4,5,106,22
1,4,5,107,17
1,4,5,108,12
1,4,5,109,7
1,4,5,110,2
1,4,5,111,-3
1,4,6,0,10
1,4,6,1,16
1,4,6,2,22
1,4,6,3,28
1,4,6,4,34
1,4,6,5,40
1,4,6,6,46
1,4,6,7,-2
1,4,6,8,-8
1,4,6,9,-14
1,4,6,10,-20
1,4,6,11,-26
1,4,6,12,-32
1,4,6,13,-38
1,4,6,14,14
1,4,6,15,20
1,4,6,16,26
1,4,6,17,32
1,4,6,18,38
1,4,6,19,44
1,4,6,20,50
1,4,6,21,2
1,4,6,22,-4
1,4,6,23,-10
1,4,6,24,-16
1,4,6,25,-22
1,4,6,26,-28
1,4,6,27,-34
1,4,6,28,18
1,4,6,29,24
1,4,6,30,30
1,4,6,31,36
1,4,6,32,42
1,4,6,33,48
1,4,6,34,54
1,4,6,35,6
1,4,6,36,0
1,4,6,37,-6
1,4,6,38,-12
1,4,6,39,-18
1,4,6,40,-24
1,4,6,41,-30
1,4,6,42,22
1,4,6,43,28
1,4,6,44,34
1,4,6,45,40
1,4,6,46,46
1,4,6,47,52
1,4,6,48,58
1,4,6,49,10
1,4,6,50,4
1,4,6,51,-2
1,4,6,52,-8
1,4,6,53,-14
1,4,6,54,-20
1,4,6,55,-26
1,4,6,56,26
1,4,6,57,32
1,4,6,58,38
1,4,6,59,44
1,4,6,60,50
1,4,6,61,56
1,4,6,62,62
1,4,6,63,14
1,4,6,64,8
1,4,6,65,2
1,4,6,66,-4
1,4,6,67,-10
1,4,6,68,-16
1,4,6,69,-22
1,4,6,70,30
1,4,6,71,36
1,4,6,72,42
1,4,6,73,48
1,4,6,74,54
1,4,6,75,60
1,4,6,76,66
1,4,6,77,18
1,4,6,78,12
1,4,6,79,6
1,4,6,80,0
1,4,6,81,-6
1,4,6,82,-12
1,4,6,83,-18
1,4,6,84,34
1,4,6,85,40
1,4,6,86,46
1,4,6,87,52
1,4,6,88,58
1,4,6,89,64
1,4,6,90,70
1,4,6,91,22
1,4,6,92,16
1,4,6,93,10
1,4,6,94,4
1,4,6,95,-2
1,4,6,96,-8
1,4,6,97,-14
1,4,6,98,38
1,4,6,99,44
1,4,6,100,50
1,4,6,101,56
1,4,6,102,62
1,4,6,103,68
1,4,6,104,74
1,4,6,105,26
1,4,6,106,20
1,4,6,107,14
1,4,6,108,8
1,4,6,109,2
1,4,6,110,-4
1,4,6,111,-10
1,4,7,0,11
1,4,7,1,18
1,4,7,2,25
1,4,7,3,32
1,4,7,4,39
1,4,7,5,46
1,4,7,6,53
1,4,7,7,-3
1,4,7,8,-10
1,4,7,9,-17
1,4,7,10,-24
1,4,7,11,-31
1,4,7,12,-38
1,4,7,13,-45
1,4,7,14,15
1,4,7,15,22
1,4,7,16,29
1,4,7,17,36
1,4,7,18,43
1,4,7,19,50
1,4,7,20,57
1,4,7,21,1
1,4,7,22,-6
1,4,7,23,-13
1,4,7,24,-20
1,4,7,25,-27
1,4,7,26,-34
1,4,7,27,-41
1,4,7,28,19
1,4,7,29,26
1,4,7,30,33
1,4,7,31,40
1,4,7,32,47
1,4,7,33,54
1,4,7,34,61
1,4,7,35,5
1,4,7,36,-2
1,4,7,37,-9
1,4,7,38,-16
1,4,7,39,-23
1,4,7,40,-30
1,4,7,41,-37
1,4,7,42,23
1,4,7,43,30
1,4,7,44,37
1,4,7,45,44
1,4,7,46,51
1,4,7,47,58
1,4,7,48,65
1,4,7,49,9
1,4,7,50,2
1,4,7,51,-5
1,4,7,52,-12
1,4,7,53,-19
1,4,7,54,-26
1,4,7,55,-33
1,4,7,56,27
1,4,7,57,34
1,4,7,58,41
1,4,7,59,48
1,4,7,60,55
1,4,7,61,62
1,4,7,62,69
1,4,7,63,13
1,4,7,64,6
1,4,7,65,-1
1,4,7,66,-8
1,4,7,67,-15
1,4,7,68,-22
1,4,7,69,-29
1,4,7,70,31
1,4,7,71,38
1,4,7,72,45
1,4,7,73,52
1,4,7,74,59
1,4,7,75,66
1,4,7,76,73
1,4,7,77,17
1,4,7,78,10
1,4,7,79,3
1,4,7,80,-4
1,4,7,81,-11
1,4,7,82,-18
1,4,7,83,-25
1,4,7,84,35
1,4,7,85,42
1,4,7,86,49
1,4,7,87,56
1,4,7,88,63
1,4,7,89,70
1,4,7,90,77
1,4,7,91,21
1,4,7,92,14
1,4,7,93,7
1,4,7,94,0
1,4,7,95,-7
1,4,7,96,-14
1,4,7,97,-21
1,4,7,98,39
1,4,7,99,46
1,4,7,100,53
1,4,7,101,60
1,4,7,102,67
1,4,7,103,74
1,4,7,104,81
1,4,7,105,25
1,4,7,106,18
1,4,7,107,11
1,4,7,108,4
1,4,7,109,-3
1,4,7,110,-10
1,4,7,111,-17
1,5,-8,0,-3
1,5,-8,1,-11
1,5,-8,2,-19
1,5,-8,3,-27
1,5,-8,4,-35
1,5,-8,5,-43
1,5,-8,6,-51
1,5,-8,7,13
1,5,-8,8,21
1,5,-8,9,29
1,5,-8,10,37
1,5,-8,11,45
1,5,-8,12,53
1,5,-8,13,61
1,5,-8,14,2
1,5,-8,15,-6
1,5,-8,16,-14
1,5,-8,17,-22
1,5,-8,18,-30
1,5,-8,19,-38
1,5,-8,20,-46
1,5,-8,21,18
1,5,-8,22,26
1,5,-8,23,34
1,5,-8,24,42
1,5,-8,25,50
1,5,-8,26,58
1,5,-8,27,66
1,5,-8,28,7
1,5,-8,29,-1
1,5,-8,30,-9
1,5,-8,31,-17
1,5,-8,32,-25
1,5,-8,33,-33
1,5,-8,34,-41
1,5,-8,35,23
1,5,-8,36,31
1,5,-8,37,39
1,5,-8,38,47
1,5,-8,39,55
1,5,-8,40,63
1,5,-8,41,71
1,5,-8,42,12
1,5,-8,43,4
1,5,-8,44,-4
1,5,-8,45,-12
1,5,-8,46,-20
1,5,-8,47,-28
1,5,-8,48,-36
1,5,-8,49,28
1,5,-8,50,36
1,5,-8,51,44
1,5,-8,52,52
1,5,-8,53,60
1,5,-8,54,68
1,5,-8,55,76
1,5,-8,56,17
1,5,-8,57,9
1,5,-8,58,1
1,5,-8,59,-7
1,5,-8,60,-15
1,5,-8,61,-23
1,5,-8,62,-31
1,5,-8,63,33
1,5,-8,64,41
1,5,-8,65,49
1,5,-8,66,57
1,5,-8,67,65
1,5,-8,68,73
1,5,-8,69,81
1,5,-8,70,22
1,5,-8,71,14
1,5,-8,72,6
1,5,-8,73,-2
1,5,-8,74,-10
1,5,-8,75,-18
1,5,-8,76,-26
1,5,-8,77,38
1,5,-8,78,46
1,5,-8,79,54
1,5,-8,80,62
1,5,-8,81,70
1,5,-8,82,78
1,5,-8,83,86
1,5,-8,84,27
1,5,-8,85,19
1,5,-8,86,11
1,5,-8,87,3
1,5,-8,88,-5
1,5,-8,89,-13
1,5,-8,90,-21
1,5,-8,91,43
1,5,-8,92,51
1,5,-8,93,59
1,5,-8,94,67
1,5,-8,95,75
1,5,-8,96,83
1,5,-8,97,91
1,5,-8,98,32
1,5,-8,99,24
1,5,-8,100,16
1,5,-8,101,8
1,5,-8,102,0
1,5,-8,103,-8
1,5,-8,104,-16
1,5,-8,105,48
1,5,-8,106,56
1,5,-8,107,64
1,5,-8,108,72
1,5,-8,109,80
1,5,-8,110,88
1,5,-8,111,96
1,5,-7,0,-2
1,5,-7,1,-9
1,5,-7,2,-16
1,5,-7,3,-23
1,5,-7,4,-30
1,5,-7,5,-37
1,5,-7,6,-44
1,5,-7,7,12
1,5,-7,8,19
1,5,-7,9,26
1,5,-7,10,33
1,5,-7,11,40
1,5,-7,12,47
1,5,-7,13,54
1,5,-7,14,3
1,5,-7,15,-4
1,5,-7,16,-11
1,5,-7,17,-18
1,5,-7,18,-25
1,5,-7,19,-32
1,5,-7,20,-39
1,5,-7,21,17
1,5,-7,22,24
1,5,-7,23,31
1,5,-7,24,38
1,5,-7,25,45
1,5,-7,26,52
1,5,-7,27,59
1,5,-7,28,8
1,5,-7,29,1
1,5,-7,30,-6
1,5,-7,31,-13
1,5,-7,32,-20
1,5,-7,33,-27
1,5,-7,34,-34
1,5,-7,35,22
1,5,-7,36,29
1,5,-7,37,36
1,5,-7,38,43
1,5,-7,39,50
1,5,-7,40,57
1,5,-7,41,64
1,5,-7,42,13
1,5,-7,43,6
1,5,-7,44,-1
1,5,-7,45,-8
1,5,-7,46,-15
1,5,-7,47,-22
1,5,-7,48,-29
1,5,-7,49,27
1,5,-7,50,34
1,5,-7,51,41
1,5,-7,52,48
1,5,-7,53,55
1,5,-7,54,62
1,5,-7,55,69
1,5,-7,56,18
1,5,-7,57,11
1,5,-7,58,4
1,5,-7,59,-3
1,5,-7,60,-10
1,5,-7,61,-17
1,5,-7,62,-24
1,5,-7,63,32
1,5,-7,64,39
1,5,-7,65,46
1,5,-7,66,53
1,5,-7,67,60
1,5,-7,68,67
1,5,-7,69,74
1,5,-7,70,23
1,5,-7,71,16
1,5,-7,72,9
1,5,-7,73,2
1,5,-7,74,-5
1,5,-7,75,-12
1,5,-7,76,-19
1,5,-7,77,37
1,5,-7,78,44
1,5,-7,79,51
1,5,-7,80,58
1,5,-7,81,65
1,5,-7,82,72
1,5,-7,83,79
1,5,-7,84,28
1,5,-7,85,21
1,5,-7,86,14
1,5,-7,87,7
1,5,-7,88,0
1,5,-7,89,-7
1,5,-7,90,-14
1,5,-7,91,42
1,5,-7,92,49
1,5,-7,93,56
1,5,-7,94,63
1,5,-7,95,70
1,5,-7,96,77
1,5,-7,97,84
1,5,-7,98,33
1,5,-7,99,26
1,5,-7,100,19
1,5,-7,101,12
1,5,-7,102,5
1,5,-7,103,-2
1,5,-7,104,-9
1,5,-7,105,47
1,5,-7,106,54
1,5,-7,107,61
1,5,-7,108,68
1,5,-7,109,75
1,5,-7,110,82
1,5,-7,111,89
1,5,-6,0,-1
1,5,-6,1,-7
1,5,-6,2,-13
1,5,-6,3,-19
1,5,-6,4,-25
1,5,-6,5,-31
1,5,-6,6,-37
1,5,-6,7,11
1,5,-6,8,17
1,5,-6,9,23
1,5,-6,10,29
1,5,-6,11,35
1,5,-6,12,41
1,5,-6,13,47
1,5,-6,14,4
1,5,-6,15,-2
1,5,-6,16,-8
1,5,-6,17,-14
1,5,-6,18,-20
1,5,-6,19,-26
1,5,-6,20,-32
1,5,-6,21,16
1,5,-6,22,22
1,5,-6,23,28
1,5,-6,24,34
1,5,-6,25,40
1,5,-6,26,46
1,5,-6,27,52
1,5,-6,28,9
1,5,-6,29,3
1,5,-6,30,-3
1,5,-6,31,-9
1,5,-6,32,-15
1,5,-6,33,-21
1,5,-6,34,-27
1,5,-6,35,21
1,5,-6,36,27
1,5,-6,37,33
1,5,-6,38,39
1,5,-6,39,45
1,5,-6,40,51
1,5,-6,41,57
1,5,-6,42,14
1,5,-6,43,8
1,5,-6,44,2
1,5,-6,45,-4
1,5,-6,46,-10
1,5,-6,47,-16
1,5,-6,48,-22
1,5,-6,49,26
1,5,-6,50,32
1,5,-6,51,38
1,5,-6,52,44
1,5,-6,53,50
1,5,-6,54,56
1,5,-6,55,62
1,5,-6,56,19
1,5,-6,57,13
1,5,-6,58,7
1,5,-6,59,1
1,5,-6,60,-5
1,5,-6,61,-11
1,5,-6,62,-17
1,5,-6,63,31
1,5,-6,64,37
1,5,-6,65,43
1,5,-6,66,49
1,5,-6,67,55
1,5,-6,68,61
1,5,-6,69,67
1,5,-6,70,24
1,5,-6,71,18
1,5,-6,72,12
1,5,-6,73,6
1,5,-6,74,0
1,5,-6,75,-6
1,5,-6,76,-12
1,5,-6,77,36
1,5,-6,78,42
1,5,-6,79,48
1,5,-6,80,54
1,5,-6,81,60
1,5,-6,82,66
1,5,-6,83,72
1,5,-6,84,29
1,5,-6,85,23
1,5,-6,86,17
1,5,-6,87,11
1,5,-6,88,5
1,5,-6,89,-1
1,5,-6,90,-7
1,5,-6,91,41
1,5,-6,92,47
1,5,-6,93,53
1,5,-6,94,59
1,5,-6,95,65
1,5,-6,96,71
1,5,-6,97,77
1,5,-6,98,34
1,5,-6,99,28
1,5,-6,100,22
1,5,-6,101,16
1,5,-6,102,10
1,5,-6,103,4
1,5,-6,104,-2
1,5,-6,105,46
1,5,-6,106,52
1,5,-6,107,58
1,5,-6,108,64
1,5,-6,109,70
1,5,-6,110,76
1,5,-6,111,82
1,5,-5,0,0
1,5,-5,1,-5
1,5,-5,2,-10
1,5,-5,3,-15
1,5,-5,4,-20
1,5,-5,5,-25
1,5,-5,6,-30
1,5,-5,7,10
1,5,-5,8,15
1,5,-5,9,20
1,5,-5,10,25
1,5,-5,11,30
1,5,-5,12,35
1,5,-5,13,40
1,5,-5,14,5
1,5,-5,15,0
1,5,-5,16,-5
1,5,-5,17,-10
1,5,-5,18,-15
1,5,-5,19,-20
1,5,-5,20,-25
1,5,-5,21,15
1,5,-5,22,20
1,5,-5,23,25
1,5,-5,24,30
1,5,-5,25,35
1,5,-5,26,40
1,5,-5,27,45
1,5,-5,28,10
1,5,-5,29,5
1,5,-5,30,0
1,5,-5,31,-5
1,5,-5,32,-10
1,5,-5,33,-15
1,5,-5,34,-20
1,5,-5,35,20
1,5,-5,36,25
1,5,-5,37,30
1,5,-5,38,35
1,5,-5,39,40
1,5,-5,40,45
1,5,-5,41,50
1,5,-5,42,15
1,5,-5,43,10
1,5,-5,44,5
1,5,-5,45,0
1,5,-5,46,-5
1,5,-5,47,-10
1,5,-5,48,-15
1,5,-5,49,25
1,5,-5,50,30
1,5,-5,51,35
1,5,-5,52,40
1,5,-5,53,45
1,5,-5,54,50
1,5,-5,55,55
1,5,-5,56,20
1,5,-5,57,15
1,5,-5,58,10
1,5,-5,59,5
1,5,-5,60,0
1,5,-5,61,-5
1,5,-5,62,-10
1,5,-5,63,30
1,5,-5,64,35
1,5,-5,65,40
1,5,-5,66,45
1,5,-5,67,50
1,5,-5,68,55
1,5,-5,69,60
1,5,-5,70,25
1,5,-5,71,20
1,5,-5,72,15
1,5,-5,73,10
1,5,-5,74,5
1,5,-5,75,0
1,5,-5,76,-5
1,5,-5,77,35
1,5,-5,78,40
1,5,-5,79,45
1,5,-5,80,50
1,5,-5,81,55
1,5,-5,82,60
1,5,-5,83,65
1,5,-5,84,30
1,5,-5,85,25
1,5,-5,86,20
1,5,-5,87,15
1,5,-5,88,10
1,5,-5,89,5
1,5,-5,90,0
1,5,-5,91,40
1,5,-5,92,45
1,5,-5,93,50
1,5,-5,94,55
1,5,-5,95,60
1,5,-5,96,65
1,5,-5,97,70
1,5,-5,98,35
1,5,-5,99,30
1,5,-5,100,25
1,5,-5,101,20
1,5,-5,102,15
1,5,-5,103,10
1,5,-5,104,5
1,5,-5,105,45
1,5,-5,106,50
1,5,-5,107,55
1,5,-5,108,60
1,5,-5,109,65
1,5,-5,110,70
1,5,-5,111,75
1,5,-4,0,1
1,5,-4,1,-3
1,5,-4,2,-7
1,5,-4,3,-11
1,5,-4,4,-15
1,5,-4,5,-19
1,5,-4,6,-23
1,5,-4,7,9
1,5,-4,8,13
1,5,-4,9,17
1,5,-4,10,21
1,5,-4,11,25
1,5,-4,12,29
1,5,-4,13,33
1,5,-4,14,6
1,5,-4,15,2
1,5,-4,16,-2
1,5,-4,17,-6
1,5,-4,18,-10
1,5,-4,19,-14
1,5,-4,20,-18
1,5,-4,21,14
1,5,-4,22,18
1,5,-4,23,22
1,5,-4,24,26
1,5,-4,25,30
1,5,-4,26,34
1,5,-4,27,38
1,5,-4,28,11
1,5,-4,29,7
1,5,-4,30,3
1,5,-4,31,-1
1,5,-4,32,-5
1,5,-4,33,-9
1,5,-4,34,-13
1,5,-4,35,19
1,5,-4,36,23
1,5,-4,37,27
1,5,-4,38,31
1,5,-4,39,35
1,5,-4,40,39
1,5,-4,41,43
1,5,-4,42,16
1,5,-4,43,12
1,5,-4,44,8
1,5,-4,45,4
1,5,-4,46,0
1,5,-4,47,-4
1,5,-4,48,-8
1,5,-4,49,24
1,5,-4,50,28
1,5,-4,51,32
1,5,-4,52,36
1,5,-4,53,40
1,5,-4,54,44
1,5,-4,55,48
1,5,-4,56,21
1,5,-4,57,17
1,5,-4,58,13
1,5,-4,59,9
1,5,-4,60,5
1,5,-4,61,1
1,5,-4,62,-3
1,5,-4,63,29
1,5,-4,64,33
1,5,-4,65,37
1,5,-4,66,41
1,5,-4,67,45
1,5,-4,68,49
1,5,-4,69,53
1,5,-4,70,26
1,5,-4,71,22
1,5,-4,72,18
1,5,-4,73,14
1,5,-4,74,10
1,5,-4,75,6
1,5,-4,76,2
1,5,-4,77,34
1,5,-4,78,38
1,5,-4,79,42
1,5,-4,80,46
1,5,-4,81,50
1,5,-4,82,54
1,5,-4,83,58
1,5,-4,84,31
1,5,-4,85,27
1,5,-4,86,23
1,5,-4,87,19
1,5,-4,88,15
1,5,-4,89,11
1,5,-4,90,7
1,5,-4,91,39
1,5,-4,92,43
1,5,-4,93,47
1,5,-4,94,51
1,5,-4,95,55
1,5,-4,96,59
1,5,-4,97,63
1,5,-4,98,36
1,5,-4,99,32
1,5,-4,100,28
1,5,-4,101,24
1,5,-4,102,20
1,5,-4,103,16
1,5,-4,104,12
1,5,-4,105,44
1,5,-4,106,48
1,5,-4,107,52
1,5,-4,108,56
1,5,-4,109,60
1,5,-4,110,64
1,5,-4,111,68
1,5,-3,0,2
1,5,-3,1,-1
1,5,-3,2,-4
1,5,-3,3,-7
1,5,-3,4,-10
1,5,-3,5,-13
1,5,-3,6,-16
1,5,-3,7,8
1,5,-3,8,11
1,5,-3,9,14
1,5,-3,10,17
1,5,-3,11,20
1,5,-3,12,23
1,5,-3,13,26
1,5,-3,14,7
1,5,-3,15,4
1,5,-3,16,1
1,5,-3,17,-2
1,5,-3,18,-5
1,5,-3,19,-8
1,5,-3,20,-11
1,5,-3,21,13
1,5,-3,22,16
1,5,-3,23,19
1,5,-3,24,22
1,5,-3,25,25
1,5,-3,26,28
1,5,-3,27,31
1,5,-3,28,12
1,5,-3,29,9
1,5,-3,30,6
1,5,-3,31,3
1,5,-3,32,0
1,5,-3,33,-3
1,5,-3,34,-6
1,5,-3,35,18
1,5,-3,36,21
1,5,-3,37,24
1,5,-3,38,27
1,5,-3,39,30
1,5,-3,40,33
1,5,-3,41,36
1,5,-3,42,17
1,5,-3,43,14
1,5,-3,44,11
1,5,-3,45,8
1,5,-3,46,5
1,5,-3,47,2
1,5,-3,48,-1
1,5,-3,49,23
1,5,-3,50,26
1,5,-3,51,29
1,5,-3,52,32
1,5,-3,53,35
1,5,-3,54,38
1,5,-3,55,41
1,5,-3,56,22
1,5,-3,57,19
1,5,-3,58,16
1,5,-3,59,13
1,5,-3,60,10
1,5,-3,61,7
1,5,-3,62,4
1,5,-3,63,28
1,5,-3,64,31
1,5,-3,65,34
1,5,-3,66,37
1,5,-3,67,40
1,5,-3,68,43
1,5,-3,69,46
1,5,-3,70,27
1,5,-3,71,24
1,5,-3,72,21
1,5,-3,73,18
1,5,-3,74,15
1,5,-3,75,12
1,5,-3,76,9
1,5,-3,77,33
1,5,-3,78,36
1,5,-3,79,39
1,5,-3,80,42
1,5,-3,81,45
1,5,-3,82,48
1,5,-3,83,51
1,5,-3,84,32
1,5,-3,85,29
1,5,-3,86,26
1,5,-3,87,23
1,5,-3,88,20
1,5,-3,89,17
1,5,-3,90,14
1,5,-3,91,38
1,5,-3,92,41
1,5,-3,93,44
1,5,-3,94,47
1,5,-3,95,50
1,5,-3,96,53
1,5,-3,97,56
1,5,-3,98,37
1,5,-3,99,34
1,5,-3,100,31
1,5,-3,101,28
1,5,-3,102,25
1,5,-3,103,22
1,5,-3,104,19
1,5,-3,105,43
1,5,-3,106,46
1,5,-3,107,49
1,5,-3,108,52
1,5,-3,109,55
1,5,-3,110,58
1,5,-3,111,61
1,5,-2,0,3
1,5,-2,1,1
1,5,-2,2,-1
1,5,-2,3,-3
1,5,-2,4,-5
1,5,-2,5,-7
1,5,-2,6,-9
1,5,-2,7,7
1,5,-2,8,9
1,5,-2,9,11
1,5,-2,10,13
1,5,-2,11,15
1,5,-2,12,17
1,5,-2,13,19
1,5,-2,14,8
1,5,-2,15,6
1,5,-2,16,4
1,5,-2,17,2
1,5,-2,18,0
1,5,-2,19,-2
1,5,-2,20,-4
1,5,-2,21,12
1,5,-2,22,14
1,5,-2,23,16
1,5,-2,24,18
1,5,-2,25,20
1,5,-2,26,22
1,5,-2,27,24
1,5,-2,28,13
1,5,-2,29,11
1,5,-2,30,9
1,5,-2,31,7
1,5,-2,32,5
1,5,-2,33,3
1,5,-2,34,1
1,5,-2,35,17
1,5,-2,36,19
1,5,-2,37,21
1,5,-2,38,23
1,5,-2,39,25
1,5,-2,40,27
1,5,-2,41,29
1,5,-2,42,18
1,5,-2,43,16
1,5,-2,44,14
1,5,-2,45,12
1,5,-2,46,10
1,5,-2,47,8
1,5,-2,48,6
1,5,-2,49,22
1,5,-2,50,24
1,5,-2,51,26
1,5,-2,52,28
1,5,-2,53,30
1,5,-2,54,32
1,5,-2,55,34
1,5,-2,56,23
1,5,-2,57,21
1,5,-2,58,19
1,5,-2,59,17
1,5,-2,60,15
1,5,-2,61,13
1,5,-2,62,11
1,5,-2,63,27
1,5,-2,64,29
1,5,-2,65,31
1,5,-2,66,33
1,5,-2,67,35
1,5,-2,68,37
1,5,-2,69,39
1,5,-2,70,28
1,5,-2,71,26
1,5,-2,72,24
1,5,-2,73,22
1,5,-2,74,20
1,5,-2,75,18
1,5,-2,76,16
1,5,-2,77,32
1,5,-2,78,34
1,5,-2,79,36
1,5,-2,80,38
1,5,-2,81,40
1,5,-2,82,42
1,5,-2,83,44
1,5,-2,84,33
1,5,-2,85,31
1,5,-2,86,29
1,5,-2,87,27
1,5,-2,88,25
1,5,-2,89,23
1,5,-2,90,21
1,5,-2,91,37
1,5,-2,92,39
1,5,-2,93,41
1,5,-2,94,43
1,5,-2,95,45
1,5,-2,96,47
1,5,-2,97,49
1,5,-2,98,38
1,5,-2,99,36
1,5,-2,100,34
1,5,-2,101,32
1,5,-2,102,30
1,5,-2,103,28
1,5,-2,104,26
1,5,-2,105,42
1,5,-2,106,44
1,5,-2,107,46
1,5,-2,108,48
1,5,-2,109,50
1,5,-2,110,52
1,5,-2,111,54
1,5,-1,0,4
1,5,-1,1,3
1,5,-1,2,2
1,5,-1,3,1
1,5,-1,4,0
1,5,-1,5,-1
1,5,-1,6,-2
1,5,-1,7,6
1,5,-1,8,7
1,5,-1,9,8
1,5,-1,10,9
1,5,-1,11,10
1,5,-1,12,11
1,5,-1,13,12
1,5,-1,14,9
1,5,-1,15,8
1,5,-1,16,7
1,5,-1,17,6
1,5,-1,18,5
1,5,-1,19,4
1,5,-1,20,3
1,5,-1,21,11
1,5,-1,22,12
1,5,-1,23,13
1,5,-1,24,14
1,5,-1,25,15
1,5,-1,26,16
1,5,-1,27,17
1,5,-1,28,14
1,5,-1,29,13
1,5,-1,30,12
1,5,-1,31,11
1,5,-1,32,10
1,5,-1,33,9
1,5,-1,34,8
1,5,-1,35,16
1,5,-1,36,17
1,5,-1,37,18
1,5,-1,38,19
1,5,-1,39,20
1,5,-1,40,21
1,5,-1,41,22
1,5,-1,42,19
1,5,-1,43,18
1,5,-1,44,17
1,5,-1,45,16
1,5,-1,46,15
1,5,-1,47,14
1,5,-1,48,13
1,5,-1,49,21
1,5,-1,50,22
1,5,-1,51,23
1,5,-1,52,24
1,5,-1,53,25
1,5,-1,54,26
1,5,-1,55,27
1,5,-1,56,24
1,5,-1,57,23
1,5,-1,58,22
1,5,-1,59,21
1,5,-1,60,20
1,5,-1,61,19
1,5,-1,62,18
1,5,-1,63,26
1,5,-1,64,27
1,5,-1,65,28
1,5,-1,66,29
1,5,-1,67,30
1,5,-1,68,31
1,5,-1,69,32
1,5,-1,70,29
1,5,-1,71,28
1,5,-1,72,27
1,5,-1,73,26
1,5,-1,74,25
1,5,-1,75,24
1,5,-1,76,23
1,5,-1,77,31
1,5,-1,78,32
1,5,-1,79,33
1,5,-1,80,34
1,5,-1,81,35
1,5,-1,82,36
1,5,-1,83,37
1,5,-1,84,34
1,5,-1,85,33
1,5,-1,86,32
1,5,-1,87,31
1,5,-1,88,30
1,5,-1,89,29
1,5,-1,90,28
1,5,-1,91,36
1,5,-1,92,37
1,5,-1,93,38
1,5,-1,94,39
1,5,-1,95,40
1,5,-1,96,41
1,5,-1,97,42
1,5,-1,98,39
1,5,-1,99,38
1,5,-1,100,37
1,5,-1,101,36
1,5,-1,102,35
1,5,-1,103,34
1,5,-1,104,33
1,5,-1,105,41
1,5,-1,106,42
1,5,-1,107,43
1,5,-1,108,44
1,5,-1,109,45
1,5,-1,110,46
1,5,-1,111,47
1,5,0,0,5
1,5,0,1,5
1,5,0,2,5
1,5,0,3,5
1,5,0,4,5
1,5,0,5,5
1,5,0,6,5
1,5,0,7,5
1,5,0,8,5
1,5,0,9,5
1,5,0,10,5
1,5,0,11,5
1,5,0,12,5
1,5,0,13,5
1,5,0,14,10
1,5,0,15,10
1,5,0,16,10
1,5,0,17,10
1,5,0,18,10
1,5,0,19,10
1,5,0,20,10
1,5,0,21,10
1,5,0,22,10
1,5,0,23,10
1,5,0,24,10
1,5,0,25,10
1,5,0,26,10
1,5,0,27,10
1,5,0,28,15
1,5,0,29,15
1,5,0,30,15
1,5,0,31,15
1,5,0,32,15
1,5,0,33,15
1,5,0,34,15
1,5,0,35,15
1,5,0,36,15
1,5,0,37,15
1,5,0,38,15
1,5,0,39,15
1,5,0,40,15
1,5,0,41,15
1,5,0,42,20
1,5,0,43,20
1,5,0,44,20
1,5,0,45,20
1,5,0,46,20
1,5,0,47,20
1,5,0,48,20
1,5,0,49,20
1,5,0,50,20
1,5,0,51,20
1,5,0,52,20
1,5,0,53,20
1,5,0,54,20
1,5,0,55,20
1,5,0,56,25
1,5,0,57,25
1,5,0,58,25
1,5,0,59,25
1,5,0,60,25
1,5,0,61,25
1,5,0,62,25
1,5,0,63,25
1,5,0,64,25
1,5,0,65,25
1,5,0,66,25
1,5,0,67,25
1,5,0,68,25
1,5,0,69,25
1,5,0,70,30
1,5,0,71,30
1,5,0,72,30
1,5,0,73,30
1,5,0,74,30
1,5,0,75,30
1,5,0,76,30
1,5,0,77,30
1,5,0,78,30
1,5,0,79,30
1,5,0,80,30
1,5,0,81,30
1,5,0,82,30
1,5,0,83,30
1,5,0,84,35
1,5,0,85,35
1,5,0,86,35
1,5,0,87,35
1,5,0,88,35
1,5,0,89,35
1,5,0,90,35
1,5,0,91,35
1,5,0,92,35
1,5,0,93,35
1,5,0,94,35
1,5,0,95,35
1,5,0,96,35
1,5,0,97,35
1,5,0,98,40
1,5,0,99,40
1,5,0,100,40
1,5,0,101,40
1,5,0,102,40
1,5,0,103,40
1,5,0,104,40
1,5,0,105,40
1,5,0,106,40
1,5,0,107,40
1,5,0,108,40
1,5,0,109,40
1,5,0,110,40
1,5,0,111,40
1,5,1,0,6
1,5,1,1,7
1,5,1,2,8
1,5,1,3,9
1,5,1,4,10
1,5,1,5,11
1,5,1,6,12
1,5,1,7,4
1,5,1,8,3
1,5,1,9,2
1,5,1,10,1
1,5,1,11,0
1,5,1,12,-1
1,5,1,13,-2
1,5,1,14,11
1,5,1,15,12
1,5,1,16,13
1,5,1,17,14
1,5,1,18,15
1,5,1,19,16
1,5,1,20,17
1,5,1,21,9
1,5,1,22,8
1,5,1,23,7
1,5,1,24,6
1,5,1,25,5
1,5,1,26,4
1,5,1,27,3
1,5,1,28,16
1,5,1,29,17
1,5,1,30,18
1,5,1,31,19
1,5,1,32,20
1,5,1,33,21
1,5,1,34,22
1,5,1,35,14
1,5,1,36,13
1,5,1,37,12
1,5,1,38,11
1,5,1,39,10
1,5,1,40,9
1,5,1,41,8
1,5,1,42,21
1,5,1,43,22
1,5,1,44,23
1,5,1,45,24
1,5,1,46,25
1,5,1,47,26
1,5,1,48,27
1,5,1,49,19
1,5,1,50,18
1,5,1,51,17
1,5,1,52,16
1,5,1,53,15
1,5,1,54,14
1,5,1,55,13
1,5,1,56,26
1,5,1,57,27
1,5,1,58,28
1,5,1,59,29
1,5,1,60,30
1,5,1,61,31
1,5,1,62,32
1,5,1,63,24
1,5,1,64,23
1,5,1,65,22
1,5,1,66,21
1,5,1,67,20
1,5,1,68,19
1,5,1,69,18
1,5,1,70,31
1,5,1,71,32
1,5,1,72,33
1,5,1,73,34
1,5,1,74,35
1,5,1,75,36
1,5,1,76,37
1,5,1,77,29
1,5,1,78,28
1,5,1,79,27
1,5,1,80,26
1,5,1,81,25
1,5,1,82,24
1,5,1,83,23
1,5,1,84,36
1,5,1,85,37
1,5,1,86,38
1,5,1,87,39
1,5,1,88,40
1,5,1,89,41
1,5,1,90,42
1,5,1,91,34
1,5,1,92,33
1,5,1,93,32
1,5,1,94,31
1,5,1,95,30
1,5,1,96,29
1,5,1,97,28
1,5,1,98,41
1,5,1,99,42
1,5,1,100,43
1,5,1,101,44
1,5,1,102,45
1,5,1,103,46
1,5,1,104,47
1,5,1,105,39
1,5,1,106,38
1,5,1,107,37
1,5,1,108,36
1,5,1,109,35
1,5,1,110,34
1,5,1,111,33
1,5,2,0,7
1,5,2,1,9
1,5,2,2,11
1,5,2,3,13
1,5,2,4,15
1,5,2,5,17
1,5,2,6,19
1,5,2,7,3
1,5,2,8,1
1,5,2,9,-1
1,5,2,10,-3
1,5,2,11,-5
1,5,2,12,-7
1,5,2,13,-9
1,5,2,14,12
1,5,2,15,14
1,5,2,16,16
1,5,2,17,18
1,5,2,18,20
1,5,2,19,22
1,5,2,20,24
1,5,2,21,8
1,5,2,22,6
1,5,2,23,4
1,5,2,24,2
1,5,2,25,0
1,5,2,26,-2
1,5,2,27,-4
1,5,2,28,17
1,5,2,29,19
1,5,2,30,21
1,5,2,31,23
1,5,2,32,25
1,5,2,33,27
1,5,2,34,29
1,5,2,35,13
1,5,2,36,11
1,5,2,37,9
1,5,2,38,7
1,5,2,39,5
1,5,2,40,3
1,5,2,41,1
1,5,2,42,22
1,5,2,43,24
1,5,2,44,26
1,5,2,45,28
1,5,2,46,30
1,5,2,47,32
1,5,2,48,34
1,5,2,49,18
1,5,2,50,16
1,5,2,51,14
1,5,2,52,12
1,5,2,53,10
1,5,2,54,8
1,5,2,55,6
1,5,2,56,27
1,5,2,57,29
1,5,2,58,31
1,5,2,59,33
1,5,2,60,35
1,5,2,61,37
1,5,2,62,39
1,5,2,63,23
1,5,2,64,21
1,5,2,65,19
1,5,2,66,17
1,5,2,67,15
1,5,2,68,13
1,5,2,69,11
1,5,2,70,32
1,5,2,71,34
1,5,2,72,36
1,5,2,73,38
1,5,2,74,40
1,5,2,75,42
1,5,2,76,44
1,5,2,77,28
1,5,2,78,26
1,5,2,79,24
1,5,2,80,22
1,5,2,81,20
1,5,2,82,18
1,5,2,83,16
1,5,2,84,37
1,5,2,85,39
1,5,2,86,41
1,5,2,87,43
1,5,2,88,45
1,5,2,89,47
1,5,2,90,49
1,5,2,91,33
1,5,2,92,31
1,5,2,93,29
1,5,2,94,27
1,5,2,95,25
1,5,2,96,23
1,5,2,97,21
1,5,2,98,42
1,5,2,99,44
1,5,2,100,46
1,5,2,101,48
1,5,2,102,50
1,5,2,103,52
1,5,2,104,54
1,5,2,105,38
1,5,2,106,36
1,5,2,107,34
1,5,2,108,32
1,5,2,109,30
1,5,2,110,28
1,5,2,111,26
1,5,3,0,8
1,5,3,1,11
1,5,3,2,14
1,5,3,3,17
1,5,3,4,20
1,5,3,5,23
1,5,3,6,26
1,5,3,7,2
1,5,3,8,-1
1,5,3,9,-4
1,5,3,10,-7
1,5,3,11,-10
1,5,3,12,-13
1,5,3,13,-16
1,5,3,14,13
1,5,3,15,16
1,5,3,16,19
1,5,3,17,22
1,5,3,18,25
1,5,3,19,28
1,5,3,20,31
1,5,3,21,7
1,5,3,22,4
1,5,3,23,1
1,5,3,24,-2
1,5,3,25,-5
1,5,3,26,-8
1,5,3,27,-11
1,5,3,28,18
1,5,3,29,21
1,5,3,30,24
1,5,3,31,27
1,5,3,32,30
1,5,3,33,33
1,5,3,34,36
1,5,3,35,12
1,5,3,36,9
1,5,3,37,6
1,5,3,38,3
1,5,3,39,0
1,5,3,40,-3
1,5,3,41,-6
1,5,3,42,23
1,5,3,43,26
1,5,3,44,29
1,5,3,45,32
1,5,3,46,35
1,5,3,47,38
1,5,3,48,41
1,5,3,49,17
1,5,3,50,14
1,5,3,51,11
1,5,3,52,8
1,5,3,53,5
1,5,3,54,2
1,5,3,55,-1
1,5,3,56,28
1,5,3,57,31
1,5,3,58,34
1,5,3,59,37
1,5,3,60,40
1,5,3,61,43
1,5,3,62,46
1,5,3,63,22
1,5,3,64,19
1,5,3,65,16
1,5,3,66,13
1,5,3,67,10
1,5,3,68,7
1,5,3,69,4
1,5,3,70,33
1,5,3,71,36
1,5,3,72,39
1,5,3,73,42
1,5,3,74,45
1,5,3,75,48
1,5,3,76,51
1,5,3,77,27
1,5,3,78,24
1,5,3,79,21
1,5,3,80,18
1,5,3,81,15
1,5,3,82,12
1,5,3,83,9
1,5,3,84,38
1,5,3,85,41
1,5,3,86,44
1,5,3,87,47
1,5,3,88,50
1,5,3,89,53
1,5,3,90,56
1,5,3,91,32
1,5,3,92,29
1,5,3,93,26
1,5,3,94,23
1,5,3,95,20
1,5,3,96,17
1,5,3,97,14
1,5,3,98,43
1,5,3,99,46
1,5,3,100,49
1,5,3,101,52
1,5,3,102,55
1,5,3,103,58
1,5,3,104,61
1,5,3,105,37
1,5,3,106,34
1,5,3,107,31
1,5,3,108,28
1,5,3,109,25
1,5,3,110,22
1,5,3,111,19
1,5,4,0,9
1,5,4,1,13
1,5,4,2,17
1,5,4,3,21
1,5,4,4,25
1,5,4,5,29
1,5,4,6,33
1,5,4,7,1
1,5,4,8,-3
1,5,4,9,-7
1,5,4,10,-11
1,5,4,11,-15
1,5,4,12,-19
1,5,4,13,-23
1,5,4,14,14
1,5,4,15,18
1,5,4,16,22
1,5,4,17,26
1,5,4,18,30
1,5,4,19,34
1,5,4,20,38
1,5,4,21,6
1,5,4,22,2
1,5,4,23,-2
1,5,4,24,-6
1,5,4,25,-10
1,5,4,26,-14
1,5,4,27,-18
1,5,4,28,19
1,5,4,29,23
1,5,4,30,27
1,5,4,31,31
1,5,4,32,35
1,5,4,33,39
1,5,4,34,43
1,5,4,35,11
1,5,4,36,7
1,5,4,37,3
1,5,4,38,-1
1,5,4,39,-5
1,5,4,40,-9
1,5,4,41,-13
1,5,4,42,24
1,5,4,43,28
1,5,4,44,32
1,5,4,45,36
1,5,4,46,40
1,5,4,47,44
1,5,4,48,48
1,5,4,49,16
1,5,4,50,12
1,5,4,51,8
1,5,4,52,4
1,5,4,53,0
1,5,4,54,-4
1,5,4,55,-8
1,5,4,56,29
1,5,4,57,33
1,5,4,58,37
1,5,4,59,41
1,5,4,60,45
1,5,4,61,49
1,5,4,62,53
1,5,4,63,21
1,5,4,64,17
1,5,4,65,13
1,5,4,66,9
1,5,4,67,5
1,5,4,68,1
1,5,4,69,-3
1,5,4,70,34
1,5,4,71,38
1,5,4,72,42
1,5,4,73,46
1,5,4,74,50
1,5,4,75,54
1,5,4,76,58
1,5,4,77,26
1,5,4,78,22
1,5,4,79,18
1,5,4,80,14
1,5,4,81,10
1,5,4,82,6
1,5,4,83,2
1,5,4,84,39
1,5,4,85,43
1,5,4,86,47
1,5,4,87,51
1,5,4,88,55
1,5,4,89,59
1,5,4,90,63
1,5,4,91,31
1,5,4,92,27
1,5,4,93,23
1,5,4,94,19
1,5,4,95,15
1,5,4,96,11
1,5,4,97,7
1,5,4,98,44
1,5,4,99,48
1,5,4,100,52
1,5,4,101,56
1,5,4,102,60
1,5,4,103,64
1,5,4,104,68
1,5,4,105,36
1,5,4,106,32
1,5,4,107,28
1,5,4,108,24
1,5,4,109,20
1,5,4,110,16
1,5,4,111,12
1,5,5,0,10
1,5,5,1,15
1,5,5,2,20
1,5,5,3,25
1,5,5,4,30
1,5,5,5,35
1,5,5,6,40
1,5,5,7,0
1,5,5,8,-5
1,5,5,9,-10
1,5,5,10,-15
1,5,5,11,-20
1,5,5,12,-25
1,5,5,13,-30
1,5,5,14,15
1,5,5,15,20
1,5,5,16,25
1,5,5,17,30
1,5,5,18,35
1,5,5,19,40
1,5,5,20,45
1,5,5,21,5
1,5,5,22,0
1,5,5,23,-5
1,5,5,24,-10
1,5,5,25,-15
1,5,5,26,-20
1,5,5,27,-25
1,5,5,28,20
1,5,5,29,25
1,5,5,30,30
1,5,5,31,35
1,5,5,32,40
1,5,5,33,45
1,5,5,34,50
1,5,5,35,10
1,5,5,36,5
1,5,5,37,0
1,5,5,38,-5
1,5,5,39,-10
1,5,5,40,-15
1,5,5,41,-20
1,5,5,42,25
1,5,5,43,30
1,5,5,44,35
1,5,5,45,40
1,5,5,46,45
1,5,5,47,50
1,5,5,48,55
1,5,5,49,15
1,5,5,50,10
1,5,5,51,5
1,5,5,52,0
1,5,5,53,-5
1,5,5,54,-10
1,5,5,55,-15
1,5,5,56,30
1,5,5,57,35
1,5,5,58,40
1,5,5,59,45
1,5,5,60,50
1,5,5,61,55
1,5,5,62,60
1,5,5,63,20
1,5,5,64,15
1,5,5,65,10
1,5,5,66,5
1,5,5,67,0
1,5,5,68,-5
1,5,5,69,-10
1,5,5,70,35
1,5,5,71,40
1,5,5,72,45
1,5,5,73,50
1,5,5,74,55
1,5,5,75,60
1,5,5,76,65
1,5,5,77,25
1,5,5,78,20
1,5,5,79,15
1,5,5,80,10
1,5,5,81,5
1,5,5,82,0
1,5,5,83,-5
1,5,5,84,40
1,5,5,85,45
1,5,5,86,50
1,5,5,87,55
1,5,5,88,60
1,5,5,89,65
1,5,5,90,70
1,5,5,91,30
1,5,5,92,25
1,5,5,93,20
1,5,5,94,15
1,5,5,95,10
1,5,5,96,5
1,5,5,97,0
1,5,5,98,45
1,5,5,99,50
1,5,5,100,55
1,5,5,101,60
1,5,5,102,65
1,5,5,103,70
1,5,5,104,75
1,5,5,105,35
1,5,5,106,30
1,5,5,107,25
1,5,5,108,20
1,5,5,109,15
1,5,5,110,10
1,5,5,111,5
1,5,6,0,11
1,5,6,1,17
1,5,6,2,23
1,5,6,3,29
1,5,6,4,35
1,5,6,5,41
1,5,6,6,47
1,5,6,7,-1
1,5,6,8,-7
1,5,6,9,-13
1,5,6,10,-19
1,5,6,11,-25
1,5,6,12,-31
1,5,6,13,-37
1,5,6,14,16
1,5,6,15,22
1,5,6,16,28
1,5,6,17,34
1,5,6,18,40
1,5,6,19,46
1,5,6,20,52
1,5,6,21,4
1,5,6,22,-2
1,5,6,23,-8
1,5,6,24,-14
1,5,6,25,-20
1,5,6,26,-26
1,5,6,27,-32
1,5,6,28,21
1,5,6,29,27
1,5,6,30,33
1,5,6,31,39
1,5,6,32,45
1,5,6,33,51
1,5,6,34,57
1,5,6,35,9
1,5,6,36,3
1,5,6,37,-3
1,5,6,38,-9
1,5,6,39,-15
1,5,6,40,-21
1,5,6,41,-27
1,5,6,42,26
1,5,6,43,32
1,5,6,44,38
1,5,6,45,44
1,5,6,46,50
1,5,6,47,56
1,5,6,48,62
1,5,6,49,14
1,5,6,50,8
1,5,6,51,2
1,5,6,52,-4
1,5,6,53,-10
1,5,6,54,-16
1,5,6,55,-22
1,5,6,56,31
1,5,6,57,37
1,5,6,58,43
1,5,6,59,49
1,5,6,60,55
1,5,6,61,61
1,5,6,62,67
1,5,6,63,19
1,5,6,64,13
1,5,6,65,7
1,5,6,66,1
1,5,6,67,-5
1,5,6,68,-11
1,5,6,69,-17
1,5,6,70,36
1,5,6,71,42
1,5,6,72,48
1,5,6,73,54
1,5,6,74,60
1,5,6,75,66
1,5,6,76,72
1,5,6,77,24
1,5,6,78,18
1,5,6,79,12
1,5,6,80,6
1,5,6,81,0
1,5,6,82,-6
1,5,6,83,-12
1,5,6,84,41
1,5,6,85,47
1,5,6,86,53
1,5,6,87,59
1,5,6,88,65
1,5,6,89,71
1,5,6,90,77
1,5,6,91,29
1,5,6,92,23
1,5,6,93,17
1,5,6,94,11
1,5,6,95,5
1,5,6,96,-1
1,5,6,97,-7
1,5,6,98,46
1,5,6,99,52
1,5,6,100,58
1,5,6,101,64
1,5,6,102,70
1,5,6,103,76
1,5,6,104,82
1,5,6,105,34
1,5,6,106,28
1,5,6,107,22
1,5,6,108,16
1,5,6,109,10
1,5,6,110,4
1,5,6,111,-2
1,5,7,0,12
1,5,7,1,19
1,5,7,2,26
1,5,7,3,33
1,5,7,4,40
1,5,7,5,47
1,5,7,6,54
1,5,7,7,-2
1,5,7,8,-9
1,5,7,9,-16
1,5,7,10,-23
1,5,7,11,-30
1,5,7,12,-37
1,5,7,13,-44
1,5,7,14,17
1,5,7,15,24
1,5,7,16,31
1,5,7,17,38
1,5,7,18,45
1,5,7,19,52
1,5,7,20,59
1,5,7,21,3
1,5,7,22,-4
1,5,7,23,-11
1,5,7,24,-18
1,5,7,25,-25
1,5,7,26,-32
1,5,7,27,-39
1,5,7,28,22
1,5,7,29,29
1,5,7,30,36
1,5,7,31,43
1,5,7,32,50
1,5,7,33,57
1,5,7,34,64
1,5,7,35,8
1,5,7,36,1
1,5,7,37,-6
1,5,7,38,-13
1,5,7,39,-20
1,5,7,40,-27
1,5,7,41,-34
1,5,7,42,27
1,5,7,43,34
1,5,7,44,41
1,5,7,45,48
1,5,7,46,55
1,5,7,47,62
1,5,7,48,69
1,5,7,49,13
1,5,7,50,6
1,5,7,51,-1
1,5,7,52,-8
1,5,7,53,-15
1,5,7,54,-22
1,5,7,55,-29
1,5,7,56,32
1,5,7,57,39
1,5,7,58,46
1,5,7,59,53
1,5,7,60,60
1,5,7,61,67
1,5,7,62,74
1,5,7,63,18
1,5,7,64,11
1,5,7,65,4
1,5,7,66,-3
1,5,7,67,-10
1,5,7,68,-17
1,5,7,69,-24
1,5,7,70,37
1,5,7,71,44
1,5,7,72,51
1,5,7,73,58
1,5,7,74,65
1,5,7,75,72
1,5,7,76,79
1,5,7,77,23
1,5,7,78,16
1,5,7,79,9
1,5,7,80,2
1,5,7,81,-5
1,5,7,82,-12
1,5,7,83,-19
1,5,7,84,42
1,5,7,85,49
1,5,7,86,56
1,5,7,87,63
1,5,7,88,70
1,5,7,89,77
1,5,7,90,84
1,5,7,91,28
1,5,7,92,21
1,5,7,93,14
1,5,7,94,7
1,5,7,95,0
1,5,7,96,-7
1,5,7,97,-14
1,5,7,98,47
1,5,7,99,54
1,5,7,100,61
1,5,7,101,68
1,5,7,102,75
1,5,7,103,82
1,5,7,104,89
1,5,7,105,33
1,5,7,106,26
1,5,7,107,19
1,5,7,108,12
1,5,7,109,5
1,5,7,110,-2
1,5,7,111,-9
1,6,-8,0,-2
1,6,-8,1,-10
1,6,-8,2,-18
1,6,-8,3,-26
1,6,-8,4,-34
1,6,-8,5,-42
1,6,-8,6,-50
1,6,-8,7,14
1,6,-8,8,22
1,6,-8,9,30
1,6,-8,10,38
1,6,-8,11,46
1,6,-8,12,54
1,6,-8,13,62
1,6,-8,14,4
1,6,-8,15,-4
1,6,-8,16,-12
1,6,-8,17,-20
1,6,-8,18,-28
1,6,-8,19,-36
1,6,-8,20,-44
1,6,-8,21,20
1,6,-8,22,28
1,6,-8,23,36
1,6,-8,24,44
1,6,-8,25,52
1,6,-8,26,60
1,6,-8,27,68
1,6,-8,28,10
1,6,-8,29,2
1,6,-8,30,-6
1,6,-8,31,-14
1,6,-8,32,-22
1,6,-8,33,-30
1,6,-8,34,-38
1,6,-8,35,26
1,6,-8,36,34
1,6,-8,37,42
1,6,-8,38,50
1,6,-8,39,58
1,6,-8,40,66
1,6,-8,41,74
1,6,-8,42,16
1,6,-8,43,8
1,6,-8,44,0
1,6,-8,45,-8
1,6,-8,46,-16
1,6,-8,47,-24
1,6,-8,48,-32
1,6,-8,49,32
1,6,-8,50,40
1,6,-8,51,48
1,6,-8,52,56
1,6,-8,53,64
1,6,-8,54,72
1,6,-8,55,80
1,6,-8,56,22
1,6,-8,57,14
1,6,-8,58,6
1,6,-8,59,-2
1,6,-8,60,-10
1,6,-8,61,-18
1,6,-8,62,-26
1,6,-8,63,38
1,6,-8,64,46
1,6,-8,65,54
1,6,-8,66,62
1,6,-8,67,70
1,6,-8,68,78
1,6,-8,69,86
1,6,-8,70,28
1,6,-8,71,20
1,6,-8,72,12
1,6,-8,73,4
1,6,-8,74,-4
1,6,-8,75,-12
1,6,-8,76,-20
1,6,-8,77,44
1,6,-8,78,52
1,6,-8,79,60
1,6,-8,80,68
1,6,-8,81,76
1,6,-8,82,84
1,6,-8,83,92
1,6,-8,84,34
1,6,-8,85,26
1,6,-8,86,18
1,6,-8,87,10
1,6,-8,88,2
1,6,-8,89,-6
1,6,-8,90,-14
1,6,-8,91,50
1,6,-8,92,58
1,6,-8,93,66
1,6,-8,94,74
1,6,-8,95,82
1,6,-8,96,90
1,6,-8,97,98
1,6,-8,98,40
1,6,-8,99,32
1,6,-8,100,24
1,6,-8,101,16
1,6,-8,102,8
1,6,-8,103,0
1,6,-8,104,-8
1,6,-8,105,56
1,6,-8,106,64
1,6,-8,107,72
1,6,-8,108,80
1,6,-8,109,88
1,6,-8,110,96
1,6,-8,111,104
1,6,-7,0,-1
1,6,-7,1,-8
1,6,-7,2,-15
1,6,-7,3,-22
1,6,-7,4,-29
1,6,-7,5,-36
1,6,-7,6,-43
1,6,-7,7,13
1,6,-7,8,20
1,6,-7,9,27
1,6,-7,10,34
1,6,-7,11,41
1,6,-7,12,48
1,6,-7,13,55
1,6,-7,14,5
1,6,-7,15,-2
1,6,-7,16,-9
1,6,-7,17,-16
1,6,-7,18,-23
1,6,-7,19,-30
1,6,-7,20,-37
1,6,-7,21,19
1,6,-7,22,26
1,6,-7,23,33
1,6,-7,24,40
1,6,-7,25,47
1,6,-7,26,54
1,6,-7,27,61
1,6,-7,28,11
1,6,-7,29,4
1,6,-7,30,-3
1,6,-7,31,-10
1,6,-7,32,-17
1,6,-7,33,-24
1,6,-7,34,-31
1,6,-7,35,25
1,6,-7,36,32
1,6,-7,37,39
1,6,-7,38,46
1,6,-7,39,53
1,6,-7,40,60
1,6,-7,41,67
1,6,-7,42,17
1,6,-7,43,10
1,6,-7,44,3
1,6,-7,45,-4
1,6,-7,46,-11
1,6,-7,47,-18
1,6,-7,48,-25
1,6,-7,49,31
1,6,-7,50,38
1,6,-7,51,45
1,6,-7,52,52
1,6,-7,53,59
1,6,-7,54,66
1,6,-7,55,73
1,6,-7,56,23
1,6,-7,57,16
1,6,-7,58,9
1,6,-7,59,2
1,6,-7,60,-5
1,6,-7,61,-12
1,6,-7,62,-19
1,6,-7,63,37
1,6,-7,64,44
1,6,-7,65,51
1,6,-7,66,58
1,6,-7,67,65
1,6,-7,68,72
1,6,-7,69,79
1,6,-7,70,29
1,6,-7,71,22
1,6,-7,72,15
1,6,-7,73,8
1,6,-7,74,1
1,6,-7,75,-6
1,6,-7,76,-13
1,6,-7,77,43
1,6,-7,78,50
1,6,-7,79,57
1,6,-7,80,64
1,6,-7,81,71
1,6,-7,82,78
1,6,-7,83,85
1,6,-7,84,35
1,6,-7,85,28
1,6,-7,86,21
1,6,-7,87,14
1,6,-7,88,7
1,6,-7,89,0
1,6,-7,90,-7
1,6,-7,91,49
1,6,-7,92,56
1,6,-7,93,63
1,6,-7,94,70
1,6,-7,95,77
1,6,-7,96,84
1,6,-7,97,91
1,6,-7,98,41
1,6,-7,99,34
1,6,-7,100,27
1,6,-7,101,20
1,6,-7,102,13
1,6,-7,103,6
1,6,-7,104,-1
1,6,-7,105,55
1,6,-7,106,62
1,6,-7,107,69
1,6,-7,108,76
1,6,-7,109,83
1,6,-7,110,90
1,6,-7,111,97
1,6,-6,0,0
1,6,-6,1,-6
1,6,-6,2,-12
1,6,-6,3,-18
1,6,-6,4,-24
1,6,-6,5,-30
1,6,-6,6,-36
1,6,-6,7,12
1,6,-6,8,18
1,6,-6,9,24
1,6,-6,10,30
1,6,-6,11,36
1,6,-6,12,42
1,6,-6,13,48
1,6,-6,14,6
1,6,-6,15,0
1,6,-6,16,-6
1,6,-6,17,-12
1,6,-6,18,-18
1,6,-6,19,-24
1,6,-6,20,-30
1,6,-6,21,18
1,6,-6,22,24
1,6,-6,23,30
1,6,-6,24,36
1,6,-6,25,42
1,6,-6,26,48
1,6,-6,27,54
1,6,-6,28,12
1,6,-6,29,6
1,6,-6,30,0
1,6,-6,31,-6
1,6,-6,32,-12
1,6,-6,33,-18
1,6,-6,34,-24
1,6,-6,35,24
1,6,-6,36,30
1,6,-6,37,36
1,6,-6,38,42
1,6,-6,39,48
1,6,-6,40,54
1,6,-6,41,60
1,6,-6,42,18
1,6,-6,43,12
1,6,-6,44,6
1,6,-6,45,0
1,6,-6,46,-6
1,6,-6,47,-12
1,6,-6,48,-18
1,6,-6,49,30
1,6,-6,50,36
1,6,-6,51,42
1,6,-6,52,48
1,6,-6,53,54
1,6,-6,54,60
1,6,-6,55,66
1,6,-6,56,24
1,6,-6,57,18
1,6,-6,58,12
1,6,-6,59,6
1,6,-6,60,0
1,6,-6,61,-6
1,6,-6,62,-12
1,6,-6,63,36
1,6,-6,64,42
1,6,-6,65,48
1,6,-6,66,54
1,6,-6,67,60
1,6,-6,68,66
1,6,-6,69,72
1,6,-6,70,30
1,6,-6,71,24
1,6,-6,72,18
1,6,-6,73,12
1,6,-6,74,6
1,6,-6,75,0
1,6,-6,76,-6
1,6,-6,77,42
1,6,-6,78,48
1,6,-6,79,54
1,6,-6,80,60
1,6,-6,81,66
1,6,-6,82,72
1,6,-6,83,78
1,6,-6,84,36
1,6,-6,85,30
1,6,-6,86,24
1,6,-6,87,18
1,6,-6,88,12
1,6,-6,89,6
1,6,-6,90,0
1,6,-6,91,48
1,6,-6,92,54
1,6,-6,93,60
1,6,-6,94,66
1,6,-6,95,72
1,6,-6,96,78
1,6,-6,97,84
1,6,-6,98,42
1,6,-6,99,36
1,6,-6,100,30
1,6,-6,101,24
1,6,-6,102,18
1,6,-6,103,12
1,6,-6,104,6
1,6,-6,105,54
1,6,-6,106,60
1,6,-6,107,66
1,6,-6,108,72
1,6,-6,109,78
1,6,-6,110,84
1,6,-6,111,90
1,6,-5,0,1
1,6,-5,1,-4
1,6,-5,2,-9
1,6,-5,3,-14
1,6,-5,4,-19
1,6,-5,5,-24
1,6,-5,6,-29
1,6,-5,7,11
1,6,-5,8,16
1,6,-5,9,21
1,6,-5,10,26
1,6,-5,11,31
1,6,-5,12,36
1,6,-5,13,41
1,6,-5,14,7
1,6,-5,15,2
1,6,-5,16,-3
1,6,-5,17,-8
1,6,-5,18,-13
1,6,-5,19,-18
1,6,-5,20,-23
1,6,-5,21,17
1,6,-5,22,22
1,6,-5,23,27
1,6,-5,24,32
1,6,-5,25,37
1,6,-5,26,42
1,6,-5,27,47
1,6,-5,28,13
1,6,-5,29,8
1,6,-5,30,3
1,6,-5,31,-2
1,6,-5,32,-7
1,6,-5,33,-12
1,6,-5,34,-17
1,6,-5,35,23
1,6,-5,36,28
1,6,-5,37,33
1,6,-5,38,38
1,6,-5,39,43
1,6,-5,40,48
1,6,-5,41,53
1,6,-5,42,19
1,6,-5,43,14
1,6,-5,44,9
1,6,-5,45,4
1,6,-5,46,-1
1,6,-5,47,-6
1,6,-5,48,-11
1,6,-5,49,29
1,6,-5,50,34
1,6,-5,51,39
1,6,-5,52,44
1,6,-5,53,49
1,6,-5,54,54
1,6,-5,55,59
1,6,-5,56,25
1,6,-5,57,20
1,6,-5,58,15
1,6,-5,59,10
1,6,-5,60,5
1,6,-5,61,0
1,6,-5,62,-5
1,6,-5,63,35
1,6,-5,64,40
1,6,-5,65,45
1,6,-5,66,50
1,6,-5,67,55
1,6,-5,68,60
1,6,-5,69,65
1,6,-5,70,31
1,6,-5,71,26
1,6,-5,72,21
1,6,-5,73,16
1,6,-5,74,11
1,6,-5,75,6
1,6,-5,76,1
1,6,-5,77,41
1,6,-5,78,46
1,6,-5,79,51
1,6,-5,80,56
1,6,-5,81,61
1,6,-5,82,66
1,6,-5,83,71
1,6,-5,84,37
1,6,-5,85,32
1,6,-5,86,27
1,6,-5,87,22
1,6,-5,88,17
1,6,-5,89,12
1,6,-5,90,7
1,6,-5,91,47
1,6,-5,92,52
1,6,-5,93,57
1,6,-5,94,62
1,6,-5,95,67
1,6,-5,96,72
1,6,-5,97,77
1,6,-5,98,43
1,6,-5,99,38
1,6,-5,100,33
1,6,-5,101,28
1,6,-5,102,23
1,6,-5,103,18
1,6,-5,104,13
1,6,-5,105,53
1,6,-5,106,58
1,6,-5,107,63
1,6,-5,108,68
1,6,-5,109,73
1,6,-5,110,78
1,6,-5,111,83
1,6,-4,0,2
1,6,-4,1,-2
1,6,-4,2,-6
1,6,-4,3,-10
1,6,-4,4,-14
1,6,-4,5,-18
1,6,-4,6,-22
1,6,-4,7,10
1,6,-4,8,14
1,6,-4,9,18
1,6,-4,10,22
1,6,-4,11,26
1,6,-4,12,30
1,6,-4,13,34
1,6,-4,14,8
1,6,-4,15,4
1,6,-4,16,0
1,6,-4,17,-4
1,6,-4,18,-8
1,6,-4,19,-12
1,6,-4,20,-16
1,6,-4,21,16
1,6,-4,22,20
1,6,-4,23,24
1,6,-4,24,28
1,6,-4,25,32
1,6,-4,26,36
1,6,-4,27,40
1,6,-4,28,14
1,6,-4,29,10
1,6,-4,30,6
1,6,-4,31,2
1,6,-4,32,-2
1,6,-4,33,-6
1,6,-4,34,-10
1,6,-4,35,22
1,6,-4,36,26
1,6,-4,37,30
1,6,-4,38,34
1,6,-4,39,38
1,6,-4,40,42
1,6,-4,41,46
1,6,-4,42,20
1,6,-4,43,16
1,6,-4,44,12
1,6,-4,45,8
1,6,-4,46,4
1,6,-4,47,0
1,6,-4,48,-4
1,6,-4,49,28
1,6,-4,50,32
1,6,-4,51,36
1,6,-4,52,40
1,6,-4,53,44
1,6,-4,54,48
1,6,-4,55,52
1,6,-4,56,26
1,6,-4,57,22
1,6,-4,58,18
1,6,-4,59,14
1,6,-4,60,10
1,6,-4,61,6
1,6,-4,62,2
1,6,-4,63,34
1,6,-4,64,38
1,6,-4,65,42
1,6,-4,66,46
1,6,-4,67,50
1,6,-4,68,54
1,6,-4,69,58
1,6,-4,70,32
1,6,-4,71,28
1,6,-4,72,24
1,6,-4,73,20
1,6,-4,74,16
1,6,-4,75,12
1,6,-4,76,8
1,6,-4,77,40
1,6,-4,78,44
1,6,-4,79,48
1,6,-4,80,52
1,6,-4,81,56
1,6,-4,82,60
1,6,-4,83,64
1,6,-4,84,38
1,6,-4,85,34
1,6,-4,86,30
1,6,-4,87,26
1,6,-4,88,22
1,6,-4,89,18
1,6,-4,90,14
1,6,-4,91,46
1,6,-4,92,50
1,6,-4,93,54
1,6,-4,94,58
1,6,-4,95,62
1,6,-4,96,66
1,6,-4,97,70
1,6,-4,98,44
1,6,-4,99,40
1,6,-4,100,36
1,6,-4,101,32
1,6,-4,102,28
1,6,-4,103,24
1,6,-4,104,20
1,6,-4,105,52
1,6,-4,106,56
1,6,-4,107,60
1,6,-4,108,64
1,6,-4,109,68
1,6,-4,110,72
1,6,-4,111,76
1,6,-3,0,3
1,6,-3,1,0
1,6,-3,2,-3
1,6,-3,3,-6
1,6,-3,4,-9
1,6,-3,5,-12
1,6,-3,6,-15
1,6,-3,7,9
1,6,-3,8,12
1,6,-3,9,15
1,6,-3,10,18
1,6,-3,11,21
1,6,-3,12,24
1,6,-3,13,27
1,6,-3,14,9
1,6,-3,15,6
1,6,-3,16,3
1,6,-3,17,0
1,6,-3,18,-3
1,6,-3,19,-6
1,6,-3,20,-9
1,6,-3,21,15
1,6,-3,22,18
1,6,-3,23,21
1,6,-3,24,24
1,6,-3,25,27
1,6,-3,26,30
1,6,-3,27,33
1,6,-3,28,15
1,6,-3,29,12
1,6,-3,30,9
1,6,-3,31,6
1,6,-3,32,3
1,6,-3,33,0
1,6,-3,34,-3
1,6,-3,35,21
1,6,-3,36,24
1,6,-3,37,27
1,6,-3,38,30
1,6,-3,39,33
1,6,-3,40,36
1,6,-3,41,39
1,6,-3,42,21
1,6,-3,43,18
1,6,-3,44,15
1,6,-3,45,12
1,6,-3,46,9
1,6,-3,47,6
1,6,-3,48,3
1,6,-3,49,27
1,6,-3,50,30
1,6,-3,51,33
1,6,-3,52,36
1,6,-3,53,39
1,6,-3,54,42
1,6,-3,55,45
1,6,-3,56,27
1,6,-3,57,24
1,6,-3,58,21
1,6,-3,59,18
1,6,-3,60,15
1,6,-3,61,12
1,6,-3,62,9
1,6,-3,63,33
1,6,-3,64,36
1,6,-3,65,39
1,6,-3,66,42
1,6,-3,67,45
1,6,-3,68,48
1,6,-3,69,51
1,6,-3,70,33
1,6,-3,71,30
1,6,-3,72,27
1,6,-3,73,24
1,6,-3,74,21
1,6,-3,75,18
1,6,-3,76,15
1,6,-3,77,39
1,6,-3,78,42
1,6,-3,79,45
1,6,-3,80,48
1,6,-3,81,51
1,6,-3,82,54
1,6,-3,83,57
1,6,-3,84,39
1,6,-3,85,36
1,6,-3,86,33
1,6,-3,87,30
1,6,-3,88,27
1,6,-3,89,24
1,6,-3,90,21
1,6,-3,91,45
1,6,-3,92,48
1,6,-3,93,51
1,6,-3,94,54
1,6,-3,95,57
1,6,-3,96,60
1,6,-3,97,63
1,6,-3,98,45
1,6,-3,99,42
1,6,-3,100,39
1,6,-3,101,36
1,6,-3,102,33
1,6,-3,103,30
1,6,-3,104,27
1,6,-3,105,51
1,6,-3,106,54
1,6,-3,107,57
1,6,-3,108,60
1,6,-3,109,63
1,6,-3,110,66
1,6,-3,111,69
1,6,-2,0,4
1,6,-2,1,2
1,6,-2,2,0
1,6,-2,3,-2
1,6,-2,4,-4
1,6,-2,5,-6
1,6,-2,6,-8
1,6,-2,7,8
1,6,-2,8,10
1,6,-2,9,12
1,6,-2,10,14
1,6,-2,11,16
1,6,-2,12,18
1,6,-2,13,20
1,6,-2,14,10
1,6,-2,15,8
1,6,-2,16,6
1,6,-2,17,4
1,6,-2,18,2
1,6,-2,19,0
1,6,-2,20,-2
1,6,-2,21,14
1,6,-2,22,16
1,6,-2,23,18
1,6,-2,24,20
1,6,-2,25,22
1,6,-2,26,24
1,6,-2,27,26
1,6,-2,28,16
1,6,-2,29,14
1,6,-2,30,12
1,6,-2,31,10
1,6,-2,32,8
1,6,-2,33,6
1,6,-2,34,4
1,6,-2,35,20
1,6,-2,36,22
1,6,-2,37,24
1,6,-2,38,26
1,6,-2,39,28
1,6,-2,40,30
1,6,-2,41,32
1,6,-2,42,22
1,6,-2,43,20
1,6,-2,44,18
1,6,-2,45,16
1,6,-2,46,14
1,6,-2,47,12
1,6,-2,48,10
1,6,-2,49,26
1,6,-2,50,28
1,6,-2,51,30
1,6,-2,52,32
1,6,-2,53,34
1,6,-2,54,36
1,6,-2,55,38
1,6,-2,56,28
1,6,-2,57,26
1,6,-2,58,24
1,6,-2,59,22
1,6,-2,60,20
1,6,-2,61,18
1,6,-2,62,16
1,6,-2,63,32
1,6,-2,64,34
1,6,-2,65,36
1,6,-2,66,38
1,6,-2,67,40
1,6,-2,68,42
1,6,-2,69,44
1,6,-2,70,34
1,6,-2,71,32
1,6,-2,72,30
1,6,-2,73,28
1,6,-2,74,26
1,6,-2,75,24
1,6,-2,76,22
1,6,-2,77,38
1,6,-2,78,40
1,6,-2,79,42
1,6,-2,80,44
1,6,-2,81,46
1,6,-2,82,48
1,6,-2,83,50
1,6,-2,84,40
1,6,-2,85,38
1,6,-2,86,36
1,6,-2,87,34
1,6,-2,88,32
1,6,-2,89,30
1,6,-2,90,28
1,6,-2,91,44
1,6,-2,92,46
1,6,-2,93,48
1,6,-2,94,50
1,6,-2,95,52
1,6,-2,96,54
1,6,-2,97,56
1,6,-2,98,46
1,6,-2,99,44
1,6,-2,100,42
1,6,-2,101,40
1,6,-2,102,38
1,6,-2,103,36
1,6,-2,104,34
1,6,-2,105,50
1,6,-2,106,52
1,6,-2,107,54
1,6,-2,108,56
1,6,-2,109,58
1,6,-2,110,60
1,6,-2,111,62
1,6,-1,0,5
1,6,-1,1,4
1,6,-1,2,3
1,6,-1,3,2
1,6,-1,4,1
1,6,-1,5,0
1,6,-1,6,-1
1,6,-1,7,7
1,6,-1,8,8
1,6,-1,9,9
1,6,-1,10,10
1,6,-1,11,11
1,6,-1,12,12
1,6,-1,13,13
1,6,-1,14,11
1,6,-1,15,10
1,6,-1,16,9
1,6,-1,17,8
1,6,-1,18,7
1,6,-1,19,6
1,6,-1,20,5
1,6,-1,21,13
1,6,-1,22,14
1,6,-1,23,15
1,6,-1,24,16
1,6,-1,25,17
1,6,-1,26,18
1,6,-1,27,19
1,6,-1,28,17
1,6,-1,29,16
1,6,-1,30,15
1,6,-1,31,14
1,6,-1,32,13
1,6,-1,33,12
1,6,-1,34,11
1,6,-1,35,19
1,6,-1,36,20
1,6,-1,37,21
1,6,-1,38,22
1,6,-1,39,23
1,6,-1,40,24
1,6,-1,41,25
1,6,-1,42,23
1,6,-1,43,22
1,6,-1,44,21
1,6,-1,45,20
1,6,-1,46,19
1,6,-1,47,18
1,6,-1,48,17
1,6,-1,49,25
1,6,-1,50,26
1,6,-1,51,27
1,6,-1,52,28
1,6,-1,53,29
1,6,-1,54,30
1,6,-1,55,31
1,6,-1,56,29
1,6,-1,57,28
1,6,-1,58,27
1,6,-1,59,26
1,6,-1,60,25
1,6,-1,61,24
1,6,-1,62,23
1,6,-1,63,31
1,6,-1,64,32
1,6,-1,65,33
1,6,-1,66,34
1,6,-1,67,35
1,6,-1,68,36
1,6,-1,69,37
1,6,-1,70,35
1,6,-1,71,34
1,6,-1,72,33
1,6,-1,73,32
1,6,-1,74,31
1,6,-1,75,30
1,6,-1,76,29
1,6,-1,77,37
1,6,-1,78,38
1,6,-1,79,39
1,6,-1,80,40
1,6,-1,81,41
1,6,-1,82,42
1,6,-1,83,43
1,6,-1,84,41
1,6,-1,85,40
1,6,-1,86,39
1,6,-1,87,38
1,6,-1,88,37
1,6,-1,89,36
1,6,-1,90,35
1,6,-1,91,43
1,6,-1,92,44
1,6,-1,93,45
1,6,-1,94,46
1,6,-1,95,47
1,6,-1,96,48
1,6,-1,97,49
1,6,-1,98,47
1,6,-1,99,46
1,6,-1,100,45
1,6,-1,101,44
1,6,-1,102,43
1,6,-1,103,42
1,6,-1,104,41
1,6,-1,105,49
1,6,-1,106,50
1,6,-1,107,51
1,6,-1,108,52
1,6,-1,109,53
1,6,-1,110,54
1,6,-1,111,55
1,6,0,0,6
1,6,0,1,6
1,6,0,2,6
1,6,0,3,6
1,6,0,4,6
1,6,0,5,6
1,6,0,6,6
1,6,0,7,6
1,6,0,8,6
1,6,0,9,6
1,6,0,10,6
1,6,0,11,6
1,6,0,12,6
1,6,0,13,6
1,6,0,14,12
1,6,0,15,12
1,6,0,16,12
1,6,0,17,12
1,6,0,18,12
1,6,0,19,12
1,6,0,20,12
1,6,0,21,12
1,6,0,22,12
1,6,0,23,12
1,6,0,24,12
1,6,0,25,12
1,6,0,26,12
1,6,0,27,12
1,6,0,28,18
1,6,0,29,18
1,6,0,30,18
1,6,0,31,18
1,6,0,32,18
1,6,0,33,18
1,6,0,34,18
1,6,0,35,18
1,6,0,36,18
1,6,0,37,18
1,6,0,38,18
1,6,0,39,18
1,6,0,40,18
1,6,0,41,18
1,6,0,42,24
1,6,0,43,24
1,6,0,44,24
1,6,0,45,24
1,6,0,46,24
1,6,0,47,24
1,6,0,48,24
1,6,0,49,24
1,6,0,50,24
1,6,0,51,24
1,6,0,52,24
1,6,0,53,24
1,6,0,54,24
1,6,0,55,24
1,6,0,56,30
1,6,0,57,30
1,6,0,58,30
1,6,0,59,30
1,6,0,60,30
1,6,0,61,30
1,6,0,62,30
1,6,0,63,30
1,6,0,64,30
1,6,0,65,30
1,6,0,66,30
1,6,0,67,30
1,6,0,68,30
1,6,0,69,30
1,6,0,70,36
1,6,0,71,36
1,6,0,72,36
1,6,0,73,36
1,6,0,74,36
1,6,0,75,36
1,6,0,76,36
1,6,0,77,36
1,6,0,78,36
1,6,0,79,36
1,6,0,80,36
1,6,0,81,36
1,6,0,82,36
1,6,0,83,36
1,6,0,84,42
1,6,0,85,42
1,6,0,86,42
1,6,0,87,42
1,6,0,88,42
1,6,0,89,42
1,6,0,90,42
1,6,0,91,42
1,6,0,92,42
1,6,0,93,42
1,6,0,94,42
1,6,0,95,42
1,6,0,96,42
1,6,0,97,42
1,6,0,98,48
1,6,0,99,48
1,6,0,100,48
1,6,0,101,48
1,6,0,102,48
1,6,0,103,48
1,6,0,104,48
1,6,0,105,48
1,6,0,106,48
1,6,0,107,48
1,6,0,108,48
1,6,0,109,48
1,6,0,110,48
1,6,0,111,48
1,6,1,0,7
1,6,1,1,8
1,6,1,2,9
1,6,1,3,10
1,6,1,4,11
1,6,1,5,12
1,6,1,6,13
1,6,1,7,5
1,6,1,8,4
1,6,1,9,3
1,6,1,10,2
1,6,1,11,1
1,6,1,12,0
1,6,1,13,-1
1,6,1,14,13
1,6,1,15,14
1,6,1,16,15
1,6,1,17,16
1,6,1,18,17
1,6,1,19,18
1,6,1,20,19
1,6,1,21,11
1,6,1,22,10
1,6,1,23,9
1,6,1,24,8
1,6,1,25,7
1,6,1,26,6
1,6,1,27,5
1,6,1,28,19
1,6,1,29,20
1,6,1,30,21
1,6,1,31,22
1,6,1,32,23
1,6,1,33,24
1,6,1,34,25
1,6,1,35,17
1,6,1,36,16
1,6,1,37,15
1,6,1,38,14
1,6,1,39,13
1,6,1,40,12
1,6,1,41,11
1,6,1,42,25
1,6,1,43,26
1,6,1,44,27
1,6,1,45,28
1,6,1,46,29
1,6,1,47,30
1,6,1,48,31
1,6,1,49,23
1,6,1,50,22
1,6,1,51,21
1,6,1,52,20
1,6,1,53,19
1,6,1,54,18
1,6,1,55,17
1,6,1,56,31
1,6,1,57,32
1,6,1,58,33
1,6,1,59,34
1,6,1,60,35
1,6,1,61,36
1,6,1,62,37
1,6,1,63,29
1,6,1,64,28
1,6,1,65,27
1,6,1,66,26
1,6,1,67,25
1,6,1,68,24
1,6,1,69,23
1,6,1,70,37
1,6,1,71,38
1,6,1,72,39
1,6,1,73,40
1,6,1,74,41
1,6,1,75,42
1,6,1,76,43
1,6,1,77,35
1,6,1,78,34
1,6,1,79,33
1,6,1,80,32
1,6,1,81,31
1,6,1,82,30
1,6,1,83,29
1,6,1,84,43
1,6,1,85,44
1,6,1,86,45
1,6,1,87,46
1,6,1,88,47
1,6,1,89,48
1,6,1,90,49
1,6,1,91,41
1,6,1,92,40
1,6,1,93,39
1,6,1,94,38
1,6,1,95,37
1,6,1,96,36
1,6,1,97,35
1,6,1,98,49
1,6,1,99,50
1,6,1,100,51
1,6,1,101,52
1,6,1,102,53
1,6,1,103,54
1,6,1,104,55
1,6,1,105,47
1,6,1,106,46
1,6,1,107,45
1,6,1,108,44
1,6,1,109,43
1,6,1,110,42
1,6,1,111,41
1,6,2,0,8
1,6,2,1,10
1,6,2,2,12
1,6,2,3,14
1,6,2,4,16
1,6,2,5,18
1,6,2,6,20
1,6,2,7,4
1,6,2,8,2
1,6,2,9,0
1,6,2,10,-2
1,6,2,11,-4
1,6,2,12,-6
1,6,2,13,-8
1,6,2,14,14
1,6,2,15,16
1,6,2,16,18
1,6,2,17,20
1,6,2,18,22
1,6,2,19,24
1,6,2,20,26
1,6,2,21,10
1,6,2,22,8
1,6,2,23,6
1,6,2,24,4
1,6,2,25,2
1,6,2,26,0
1,6,2,27,-2
1,6,2,28,20
1,6,2,29,22
1,6,2,30,24
1,6,2,31,26
1,6,2,32,28
1,6,2,33,30
1,6,2,34,32
1,6,2,35,16
1,6,2,36,14
1,6,2,37,12
1,6,2,38,10
1,6,2,39,8
1,6,2,40,6
1,6,2,41,4
1,6,2,42,26
1,6,2,43,28
1,6,2,44,30
1,6,2,45,32
1,6,2,46,34
1,6,2,47,36
1,6,2,48,38
1,6,2,49,22
1,6,2,50,20
1,6,2,51,18
1,6,2,52,16
1,6,2,53,14
1,6,2,54,12
1,6,2,55,10
1,6,2,56,32
1,6,2,57,34
1,6,2,58,36
1,6,2,59,38
1,6,2,60,40
1,6,2,61,42
1,6,2,62,44
1,6,2,63,28
1,6,2,64,26
1,6,2,65,24
1,6,2,66,22
1,6,2,67,20
1,6,2,68,18
1,6,2,69,16
1,6,2,70,38
1,6,2,71,40
1,6,2,72,42
1,6,2,73,44
1,6,2,74,46
1,6,2,75,48
1,6,2,76,50
1,6,2,77,34
1,6,2,78,32
1,6,2,79,30
1,6,2,80,28
1,6,2,81,26
1,6,2,82,24
1,6,2,83,22
1,6,2,84,44
1,6,2,85,46
1,6,2,86,48
1,6,2,87,50
1,6,2,88,52
1,6,2,89,54
1,6,2,90,56
1,6,2,91,40
1,6,2,92,38
1,6,2,93,36
1,6,2,94,34
1,6,2,95,32
1,6,2,96,30
1,6,2,97,28
1,6,2,98,50
1,6,2,99,52
1,6,2,100,54
1,6,2,101,56
1,6,2,102,58
1,6,2,103,60
1,6,2,104,62
1,6,2,105,46
1,6,2,106,44
1,6,2,107,42
1,6,2,108,40
1,6,2,109,38
1,6,2,110,36
1,6,2,111,34
1,6,3,0,9
1,6,3,1,12
1,6,3,2,15
1,6,3,3,18
1,6,3,4,21
1,6,3,5,24
1,6,3,6,27
1,6,3,7,3
1,6,3,8,0
1,6,3,9,-3
1,6,3,10,-6
1,6,3,11,-9
1,6,3,12,-12
1,6,3,13,-15
1,6,3,14,15
1,6,3,15,18
1,6,3,16,21
1,6,3,17,24
1,6,3,18,27
1,6,3,19,30
1,6,3,20,33
1,6,3,21,9
1,6,3,22,6
1,6,3,23,3
1,6,3,24,0
1,6,3,25,-3
1,6,3,26,-6
1,6,3,27,-9
1,6,3,28,21
1,6,3,29,24
1,6,3,30,27
1,6,3,31,30
1,6,3,32,33
1,6,3,33,36
1,6,3,34,39
1,6,3,35,15
1,6,3,36,12
1,6,3,37,9
1,6,3,38,6
1,6,3,39,3
1,6,3,40,0
1,6,3,41,-3
1,6,3,42,27
1,6,3,43,30
1,6,3,44,33
1,6,3,45,36
1,6,3,46,39
1,6,3,47,42
1,6,3,48,45
1,6,3,49,21
1,6,3,50,18
1,6,3,51,15
1,6,3,52,12
1,6,3,53,9
1,6,3,54,6
1,6,3,55,3
1,6,3,56,33
1,6,3,57,36
1,6,3,58,39
1,6,3,59,42
1,6,3,60,45
1,6,3,61,48
1,6,3,62,51
1,6,3,63,27
1,6,3,64,24
1,6,3,65,21
1,6,3,66,18
1,6,3,67,15
1,6,3,68,12
1,6,3,69,9
1,6,3,70,39
1,6,3,71,42
1,6,3,72,45
1,6,3,73,48
1,6,3,74,51
1,6,3,75,54
1,6,3,76,57
1,6,3,77,33
1,6,3,78,30
1,6,3,79,27
1,6,3,80,24
1,6,3,81,21
1,6,3,82,18
1,6,3,83,15
1,6,3,84,45
1,6,3,85,48
1,6,3,86,51
1,6,3,87,54
1,6,3,88,57
1,6,3,89,60
1,6,3,90,63
1,6,3,91,39
1,6,3,92,36
1,6,3,93,33
1,6,3,94,30
1,6,3,95,27
1,6,3,96,24
1,6,3,97,21
1,6,3,98,51
1,6,3,99,54
1,6,3,100,57
1,6,3,101,60
1,6,3,102,63
1,6,3,103,66
1,6,3,104,69
1,6,3,105,45
1,6,3,106,42
1,6,3,107,39
1,6,3,108,36
1,6,3,109,33
1,6,3,110,30
1,6,3,111,27
1,6,4,0,10
1,6,4,1,14
1,6,4,2,18
1,6,4,3,22
1,6,4,4,26
1,6,4,5,30
1,6,4,6,34
1,6,4,7,2
1,6,4,8,-2
1,6,4,9,-6
1,6,4,10,-10
1,6,4,11,-14
1,6,4,12,-18
1,6,4,13,-22
1,6,4,14,16
1,6,4,15,20
1,6,4,16,24
1,6,4,17,28
1,6,4,18,32
1,6,4,19,36
1,6,4,20,40
1,6,4,21,8
1,6,4,22,4
1,6,4,23,0
1,6,4,24,-4
1,6,4,25,-8
1,6,4,26,-12
1,6,4,27,-16
1,6,4,28,22
1,6,4,29,26
1,6,4,30,30
1,6,4,31,34
1,6,4,32,38
1,6,4,33,42
1,6,4,34,46
1,6,4,35,14
1,6,4,36,10
1,6,4,37,6
1,6,4,38,2
1,6,4,39,-2
1,6,4,40,-6
1,6,4,41,-10
1,6,4,42,28
1,6,4,43,32
1,6,4,44,36
1,6,4,45,40
1,6,4,46,44
1,6,4,47,48
1,6,4,48,52
1,6,4,49,20
1,6,4,50,16
1,6,4,51,12
1,6,4,52,8
1,6,4,53,4
1,6,4,54,0
1,6,4,55,-4
1,6,4,56,34
1,6,4,57,38
1,6,4,58,42
1,6,4,59,46
1,6,4,60,50
1,6,4,61,54
1,6,4,62,58
1,6,4,63,26
1,6,4,64,22
1,6,4,65,18
1,6,4,66,14
1,6,4,67,10
1,6,4,68,6
1,6,4,69,2
1,6,4,70,40
1,6,4,71,44
1,6,4,72,48
1,6,4,73,52
1,6,4,74,56
1,6,4,75,60
1,6,4,76,64
1,6,4,77,32
1,6,4,78,28
1,6,4,79,24
1,6,4,80,20
1,6,4,81,16
1,6,4,82,12
1,6,4,83,8
1,6,4,84,46
1,6,4,85,50
1,6,4,86,54
1,6,4,87,58
1,6,4,88,62
1,6,4,89,66
1,6,4,90,70
1,6,4,91,38
1,6,4,92,34
1,6,4,93,30
1,6,4,94,26
1,6,4,95,22
1,6,4,96,18
1,6,4,97,14
1,6,4,98,52
1,6,4,99,56
1,6,4,100,60
1,6,4,101,64
1,6,4,102,68
1,6,4,103,72
1,6,4,104,76
1,6,4,105,44
1,6,4,106,40
1,6,4,107,36
1,6,4,108,32
1,6,4,109,28
1,6,4,110,24
1,6,4,111,20
1,6,5,0,11
1,6,5,1,16
1,6,5,2,21
1,6,5,3,26
1,6,5,4,31
1,6,5,5,36
1,6,5,6,41
1,6,5,7,1
1,6,5,8,-4
1,6,5,9,-9
1,6,5,10,-14
1,6,5,11,-19
1,6,5,12,-24
1,6,5,13,-29
1,6,5,14,17
1,6,5,15,22
1,6,5,16,27
1,6,5,17,32
1,6,5,18,37
1,6,5,19,42
1,6,5,20,47
1,6,5,21,7
1,6,5,22,2
1,6,5,23,-3
1,6,5,24,-8
1,6,5,25,-13
1,6,5,26,-18
1,6,5,27,-23
1,6,5,28,23
1,6,5,29,28
1,6,5,30,33
1,6,5,31,38
1,6,5,32,43
1,6,5,33,48
1,6,5,34,53
1,6,5,35,13
1,6,5,36,8
1,6,5,37,3
1,6,5,38,-2
1,6,5,39,-7
1,6,5,40,-12
1,6,5,41,-17
1,6,5,42,29
1,6,5,43,34
1,6,5,44,39
1,6,5,45,44
1,6,5,46,49
1,6,5,47,54
1,6,5,48,59
1,6,5,49,19
1,6,5,50,14
1,6,5,51,9
1,6,5,52,4
1,6,5,53,-1
1,6,5,54,-6
1,6,5,55,-11
1,6,5,56,35
1,6,5,57,40
1,6,5,58,45
1,6,5,59,50
1,6,5,60,55
1,6,5,61,60
1,6,5,62,65
1,6,5,63,25
1,6,5,64,20
1,6,5,65,15
1,6,5,66,10
1,6,5,67,5
1,6,5,68,0
1,6,5,69,-5
1,6,5,70,41
1,6,5,71,46
1,6,5,72,51
1,6,5,73,56
1,6,5,74,61
1,6,5,75,66
1,6,5,76,71
1,6,5,77,31
1,6,5,78,26
1,6,5,79,21
1,6,5,80,16
1,6,5,81,11
1,6,5,82,6
1,6,5,83,1
1,6,5,84,47
1,6,5,85,52
1,6,5,86,57
1,6,5,87,62
1,6,5,88,67
1,6,5,89,72
1,6,5,90,77
1,6,5,91,37
1,6,5,92,32
1,6,5,93,27
1,6,5,94,22
1,6,5,95,17
1,6,5,96,12
1,6,5,97,7
1,6,5,98,53
1,6,5,99,58
1,6,5,100,63
1,6,5,101,68
1,6,5,102,73
1,6,5,103,78
1,6,5,104,83
1,6,5,105,43
1,6,5,106,38
1,6,5,107,33
1,6,5,108,28
1,6,5,109,23
1,6,5,110,18
1,6,5,111,13
1,6,6,0,12
1,6,6,1,18
1,6,6,2,24
1,6,6,3,30
1,6,6,4,36
1,6,6,5,42
1,6,6,6,48
1,6,6,7,0
1,6,6,8,-6
1,6,6,9,-12
1,6,6,10,-18
1,6,6,11,-24
1,6,6,12,-30
1,6,6,13,-36
1,6,6,14,18
1,6,6,15,24
1,6,6,16,30
1,6,6,17,36
1,6,6,18,42
1,6,6,19,48
1,6,6,20,54
1,6,6,21,6
1,6,6,22,0
1,6,6,23,-6
1,6,6,24,-12
1,6,6,25,-18
1,6,6,26,-24
1,6,6,27,-30
1,6,6,28,24
1,6,6,29,30
1,6,6,30,36
1,6,6,31,42
1,6,6,32,48
1,6,6,33,54
1,6,6,34,60
1,6,6,35,12
1,6,6,36,6
1,6,6,37,0
1,6,6,38,-6
1,6,6,39,-12
1,6,6,40,-18
1,6,6,41,-24
1,6,6,42,30
1,6,6,43,36
1,6,6,44,42
1,6,6,45,48
1,6,6,46,54
1,6,6,47,60
1,6,6,48,66
1,6,6,49,18
1,6,6,50,12
1,6,6,51,6
1,6,6,52,0
1,6,6,53,-6
1,6,6,54,-12
1,6,6,55,-18
1,6,6,56,36
1,6,6,57,42
1,6,6,58,48
1,6,6,59,54
1,6,6,60,60
1,6,6,61,66
1,6,6,62,72
1,6,6,63,24
1,6,6,64,18
1,6,6,65,12
1,6,6,66,6
1,6,6,67,0
1,6,6,68,-6
1,6,6,69,-12
1,6,6,70,42
1,6,6,71,48
1,6,6,72,54
1,6,6,73,60
1,6,6,74,66
1,6,6,75,72
1,6,6,76,78
1,6,6,77,30
1,6,6,78,24
1,6,6,79,18
1,6,6,80,12
1,6,6,81,6
1,6,6,82,0
1,6,6,83,-6
1,6,6,84,48
1,6,6,85,54
1,6,6,86,60
1,6,6,87,66
1,6,6,88,72
1,6,6,89,78
1,6,6,90,84
1,6,6,91,36
1,6,6,92,30
1,6,6,93,24
1,6,6,94,18
1,6,6,95,12
1,6,6,96,6
1,6,6,97,0
1,6,6,98,54
1,6,6,99,60
1,6,6,100,66
1,6,6,101,72
1,6,6,102,78
1,6,6,103,84
1,6,6,104,90
1,6,6,105,42
1,6,6,106,36
1,6,6,107,30
1,6,6,108,24
1,6,6,109,18
1,6,6,110,12
1,6,6,111,6
1,6,7,0,13
1,6,7,1,20
1,6,7,2,27
1,6,7,3,34
1,6,7,4,41
1,6,7,5,48
1,6,7,6,55
1,6,7,7,-1
1,6,7,8,-8
1,6,7,9,-15
1,6,7,10,-22
1,6,7,11,-29
1,6,7,12,-36
1,6,7,13,-43
1,6,7,14,19
1,6,7,15,26
1,6,7,16,33
1,6,7,17,40
1,6,7,18,47
1,6,7,19,54
1,6,7,20,61
1,6,7,21,5
1,6,7,22,-2
1,6,7,23,-9
1,6,7,24,-16
1,6,7,25,-23
1,6,7,26,-30
1,6,7,27,-37
1,6,7,28,25
1,6,7,29,32
1,6,7,30,39
1,6,7,31,46
1,6,7,32,53
1,6,7,33,60
1,6,7,34,67
1,6,7,35,11
1,6,7,36,4
1,6,7,37,-3
1,6,7,38,-10
1,6,7,39,-17
1,6,7,40,-24
1,6,7,41,-31
1,6,7,42,31
1,6,7,43,38
1,6,7,44,45
1,6,7,45,52
1,6,7,46,59
1,6,7,47,66
1,6,7,48,73
1,6,7,49,17
1,6,7,50,10
1,6,7,51,3
1,6,7,52,-4
1,6,7,53,-11
1,6,7,54,-18
1,6,7,55,-25
1,6,7,56,37
1,6,7,57,44
1,6,7,58,51
1,6,7,59,58
1,6,7,60,65
1,6,7,61,72
1,6,7,62,79
1,6,7,63,23
1,6,7,64,16
1,6,7,65,9
1,6,7,66,2
1,6,7,67,-5
1,6,7,68,-12
1,6,7,69,-19
1,6,7,70,43
1,6,7,71,50
1,6,7,72,57
1,6,7,73,64
1,6,7,74,71
1,6,7,75,78
1,6,7,76,85
1,6,7,77,29
1,6,7,78,22
1,6,7,79,15
1,6,7,80,8
1,6,7,81,1
1,6,7,82,-6
1,6,7,83,-13
1,6,7,84,49
1,6,7,85,56
1,6,7,86,63
1,6,7,87,70
1,6,7,88,77
1,6,7,89,84
1,6,7,90,91
1,6,7,91,35
1,6,7,92,28
1,6,7,93,21
1,6,7,94,14
1,6,7,95,7
1,6,7,96,0
1,6,7,97,-7
1,6,7,98,55
1,6,7,99,62
1,6,7,100,69
1,6,7,101,76
1,6,7,102,83
1,6,7,103,90
1,6,7,104,97
1,6,7,105,41
1,6,7,106,34
1,6,7,107,27
1,6,7,108,20
1,6,7,109,13
1,6,7,110,6
1,6,7,111,-1
1,7,-8,0,-1
1,7,-8,1,-9
1,7,-8,2,-17
1,7,-8,3,-25
1,7,-8,4,-33
1,7,-8,5,-41
1,7,-8,6,-49
1,7,-8,7,15
1,7,-8,8,23
1,7,-8,9,31
1,7,-8,10,39
1,7,-8,11,47
1,7,-8,12,55
1,7,-8,13,63
1,7,-8,14,6
1,7,-8,15,-2
1,7,-8,16,-10
1,7,-8,17,-18
1,7,-8,18,-26
1,7,-8,19,-34
1,7,-8,20,-42
1,7,-8,21,22
1,7,-8,22,30
1,7,-8,23,38
1,7,-8,24,46
1,7,-8,25,54
1,7,-8,26,62
1,7,-8,27,70
1,7,-8,28,13
1,7,-8,29,5
1,7,-8,30,-3
1,7,-8,31,-11
1,7,-8,32,-19
1,7,-8,33,-27
1,7,-8,34,-35
1,7,-8,35,29
1,7,-8,36,37
1,7,-8,37,45
1,7,-8,38,53
1,7,-8,39,61
1,7,-8,40,69
1,7,-8,41,77
1,7,-8,42,20
1,7,-8,43,12
1,7,-8,44,4
1,7,-8,45,-4
1,7,-8,46,-12
1,7,-8,47,-20
1,7,-8,48,-28
1,7,-8,49,36
1,7,-8,50,44
1,7,-8,51,52
1,7,-8,52,60
1,7,-8,53,68
1,7,-8,54,76
1,7,-8,55,84
1,7,-8,56,27
1,7,-8,57,19
1,7,-8,58,11
1,7,-8,59,3
1,7,-8,60,-5
1,7,-8,61,-13
1,7,-8,62,-21
1,7,-8,63,43
1,7,-8,64,51
1,7,-8,65,59
1,7,-8,66,67
1,7,-8,67,75
1,7,-8,68,83
1,7,-8,69,91
1,7,-8,70,34
1,7,-8,71,26
1,7,-8,72,18
1,7,-8,73,10
1,7,-8,74,2
1,7,-8,75,-6
1,7,-8,76,-14
1,7,-8,77,50
1,7,-8,78,58
1,7,-8,79,66
1,7,-8,80,74
1,7,-8,81,82
1,7,-8,82,90
1,7,-8,83,98
1,7,-8,84,41
1,7,-8,85,33
1,7,-8,86,25
1,7,-8,87,17
1,7,-8,88,9
1,7,-8,89,1
1,7,-8,90,-7
1,7,-8,91,57
1,7,-8,92,65
1,7,-8,93,73
1,7,-8,94,81
1,7,-8,95,89
1,7,-8,96,97
1,7,-8,97,105
1,7,-8,98,48
1,7,-8,99,40
1,7,-8,100,32
1,7,-8,101,24
1,7,-8,102,16
1,7,-8,103,8
1,7,-8,104,0
1,7,-8,105,64
1,7,-8,106,72
1,7,-8,107,80
1,7,-8,108,88
1,7,-8,109,96
1,7,-8,110,104
1,7,-8,111,112
1,7,-7,0,0
1,7,-7,1,-7
1,7,-7,2,-14
1,7,-7,3,-21
1,7,-7,4,-28
1,7,-7,5,-35
1,7,-7,6,-42
1,7,-7,7,14
1,7,-7,8,21
1,7,-7,9,28
1,7,-7,10,35
1,7,-7,11,42
1,7,-7,12,49
1,7,-7,13,56
1,7,-7,14,7
1,7,-7,15,0
1,7,-7,16,-7
1,7,-7,17,-14
1,7,-7,18,-21
1,7,-7,19,-28
1,7,-7,20,-35
1,7,-7,21,21
1,7,-7,22,28
1,7,-7,23,35
1,7,-7,24,42
1,7,-7,25,49
1,7,-7,26,56
1,7,-7,27,63
1,7,-7,28,14
1,7,-7,29,7
1,7,-7,30,0
1,7,-7,31,-7
1,7,-7,32,-14
1,7,-7,33,-21
1,7,-7,34,-28
1,7,-7,35,28
1,7,-7,36,35
1,7,-7,37,42
1,7,-7,38,49
1,7,-7,39,56
1,7,-7,40,63
1,7,-7,41,70
1,7,-7,42,21
1,7,-7,43,14
1,7,-7,44,7
1,7,-7,45,0
1,7,-7,46,-7
1,7,-7,47,-14
1,7,-7,48,-21
1,7,-7,49,35
1,7,-7,50,42
1,7,-7,51,49
1,7,-7,52,56
1,7,-7,53,63
1,7,-7,54,70
1,7,-7,55,77
1,7,-7,56,28
1,7,-7,57,21
1,7,-7,58,14
1,7,-7,59,7
1,7,-7,60,0
1,7,-7,61,-7
1,7,-7,62,-14
1,7,-7,63,42
1,7,-7,64,49
1,7,-7,65,56
1,7,-7,66,63
1,7,-7,67,70
1,7,-7,68,77
1,7,-7,69,84
1,7,-7,70,35
1,7,-7,71,28
1,7,-7,72,21
1,7,-7,73,14
1,7,-7,74,7
1,7,-7,75,0
1,7,-7,76,-7
1,7,-7,77,49
1,7,-7,78,56
1,7,-7,79,63
1,7,-7,80,70
1,7,-7,81,77
1,7,-7,82,84
1,7,-7,83,91
1,7,-7,84,42
1,7,-7,85,35
1,7,-7,86,28
1,7,-7,87,21
1,7,-7,88,14
1,7,-7,89,7
1,7,-7,90,0
1,7,-7,91,56
1,7,-7,92,63
1,7,-7,93,70
1,7,-7,94,77
1,7,-7,95,84
1,7,-7,96,91
1,7,-7,97,98
1,7,-7,98,49
1,7,-7,99,42
1,7,-7,100,35
1,7,-7,101,28
1,7,-7,102,21
1,7,-7,103,14
1,7,-7,104,7
1,7,-7,105,63
1,7,-7,106,70
1,7,-7,107,77
1,7,-7,108,84
1,7,-7,109,91
1,7,-7,110,98
1,7,-7,111,105
1,7,-6,0,1
1,7,-6,1,-5
1,7,-6,2,-11
1,7,-6,3,-17
1,7,-6,4,-23
1,7,-6,5,-29
1,7,-6,6,-35
1,7,-6,7,13
1,7,-6,8,19
1,7,-6,9,25
1,7,-6,10,31
1,7,-6,11,37
1,7,-6,12,43
1,7,-6,13,49
1,7,-6,14,8
1,7,-6,15,2
1,7,-6,16,-4
1,7,-6,17,-10
1,7,-6,18,-16
1,7,-6,19,-22
1,7,-6,20,-28
1,7,-6,21,20
1,7,-6,22,26
1,7,-6,23,32
1,7,-6,24,38
1,7,-6,25,44
1,7,-6,26,50
1,7,-6,27,56
1,7,-6,28,15
1,7,-6,29,9
1,7,-6,30,3
1,7,-6,31,-3
1,7,-6,32,-9
1,7,-6,33,-15
1,7,-6,34,-21
1,7,-6,35,27
1,7,-6,36,33
1,7,-6,37,39
1,7,-6,38,45
1,7,-6,39,51
1,7,-6,40,57
1,7,-6,41,63
1,7,-6,42,22
1,7,-6,43,16
1,7,-6,44,10
1,7,-6,45,4
1,7,-6,46,-2
1,7,-6,47,-8
1,7,-6,48,-14
1,7,-6,49,34
1,7,-6,50,40
1,7,-6,51,46
1,7,-6,52,52
1,7,-6,53,58
1,7,-6,54,64
1,7,-6,55,70
1,7,-6,56,29
1,7,-6,57,23
1,7,-6,58,17
1,7,-6,59,11
1,7,-6,60,5
1,7,-6,61,-1
1,7,-6,62,-7
1,7,-6,63,41
1,7,-6,64,47
1,7,-6,65,53
1,7,-6,66,59
1,7,-6,67,65
1,7,-6,68,71
1,7,-6,69,77
1,7,-6,70,36
1,7,-6,71,30
1,7,-6,72,24
1,7,-6,73,18
1,7,-6,74,12
1,7,-6,75,6
1,7,-6,76,0
1,7,-6,77,48
1,7,-6,78,54
1,7,-6,79,60
1,7,-6,80,66
1,7,-6,81,72
1,7,-6,82,78
1,7,-6,83,84
1,7,-6,84,43
1,7,-6,85,37
1,7,-6,86,31
1,7,-6,87,25
1,7,-6,88,19
1,7,-6,89,13
1,7,-6,90,7
1,7,-6,91,55
1,7,-6,92,61
1,7,-6,93,67
1,7,-6,94,73
1,7,-6,95,79
1,7,-6,96,85
1,7,-6,97,91
1,7,-6,98,50
1,7,-6,99,44
1,7,-6,100,38
1,7,-6,101,32
1,7,-6,102,26
1,7,-6,103,20
1,7,-6,104,14
1,7,-6,105,62
1,7,-6,106,68
1,7,-6,107,74
1,7,-6,108,80
1,7,-6,109,86
1,7,-6,110,92
1,7,-6,111,98
1,7,-5,0,2
1,7,-5,1,-3
1,7,-5,2,-8
1,7,-5,3,-13
1,7,-5,4,-18
1,7,-5,5,-23
1,7,-5,6,-28
1,7,-5,7,12
1,7,-5,8,17
1,7,-5,9,22
1,7,-5,10,27
1,7,-5,11,32
1,7,-5,12,37
1,7,-5,13,42
1,7,-5,14,9
1,7,-5,15,4
1,7,-5,16,-1
1,7,-5,17,-6
1,7,-5,18,-11
1,7,-5,19,-16
1,7,-5,20,-21
1,7,-5,21,19
1,7,-5,22,24
1,7,-5,23,29
1,7,-5,24,34
1,7,-5,25,39
1,7,-5,26,44
1,7,-5,27,49
1,7,-5,28,16
1,7,-5,29,11
1,7,-5,30,6
1,7,-5,31,1
1,7,-5,32,-4
1,7,-5,33,-9
1,7,-5,34,-14
1,7,-5,35,26
1,7,-5,36,31
1,7,-5,37,36
1,7,-5,38,41
1,7,-5,39,46
1,7,-5,40,51
1,7,-5,41,56
1,7,-5,42,23
1,7,-5,43,18
1,7,-5,44,13
1,7,-5,45,8
1,7,-5,46,3
1,7,-5,47,-2
1,7,-5,48,-7
1,7,-5,49,33
1,7,-5,50,38
1,7,-5,51,43
1,7,-5,52,48
1,7,-5,53,53
1,7,-5,54,58
1,7,-5,55,63
1,7,-5,56,30
1,7,-5,57,25
1,7,-5,58,20
1,7,-5,59,15
1,7,-5,60,10
1,7,-5,61,5
1,7,-5,62,0
1,7,-5,63,40
1,7,-5,64,45
1,7,-5,65,50
1,7,-5,66,55
1,7,-5,67,60
1,7,-5,68,65
1,7,-5,69,70
1,7,-5,70,37
1,7,-5,71,32
1,7,-5,72,27
1,7,-5,73,22
1,7,-5,74,17
1,7,-5,75,12
1,7,-5,76,7
1,7,-5,77,47
1,7,-5,78,52
1,7,-5,79,57
1,7,-5,80,62
1,7,-5,81,67
1,7,-5,82,72
1,7,-5,83,77
1,7,-5,84,44
1,7,-5,85,39
1,7,-5,86,34
1,7,-5,87,29
1,7,-5,88,24
1,7,-5,89,19
1,7,-5,90,14
1,7,-5,91,54
1,7,-5,92,59
1,7,-5,93,64
1,7,-5,94,69
1,7,-5,95,74
1,7,-5,96,79
1,7,-5,97,84
1,7,-5,98,51
1,7,-5,99,46
1,7,-5,100,41
1,7,-5,101,36
1,7,-5,102,31
1,7,-5,103,26
1,7,-5,104,21
1,7,-5,105,61
1,7,-5,106,66
1,7,-5,107,71
1,7,-5,108,76
1,7,-5,109,81
1,7,-5,110,86
1,7,-5,111,91
1,7,-4,0,3
1,7,-4,1,-1
1,7,-4,2,-5
1,7,-4,3,-9
1,7,-4,4,-13
1,7,-4,5,-17
1,7,-4,6,-21
1,7,-4,7,11
1,7,-4,8,15
1,7,-4,9,19
1,7,-4,10,23
1,7,-4,11,27
1,7,-4,12,31
1,7,-4,13,35
1,7,-4,14,10
1,7,-4,15,6
1,7,-4,16,2
1,7,-4,17,-2
1,7,-4,18,-6
1,7,-4,19,-10
1,7,-4,20,-14
1,7,-4,21,18
1,7,-4,22,22
1,7,-4,23,26
1,7,-4,24,30
1,7,-4,25,34
1,7,-4,26,38
1,7,-4,27,42
1,7,-4,28,17
1,7,-4,29,13
1,7,-4,30,9
1,7,-4,31,5
1,7,-4,32,1
1,7,-4,33,-3
1,7,-4,34,-7
1,7,-4,35,25
1,7,-4,36,29
1,7,-4,37,33
1,7,-4,38,37
1,7,-4,39,41
1,7,-4,40,45
1,7,-4,41,49
1,7,-4,42,24
1,7,-4,43,20
1,7,-4,44,16
1,7,-4,45,12
1,7,-4,46,8
1,7,-4,47,4
1,7,-4,48,0
1,7,-4,49,32
1,7,-4,50,36
1,7,-4,51,40
1,7,-4,52,44
1,7,-4,53,48
1,7,-4,54,52
1,7,-4,55,56
1,7,-4,56,31
1,7,-4,57,27
1,7,-4,58,23
1,7,-4,59,19
1,7,-4,60,15
1,7,-4,61,11
1,7,-4,62,7
1,7,-4,63,39
1,7,-4,64,43
1,7,-4,65,47
1,7,-4,66,51
1,7,-4,67,55
1,7,-4,68,59
1,7,-4,69,63
1,7,-4,70,38
1,7,-4,71,34
1,7,-4,72,30
1,7,-4,73,26
1,7,-4,74,22
1,7,-4,75,18
1,7,-4,76,14
1,7,-4,77,46
1,7,-4,78,50
1,7,-4,79,54
1,7,-4,80,58
1,7,-4,81,62
1,7,-4,82,66
1,7,-4,83,70
1,7,-4,84,45
1,7,-4,85,41
1,7,-4,86,37
1,7,-4,87,33
1,7,-4,88,29
1,7,-4,89,25
1,7,-4,90,21
1,7,-4,91,53
1,7,-4,92,57
1,7,-4,93,61
1,7,-4,94,65
1,7,-4,95,69
1,7,-4,96,73
1,7,-4,97,77
1,7,-4,98,52
1,7,-4,99,48
1,7,-4,100,44
1,7,-4,101,40
1,7,-4,102,36
1,7,-4,103,32
1,7,-4,104,28
1,7,-4,105,60
1,7,-4,106,64
1,7,-4,107,68
1,7,-4,108,72
1,7,-4,109,76
1,7,-4,110,80
1,7,-4,111,84
1,7,-3,0,4
1,7,-3,1,1
1,7,-3,2,-2
1,7,-3,3,-5
1,7,-3,4,-8
1,7,-3,5,-11
1,7,-3,6,-14
1,7,-3,7,10
1,7,-3,8,13
1,7,-3,9,16
1,7,-3,10,19
1,7,-3,11,22
1,7,-3,12,25
1,7,-3,13,28
1,7,-3,14,11
1,7,-3,15,8
1,7,-3,16,5
1,7,-3,17,2
1,7,-3,18,-1
1,7,-3,19,-4
1,7,-3,20,-7
1,7,-3,21,17
1,7,-3,22,20
1,7,-3,23,23
1,7,-3,24,26
1,7,-3,25,29
1,7,-3,26,32
1,7,-3,27,35
1,7,-3,28,18
1,7,-3,29,15
1,7,-3,30,12
1,7,-3,31,9
1,7,-3,32,6
1,7,-3,33,3
1,7,-3,34,0
1,7,-3,35,24
1,7,-3,36,27
1,7,-3,37,30
1,7,-3,38,33
1,7,-3,39,36
1,7,-3,40,39
1,7,-3,41,42
1,7,-3,42,25
1,7,-3,43,22
1,7,-3,44,19
1,7,-3,45,16
1,7,-3,46,13
1,7,-3,47,10
1,7,-3,48,7
1,7,-3,49,31
1,7,-3,50,34
1,7,-3,51,37
1,7,-3,52,40
1,7,-3,53,43
1,7,-3,54,46
1,7,-3,55,49
1,7,-3,56,32
1,7,-3,57,29
1,7,-3,58,26
1,7,-3,59,23
1,7,-3,60,20
1,7,-3,61,17
1,7,-3,62,14
1,7,-3,63,38
1,7,-3,64,41
1,7,-3,65,44
1,7,-3,66,47
1,7,-3,67,50
1,7,-3,68,53
1,7,-3,69,56
1,7,-3,70,39
1,7,-3,71,36
1,7,-3,72,33
1,7,-3,73,30
1,7,-3,74,27
1,7,-3,75,24
1,7,-3,76,21
1,7,-3,77,45
1,7,-3,78,48
1,7,-3,79,51
1,7,-3,80,54
1,7,-3,81,57
1,7,-3,82,60
1,7,-3,83,63
1,7,-3,84,46
1,7,-3,85,43
1,7,-3,86,40
1,7,-3,87,37
1,7,-3,88,34
1,7,-3,89,31
1,7,-3,90,28
1,7,-3,91,52
1,7,-3,92,55
1,7,-3,93,58
1,7,-3,94,61
1,7,-3,95,64
1,7,-3,96,67
1,7,-3,97,70
1,7,-3,98,53
1,7,-3,99,50
1,7,-3,100,47
1,7,-3,101,44
1,7,-3,102,41
1,7,-3,103,38
1,7,-3,104,35
1,7,-3,105,59
1,7,-3,106,62
1,7,-3,107,65
1,7,-3,108,68
1,7,-3,109,71
1,7,-3,110,74
1,7,-3,111,77
1,7,-2,0,5
1,7,-2,1,3
1,7,-2,2,1
1,7,-2,3,-1
1,7,-2,4,-3
1,7,-2,5,-5
1,7,-2,6,-7
1,7,-2,7,9
1,7,-2,8,11
1,7,-2,9,13
1,7,-2,10,15
1,7,-2,11,17
1,7,-2,12,19
1,7,-2,13,21
1,7,-2,14,12
1,7,-2,15,10
1,7,-2,16,8
1,7,-2,17,6
1,7,-2,18,4
1,7,-2,19,2
1,7,-2,20,0
1,7,-2,21,16
1,7,-2,22,18
1,7,-2,23,20
1,7,-2,24,22
1,7,-2,25,24
1,7,-2,26,26
1,7,-2,27,28
1,7,-2,28,19
1,7,-2,29,17
1,7,-2,30,15
1,7,-2,31,13
1,7,-2,32,11
1,7,-2,33,9
1,7,-2,34,7
1,7,-2,35,23
1,7,-2,36,25
1,7,-2,37,27
1,7,-2,38,29
1,7,-2,39,31
1,7,-2,40,33
1,7,-2,41,35
1,7,-2,42,26
1,7,-2,43,24
1,7,-2,44,22
1,7,-2,45,20
1,7,-2,46,18
1,7,-2,47,16
1,7,-2,48,14
1,7,-2,49,30
1,7,-2,50,32
1,7,-2,51,34
1,7,-2,52,36
1,7,-2,53,38
1,7,-2,54,40
1,7,-2,55,42
1,7,-2,56,33
1,7,-2,57,31
1,7,-2,58,29
1,7,-2,59,27
1,7,-2,60,25
1,7,-2,61,23
1,7,-2,62,21
1,7,-2,63,37
1,7,-2,64,39
1,7,-2,65,41
1,7,-2,66,43
1,7,-2,67,45
1,7,-2,68,47
1,7,-2,69,49
1,7,-2,70,40
1,7,-2,71,38
1,7,-2,72,36
1,7,-2,73,34
1,7,-2,74,32
1,7,-2,75,30
1,7,-2,76,28
1,7,-2,77,44
1,7,-2,78,46
1,7,-2,79,48
1,7,-2,80,50
1,7,-2,81,52
1,7,-2,82,54
1,7,-2,83,56
1,7,-2,84,47
1,7,-2,85,45
1,7,-2,86,43
1,7,-2,87,41
1,7,-2,88,39
1,7,-2,89,37
1,7,-2,90,35
1,7,-2,91,51
1,7,-2,92,53
1,7,-2,93,55
1,7,-2,94,57
1,7,-2,95,59
1,7,-2,96,61
1,7,-2,97,63
1,7,-2,98,54
1,7,-2,99,52
1,7,-2,100,50
1,7,-2,101,48
1,7,-2,102,46
1,7,-2,103,44
1,7,-2,104,42
1,7,-2,105,58
1,7,-2,106,60
1,7,-2,107,62
1,7,-2,108,64
1,7,-2,109,66
1,7,-2,110,68
1,7,-2,111,70
1,7,-1,0,6
1,7,-1,1,5
1,7,-1,2,4
1,7,-1,3,3
1,7,-1,4,2
1,7,-1,5,1
1,7,-1,6,0
1,7,-1,7,8
1,7,-1,8,9
1,7,-1,9,10
1,7,-1,10,11
1,7,-1,11,12
1,7,-1,12,13
1,7,-1,13,14
1,7,-1,14,13
1,7,-1,15,12
1,7,-1,16,11
1,7,-1,17,10
1,7,-1,18,9
1,7,-1,19,8
1,7,-1,20,7
1,7,-1,21,15
1,7,-1,22,16
1,7,-1,23,17
1,7,-1,24,18
1,7,-1,25,19
1,7,-1,26,20
1,7,-1,27,21
1,7,-1,28,20
1,7,-1,29,19
1,7,-1,30,18
1,7,-1,31,17
1,7,-1,32,16
1,7,-1,33,15
1,7,-1,34,14
1,7,-1,35,22
1,7,-1,36,23
1,7,-1,37,24
1,7,-1,38,25
1,7,-1,39,26
1,7,-1,40,27
1,7,-1,41,28
1,7,-1,42,27
1,7,-1,43,26
1,7,-1,44,25
1,7,-1,45,24
1,7,-1,46,23
1,7,-1,47,22
1,7,-1,48,21
1,7,-1,49,29
1,7,-1,50,30
1,7,-1,51,31
1,7,-1,52,32
1,7,-1,53,33
1,7,-1,54,34
1,7,-1,55,35
1,7,-1,56,34
1,7,-1,57,33
1,7,-1,58,32
1,7,-1,59,31
1,7,-1,60,30
1,7,-1,61,29
1,7,-1,62,28
1,7,-1,63,36
1,7,-1,64,37
1,7,-1,65,38
1,7,-1,66,39
1,7,-1,67,40
1,7,-1,68,41
1,7,-1,69,42
1,7,-1,70,41
1,7,-1,71,40
1,7,-1,72,39
1,7,-1,73,38
1,7,-1,74,37
1,7,-1,75,36
1,7,-1,76,35
1,7,-1,77,43
1,7,-1,78,44
1,7,-1,79,45
1,7,-1,80,46
1,7,-1,81,47
1,7,-1,82,48
1,7,-1,83,49
1,7,-1,84,48
1,7,-1,85,47
1,7,-1,86,46
1,7,-1,87,45
1,7,-1,88,44
1,7,-1,89,43
1,7,-1,90,42
1,7,-1,91,50
1,7,-1,92,51
1,7,-1,93,52
1,7,-1,94,53
1,7,-1,95,54
1,7,-1,96,55
1,7,-1,97,56
1,7,-1,98,55
1,7,-1,99,54
1,7,-1,100,53
1,7,-1,101,52
1,7,-1,102,51
1,7,-1,103,50
1,7,-1,104,49
1,7,-1,105,57
1,7,-1,106,58
1,7,-1,107,59
1,7,-1,108,60
1,7,-1,109,61
1,7,-1,110,62
1,7,-1,111,63
1,7,0,0,7
1,7,0,1,7
1,7,0,2,7
1,7,0,3,7
1,7,0,4,7
1,7,0,5,7
1,7,0,6,7
1,7,0,7,7
1,7,0,8,7
1,7,0,9,7
1,7,0,10,7
1,7,0,11,7
1,7,0,12,7
1,7,0,13,7
1,7,0,14,14
1,7,0,15,14
1,7,0,16,14
1,7,0,17,14
1,7,0,18,14
1,7,0,19,14
1,7,0,20,14
1,7,0,21,14
1,7,0,22,14
1,7,0,23,14
1,7,0,24,14
1,7,0,25,14
1,7,0,26,14
1,7,0,27,14
1,7,0,28,21
1,7,0,29,21
1,7,0,30,21
1,7,0,31,21
1,7,0,32,21
1,7,0,33,21
1,7,0,34,21
1,7,0,35,21
1,7,0,36,21
1,7,0,37,21
1,7,0,38,21
1,7,0,39,21
1,7,0,40,21
1,7,0,41,21
1,7,0,42,28
1,7,0,43,28
1,7,0,44,28
1,7,0,45,28
1,7,0,46,28
1,7,0,47,28
1,7,0,48,28
1,7,0,49,28
1,7,0,50,28
1,7,0,51,28
1,7,0,52,28
1,7,0,53,28
1,7,0,54,28
1,7,0,55,28
1,7,0,56,35
1,7,0,57,35
1,7,0,58,35
1,7,0,59,35
1,7,0,60,35
1,7,0,61,35
1,7,0,62,35
1,7,0,63,35
1,7,0,64,35
1,7,0,65,35
1,7,0,66,35
1,7,0,67,35
1,7,0,68,35
1,7,0,69,35
1,7,0,70,42
1,7,0,71,42
1,7,0,72,42
1,7,0,73,42
1,7,0,74,42
1,7,0,75,42
1,7,0,76,42
1,7,0,77,42
1,7,0,78,42
1,7,0,79,42
1,7,0,80,42
1,7,0,81,42
1,7,0,82,42
1,7,0,83,42
1,7,0,84,49
1,7,0,85,49
1,7,0,86,49
1,7,0,87,49
1,7,0,88,49
1,7,0,89,49
1,7,0,90,49
1,7,0,91,49
1,7,0,92,49
1,7,0,93,49
1,7,0,94,49
1,7,0,95,49
1,7,0,96,49
1,7,0,97,49
1,7,0,98,56
1,7,0,99,56
1,7,0,100,56
1,7,0,101,56
1,7,0,102,56
1,7,0,103,56
1,7,0,104,56
1,7,0,105,56
1,7,0,106,56
1,7,0,107,56
1,7,0,108,56
1,7,0,109,56
1,7,0,110,56
1,7,0,111,56
1,7,1,0,8
1,7,1,1,9
1,7,1,2,10
1,7,1,3,11
1,7,1,4,12
1,7,1,5,13
1,7,1,6,14
1,7,1,7,6
1,7,1,8,5
1,7,1,9,4
1,7,1,10,3
1,7,1,11,2
1,7,1,12,1
1,7,1,13,0
1,7,1,14,15
1,7,1,15,16
1,7,1,16,17
1,7,1,17,18
1,7,1,18,19
1,7,1,19,20
1,7,1,20,21
1,7,1,21,13
1,7,1,22,12
1,7,1,23,11
1,7,1,24,10
1,7,1,25,9
1,7,1,26,8
1,7,1,27,7
1,7,1,28,22
1,7,1,29,23
1,7,1,30,24
1,7,1,31,25
1,7,1,32,26
1,7,1,33,27
1,7,1,34,28
1,7,1,35,20
1,7,1,36,19
1,7,1,37,18
1,7,1,38,17
1,7,1,39,16
1,7,1,40,15
1,7,1,41,14
1,7,1,42,29
1,7,1,43,30
1,7,1,44,31
1,7,1,45,32
1,7,1,46,33
1,7,1,47,34
1,7,1,48,35
1,7,1,49,27
1,7,1,50,26
1,7,1,51,25
1,7,1,52,24
1,7,1,53,23
1,7,1,54,22
1,7,1,55,21
1,7,1,56,36
1,7,1,57,37
1,7,1,58,38
1,7,1,59,39
1,7,1,60,40
1,7,1,61,41
1,7,1,62,42
1,7,1,63,34
1,7,1,64,33
1,7,1,65,32
1,7,1,66,31
1,7,1,67,30
1,7,1,68,29
1,7,1,69,28
1,7,1,70,43
1,7,1,71,44
1,7,1,72,45
1,7,1,73,46
1,7,1,74,47
1,7,1,75,48
1,7,1,76,49
1,7,1,77,41
1,7,1,78,40
1,7,1,79,39
1,7,1,80,38
1,7,1,81,37
1,7,1,82,36
1,7,1,83,35
1,7,1,84,50
1,7,1,85,51
1,7,1,86,52
1,7,1,87,53
1,7,1,88,54
1,7,1,89,55
1,7,1,90,56
1,7,1,91,48
1,7,1,92,47
1,7,1,93,46
1,7,1,94,45
1,7,1,95,44
1,7,1,96,43
1,7,1,97,42
1,7,1,98,57
1,7,1,99,58
1,7,1,100,59
1,7,1,101,60
1,7,1,102,61
1,7,1,103,62
1,7,1,104,63
1,7,1,105,55
1,7,1,106,54
1,7,1,107,53
1,7,1,108,52
1,7,1,109,51
1,7,1,110,50
1,7,1,111,49
1,7,2,0,9
1,7,2,1,11
1,7,2,2,13
1,7,2,3,15
1,7,2,4,17
1,7,2,5,19
1,7,2,6,21
1,7,2,7,5
1,7,2,8,3
1,7,2,9,1
1,7,2,10,-1
1,7,2,11,-3
1,7,2,12,-5
1,7,2,13,-7
1,7,2,14,16
1,7,2,15,18
1,7,2,16,20
1,7,2,17,22
1,7,2,18,24
1,7,2,19,26
1,7,2,20,28
1,7,2,21,12
1,7,2,22,10
1,7,2,23,8
1,7,2,24,6
1,7,2,25,4
1,7,2,26,2
1,7,2,27,0
1,7,2,28,23
1,7,2,29,25
1,7,2,30,27
1,7,2,31,29
1,7,2,32,31
1,7,2,33,33
1,7,2,34,35
1,7,2,35,19
1,7,2,36,17
1,7,2,37,15
1,7,2,38,13
1,7,2,39,11
1,7,2,40,9
1,7,2,41,7
1,7,2,42,30
1,7,2,43,32
1,7,2,44,34
1,7,2,45,36
1,7,2,46,38
1,7,2,47,40
1,7,2,48,42
1,7,2,49,26
1,7,2,50,24
1,7,2,51,22
1,7,2,52,20
1,7,2,53,18
1,7,2,54,16
1,7,2,55,14
1,7,2,56,37
1,7,2,57,39
1,7,2,58,41
1,7,2,59,43
1,7,2,60,45
1,7,2,61,47
1,7,2,62,49
1,7,2,63,33
1,7,2,64,31
1,7,2,65,29
1,7,2,66,27
1,7,2,67,25
1,7,2,68,23
1,7,2,69,21
1,7,2,70,44
1,7,2,71,46
1,7,2,72,48
1,7,2,73,50
1,7,2,74,52
1,7,2,75,54
1,7,2,76,56
1,7,2,77,40
1,7,2,78,38
1,7,2,79,36
1,7,2,80,34
1,7,2,81,32
1,7,2,82,30
1,7,2,83,28
1,7,2,84,51
1,7,2,85,53
1,7,2,86,55
1,7,2,87,57
1,7,2,88,59
1,7,2,89,61
1,7,2,90,63
1,7,2,91,47
1,7,2,92,45
1,7,2,93,43
1,7,2,94,41
1,7,2,95,39
1,7,2,96,37
1,7,2,97,35
1,7,2,98,58
1,7,2,99,60
1,7,2,100,62
1,7,2,101,64
1,7,2,102,66
1,7,2,103,68
1,7,2,104,70
1,7,2,105,54
1,7,2,106,52
1,7,2,107,50
1,7,2,108,48
1,7,2,109,46
1,7,2,110,44
1,7,2,111,42
1,7,3,0,10
1,7,3,1,13
1,7,3,2,16
1,7,3,3,19
1,7,3,4,22
1,7,3,5,25
1,7,3,6,28
1,7,3,7,4
1,7,3,8,1
1,7,3,9,-2
1,7,3,10,-5
1,7,3,11,-8
1,7,3,12,-11
1,7,3,13,-14
1,7,3,14,17
1,7,3,15,20
1,7,3,16,23
1,7,3,17,26
1,7,3,18,29
1,7,3,19,32
1,7,3,20,35
1,7,3,21,11
1,7,3,22,8
1,7,3,23,5
1,7,3,24,2
1,7,3,25,-1
1,7,3,26,-4
1,7,3,27,-7
1,7,3,28,24
1,7,3,29,27
1,7,3,30,30
1,7,3,31,33
1,7,3,32,36
1,7,3,33,39
1,7,3,34,42
1,7,3,35,18
1,7,3,36,15
1,7,3,37,12
1,7,3,38,9
1,7,3,39,6
1,7,3,40,3
1,7,3,41,0
1,7,3,42,31
1,7,3,43,34
1,7,3,44,37
1,7,3,45,40
1,7,3,46,43
1,7,3,47,46
1,7,3,48,49
1,7,3,49,25
1,7,3,50,22
1,7,3,51,19
1,7,3,52,16
1,7,3,53,13
1,7,3,54,10
1,7,3,55,7
1,7,3,56,38
1,7,3,57,41
1,7,3,58,44
1,7,3,59,47
1,7,3,60,50
1,7,3,61,53
1,7,3,62,56
1,7,3,63,32
1,7,3,64,29
1,7,3,65,26
1,7,3,66,23
1,7,3,67,20
1,7,3,68,17
1,7,3,69,14
1,7,3,70,45
1,7,3,71,48
1,7,3,72,51
1,7,3,73,54
1,7,3,74,57
1,7,3,75,60
1,7,3,76,63
1,7,3,77,39
1,7,3,78,36
1,7,3,79,33
1,7,3,80,30
1,7,3,81,27
1,7,3,82,24
1,7,3,83,21
1,7,3,84,52
1,7,3,85,55
1,7,3,86,58
1,7,3,87,61
1,7,3,88,64
1,7,3,89,67
1,7,3,90,70
1,7,3,91,46
1,7,3,92,43
1,7,3,93,40
1,7,3,94,37
1,7,3,95,34
1,7,3,96,31
1,7,3,97,28
1,7,3,98,59
1,7,3,99,62
1,7,3,100,65
1,7,3,101,68
1,7,3,102,71
1,7,3,103,74
1,7,3,104,77
1,7,3,105,53
1,7,3,106,50
1,7,3,107,47
1,7,3,108,44
1,7,3,109,41
1,7,3,110,38
1,7,3,111,35
1,7,4,0,11
1,7,4,1,15
1,7,4,2,19
1,7,4,3,23
1,7,4,4,27
1,7,4,5,31
1,7,4,6,35
1,7,4,7,3
1,7,4,8,-1
1,7,4,9,-5
1,7,4,10,-9
1,7,4,11,-13
1,7,4,12,-17
1,7,4,13,-21
1,7,4,14,18
1,7,4,15,22
1,7,4,16,26
1,7,4,17,30
1,7,4,18,34
1,7,4,19,38
1,7,4,20,42
1,7,4,21,10
1,7,4,22,6
1,7,4,23,2
1,7,4,24,-2
1,7,4,25,-6
1,7,4,26,-10
1,7,4,27,-14
1,7,4,28,25
1,7,4,29,29
1,7,4,30,33
1,7,4,31,37
1,7,4,32,41
1,7,4,33,45
1,7,4,34,49
1,7,4,35,17
1,7,4,36,13
1,7,4,37,9
1,7,4,38,5
1,7,4,39,1
1,7,4,40,-3
1,7,4,41,-7
1,7,4,42,32
1,7,4,43,36
1,7,4,44,40
1,7,4,45,44
1,7,4,46,48
1,7,4,47,52
1,7,4,48,56
1,7,4,49,24
1,7,4,50,20
1,7,4,51,16
1,7,4,52,12
1,7,4,53,8
1,7,4,54,4
1,7,4,55,0
1,7,4,56,39
1,7,4,57,43
1,7,4,58,47
1,7,4,59,51
1,7,4,60,55
1,7,4,61,59
1,7,4,62,63
1,7,4,63,31
1,7,4,64,27
1,7,4,65,23
1,7,4,66,19
1,7,4,67,15
1,7,4,68,11
1,7,4,69,7
1,7,4,70,46
1,7,4,71,50
1,7,4,72,54
1,7,4,73,58
1,7,4,74,62
1,7,4,75,66
1,7,4,76,70
1,7,4,77,38
1,7,4,78,34
1,7,4,79,30
1,7,4,80,26
1,7,4,81,22
1,7,4,82,18
1,7,4,83,14
1,7,4,84,53
1,7,4,85,57
1,7,4,86,61
1,7,4,87,65
1,7,4,88,69
1,7,4,89,73
1,7,4,90,77
1,7,4,91,45
1,7,4,92,41
1,7,4,93,37
1,7,4,94,33
1,7,4,95,29
1,7,4,96,25
1,7,4,97,21
1,7,4,98,60
1,7,4,99,64
1,7,4,100,68
1,7,4,101,72
1,7,4,102,76
1,7,4,103,80
1,7,4,104,84
1,7,4,105,52
1,7,4,106,48
1,7,4,107,44
1,7,4,108,40
1,7,4,109,36
1,7,4,110,32
1,7,4,111,28
1,7,5,0,12
1,7,5,1,17
1,7,5,2,22
1,7,5,3,27
1,7,5,4,32
1,7,5,5,37
1,7,5,6,42
1,7,5,7,2
1,7,5,8,-3
1,7,5,9,-8
1,7,5,10,-13
1,7,5,11,-18
1,7,5,12,-23
1,7,5,13,-28
1,7,5,14,19
1,7,5,15,24
1,7,5,16,29
1,7,5,17,34
1,7,5,18,39
1,7,5,19,44
1,7,5,20,49
1,7,5,21,9
1,7,5,22,4
1,7,5,23,-1
1,7,5,24,-6
1,7,5,25,-11
1,7,5,26,-16
1,7,5,27,-21
1,7,5,28,26
1,7,5,29,31
1,7,5,30,36
1,7,5,31,41
1,7,5,32,46
1,7,5,33,51
1,7,5,34,56
1,7,5,35,16
1,7,5,36,11
1,7,5,37,6
1,7,5,38,1
1,7,5,39,-4
1,7,5,40,-9
1,7,5,41,-14
1,7,5,42,33
1,7,5,43,38
1,7,5,44,43
1,7,5,45,48
1,7,5,46,53
1,7,5,47,58
1,7,5,48,63
1,7,5,49,23
1,7,5,50,18
1,7,5,51,13
1,7,5,52,8
1,7,5,53,3
1,7,5,54,-2
1,7,5,55,-7
1,7,5,56,40
1,7,5,57,45
1,7,5,58,50
1,7,5,59,55
1,7,5,60,60
1,7,5,61,65
1,7,5,62,70
1,7,5,63,30
1,7,5,64,25
1,7,5,65,20
1,7,5,66,15
1,7,5,67,10
1,7,5,68,5
1,7,5,69,0
1,7,5,70,47
1,7,5,71,52
1,7,5,72,57
1,7,5,73,62
1,7,5,74,67
1,7,5,75,72
1,7,5,76,77
1,7,5,77,37
1,7,5,78,32
1,7,5,79,27
1,7,5,80,22
1,7,5,81,17
1,7,5,82,12
1,7,5,83,7
1,7,5,84,54
1,7,5,85,59
1,7,5,86,64
1,7,5,87,69
1,7,5,88,74
1,7,5,89,79
1,7,5,90,84
1,7,5,91,44
1,7,5,92,39
1,7,5,93,34
1,7,5,94,29
1,7,5,95,24
1,7,5,96,19
1,7,5,97,14
1,7,5,98,61
1,7,5,99,66
1,7,5,100,71
1,7,5,101,76
1,7,5,102,81
1,7,5,103,86
1,7,5,104,91
1,7,5,105,51
1,7,5,106,46
1,7,5,107,41
1,7,5,108,36
1,7,5,109,31
1,7,5,110,26
1,7,5,111,21
1,7,6,0,13
1,7,6,1,19
1,7,6,2,25
1,7,6,3,31
1,7,6,4,37
1,7,6,5,43
1,7,6,6,49
1,7,6,7,1
1,7,6,8,-5
1,7,6,9,-11
1,7,6,10,-17
1,7,6,11,-23
1,7,6,12,-29
1,7,6,13,-35
1,7,6,14,20
1,7,6,15,26
1,7,6,16,32
1,7,6,17,38
1,7,6,18,44
1,7,6,19,50
1,7,6,20,56
1,7,6,21,8
1,7,6,22,2
1,7,6,23,-4
1,7,6,24,-10
1,7,6,25,-16
1,7,6,26,-22
1,7,6,27,-28
1,7,6,28,27
1,7,6,29,33
1,7,6,30,39
1,7,6,31,45
1,7,6,32,51
1,7,6,33,57
1,7,6,34,63
1,7,6,35,15
1,7,6,36,9
1,7,6,37,3
1,7,6,38,-3
1,7,6,39,-9
1,7,6,40,-15
1,7,6,41,-21
1,7,6,42,34
1,7,6,43,40
1,7,6,44,46
1,7,6,45,52
1,7,6,46,58
1,7,6,47,64
1,7,6,48,70
1,7,6,49,22
1,7,6,50,16
1,7,6,51,10
1,7,6,52,4
1,7,6,53,-2
1,7,6,54,-8
1,7,6,55,-14
1,7,6,56,41
1,7,6,57,47
1,7,6,58,53
1,7,6,59,59
1,7,6,60,65
1,7,6,61,71
1,7,6,62,77
1,7,6,63,29
1,7,6,64,23
1,7,6,65,17
1,7,6,66,11
1,7,6,67,5
1,7,6,68,-1
1,7,6,69,-7
1,7,6,70,48
1,7,6,71,54
1,7,6,72,60
1,7,6,73,66
1,7,6,74,72
1,7,6,75,78
1,7,6,76,84
1,7,6,77,36
1,7,6,78,30
1,7,6,79,24
1,7,6,80,18
1,7,6,81,12
1,7,6,82,6
1,7,6,83,0
1,7,6,84,55
1,7,6,85,61
1,7,6,86,67
1,7,6,87,73
1,7,6,88,79
1,7,6,89,85
1,7,6,90,91
1,7,6,91,43
1,7,6,92,37
1,7,6,93,31
1,7,6,94,25
1,7,6,95,19
1,7,6,96,13
1,7,6,97,7
1,7,6,98,62
1,7,6,99,68
1,7,6,100,74
1,7,6,101,80
1,7,6,102,86
1,7,6,103,92
1,7,6,104,98
1,7,6,105,50
1,7,6,106,44
1,7,6,107,38
1,7,6,108,32
1,7,6,109,26
1,7,6,110,20
1,7,6,111,14
1,7,7,0,14
1,7,7,1,21
1,7,7,2,28
1,7,7,3,35
1,7,7,4,42
1,7,7,5,49
1,7,7,6,56
1,7,7,7,0
1,7,7,8,-7
1,7,7,9,-14
1,7,7,10,-21
1,7,7,11,-28
1,7,7,12,-35
1,7,7,13,-42
1,7,7,14,21
1,7,7,15,28
1,7,7,16,35
1,7,7,17,42
1,7,7,18,49
1,7,7,19,56
1,7,7,20,63
1,7,7,21,7
1,7,7,22,0
1,7,7,23,-7
1,7,7,24,-14
1,7,7,25,-21
1,7,7,26,-28
1,7,7,27,-35
1,7,7,28,28
1,7,7,29,35
1,7,7,30,42
1,7,7,31,49
1,7,7,32,56
1,7,7,33,63
1,7,7,34,70
1,7,7,35,14
1,7,7,36,7
1,7,7,37,0
1,7,7,38,-7
1,7,7,39,-14
1,7,7,40,-21
1,7,7,41,-28
1,7,7,42,35
1,7,7,43,42
1,7,7,44,49
1,7,7,45,56
1,7,7,46,63
1,7,7,47,70
1,7,7,48,77
1,7,7,49,21
1,7,7,50,14
1,7,7,51,7
1,7,7,52,0
1,7,7,53,-7
1,7,7,54,-14
1,7,7,55,-21
1,7,7,56,42
1,7,7,57,49
1,7,7,58,56
1,7,7,59,63
1,7,7,60,70
1,7,7,61,77
1,7,7,62,84
1,7,7,63,28
1,7,7,64,21
1,7,7,65,14
1,7,7,66,7
1,7,7,67,0
1,7,7,68,-7
1,7,7,69,-14
1,7,7,70,49
1,7,7,71,56
1,7,7,72,63
1,7,7,73,70
1,7,7,74,77
1,7,7,75,84
1,7,7,76,91
1,7,7,77,35
1,7,7,78,28
1,7,7,79,21
1,7,7,80,14
1,7,7,81,7
1,7,7,82,0
1,7,7,83,-7
1,7,7,84,56
1,7,7,85,63
1,7,7,86,70
1,7,7,87,77
1,7,7,88,84
1,7,7,89,91
1,7,7,90,98
1,7,7,91,42
1,7,7,92,35
1,7,7,93,28
1,7,7,94,21
1,7,7,95,14
1,7,7,96,7
1,7,7,97,0
1,7,7,98,63
1,7,7,99,70
1,7,7,100,77
1,7,7,101,84
1,7,7,102,91
1,7,7,103,98
1,7,7,104,105
1,7,7,105,49
1,7,7,106,42
1,7,7,107,35
1,7,7,108,28
1,7,7,109,21
1,7,7,110,14
1,7,7,111,7
